benchmark,strategy,n_agents,steps,topology,return,final_disagreement,consensus_error,msgs_sent,comm_mse,comm_zero_frac,comm_age_mean,comm_age_peak,sent_msgs,delivered_real_msgs,delivery_rate,loss_rate,delivered_bits,bits_per_delivered,status_none,status_delivered,status_replayed,status_spoofed,status_dropped,status_jammed,status_partitioned,status_stale,algo,lyap_rho,lyap_rho_r2,lyap_monotone_frac,lyap_ultimate_bound,lyap_mean_drift,time_to_eps,converged,nominal_lambda2,eff_lambda2,task,task_name,family,value,seed,episode,hetero_level
consensus,mean,20,60,ring_plus,-5.684065292257614e-08,5.684065292257614e-08,0.00034489443063487953,5040,0.0,0.2013888888888889,0.0,0.0,5040.0,4025.0,0.7986111111111112,0.20138888888888884,128800.0,32.0,0.0,4025.0,0.0,0.0,1015.0,0.0,0.0,0.0,mean,0.7443209403200062,0.9953633260194187,1.0,3.954752908151037e-07,-0.1817867202174802,9.0,1.0,1.399646125476325,1.1549406492740415,cons__mean,cons__mean,hetero,0.0,0,0,0.0
consensus,mean,20,60,ring_plus,-3.4610629116640567e-07,3.4610629116640567e-07,4.524997470281245e-06,5400,0.0,0.20629629629629628,0.0,0.0,5400.0,4286.0,0.7937037037037037,0.2062962962962963,137152.0,32.0,0.0,4286.0,0.0,0.0,1114.0,0.0,0.0,0.0,mean,0.7546469262259569,0.9978845643480697,1.0,2.180820309586709e-06,-0.2847032099357551,13.0,1.0,1.320493917398932,1.09635281455798,cons__mean,cons__mean,hetero,0.0,1,0,0.0
consensus,mean,20,60,ring_plus,-1.2801103362364359e-09,1.2801103362364359e-09,0.0019726415928693138,6120,0.0,0.20915032679738563,0.0,0.0,6120.0,4840.0,0.7908496732026143,0.20915032679738566,154880.0,32.0,0.0,4840.0,0.0,0.0,1280.0,0.0,0.0,0.0,mean,0.6891638147905444,0.9966887460921212,1.0,1.521755572999663e-08,-0.30468541946134436,9.0,1.0,1.55469612182113,1.3985108286561831,cons__mean,cons__mean,hetero,0.0,2,0,0.0
consensus,mean,20,60,ring_plus,-2.0307125453358038e-08,2.0307125453358038e-08,0.008971383341008447,5040,0.0,0.19543650793650794,0.0,0.0,5040.0,4055.0,0.8045634920634921,0.1954365079365079,129760.0,32.0,0.0,4055.0,0.0,0.0,985.0,0.0,0.0,0.0,mean,0.7145325896609332,0.9984957252819313,1.0,2.2608423026157912e-07,-0.4374433143424484,11.0,1.0,1.2627284000071304,1.1468258325458742,cons__mean,cons__mean,hetero,0.0,3,0,0.0
consensus,mean,20,60,ring_plus,-3.676384979713732e-08,3.676384979713732e-08,3.533325727071516e-05,5640,0.0,0.20620567375886525,0.0,0.0,5640.0,4477.0,0.7937943262411348,0.20620567375886523,143264.0,32.0,0.0,4477.0,0.0,0.0,1163.0,0.0,0.0,0.0,mean,0.7370262809172616,0.9933877110564909,1.0,2.6205168097609647e-07,-0.2570986066967617,9.0,1.0,1.3711704029417888,1.1969163617030751,cons__mean,cons__mean,hetero,0.0,4,0,0.0
consensus,mean,20,60,ring_plus,-1.446216674342588e-08,1.446216674342588e-08,0.0026070554249891928,6360,0.0,0.19842767295597485,0.0,0.0,6360.0,5098.0,0.8015723270440251,0.19842767295597485,163136.0,32.0,0.0,5098.0,0.0,0.0,1262.0,0.0,0.0,0.0,mean,0.7135333988913566,0.9969337114912515,1.0,1.3847340678768007e-07,-0.25459691400347667,12.0,1.0,1.6160985120576443,1.4719939481284958,cons__mean,cons__mean,hetero,0.0,5,0,0.0
consensus,mean,20,60,ring_plus,-4.4375491666979843e-07,4.4375491666979843e-07,0.0006467132562671254,4680,0.0,0.18995726495726495,0.0,0.0,4680.0,3791.0,0.810042735042735,0.18995726495726495,121312.0,32.0,0.0,3791.0,0.0,0.0,889.0,0.0,0.0,0.0,mean,0.7652400984389303,0.9878204826145123,1.0,2.0229367995326384e-06,-0.35008555507841294,9.0,1.0,0.9450014459069909,0.8154707469852038,cons__mean,cons__mean,hetero,0.0,6,0,0.0
consensus,mean,20,60,ring_plus,-3.0145993225090535e-11,3.0145993225090535e-11,0.00011551327491849603,6480,0.0,0.19506172839506172,0.0,0.0,6480.0,5216.0,0.8049382716049382,0.19506172839506175,166912.0,32.0,0.0,5216.0,0.0,0.0,1264.0,0.0,0.0,0.0,mean,0.6449896777472924,0.995970377671117,1.0,4.3811667319808455e-10,-0.32121842418833707,8.0,1.0,2.218617553571293,1.958238769422482,cons__mean,cons__mean,hetero,0.0,7,0,0.0
consensus,mean,20,60,ring_plus,-4.653367045573284e-05,4.653367045573284e-05,0.00719671793980235,4200,0.0,0.2130952380952381,0.0,0.0,4200.0,3305.0,0.7869047619047619,0.21309523809523812,105760.0,32.0,0.0,3305.0,0.0,0.0,895.0,0.0,0.0,0.0,mean,0.8327649984313982,0.9905486188561385,1.0,0.0001631079950320896,-0.22535992229978702,15.0,1.0,0.7964836768628718,0.6382172706834385,cons__mean,cons__mean,hetero,0.0,8,0,0.0
consensus,mean,20,60,ring_plus,-1.4314127590895667e-05,1.4314127590895667e-05,0.00032755808521424173,5280,0.0,0.20397727272727273,0.0,0.0,5280.0,4203.0,0.7960227272727273,0.20397727272727273,134496.0,32.0,0.0,4203.0,0.0,0.0,1077.0,0.0,0.0,0.0,mean,0.8181271736247618,0.9863319687118856,1.0,4.883810002279613e-05,-0.245900213597627,11.0,1.0,0.9413291035084279,0.8559194207578366,cons__mean,cons__mean,hetero,0.0,9,0,0.0
consensus,mean,20,60,ring_plus,-0.004361807112422471,0.004361807112422471,0.02111030075049152,5020,0.0,0.200796812749004,0.0,0.0,5020.0,4012.0,0.799203187250996,0.20079681274900396,128384.0,32.0,0.0,4012.0,0.0,0.0,1008.0,0.0,0.0,0.0,mean,0.8628222432803696,0.8084414826983143,0.7166666666666667,0.005321371005574351,-0.18171402437961737,9.0,1.0,1.399646125476325,1.1813634087166536,cons__mean,cons__mean,hetero,0.25,0,0,0.25
consensus,mean,20,60,ring_plus,-0.0010359167587208026,0.0010359167587208026,0.0022727750286201643,5400,0.0,0.20629629629629628,0.0,0.0,5400.0,4286.0,0.7937037037037037,0.2062962962962963,137152.0,32.0,0.0,4286.0,0.0,0.0,1114.0,0.0,0.0,0.0,mean,0.8697546857896615,0.8007949650066537,0.7666666666666667,0.0016561838965590877,-0.28468595042488126,14.0,1.0,1.320493917398932,1.09635281455798,cons__mean,cons__mean,hetero,0.25,1,0,0.25
consensus,mean,20,60,ring_plus,-1.676826243301382e-09,1.676826243301382e-09,0.003034276473470553,6120,0.0,0.20915032679738563,0.0,0.0,6120.0,4840.0,0.7908496732026143,0.20915032679738566,154880.0,32.0,0.0,4840.0,0.0,0.0,1280.0,0.0,0.0,0.0,mean,0.693548196544376,0.9959792655237807,1.0,1.868573928157135e-08,-0.30468541945473243,8.0,1.0,1.55469612182113,1.3985108286561831,cons__mean,cons__mean,hetero,0.25,2,0,0.25
consensus,mean,20,60,ring_plus,-2.6422370722445093e-06,2.6422370722445093e-06,0.0018813981125245112,4972,0.0,0.19690265486725664,0.0,0.0,4972.0,3993.0,0.8030973451327433,0.19690265486725667,127776.0,32.0,0.0,3993.0,0.0,0.0,979.0,0.0,0.0,0.0,mean,0.7808304705260238,0.978371957353248,0.9833333333333333,9.004736048692845e-06,-0.4374432706436158,10.0,1.0,1.2627284000071304,1.118010038628084,cons__mean,cons__mean,hetero,0.25,3,0,0.25
consensus,mean,20,60,ring_plus,-0.00045737808194671806,0.00045737808194671806,6.793262107578984e-05,5633,0.0,0.20610687022900764,0.0,0.0,5633.0,4472.0,0.7938931297709924,0.20610687022900764,143104.0,32.0,0.0,4472.0,0.0,0.0,1161.0,0.0,0.0,0.0,mean,0.8727642128219303,0.752062053401751,0.8333333333333334,0.0005725717609276765,-0.25709098434146,9.0,1.0,1.3711704029417888,1.2152582407391423,cons__mean,cons__mean,hetero,0.25,4,0,0.25
consensus,mean,20,60,ring_plus,-0.0003916600430578653,0.0003916600430578653,0.0017644918750700511,6237,0.0,0.19801186467853135,0.0,0.0,6237.0,5002.0,0.8019881353214686,0.19801186467853138,160064.0,32.0,0.0,5002.0,0.0,0.0,1235.0,0.0,0.0,0.0,mean,0.8652748008275096,0.7247558963521192,0.6833333333333333,0.0008782785159703492,-0.25459038657712857,12.0,1.0,1.6160985120576443,1.3775865601994972,cons__mean,cons__mean,hetero,0.25,5,0,0.25
consensus,mean,20,60,ring_plus,-2.5928110975339147e-05,2.5928110975339147e-05,0.011414538425334323,4621,0.0,0.1902185674096516,0.0,0.0,4621.0,3742.0,0.8097814325903484,0.1902185674096516,119744.0,32.0,0.0,3742.0,0.0,0.0,879.0,0.0,0.0,0.0,mean,0.832644972170922,0.9188630550911506,0.9833333333333333,6.594643728013266e-05,-0.35008513033914535,8.0,1.0,0.9450014459069909,0.7779581464965974,cons__mean,cons__mean,hetero,0.25,6,0,0.25
consensus,mean,20,60,ring_plus,-0.00024081729106501193,0.00024081729106501193,0.0015989414368148536,6330,0.0,0.19541864139020537,0.0,0.0,6330.0,5093.0,0.8045813586097946,0.19541864139020537,162976.0,32.0,0.0,5093.0,0.0,0.0,1237.0,0.0,0.0,0.0,mean,0.8416224933626819,0.7109014293844608,0.7,0.0003047431986344032,-0.3212144105673218,7.0,1.0,2.218617553571293,1.8653244587755649,cons__mean,cons__mean,hetero,0.25,7,0,0.25
consensus,mean,20,60,ring_plus,-0.0021103965457152556,0.0021103965457152556,0.016975263347016153,4200,0.0,0.2130952380952381,0.0,0.0,4200.0,3305.0,0.7869047619047619,0.21309523809523812,105760.0,32.0,0.0,3305.0,0.0,0.0,895.0,0.0,0.0,0.0,mean,0.8810759629526127,0.9323753731182246,0.9666666666666667,0.002644044906281923,-0.22532552458519933,17.0,1.0,0.7964836768628718,0.6382172706834385,cons__mean,cons__mean,hetero,0.25,8,0,0.25
consensus,mean,20,60,ring_plus,-0.03253202148070825,0.03253202148070825,0.022674014446073643,5280,0.0,0.20397727272727273,0.0,0.0,5280.0,4203.0,0.7960227272727273,0.20397727272727273,134496.0,32.0,0.0,4203.0,0.0,0.0,1077.0,0.0,0.0,0.0,mean,0.9300626282857793,0.7317664418820593,0.8,0.030676204519667235,-0.2453582518084083,15.0,1.0,0.9413291035084279,0.8559194207578366,cons__mean,cons__mean,hetero,0.25,9,0,0.25
consensus,mean,20,60,ring_plus,-0.004401265130313958,0.004401265130313958,0.001383205916999019,4886,0.0,0.19975440032746622,0.0,0.0,4886.0,3910.0,0.8002455996725337,0.19975440032746627,125120.0,32.0,0.0,3910.0,0.0,0.0,976.0,0.0,0.0,0.0,mean,0.9176829834674316,0.6216923279048638,0.65,0.004593392771871139,-0.18171336674598582,9.0,1.0,1.399646125476325,1.1443437793944773,cons__mean,cons__mean,hetero,0.5,0,0,0.5
consensus,mean,20,60,ring_plus,-0.0009443138638188519,0.0009443138638188519,0.0020351431633384535,5248,0.0,0.20579268292682926,0.0,0.0,5248.0,4168.0,0.7942073170731707,0.20579268292682928,133376.0,32.0,0.0,4168.0,0.0,0.0,1080.0,0.0,0.0,0.0,mean,0.7517132316413611,0.9867827528579617,0.8,0.001255133707115083,-0.28468747713979636,14.0,1.0,1.320493917398932,1.1316097621965093,cons__mean,cons__mean,hetero,0.5,1,0,0.5
consensus,mean,20,60,ring_plus,-0.0009044312840406412,0.0009044312840406412,0.0005782580232902553,5928,0.0,0.20985155195681512,0.0,0.0,5928.0,4684.0,0.7901484480431848,0.20985155195681515,149888.0,32.0,0.0,4684.0,0.0,0.0,1244.0,0.0,0.0,0.0,mean,0.7641378496711075,0.8882442590309145,0.6666666666666666,0.0007415420178791158,-0.30467034562794554,9.0,1.0,1.55469612182113,1.3457912083711585,cons__mean,cons__mean,hetero,0.5,2,0,0.5
consensus,mean,20,60,ring_plus,-0.006031138052853344,0.006031138052853344,0.005427953425733164,4780,0.0,0.19707112970711296,0.0,0.0,4780.0,3838.0,0.8029288702928871,0.19707112970711294,122816.0,32.0,0.0,3838.0,0.0,0.0,942.0,0.0,0.0,0.0,mean,0.8688625925991617,0.8305318901669253,0.7833333333333333,0.004760152450619126,-0.43734279571335277,11.0,1.0,1.2627284000071304,1.0457746857402244,cons__mean,cons__mean,hetero,0.5,3,0,0.5
consensus,mean,20,60,ring_plus,-0.008772728321461015,0.008772728321461015,0.005920825014283066,5556,0.0,0.20518358531317496,0.0,0.0,5556.0,4416.0,0.7948164146868251,0.20518358531317493,141312.0,32.0,0.0,4416.0,0.0,0.0,1140.0,0.0,0.0,0.0,mean,0.6855921178704699,0.9633637993976283,0.6333333333333333,0.009078216280764677,-0.2569523951708015,9.0,1.0,1.3711704029417888,1.1987261015073136,cons__mean,cons__mean,hetero,0.5,4,0,0.5
consensus,mean,20,60,ring_plus,-0.0029502265563718507,0.0029502265563718507,0.006551118758768626,5874,0.0,0.19884235614572693,0.0,0.0,5874.0,4706.0,0.801157643854273,0.19884235614572698,150592.0,32.0,0.0,4706.0,0.0,0.0,1168.0,0.0,0.0,0.0,mean,0.8354665675955831,0.8389266823844596,0.7833333333333333,0.002981049890922528,-0.25454774380190665,13.0,1.0,1.6160985120576443,1.276325269639275,cons__mean,cons__mean,hetero,0.5,5,0,0.5
consensus,mean,20,60,ring_plus,-0.006910261767530761,0.006910261767530761,0.0021348515040505106,4358,0.0,0.19068379990821477,0.0,0.0,4358.0,3527.0,0.8093162000917852,0.19068379990821482,112864.0,32.0,0.0,3527.0,0.0,0.0,831.0,0.0,0.0,0.0,mean,0.9192009549337444,0.6990905319817491,0.6833333333333333,0.010150957255012461,-0.34997039144486947,10.0,1.0,0.9450014459069909,0.7594558586726937,cons__mean,cons__mean,hetero,0.5,6,0,0.5
consensus,mean,20,60,ring_plus,-0.004313890147121689,0.004313890147121689,0.064810832223091,6053,0.0,0.19444903353708903,0.0,0.0,6053.0,4876.0,0.8055509664629109,0.1944490335370891,156032.0,32.0,0.0,4876.0,0.0,0.0,1177.0,0.0,0.0,0.0,mean,0.8927426055239569,0.72633282025497,0.6666666666666666,0.0028240078227740697,-0.3211465260197208,7.0,1.0,2.218617553571293,1.7384415746058577,cons__mean,cons__mean,hetero,0.5,7,0,0.5
consensus,mean,20,60,ring_plus,-0.22145809490476628,0.22145809490476628,0.06781477492407295,4149,0.0,0.2118582791033984,0.0,0.0,4149.0,3270.0,0.7881417208966016,0.21185827910339838,104640.0,32.0,0.0,3270.0,0.0,0.0,879.0,0.0,0.0,0.0,mean,0.9570397806364119,0.6554261950614304,0.6666666666666666,0.211647084331167,-0.22166972961254847,,0.0,0.7964836768628718,0.6355678607104387,cons__mean,cons__mean,hetero,0.5,8,0,0.5
consensus,mean,20,60,ring_plus,-0.0053178608288190375,0.0053178608288190375,0.06885581473241294,5240,0.0,0.20381679389312976,0.0,0.0,5240.0,4172.0,0.7961832061068702,0.2038167938931298,133504.0,32.0,0.0,4172.0,0.0,0.0,1068.0,0.0,0.0,0.0,mean,0.8579022434996297,0.9196578863566068,0.7833333333333333,0.0048021519436595075,-0.24581182115260647,12.0,1.0,0.9413291035084279,0.8465603055809257,cons__mean,cons__mean,hetero,0.5,9,0,0.5
consensus,mean,20,60,ring_plus,-0.013229599495283382,0.013229599495283382,0.058065499752923355,4622,0.0,0.19948074426655127,0.0,0.0,4622.0,3700.0,0.8005192557334487,0.19948074426655127,118400.0,32.0,0.0,3700.0,0.0,0.0,922.0,0.0,0.0,0.0,mean,0.9437440871438953,0.6341477832261412,0.6666666666666666,0.02159280601404463,-0.18156622783990306,9.0,1.0,1.399646125476325,0.9803260665402663,cons__mean,cons__mean,hetero,0.75,0,0,0.75
consensus,mean,20,60,ring_plus,-0.02669083843037424,0.02669083843037424,0.028216216875749645,4698,0.0,0.20604512558535548,0.0,0.0,4698.0,3730.0,0.7939548744146445,0.20604512558535548,119360.0,32.0,0.0,3730.0,0.0,0.0,968.0,0.0,0.0,0.0,mean,0.9022219383590017,0.6665737837276556,0.6,0.02394209086324336,-0.28425836839702046,13.0,1.0,1.320493917398932,0.7543729547566385,cons__mean,cons__mean,hetero,0.75,1,0,0.75
consensus,mean,20,60,ring_plus,-0.008578138432579657,0.008578138432579657,0.022303353770588223,5191,0.0,0.2074744750529763,0.0,0.0,5191.0,4114.0,0.7925255249470237,0.20747447505297634,131648.0,32.0,0.0,4114.0,0.0,0.0,1077.0,0.0,0.0,0.0,mean,0.9005968848567106,0.7050156304170891,0.6666666666666666,0.008164798813741365,-0.30454245050880324,9.0,1.0,1.55469612182113,1.1784232760445703,cons__mean,cons__mean,hetero,0.75,2,0,0.75
consensus,mean,20,60,ring_plus,-0.0056944320892171356,0.0056944320892171356,0.007739729289265936,4547,0.0,0.19397404882340005,0.0,0.0,4547.0,3665.0,0.8060259511765999,0.19397404882340008,117280.0,32.0,0.0,3665.0,0.0,0.0,882.0,0.0,0.0,0.0,mean,0.8539539595471956,0.7554044880769124,0.75,0.004581957555132986,-0.4373484074794133,12.0,1.0,1.2627284000071304,0.9619010113164264,cons__mean,cons__mean,hetero,0.75,3,0,0.75
consensus,mean,20,60,ring_plus,-0.03040685385700042,0.03040685385700042,0.023009777335028563,5494,0.0,0.20458682198762287,0.0,0.0,5494.0,4370.0,0.7954131780123771,0.2045868219876229,139840.0,32.0,0.0,4370.0,0.0,0.0,1124.0,0.0,0.0,0.0,mean,0.8753924610648491,0.7066612357830686,0.6166666666666667,0.027762897588696833,-0.2565918264118758,9.0,1.0,1.3711704029417888,1.1408538492301352,cons__mean,cons__mean,hetero,0.75,4,0,0.75
consensus,mean,20,60,ring_plus,-0.0032717456388071703,0.0032717456388071703,0.006457521564197777,5242,0.0,0.1997329263639832,0.0,0.0,5242.0,4195.0,0.8002670736360168,0.1997329263639832,134240.0,32.0,0.0,4195.0,0.0,0.0,1047.0,0.0,0.0,0.0,mean,0.705898522925973,0.9937348230485082,0.7333333333333333,0.003831131640988916,-0.2545423851505327,15.0,1.0,1.6160985120576443,1.0582501143517329,cons__mean,cons__mean,hetero,0.75,5,0,0.75
consensus,mean,20,60,ring_plus,-0.01839680179835092,0.01839680179835092,0.20867576617273928,4044,0.0,0.18818001978239368,0.0,0.0,4044.0,3283.0,0.8118199802176064,0.18818001978239363,105056.0,32.0,0.0,3283.0,0.0,0.0,761.0,0.0,0.0,0.0,mean,0.8978811389767424,0.7956704539390634,0.75,0.01539689830755987,-0.3497789491110225,12.0,1.0,0.9450014459069909,0.6122407164042175,cons__mean,cons__mean,hetero,0.75,6,0,0.75
consensus,mean,20,60,ring_plus,-0.0014384552514881102,0.0014384552514881102,0.03143708096429822,5529,0.0,0.19497196599746788,0.0,0.0,5529.0,4451.0,0.8050280340025321,0.1949719659974679,142432.0,32.0,0.0,4451.0,0.0,0.0,1078.0,0.0,0.0,0.0,mean,0.8479206216616821,0.6676745293915671,0.6333333333333333,0.0022860624262119596,-0.32119444993464813,8.0,1.0,2.218617553571293,1.4644706002315488,cons__mean,cons__mean,hetero,0.75,7,0,0.75
consensus,mean,20,60,ring_plus,-0.0007914586016309353,0.0007914586016309353,0.03671372624990504,3809,0.0,0.21370438435284853,0.0,0.0,3809.0,2995.0,0.7862956156471514,0.21370438435284855,95840.0,32.0,0.0,2995.0,0.0,0.0,814.0,0.0,0.0,0.0,mean,0.851637472445136,0.9915760654884885,0.8833333333333333,0.0009305314676435417,-0.22534750688426744,22.0,1.0,0.7964836768628718,0.5050653260251191,cons__mean,cons__mean,hetero,0.75,8,0,0.75
consensus,mean,20,60,ring_plus,-0.017013944903241963,0.017013944903241963,0.03596591471816281,4728,0.0,0.20156514382402707,0.0,0.0,4728.0,3775.0,0.7984348561759729,0.20156514382402713,120800.0,32.0,0.0,3775.0,0.0,0.0,953.0,0.0,0.0,0.0,mean,0.9268470556312932,0.7901357344813226,0.7,0.018704426023361444,-0.24561688641803275,14.0,1.0,0.9413291035084279,0.7308020831733754,cons__mean,cons__mean,hetero,0.75,9,0,0.75
consensus,mean,20,60,ring_plus,-0.02171075953542482,0.02171075953542482,0.06643117838615314,4244,0.0,0.1972196041470311,0.0,0.0,4244.0,3407.0,0.8027803958529689,0.1972196041470311,109024.0,32.0,0.0,3407.0,0.0,0.0,837.0,0.0,0.0,0.0,mean,0.9108081409104104,0.7648544894074458,0.7,0.02358908138182991,-0.18142487517256736,14.0,1.0,1.399646125476325,0.8446341920683279,cons__mean,cons__mean,hetero,1.0,0,0,1.0
consensus,mean,20,60,ring_plus,-0.00966496433177988,0.00966496433177988,0.0014385904053614118,3929,0.0,0.2043777042504454,0.0,0.0,3929.0,3126.0,0.7956222957495546,0.20437770425044544,100032.0,32.0,0.0,3126.0,0.0,0.0,803.0,0.0,0.0,0.0,mean,0.8777711303719692,0.871190154878522,0.8,0.009901564681493363,-0.2845421329653304,16.0,1.0,1.320493917398932,0.43884263840289367,cons__mean,cons__mean,hetero,1.0,1,0,1.0
consensus,mean,20,60,ring_plus,-0.004740241824488535,0.004740241824488535,0.012377369946146338,4475,0.0,0.2071508379888268,0.0,0.0,4475.0,3548.0,0.7928491620111732,0.20715083798882683,113536.0,32.0,0.0,3548.0,0.0,0.0,927.0,0.0,0.0,0.0,mean,0.8023439559305261,0.9127724642373594,0.7833333333333333,0.004987679181905968,-0.30460641545227135,12.0,1.0,1.55469612182113,0.8219532092204483,cons__mean,cons__mean,hetero,1.0,2,0,1.0
consensus,mean,20,60,ring_plus,-0.008793817974438541,0.008793817974438541,0.016929150635174313,4178,0.0,0.1957874581139301,0.0,0.0,4178.0,3360.0,0.8042125418860699,0.19578745811393006,107520.0,32.0,0.0,3360.0,0.0,0.0,818.0,0.0,0.0,0.0,mean,0.8348759980291353,0.9041458795199484,0.7,0.011582109396930546,-0.4372967510479931,11.0,1.0,1.2627284000071304,0.8458618147877577,cons__mean,cons__mean,hetero,1.0,3,0,1.0
consensus,mean,20,60,ring_plus,-0.02144912224421878,0.02144912224421878,0.017786580329614367,5089,0.0,0.2061308705050108,0.0,0.0,5089.0,4040.0,0.7938691294949892,0.20613087050501078,129280.0,32.0,0.0,4040.0,0.0,0.0,1049.0,0.0,0.0,0.0,mean,0.7685662446537022,0.820981178183093,0.5833333333333334,0.021501250435199706,-0.2567411219387555,8.0,1.0,1.3711704029417888,0.9958388409557596,cons__mean,cons__mean,hetero,1.0,4,0,1.0
consensus,mean,20,60,ring_plus,-0.004807819375779156,0.004807819375779156,0.007402004037569164,4594,0.0,0.19895515890291685,0.0,0.0,4594.0,3680.0,0.8010448410970832,0.19895515890291682,117760.0,32.0,0.0,3680.0,0.0,0.0,914.0,0.0,0.0,0.0,mean,0.8652701249189961,0.88623450320635,0.8,0.004542447641943527,-0.25451678392158317,18.0,1.0,1.6160985120576443,0.8322169914317226,cons__mean,cons__mean,hetero,1.0,5,0,1.0
consensus,mean,20,60,ring_plus,-0.05200071174398915,0.05200071174398915,0.18271628776296284,3596,0.0,0.19076751946607343,0.0,0.0,3596.0,2910.0,0.8092324805339266,0.1907675194660734,93120.0,32.0,0.0,2910.0,0.0,0.0,686.0,0.0,0.0,0.0,mean,0.8503025413449976,0.8773605600670675,0.6333333333333333,0.05303992487207609,-0.3492188839452617,15.0,1.0,0.9450014459069909,0.3079631241949025,cons__mean,cons__mean,hetero,1.0,6,0,1.0
consensus,mean,20,60,ring_plus,-0.0018259711099707153,0.0018259711099707153,0.027464200421657602,4944,0.0,0.19457928802588997,0.0,0.0,4944.0,3982.0,0.80542071197411,0.19457928802588997,127424.0,32.0,0.0,3982.0,0.0,0.0,962.0,0.0,0.0,0.0,mean,0.8949149778059188,0.5946012437614466,0.75,0.0026228216051348827,-0.32118799133700676,8.0,1.0,2.218617553571293,1.2058182474775654,cons__mean,cons__mean,hetero,1.0,7,0,1.0
consensus,mean,20,60,ring_plus,-0.19649870543881875,0.19649870543881875,0.052648021625562334,3451,0.0,0.2138510576644451,0.0,0.0,3451.0,2713.0,0.7861489423355549,0.21385105766444512,86816.0,32.0,0.0,2713.0,0.0,0.0,738.0,0.0,0.0,0.0,mean,0.9538206441504843,0.7427512655315873,0.75,0.2072392364465093,-0.22208571943698097,,0.0,0.7964836768628718,0.26029651122322867,cons__mean,cons__mean,hetero,1.0,8,0,1.0
consensus,mean,20,60,ring_plus,-0.02904071857493124,0.02904071857493124,0.06609238225954296,3920,0.0,0.2030612244897959,0.0,0.0,3920.0,3124.0,0.7969387755102041,0.2030612244897959,99968.0,32.0,0.0,3124.0,0.0,0.0,796.0,0.0,0.0,0.0,mean,0.9368266536230262,0.7439591175331839,0.7333333333333333,0.03245158987337956,-0.2454164401901713,18.0,1.0,0.9413291035084279,0.5023517202588921,cons__mean,cons__mean,hetero,1.0,9,0,1.0
consensus,median,20,60,ring_plus,-7.545222385555434e-05,7.545222385555434e-05,0.0003090065004575227,5040,0.0,0.2013888888888889,0.0,0.0,5040.0,4025.0,0.7986111111111112,0.20138888888888884,128800.0,32.0,0.0,4025.0,0.0,0.0,1015.0,0.0,0.0,0.0,median,0.8436141429717754,0.9808761571528485,1.0,0.0002228833456426843,-0.18178546362776019,14.0,1.0,1.399646125476325,1.1549406492740415,cons__median,cons__median,hetero,0.0,0,0,0.0
consensus,median,20,60,ring_plus,-0.00029531398536999145,0.00029531398536999145,0.010646948953195364,5400,0.0,0.20629629629629628,0.0,0.0,5400.0,4286.0,0.7937037037037037,0.2062962962962963,137152.0,32.0,0.0,4286.0,0.0,0.0,1114.0,0.0,0.0,0.0,median,0.8519373216259302,0.9828859424364889,1.0,0.0007471904202441061,-0.2846982938044371,16.0,1.0,1.320493917398932,1.09635281455798,cons__median,cons__median,hetero,0.0,1,0,0.0
consensus,median,20,60,ring_plus,-1.052899602434592e-08,1.052899602434592e-08,0.00583448672746571,6120,0.0,0.20915032679738563,0.0,0.0,6120.0,4840.0,0.7908496732026143,0.20915032679738566,154880.0,32.0,0.0,4840.0,0.0,0.0,1280.0,0.0,0.0,0.0,median,0.7177736962577909,0.9979155412145809,1.0,1.5903269971979196e-07,-0.3046854193071963,10.0,1.0,1.55469612182113,1.3985108286561831,cons__median,cons__median,hetero,0.0,2,0,0.0
consensus,median,20,60,ring_plus,-1.72668652182447e-06,1.72668652182447e-06,0.012573079432078018,5040,0.0,0.19543650793650794,0.0,0.0,5040.0,4055.0,0.8045634920634921,0.1954365079365079,129760.0,32.0,0.0,4055.0,0.0,0.0,985.0,0.0,0.0,0.0,median,0.769274103466664,0.9953539167093542,1.0,8.717569705961409e-06,-0.43744328590279163,13.0,1.0,1.2627284000071304,1.1468258325458742,cons__median,cons__median,hetero,0.0,3,0,0.0
consensus,median,20,60,ring_plus,-2.7371528650463808e-08,2.7371528650463808e-08,0.0005835047368498764,5640,0.0,0.20620567375886525,0.0,0.0,5640.0,4477.0,0.7937943262411348,0.20620567375886523,143264.0,32.0,0.0,4477.0,0.0,0.0,1163.0,0.0,0.0,0.0,median,0.739108367587068,0.9889092609642152,1.0,2.061384604676112e-07,-0.25709860685330027,8.0,1.0,1.3711704029417888,1.1969163617030751,cons__median,cons__median,hetero,0.0,4,0,0.0
consensus,median,20,60,ring_plus,-0.00010780190159264961,0.00010780190159264961,0.018029819070830073,6360,0.0,0.19842767295597485,0.0,0.0,6360.0,5098.0,0.8015723270440251,0.19842767295597485,163136.0,32.0,0.0,5098.0,0.0,0.0,1262.0,0.0,0.0,0.0,median,0.8445015134107443,0.9707250243884183,1.0,0.00031915672487898406,-0.25459511754615294,13.0,1.0,1.6160985120576443,1.4719939481284958,cons__median,cons__median,hetero,0.0,5,0,0.0
consensus,median,20,60,ring_plus,-1.9207920335233896e-05,1.9207920335233896e-05,0.042101269040684904,4680,0.0,0.18995726495726495,0.0,0.0,4680.0,3791.0,0.810042735042735,0.18995726495726495,121312.0,32.0,0.0,3791.0,0.0,0.0,889.0,0.0,0.0,0.0,median,0.8098423238713724,0.9840088186913369,1.0,4.566644948800477e-05,-0.3500852423423227,12.0,1.0,0.9450014459069909,0.8154707469852038,cons__median,cons__median,hetero,0.0,6,0,0.0
consensus,median,20,60,ring_plus,-2.0343940700264643e-10,2.0343940700264643e-10,0.001946937522943329,6480,0.0,0.19506172839506172,0.0,0.0,6480.0,5216.0,0.8049382716049382,0.19506172839506175,166912.0,32.0,0.0,5216.0,0.0,0.0,1264.0,0.0,0.0,0.0,median,0.6438235812314685,0.9668938806284652,1.0,6.866386462083692e-10,-0.32121842418544894,9.0,1.0,2.218617553571293,1.958238769422482,cons__median,cons__median,hetero,0.0,7,0,0.0
consensus,median,20,60,ring_plus,-0.0015990227708533864,0.0015990227708533864,0.0030712830325228344,4200,0.0,0.2130952380952381,0.0,0.0,4200.0,3305.0,0.7869047619047619,0.21309523809523812,105760.0,32.0,0.0,3305.0,0.0,0.0,895.0,0.0,0.0,0.0,median,0.8886719061941097,0.9504615296720391,1.0,0.0031189005928251926,-0.22533404748144703,17.0,1.0,0.7964836768628718,0.6382172706834385,cons__median,cons__median,hetero,0.0,8,0,0.0
consensus,median,20,60,ring_plus,-0.0001526371602696293,0.0001526371602696293,0.001703424809379777,5280,0.0,0.20397727272727273,0.0,0.0,5280.0,4203.0,0.7960227272727273,0.20397727272727273,134496.0,32.0,0.0,4203.0,0.0,0.0,1077.0,0.0,0.0,0.0,median,0.85200683449363,0.9713410611829759,1.0,0.00039010422849006953,-0.24589790821374896,12.0,1.0,0.9413291035084279,0.8559194207578366,cons__median,cons__median,hetero,0.0,9,0,0.0
consensus,median,20,60,ring_plus,-0.005004207817216264,0.005004207817216264,0.006040045020214743,5020,0.0,0.200796812749004,0.0,0.0,5020.0,4012.0,0.799203187250996,0.20079681274900396,128384.0,32.0,0.0,4012.0,0.0,0.0,1008.0,0.0,0.0,0.0,median,0.9074422019547498,0.7955963032493415,0.8666666666666667,0.006503837251696878,-0.18170331770120415,14.0,1.0,1.399646125476325,1.1813634087166536,cons__median,cons__median,hetero,0.25,0,0,0.25
consensus,median,20,60,ring_plus,-9.638738874576488e-07,9.638738874576488e-07,0.004278154948997245,5400,0.0,0.20629629629629628,0.0,0.0,5400.0,4286.0,0.7937037037037037,0.2062962962962963,137152.0,32.0,0.0,4286.0,0.0,0.0,1114.0,0.0,0.0,0.0,median,0.8213359128735832,0.8350418614732652,0.9333333333333333,0.00034588539532414987,-0.28470319963962853,19.0,1.0,1.320493917398932,1.09635281455798,cons__median,cons__median,hetero,0.25,1,0,0.25
consensus,median,20,60,ring_plus,-4.053854448730591e-09,4.053854448730591e-09,0.004751780919943678,6120,0.0,0.20915032679738563,0.0,0.0,6120.0,4840.0,0.7908496732026143,0.20915032679738566,154880.0,32.0,0.0,4840.0,0.0,0.0,1280.0,0.0,0.0,0.0,median,0.7087200491028619,0.996011695699046,1.0,8.792531706841129e-08,-0.3046854194151153,10.0,1.0,1.55469612182113,1.3985108286561831,cons__median,cons__median,hetero,0.25,2,0,0.25
consensus,median,20,60,ring_plus,-1.9882687369507994e-10,1.9882687369507994e-10,0.0017835446095907953,4972,0.0,0.19690265486725664,0.0,0.0,4972.0,3993.0,0.8030973451327433,0.19690265486725667,127776.0,32.0,0.0,3993.0,0.0,0.0,979.0,0.0,0.0,0.0,median,0.6593994865378952,0.9944926738416175,1.0,1.2692494753709012e-08,-0.4374433146775865,13.0,1.0,1.2627284000071304,1.118010038628084,cons__median,cons__median,hetero,0.25,3,0,0.25
consensus,median,20,60,ring_plus,-8.402397027080557e-05,8.402397027080557e-05,0.0002052469235713463,5633,0.0,0.20610687022900764,0.0,0.0,5633.0,4472.0,0.7938931297709924,0.20610687022900764,143104.0,32.0,0.0,4472.0,0.0,0.0,1161.0,0.0,0.0,0.0,median,0.845609817703051,0.8603934154038724,0.8,0.00011503638205136932,-0.2570972069099879,8.0,1.0,1.3711704029417888,1.2152582407391423,cons__median,cons__median,hetero,0.25,4,0,0.25
consensus,median,20,60,ring_plus,-3.9380198199562616e-05,3.9380198199562616e-05,0.002054713498388534,6237,0.0,0.19801186467853135,0.0,0.0,6237.0,5002.0,0.8019881353214686,0.19801186467853138,160064.0,32.0,0.0,5002.0,0.0,0.0,1235.0,0.0,0.0,0.0,median,0.8296441772630827,0.9759940622454185,0.95,0.00016269002075444553,-0.25459625790787616,13.0,1.0,1.6160985120576443,1.3775865601994972,cons__median,cons__median,hetero,0.25,5,0,0.25
consensus,median,20,60,ring_plus,-0.01466209688586453,0.01466209688586453,0.20281270540268387,4621,0.0,0.1902185674096516,0.0,0.0,4621.0,3742.0,0.8097814325903484,0.1902185674096516,119744.0,32.0,0.0,3742.0,0.0,0.0,879.0,0.0,0.0,0.0,median,0.919171331446214,0.8650376987674272,0.8166666666666667,0.016528785013012543,-0.3498411941928971,16.0,1.0,0.9450014459069909,0.7779581464965974,cons__median,cons__median,hetero,0.25,6,0,0.25
consensus,median,20,60,ring_plus,-4.4341232286953404e-07,4.4341232286953404e-07,0.005386204489402302,6330,0.0,0.19541864139020537,0.0,0.0,6330.0,5093.0,0.8045813586097946,0.19541864139020537,162976.0,32.0,0.0,5093.0,0.0,0.0,1237.0,0.0,0.0,0.0,median,0.7078099279942163,0.9031098655753368,0.9333333333333333,6.18111074966802e-07,-0.32121841679863405,9.0,1.0,2.218617553571293,1.8653244587755649,cons__median,cons__median,hetero,0.25,7,0,0.25
consensus,median,20,60,ring_plus,-0.0013203868662026142,0.0013203868662026142,0.0010769531599094048,4200,0.0,0.2130952380952381,0.0,0.0,4200.0,3305.0,0.7869047619047619,0.21309523809523812,105760.0,32.0,0.0,3305.0,0.0,0.0,895.0,0.0,0.0,0.0,median,0.8825239625436985,0.9579012537411646,1.0,0.002587144090914211,-0.22533869141319124,18.0,1.0,0.7964836768628718,0.6382172706834385,cons__median,cons__median,hetero,0.25,8,0,0.25
consensus,median,20,60,ring_plus,-0.008838754220634652,0.008838754220634652,0.010669313919823963,5280,0.0,0.20397727272727273,0.0,0.0,5280.0,4203.0,0.7960227272727273,0.20397727272727273,134496.0,32.0,0.0,4203.0,0.0,0.0,1077.0,0.0,0.0,0.0,median,0.890228801008696,0.9096990105186462,0.85,0.0052810500078652395,-0.24575313959607623,14.0,1.0,0.9413291035084279,0.8559194207578366,cons__median,cons__median,hetero,0.25,9,0,0.25
consensus,median,20,60,ring_plus,-0.0015999485509531142,0.0015999485509531142,8.044104064746595e-05,4886,0.0,0.19975440032746622,0.0,0.0,4886.0,3910.0,0.8002455996725337,0.19975440032746627,125120.0,32.0,0.0,3910.0,0.0,0.0,976.0,0.0,0.0,0.0,median,0.8691613254551115,0.9446332016311567,0.85,0.0023482511177893117,-0.1817600553556419,16.0,1.0,1.399646125476325,1.1443437793944773,cons__median,cons__median,hetero,0.5,0,0,0.5
consensus,median,20,60,ring_plus,-1.532598405228761e-05,1.532598405228761e-05,0.003921201896751125,5248,0.0,0.20579268292682926,0.0,0.0,5248.0,4168.0,0.7942073170731707,0.20579268292682928,133376.0,32.0,0.0,4168.0,0.0,0.0,1080.0,0.0,0.0,0.0,median,0.798519084602385,0.9807967417603582,0.9666666666666667,6.798772805188017e-05,-0.28470296027112574,15.0,1.0,1.320493917398932,1.1316097621965093,cons__median,cons__median,hetero,0.5,1,0,0.5
consensus,median,20,60,ring_plus,-0.0004048871853379289,0.0004048871853379289,0.002842925881066809,5928,0.0,0.20985155195681512,0.0,0.0,5928.0,4684.0,0.7901484480431848,0.20985155195681515,149888.0,32.0,0.0,4684.0,0.0,0.0,1244.0,0.0,0.0,0.0,median,0.7059875011946685,0.9873947626286996,0.85,0.00014860082528893168,-0.304678671362924,13.0,1.0,1.55469612182113,1.3457912083711585,cons__median,cons__median,hetero,0.5,2,0,0.5
consensus,median,20,60,ring_plus,-0.006191717193199138,0.006191717193199138,0.0035418854619702067,4780,0.0,0.19707112970711296,0.0,0.0,4780.0,3838.0,0.8029288702928871,0.19707112970711294,122816.0,32.0,0.0,3838.0,0.0,0.0,942.0,0.0,0.0,0.0,median,0.8532280869840959,0.8311846881940097,0.7833333333333333,0.004564645946212029,-0.437340119394347,12.0,1.0,1.2627284000071304,1.0457746857402244,cons__median,cons__median,hetero,0.5,3,0,0.5
consensus,median,20,60,ring_plus,-0.00416323133174156,0.00416323133174156,0.0037568315989775073,5556,0.0,0.20518358531317496,0.0,0.0,5556.0,4416.0,0.7948164146868251,0.20518358531317493,141312.0,32.0,0.0,4416.0,0.0,0.0,1140.0,0.0,0.0,0.0,median,0.7862075897534272,0.8626007056392269,0.65,0.004048897336358962,-0.2570292201206301,7.0,1.0,1.3711704029417888,1.1987261015073136,cons__median,cons__median,hetero,0.5,4,0,0.5
consensus,median,20,60,ring_plus,-0.0005268411408218239,0.0005268411408218239,0.026706641514772707,5874,0.0,0.19884235614572693,0.0,0.0,5874.0,4706.0,0.801157643854273,0.19884235614572698,150592.0,32.0,0.0,4706.0,0.0,0.0,1168.0,0.0,0.0,0.0,median,0.7042168882821633,0.9983306886912516,0.7666666666666667,0.000585271573886749,-0.25458813355883253,13.0,1.0,1.6160985120576443,1.276325269639275,cons__median,cons__median,hetero,0.5,5,0,0.5
consensus,median,20,60,ring_plus,-0.0068740153972026204,0.0068740153972026204,0.1422449938818537,4358,0.0,0.19068379990821477,0.0,0.0,4358.0,3527.0,0.8093162000917852,0.19068379990821482,112864.0,32.0,0.0,3527.0,0.0,0.0,831.0,0.0,0.0,0.0,median,0.8882264802857441,0.6401992630336228,0.6,0.008420789827974439,-0.34997099555104144,8.0,1.0,0.9450014459069909,0.7594558586726937,cons__median,cons__median,hetero,0.5,6,0,0.5
consensus,median,20,60,ring_plus,-0.001147059326038128,0.001147059326038128,0.03967132082492014,6053,0.0,0.19444903353708903,0.0,0.0,6053.0,4876.0,0.8055509664629109,0.1944490335370891,156032.0,32.0,0.0,4876.0,0.0,0.0,1177.0,0.0,0.0,0.0,median,0.7965671859583602,0.8673407043038432,0.7,0.001156095274724108,-0.3211993065334056,9.0,1.0,2.218617553571293,1.7384415746058577,cons__median,cons__median,hetero,0.5,7,0,0.5
consensus,median,20,60,ring_plus,-0.27915126122824274,0.27915126122824274,0.023756992715418465,4149,0.0,0.2118582791033984,0.0,0.0,4149.0,3270.0,0.7881417208966016,0.21185827910339838,104640.0,32.0,0.0,3270.0,0.0,0.0,879.0,0.0,0.0,0.0,median,0.9704664260814766,0.5291210032835354,0.6333333333333333,0.3093681858629134,-0.22070817684049063,,0.0,0.7964836768628718,0.6355678607104387,cons__median,cons__median,hetero,0.5,8,0,0.5
consensus,median,20,60,ring_plus,-0.05570188300844792,0.05570188300844792,0.0034218091088063043,5240,0.0,0.20381679389312976,0.0,0.0,5240.0,4172.0,0.7961832061068702,0.2038167938931298,133504.0,32.0,0.0,4172.0,0.0,0.0,1068.0,0.0,0.0,0.0,median,0.9377346512295807,0.7247215561889245,0.7666666666666667,0.06809177409298857,-0.2449720874496127,23.0,1.0,0.9413291035084279,0.8465603055809257,cons__median,cons__median,hetero,0.5,9,0,0.5
consensus,median,20,60,ring_plus,-0.02848942049708376,0.02848942049708376,0.032925838490402225,4622,0.0,0.19948074426655127,0.0,0.0,4622.0,3700.0,0.8005192557334487,0.19948074426655127,118400.0,32.0,0.0,3700.0,0.0,0.0,922.0,0.0,0.0,0.0,median,0.908922998941394,0.7556424685666834,0.65,0.027378201466450643,-0.18131189748987306,12.0,1.0,1.399646125476325,0.9803260665402663,cons__median,cons__median,hetero,0.75,0,0,0.75
consensus,median,20,60,ring_plus,-0.03983721305283016,0.03983721305283016,0.035913997092364626,4698,0.0,0.20604512558535548,0.0,0.0,4698.0,3730.0,0.7939548744146445,0.20604512558535548,119360.0,32.0,0.0,3730.0,0.0,0.0,968.0,0.0,0.0,0.0,median,0.9078979738982935,0.6933820846430128,0.6666666666666666,0.03699527018823386,-0.2840392621533127,13.0,1.0,1.320493917398932,0.7543729547566385,cons__median,cons__median,hetero,0.75,1,0,0.75
consensus,median,20,60,ring_plus,-0.016306803123516872,0.016306803123516872,0.0030611949170491442,5191,0.0,0.2074744750529763,0.0,0.0,5191.0,4114.0,0.7925255249470237,0.20747447505297634,131648.0,32.0,0.0,4114.0,0.0,0.0,1077.0,0.0,0.0,0.0,median,0.84549862050831,0.9544010133057816,0.7666666666666667,0.012463994772773745,-0.30441363943062094,16.0,1.0,1.55469612182113,1.1784232760445703,cons__median,cons__median,hetero,0.75,2,0,0.75
consensus,median,20,60,ring_plus,-0.00357057337863442,0.00357057337863442,0.01083905766656486,4547,0.0,0.19397404882340005,0.0,0.0,4547.0,3665.0,0.8060259511765999,0.19397404882340008,117280.0,32.0,0.0,3665.0,0.0,0.0,882.0,0.0,0.0,0.0,median,0.7709984071814816,0.9259658321339237,0.75,0.0026902131085624055,-0.43738380512458974,13.0,1.0,1.2627284000071304,0.9619010113164264,cons__median,cons__median,hetero,0.75,3,0,0.75
consensus,median,20,60,ring_plus,-0.021108065976674424,0.021108065976674424,0.03838512991650035,5494,0.0,0.20458682198762287,0.0,0.0,5494.0,4370.0,0.7954131780123771,0.2045868219876229,139840.0,32.0,0.0,4370.0,0.0,0.0,1124.0,0.0,0.0,0.0,median,0.8619546365387423,0.7875125431508339,0.6166666666666667,0.01781464767344829,-0.2567468062098813,8.0,1.0,1.3711704029417888,1.1408538492301352,cons__median,cons__median,hetero,0.75,4,0,0.75
consensus,median,20,60,ring_plus,-0.014490027633008874,0.014490027633008874,0.28843780735916724,5242,0.0,0.1997329263639832,0.0,0.0,5242.0,4195.0,0.8002670736360168,0.1997329263639832,134240.0,32.0,0.0,4195.0,0.0,0.0,1047.0,0.0,0.0,0.0,median,0.8533798793466691,0.9336002398900201,0.75,0.02008654392834834,-0.2543554137839627,20.0,1.0,1.6160985120576443,1.0582501143517329,cons__median,cons__median,hetero,0.75,5,0,0.75
consensus,median,20,60,ring_plus,-0.02561414584788351,0.02561414584788351,0.18136619259576095,4044,0.0,0.18818001978239368,0.0,0.0,4044.0,3283.0,0.8118199802176064,0.18818001978239363,105056.0,32.0,0.0,3283.0,0.0,0.0,761.0,0.0,0.0,0.0,median,0.9028717098395657,0.6880974551376826,0.6333333333333333,0.01275012163605703,-0.34965866004353013,11.0,1.0,0.9450014459069909,0.6122407164042175,cons__median,cons__median,hetero,0.75,6,0,0.75
consensus,median,20,60,ring_plus,-0.0010580315998949023,0.0010580315998949023,0.018315040658709543,5529,0.0,0.19497196599746788,0.0,0.0,5529.0,4451.0,0.8050280340025321,0.1949719659974679,142432.0,32.0,0.0,4451.0,0.0,0.0,1078.0,0.0,0.0,0.0,median,0.8462347097834242,0.7772817885632952,0.7333333333333333,0.001589117177144997,-0.32120079032884136,8.0,1.0,2.218617553571293,1.4644706002315488,cons__median,cons__median,hetero,0.75,7,0,0.75
consensus,median,20,60,ring_plus,-0.004600160371766916,0.004600160371766916,0.03334945131175785,3809,0.0,0.21370438435284853,0.0,0.0,3809.0,2995.0,0.7862956156471514,0.21370438435284855,95840.0,32.0,0.0,2995.0,0.0,0.0,814.0,0.0,0.0,0.0,median,0.902999258809303,0.9701099555847456,0.9666666666666667,0.012755077182838815,-0.22528402852143184,27.0,1.0,0.7964836768628718,0.5050653260251191,cons__median,cons__median,hetero,0.75,8,0,0.75
consensus,median,20,60,ring_plus,-0.032031458291244014,0.032031458291244014,0.02949966063626467,4728,0.0,0.20156514382402707,0.0,0.0,4728.0,3775.0,0.7984348561759729,0.20156514382402713,120800.0,32.0,0.0,3775.0,0.0,0.0,953.0,0.0,0.0,0.0,median,0.8399942195514009,0.9004204656757837,0.6833333333333333,0.03694695416335469,-0.2453665945282327,16.0,1.0,0.9413291035084279,0.7308020831733754,cons__median,cons__median,hetero,0.75,9,0,0.75
consensus,median,20,60,ring_plus,-0.012379597756684806,0.012379597756684806,0.05725040103847919,4244,0.0,0.1972196041470311,0.0,0.0,4244.0,3407.0,0.8027803958529689,0.1972196041470311,109024.0,32.0,0.0,3407.0,0.0,0.0,837.0,0.0,0.0,0.0,median,0.8923255479132547,0.8922490001591135,0.7166666666666667,0.013833740740625489,-0.18158039453554636,15.0,1.0,1.399646125476325,0.8446341920683279,cons__median,cons__median,hetero,1.0,0,0,1.0
consensus,median,20,60,ring_plus,-0.018183086052723563,0.018183086052723563,0.0020620050553804155,3929,0.0,0.2043777042504454,0.0,0.0,3929.0,3126.0,0.7956222957495546,0.20437770425044544,100032.0,32.0,0.0,3126.0,0.0,0.0,803.0,0.0,0.0,0.0,median,0.8993579657644255,0.7865508383967807,0.7666666666666667,0.0189651143390959,-0.2844001642699812,16.0,1.0,1.320493917398932,0.43884263840289367,cons__median,cons__median,hetero,1.0,1,0,1.0
consensus,median,20,60,ring_plus,-0.005401575802975893,0.005401575802975893,0.0003795162119644185,4475,0.0,0.2071508379888268,0.0,0.0,4475.0,3548.0,0.7928491620111732,0.20715083798882683,113536.0,32.0,0.0,3548.0,0.0,0.0,927.0,0.0,0.0,0.0,median,0.8760861808349035,0.8355712604362917,0.85,0.009301777811637121,-0.3045953932192967,13.0,1.0,1.55469612182113,0.8219532092204483,cons__median,cons__median,hetero,1.0,2,0,1.0
consensus,median,20,60,ring_plus,-0.0046345245262784975,0.0046345245262784975,0.023730958446560903,4178,0.0,0.1957874581139301,0.0,0.0,4178.0,3360.0,0.8042125418860699,0.19578745811393006,107520.0,32.0,0.0,3360.0,0.0,0.0,818.0,0.0,0.0,0.0,median,0.8743454858243617,0.8241918648351406,0.7,0.004563897205424152,-0.4373660726054623,14.0,1.0,1.2627284000071304,0.8458618147877577,cons__median,cons__median,hetero,1.0,3,0,1.0
consensus,median,20,60,ring_plus,-0.006024623145685968,0.006024623145685968,0.0030623556578914675,5089,0.0,0.2061308705050108,0.0,0.0,5089.0,4040.0,0.7938691294949892,0.20613087050501078,129280.0,32.0,0.0,4040.0,0.0,0.0,1049.0,0.0,0.0,0.0,median,0.8414030205068643,0.7437356936354937,0.5833333333333334,0.009155539514890112,-0.2569981969237311,7.0,1.0,1.3711704029417888,0.9958388409557596,cons__median,cons__median,hetero,1.0,4,0,1.0
consensus,median,20,60,ring_plus,-0.0008765753577971888,0.0008765753577971888,0.012934040021113175,4594,0.0,0.19895515890291685,0.0,0.0,4594.0,3680.0,0.8010448410970832,0.19895515890291682,117760.0,32.0,0.0,3680.0,0.0,0.0,914.0,0.0,0.0,0.0,median,0.8555272685662778,0.8562501157366604,0.7666666666666667,0.002384056641119254,-0.2545823046552162,17.0,1.0,1.6160985120576443,0.8322169914317226,cons__median,cons__median,hetero,1.0,5,0,1.0
consensus,median,20,60,ring_plus,-0.06089962597789712,0.06089962597789712,0.17951210716432375,3596,0.0,0.19076751946607343,0.0,0.0,3596.0,2910.0,0.8092324805339266,0.1907675194660734,93120.0,32.0,0.0,2910.0,0.0,0.0,686.0,0.0,0.0,0.0,median,0.8833503482345154,0.7815309537312212,0.6666666666666666,0.06271112491314225,-0.34907056870803016,14.0,1.0,0.9450014459069909,0.3079631241949025,cons__median,cons__median,hetero,1.0,6,0,1.0
consensus,median,20,60,ring_plus,-0.0009657118282298246,0.0009657118282298246,0.02206590869013782,4944,0.0,0.19457928802588997,0.0,0.0,4944.0,3982.0,0.80542071197411,0.19457928802588997,127424.0,32.0,0.0,3982.0,0.0,0.0,962.0,0.0,0.0,0.0,median,0.8811315997608278,0.6291842560752319,0.8333333333333334,0.0013977345161203106,-0.32120232899170253,9.0,1.0,2.218617553571293,1.2058182474775654,cons__median,cons__median,hetero,1.0,7,0,1.0
consensus,median,20,60,ring_plus,-0.22093327999201018,0.22093327999201018,0.060306325703877485,3451,0.0,0.2138510576644451,0.0,0.0,3451.0,2713.0,0.7861489423355549,0.21385105766444512,86816.0,32.0,0.0,2713.0,0.0,0.0,738.0,0.0,0.0,0.0,median,0.9583696184509428,0.6449296276180498,0.65,0.23027809737581814,-0.22167847652776115,,0.0,0.7964836768628718,0.26029651122322867,cons__median,cons__median,hetero,1.0,8,0,1.0
consensus,median,20,60,ring_plus,-0.0343519877437979,0.0343519877437979,0.05112864674426697,3920,0.0,0.2030612244897959,0.0,0.0,3920.0,3124.0,0.7969387755102041,0.2030612244897959,99968.0,32.0,0.0,3124.0,0.0,0.0,796.0,0.0,0.0,0.0,median,0.8824886231177312,0.901579797179001,0.6833333333333333,0.056867559230561755,-0.24532791903735687,19.0,1.0,0.9413291035084279,0.5023517202588921,cons__median,cons__median,hetero,1.0,9,0,1.0
consensus,trimmed,20,60,ring_plus,-7.219983399245286e-07,7.219983399245286e-07,0.0012332543349116512,5040,0.0,0.2013888888888889,0.0,0.0,5040.0,4025.0,0.7986111111111112,0.20138888888888884,128800.0,32.0,0.0,4025.0,0.0,0.0,1015.0,0.0,0.0,0.0,trimmed,0.7768311099164708,0.9945887439219604,1.0,3.666837385812194e-06,-0.18178670913151876,11.0,1.0,1.399646125476325,1.1549406492740415,cons__trimmed,cons__trimmed,hetero,0.0,0,0,0.0
consensus,trimmed,20,60,ring_plus,-3.916809823539111e-06,3.916809823539111e-06,0.000693660168155397,5400,0.0,0.20629629629629628,0.0,0.0,5400.0,4286.0,0.7937037037037037,0.2062962962962963,137152.0,32.0,0.0,4286.0,0.0,0.0,1114.0,0.0,0.0,0.0,trimmed,0.7867501871718313,0.9952192365553143,1.0,1.5638929784204258e-05,-0.28470315042402955,13.0,1.0,1.320493917398932,1.09635281455798,cons__trimmed,cons__trimmed,hetero,0.0,1,0,0.0
consensus,trimmed,20,60,ring_plus,-1.5200937649663073e-09,1.5200937649663073e-09,0.0009338419957819434,6120,0.0,0.20915032679738563,0.0,0.0,6120.0,4840.0,0.7908496732026143,0.20915032679738566,154880.0,32.0,0.0,4840.0,0.0,0.0,1280.0,0.0,0.0,0.0,trimmed,0.6894160277314028,0.999056232926423,1.0,2.1010300745179982e-08,-0.3046854194573447,10.0,1.0,1.55469612182113,1.3985108286561831,cons__trimmed,cons__trimmed,hetero,0.0,2,0,0.0
consensus,trimmed,20,60,ring_plus,-3.458287692814948e-08,3.458287692814948e-08,0.009376144358799705,5040,0.0,0.19543650793650794,0.0,0.0,5040.0,4055.0,0.8045634920634921,0.1954365079365079,129760.0,32.0,0.0,4055.0,0.0,0.0,985.0,0.0,0.0,0.0,trimmed,0.7174350195243169,0.9992697334302827,1.0,3.3634366768944794e-07,-0.43744331410451903,12.0,1.0,1.2627284000071304,1.1468258325458742,cons__trimmed,cons__trimmed,hetero,0.0,3,0,0.0
consensus,trimmed,20,60,ring_plus,-2.3857313197228274e-08,2.3857313197228274e-08,0.00013414055904258782,5640,0.0,0.20620567375886525,0.0,0.0,5640.0,4477.0,0.7937943262411348,0.20620567375886523,143264.0,32.0,0.0,4477.0,0.0,0.0,1163.0,0.0,0.0,0.0,trimmed,0.7302843003313946,0.987512702451695,1.0,1.1430547949301962e-07,-0.25709860691187053,7.0,1.0,1.3711704029417888,1.1969163617030751,cons__trimmed,cons__trimmed,hetero,0.0,4,0,0.0
consensus,trimmed,20,60,ring_plus,-7.327816175011069e-08,7.327816175011069e-08,0.012344359189556143,6360,0.0,0.19842767295597485,0.0,0.0,6360.0,5098.0,0.8015723270440251,0.19842767295597485,163136.0,32.0,0.0,5098.0,0.0,0.0,1262.0,0.0,0.0,0.0,trimmed,0.7420988779216658,0.9947112297572741,1.0,7.341677307367045e-07,-0.25459691302321014,11.0,1.0,1.6160985120576443,1.4719939481284958,cons__trimmed,cons__trimmed,hetero,0.0,5,0,0.0
consensus,trimmed,20,60,ring_plus,-1.7557942629865398e-06,1.7557942629865398e-06,0.021477674713915172,4680,0.0,0.18995726495726495,0.0,0.0,4680.0,3791.0,0.810042735042735,0.18995726495726495,121312.0,32.0,0.0,3791.0,0.0,0.0,889.0,0.0,0.0,0.0,trimmed,0.7813565418739031,0.9874887896711732,1.0,6.49870115350016e-06,-0.35008553321109054,9.0,1.0,0.9450014459069909,0.8154707469852038,cons__trimmed,cons__trimmed,hetero,0.0,6,0,0.0
consensus,trimmed,20,60,ring_plus,-9.200656209611328e-11,9.200656209611328e-11,5.904707475473965e-07,6480,0.0,0.19506172839506172,0.0,0.0,6480.0,5216.0,0.8049382716049382,0.19506172839506175,166912.0,32.0,0.0,5216.0,0.0,0.0,1264.0,0.0,0.0,0.0,trimmed,0.648942849551815,0.9907928451940737,1.0,8.148080872996276e-10,-0.3212184241873061,8.0,1.0,2.218617553571293,1.958238769422482,cons__trimmed,cons__trimmed,hetero,0.0,7,0,0.0
consensus,trimmed,20,60,ring_plus,-0.00012738880046762887,0.00012738880046762887,0.00721350060950318,4200,0.0,0.2130952380952381,0.0,0.0,4200.0,3305.0,0.7869047619047619,0.21309523809523812,105760.0,32.0,0.0,3305.0,0.0,0.0,895.0,0.0,0.0,0.0,trimmed,0.8473222236870456,0.9849193934225458,1.0,0.000361200148929538,-0.2253585747142868,15.0,1.0,0.7964836768628718,0.6382172706834385,cons__trimmed,cons__trimmed,hetero,0.0,8,0,0.0
consensus,trimmed,20,60,ring_plus,-8.76806150221723e-05,8.76806150221723e-05,9.699313736518088e-06,5280,0.0,0.20397727272727273,0.0,0.0,5280.0,4203.0,0.7960227272727273,0.20397727272727273,134496.0,32.0,0.0,4203.0,0.0,0.0,1077.0,0.0,0.0,0.0,trimmed,0.8470039455331443,0.9701931624087242,1.0,0.0002465224213128056,-0.24589899082283642,11.0,1.0,0.9413291035084279,0.8559194207578366,cons__trimmed,cons__trimmed,hetero,0.0,9,0,0.0
consensus,trimmed,20,60,ring_plus,-0.0038788923817833997,0.0038788923817833997,0.011600443433230677,5020,0.0,0.200796812749004,0.0,0.0,5020.0,4012.0,0.799203187250996,0.20079681274900396,128384.0,32.0,0.0,4012.0,0.0,0.0,1008.0,0.0,0.0,0.0,trimmed,0.9168599117716976,0.709109331651699,0.7166666666666667,0.00608118043101296,-0.18172207295846138,11.0,1.0,1.399646125476325,1.1813634087166536,cons__trimmed,cons__trimmed,hetero,0.25,0,0,0.25
consensus,trimmed,20,60,ring_plus,-0.0008583260052154741,0.0008583260052154741,0.002148186680769336,5400,0.0,0.20629629629629628,0.0,0.0,5400.0,4286.0,0.7937037037037037,0.2062962962962963,137152.0,32.0,0.0,4286.0,0.0,0.0,1114.0,0.0,0.0,0.0,trimmed,0.8667532834813193,0.8651911382106745,0.85,0.001517881457486672,-0.28468891027077314,14.0,1.0,1.320493917398932,1.09635281455798,cons__trimmed,cons__trimmed,hetero,0.25,1,0,0.25
consensus,trimmed,20,60,ring_plus,-9.340039914097245e-10,9.340039914097245e-10,0.0014297366281297715,6120,0.0,0.20915032679738563,0.0,0.0,6120.0,4840.0,0.7908496732026143,0.20915032679738566,154880.0,32.0,0.0,4840.0,0.0,0.0,1280.0,0.0,0.0,0.0,trimmed,0.6861778040240286,0.9992460077887727,1.0,1.6580451295216623e-08,-0.3046854194671128,9.0,1.0,1.55469612182113,1.3985108286561831,cons__trimmed,cons__trimmed,hetero,0.25,2,0,0.25
consensus,trimmed,20,60,ring_plus,-3.272379079099194e-06,3.272379079099194e-06,0.0018872909341598424,4972,0.0,0.19690265486725664,0.0,0.0,4972.0,3993.0,0.8030973451327433,0.19690265486725667,127776.0,32.0,0.0,3993.0,0.0,0.0,979.0,0.0,0.0,0.0,trimmed,0.7776085659356634,0.9895815138268633,0.9833333333333333,1.1024702889406248e-05,-0.43744326014124907,12.0,1.0,1.2627284000071304,1.118010038628084,cons__trimmed,cons__trimmed,hetero,0.25,3,0,0.25
consensus,trimmed,20,60,ring_plus,-0.00016179621371834372,0.00016179621371834372,3.434329032479398e-05,5633,0.0,0.20610687022900764,0.0,0.0,5633.0,4472.0,0.7938931297709924,0.20610687022900764,143104.0,32.0,0.0,4472.0,0.0,0.0,1161.0,0.0,0.0,0.0,trimmed,0.8600085847649054,0.7997851963021769,0.85,0.00022731153542244358,-0.25709591070593046,7.0,1.0,1.3711704029417888,1.2152582407391423,cons__trimmed,cons__trimmed,hetero,0.25,4,0,0.25
consensus,trimmed,20,60,ring_plus,-0.00010621110748452568,0.00010621110748452568,0.002295955039539663,6237,0.0,0.19801186467853135,0.0,0.0,6237.0,5002.0,0.8019881353214686,0.19801186467853138,160064.0,32.0,0.0,5002.0,0.0,0.0,1235.0,0.0,0.0,0.0,trimmed,0.8438340629290364,0.8557400461956981,0.8,0.0003038915611634385,-0.2545951440593881,11.0,1.0,1.6160985120576443,1.3775865601994972,cons__trimmed,cons__trimmed,hetero,0.25,5,0,0.25
consensus,trimmed,20,60,ring_plus,-0.007534601166398839,0.007534601166398839,0.23429164621500456,4621,0.0,0.1902185674096516,0.0,0.0,4621.0,3742.0,0.8097814325903484,0.1902185674096516,119744.0,32.0,0.0,3742.0,0.0,0.0,879.0,0.0,0.0,0.0,trimmed,0.9109069311639024,0.8469325145270001,0.8833333333333333,0.00911363819374387,-0.34995998578822163,10.0,1.0,0.9450014459069909,0.7779581464965974,cons__trimmed,cons__trimmed,hetero,0.25,6,0,0.25
consensus,trimmed,20,60,ring_plus,-0.0001880997148910054,0.0001880997148910054,0.0007961006689715634,6330,0.0,0.19541864139020537,0.0,0.0,6330.0,5093.0,0.8045813586097946,0.19541864139020537,162976.0,32.0,0.0,5093.0,0.0,0.0,1237.0,0.0,0.0,0.0,trimmed,0.74474819532848,0.8560851824466815,0.6666666666666666,0.00015116012219574748,-0.32121528919359144,8.0,1.0,2.218617553571293,1.8653244587755649,cons__trimmed,cons__trimmed,hetero,0.25,7,0,0.25
consensus,trimmed,20,60,ring_plus,-6.517538267135895e-05,6.517538267135895e-05,0.007375049698570171,4200,0.0,0.2130952380952381,0.0,0.0,4200.0,3305.0,0.7869047619047619,0.21309523809523812,105760.0,32.0,0.0,3305.0,0.0,0.0,895.0,0.0,0.0,0.0,trimmed,0.8322221318758362,0.9899520412696368,0.9666666666666667,0.0001749426199803791,-0.22535961160458348,17.0,1.0,0.7964836768628718,0.6382172706834385,cons__trimmed,cons__trimmed,hetero,0.25,8,0,0.25
consensus,trimmed,20,60,ring_plus,-0.05156158767355184,0.05156158767355184,0.0025961505820348892,5280,0.0,0.20397727272727273,0.0,0.0,5280.0,4203.0,0.7960227272727273,0.20397727272727273,134496.0,32.0,0.0,4203.0,0.0,0.0,1077.0,0.0,0.0,0.0,trimmed,0.9421027866903706,0.5938542110935698,0.7833333333333333,0.05021375462945976,-0.245041092371861,15.0,1.0,0.9413291035084279,0.8559194207578366,cons__trimmed,cons__trimmed,hetero,0.25,9,0,0.25
consensus,trimmed,20,60,ring_plus,-0.0025791984813496975,0.0025791984813496975,0.0004530825807797824,4886,0.0,0.19975440032746622,0.0,0.0,4886.0,3910.0,0.8002455996725337,0.19975440032746627,125120.0,32.0,0.0,3910.0,0.0,0.0,976.0,0.0,0.0,0.0,trimmed,0.8963792027499909,0.7334892955476142,0.7833333333333333,0.002965505776806677,-0.1817437345234686,10.0,1.0,1.399646125476325,1.1443437793944773,cons__trimmed,cons__trimmed,hetero,0.5,0,0,0.5
consensus,trimmed,20,60,ring_plus,-0.0002845967843547808,0.0002845967843547808,0.003057710128641148,5248,0.0,0.20579268292682926,0.0,0.0,5248.0,4168.0,0.7942073170731707,0.20579268292682928,133376.0,32.0,0.0,4168.0,0.0,0.0,1080.0,0.0,0.0,0.0,trimmed,0.8055853766037563,0.9595484849020116,0.85,0.00041940124298771444,-0.28469847242445406,14.0,1.0,1.320493917398932,1.1316097621965093,cons__trimmed,cons__trimmed,hetero,0.5,1,0,0.5
consensus,trimmed,20,60,ring_plus,-0.0005634697756356442,0.0005634697756356442,0.004131293372075053,5928,0.0,0.20985155195681512,0.0,0.0,5928.0,4684.0,0.7901484480431848,0.20985155195681515,149888.0,32.0,0.0,4684.0,0.0,0.0,1244.0,0.0,0.0,0.0,trimmed,0.7408413275354707,0.9507036398236134,0.7833333333333333,0.00030178730586844903,-0.3046760283197523,10.0,1.0,1.55469612182113,1.3457912083711585,cons__trimmed,cons__trimmed,hetero,0.5,2,0,0.5
consensus,trimmed,20,60,ring_plus,-0.006428266191826651,0.006428266191826651,0.004735607679045099,4780,0.0,0.19707112970711296,0.0,0.0,4780.0,3838.0,0.8029288702928871,0.19707112970711294,122816.0,32.0,0.0,3838.0,0.0,0.0,942.0,0.0,0.0,0.0,trimmed,0.8244615366557466,0.8878710114058892,0.8,0.005218025314969327,-0.43733617691103654,11.0,1.0,1.2627284000071304,1.0457746857402244,cons__trimmed,cons__trimmed,hetero,0.5,3,0,0.5
consensus,trimmed,20,60,ring_plus,-0.00940116278820618,0.00940116278820618,0.004518893369873273,5556,0.0,0.20518358531317496,0.0,0.0,5556.0,4416.0,0.7948164146868251,0.20518358531317493,141312.0,32.0,0.0,4416.0,0.0,0.0,1140.0,0.0,0.0,0.0,trimmed,0.916274282765593,0.5113208135863423,0.6166666666666667,0.008025163700368968,-0.25694192126302234,8.0,1.0,1.3711704029417888,1.1987261015073136,cons__trimmed,cons__trimmed,hetero,0.5,4,0,0.5
consensus,trimmed,20,60,ring_plus,-0.0004826817665040396,0.0004826817665040396,0.02389971800418572,5874,0.0,0.19884235614572693,0.0,0.0,5874.0,4706.0,0.801157643854273,0.19884235614572698,150592.0,32.0,0.0,4706.0,0.0,0.0,1168.0,0.0,0.0,0.0,trimmed,0.6945425685665138,0.982025482524699,0.7,0.0004838352044096237,-0.2545888695484044,12.0,1.0,1.6160985120576443,1.276325269639275,cons__trimmed,cons__trimmed,hetero,0.5,5,0,0.5
consensus,trimmed,20,60,ring_plus,-0.008573826398186256,0.008573826398186256,0.004981901610529474,4358,0.0,0.19068379990821477,0.0,0.0,4358.0,3527.0,0.8093162000917852,0.19068379990821482,112864.0,32.0,0.0,3527.0,0.0,0.0,831.0,0.0,0.0,0.0,trimmed,0.8968712405268635,0.7442630626796988,0.65,0.011364169571712705,-0.3499426653676918,9.0,1.0,0.9450014459069909,0.7594558586726937,cons__trimmed,cons__trimmed,hetero,0.5,6,0,0.5
consensus,trimmed,20,60,ring_plus,-0.0021544735700706964,0.0021544735700706964,0.04779625530555341,6053,0.0,0.19444903353708903,0.0,0.0,6053.0,4876.0,0.8055509664629109,0.1944490335370891,156032.0,32.0,0.0,4876.0,0.0,0.0,1177.0,0.0,0.0,0.0,trimmed,0.8558770320733119,0.7300211932654266,0.6833333333333333,0.002227027352887366,-0.321182516296005,8.0,1.0,2.218617553571293,1.7384415746058577,cons__trimmed,cons__trimmed,hetero,0.5,7,0,0.5
consensus,trimmed,20,60,ring_plus,-0.3201218521648716,0.3201218521648716,0.026550415402441872,4149,0.0,0.2118582791033984,0.0,0.0,4149.0,3270.0,0.7881417208966016,0.21185827910339838,104640.0,32.0,0.0,3270.0,0.0,0.0,879.0,0.0,0.0,0.0,trimmed,0.9718425725401582,0.4889604965372709,0.7,0.3381074974952998,-0.22002533365821345,,0.0,0.7964836768628718,0.6355678607104387,cons__trimmed,cons__trimmed,hetero,0.5,8,0,0.5
consensus,trimmed,20,60,ring_plus,-0.07154049122090733,0.07154049122090733,0.004597869952197854,5240,0.0,0.20381679389312976,0.0,0.0,5240.0,4172.0,0.7961832061068702,0.2038167938931298,133504.0,32.0,0.0,4172.0,0.0,0.0,1068.0,0.0,0.0,0.0,trimmed,0.9367004056732655,0.6560074954385623,0.7333333333333333,0.08258205851582738,-0.2447081106460717,19.0,1.0,0.9413291035084279,0.8465603055809257,cons__trimmed,cons__trimmed,hetero,0.5,9,0,0.5
consensus,trimmed,20,60,ring_plus,-0.028257653569944658,0.028257653569944658,0.0385777308714995,4622,0.0,0.19948074426655127,0.0,0.0,4622.0,3700.0,0.8005192557334487,0.19948074426655127,118400.0,32.0,0.0,3700.0,0.0,0.0,922.0,0.0,0.0,0.0,trimmed,0.9235659682974683,0.6080264719791852,0.6166666666666667,0.03022740579871755,-0.18131576027199206,10.0,1.0,1.399646125476325,0.9803260665402663,cons__trimmed,cons__trimmed,hetero,0.75,0,0,0.75
consensus,trimmed,20,60,ring_plus,-0.03095235676158986,0.03095235676158986,0.030571894326640432,4698,0.0,0.20604512558535548,0.0,0.0,4698.0,3730.0,0.7939548744146445,0.20604512558535548,119360.0,32.0,0.0,3730.0,0.0,0.0,968.0,0.0,0.0,0.0,trimmed,0.9052576021639026,0.6610788659109428,0.6333333333333333,0.027560753854899908,-0.28418734309150023,12.0,1.0,1.320493917398932,0.7543729547566385,cons__trimmed,cons__trimmed,hetero,0.75,1,0,0.75
consensus,trimmed,20,60,ring_plus,-0.008376737567140882,0.008376737567140882,0.018153773441620648,5191,0.0,0.2074744750529763,0.0,0.0,5191.0,4114.0,0.7925255249470237,0.20747447505297634,131648.0,32.0,0.0,4114.0,0.0,0.0,1077.0,0.0,0.0,0.0,trimmed,0.8565790769669255,0.8858772377186123,0.7166666666666667,0.007137469382397007,-0.3045458071898939,12.0,1.0,1.55469612182113,1.1784232760445703,cons__trimmed,cons__trimmed,hetero,0.75,2,0,0.75
consensus,trimmed,20,60,ring_plus,-0.005858056911887406,0.005858056911887406,0.0077893428240386085,4547,0.0,0.19397404882340005,0.0,0.0,4547.0,3665.0,0.8060259511765999,0.19397404882340008,117280.0,32.0,0.0,3665.0,0.0,0.0,882.0,0.0,0.0,0.0,trimmed,0.8572689638031786,0.775358317804697,0.7166666666666667,0.004565884207415912,-0.43734568039903554,12.0,1.0,1.2627284000071304,0.9619010113164264,cons__trimmed,cons__trimmed,hetero,0.75,3,0,0.75
consensus,trimmed,20,60,ring_plus,-0.013790741853171504,0.013790741853171504,0.039369043406230333,5494,0.0,0.20458682198762287,0.0,0.0,5494.0,4370.0,0.7954131780123771,0.2045868219876229,139840.0,32.0,0.0,4370.0,0.0,0.0,1124.0,0.0,0.0,0.0,trimmed,0.8888645355441183,0.768570723839846,0.6333333333333333,0.012385660282767058,-0.2568687616119396,8.0,1.0,1.3711704029417888,1.1408538492301352,cons__trimmed,cons__trimmed,hetero,0.75,4,0,0.75
consensus,trimmed,20,60,ring_plus,-0.003231000677037604,0.003231000677037604,0.012816013660847825,5242,0.0,0.1997329263639832,0.0,0.0,5242.0,4195.0,0.8002670736360168,0.1997329263639832,134240.0,32.0,0.0,4195.0,0.0,0.0,1047.0,0.0,0.0,0.0,trimmed,0.8391143583100007,0.8929170904172374,0.7166666666666667,0.004971551858149847,-0.2545430642332288,15.0,1.0,1.6160985120576443,1.0582501143517329,cons__trimmed,cons__trimmed,hetero,0.75,5,0,0.75
consensus,trimmed,20,60,ring_plus,-0.019810647433061615,0.019810647433061615,0.1964352961048559,4044,0.0,0.18818001978239368,0.0,0.0,4044.0,3283.0,0.8118199802176064,0.18818001978239363,105056.0,32.0,0.0,3283.0,0.0,0.0,761.0,0.0,0.0,0.0,trimmed,0.9002337898373526,0.7412285120319706,0.7,0.01436167759705805,-0.3497553850171106,11.0,1.0,0.9450014459069909,0.6122407164042175,cons__trimmed,cons__trimmed,hetero,0.75,6,0,0.75
consensus,trimmed,20,60,ring_plus,-0.0006528009674038549,0.0006528009674038549,0.025192349105734917,5529,0.0,0.19497196599746788,0.0,0.0,5529.0,4451.0,0.8050280340025321,0.1949719659974679,142432.0,32.0,0.0,4451.0,0.0,0.0,1078.0,0.0,0.0,0.0,trimmed,0.7777327876628832,0.8310992590911082,0.7166666666666667,0.0015660940082843295,-0.32120754417271613,8.0,1.0,2.218617553571293,1.4644706002315488,cons__trimmed,cons__trimmed,hetero,0.75,7,0,0.75
consensus,trimmed,20,60,ring_plus,-0.0006420182215840537,0.0006420182215840537,0.03650963565731317,3809,0.0,0.21370438435284853,0.0,0.0,3809.0,2995.0,0.7862956156471514,0.21370438435284855,95840.0,32.0,0.0,2995.0,0.0,0.0,814.0,0.0,0.0,0.0,trimmed,0.8613550018894544,0.9884895653583382,0.9333333333333333,0.0012427239891401418,-0.22534999755726823,23.0,1.0,0.7964836768628718,0.5050653260251191,cons__trimmed,cons__trimmed,hetero,0.75,8,0,0.75
consensus,trimmed,20,60,ring_plus,-0.020665164151986166,0.020665164151986166,0.030030226246624193,4728,0.0,0.20156514382402707,0.0,0.0,4728.0,3775.0,0.7984348561759729,0.20156514382402713,120800.0,32.0,0.0,3775.0,0.0,0.0,953.0,0.0,0.0,0.0,trimmed,0.9240076502486916,0.781004687054078,0.7,0.02052292820124164,-0.24555603276388707,13.0,1.0,0.9413291035084279,0.7308020831733754,cons__trimmed,cons__trimmed,hetero,0.75,9,0,0.75
consensus,trimmed,20,60,ring_plus,-0.018482101736490484,0.018482101736490484,0.06418154470265149,4244,0.0,0.1972196041470311,0.0,0.0,4244.0,3407.0,0.8027803958529689,0.1972196041470311,109024.0,32.0,0.0,3407.0,0.0,0.0,837.0,0.0,0.0,0.0,trimmed,0.9031517493732835,0.7869791586008799,0.7,0.020605589050895292,-0.18147868613588294,13.0,1.0,1.399646125476325,0.8446341920683279,cons__trimmed,cons__trimmed,hetero,1.0,0,0,1.0
consensus,trimmed,20,60,ring_plus,-0.01226012385074541,0.01226012385074541,0.0017217376333113037,3929,0.0,0.2043777042504454,0.0,0.0,3929.0,3126.0,0.7956222957495546,0.20437770425044544,100032.0,32.0,0.0,3126.0,0.0,0.0,803.0,0.0,0.0,0.0,trimmed,0.8873212552972305,0.8365492629653825,0.7666666666666667,0.012451574810927348,-0.2844988803066809,16.0,1.0,1.320493917398932,0.43884263840289367,cons__trimmed,cons__trimmed,hetero,1.0,1,0,1.0
consensus,trimmed,20,60,ring_plus,-0.0038930693990901397,0.0038930693990901397,0.012022978092386673,4475,0.0,0.2071508379888268,0.0,0.0,4475.0,3548.0,0.7928491620111732,0.20715083798882683,113536.0,32.0,0.0,3548.0,0.0,0.0,927.0,0.0,0.0,0.0,trimmed,0.7959592053972965,0.9232213750110774,0.75,0.004209141678887488,-0.3046205349926947,12.0,1.0,1.55469612182113,0.8219532092204483,cons__trimmed,cons__trimmed,hetero,1.0,2,0,1.0
consensus,trimmed,20,60,ring_plus,-0.004809388636967903,0.004809388636967903,0.021892379315253403,4178,0.0,0.1957874581139301,0.0,0.0,4178.0,3360.0,0.8042125418860699,0.19578745811393006,107520.0,32.0,0.0,3360.0,0.0,0.0,818.0,0.0,0.0,0.0,trimmed,0.8917242134507343,0.8290252208182084,0.7166666666666667,0.00607588640798522,-0.43736315820361754,11.0,1.0,1.2627284000071304,0.8458618147877577,cons__trimmed,cons__trimmed,hetero,1.0,3,0,1.0
consensus,trimmed,20,60,ring_plus,-0.022745032174599118,0.022745032174599118,0.017065763652842476,5089,0.0,0.2061308705050108,0.0,0.0,5089.0,4040.0,0.7938691294949892,0.20613087050501078,129280.0,32.0,0.0,4040.0,0.0,0.0,1049.0,0.0,0.0,0.0,trimmed,0.8465158648861466,0.7000259811838843,0.5666666666666667,0.023976044808386082,-0.2567195234399158,7.0,1.0,1.3711704029417888,0.9958388409557596,cons__trimmed,cons__trimmed,hetero,1.0,4,0,1.0
consensus,trimmed,20,60,ring_plus,-0.0029123577144764892,0.0029123577144764892,0.008850015742203473,4594,0.0,0.19895515890291685,0.0,0.0,4594.0,3680.0,0.8010448410970832,0.19895515890291682,117760.0,32.0,0.0,3680.0,0.0,0.0,914.0,0.0,0.0,0.0,trimmed,0.8589887414644192,0.863383842441785,0.75,0.003215474019367493,-0.25454837494927157,18.0,1.0,1.6160985120576443,0.8322169914317226,cons__trimmed,cons__trimmed,hetero,1.0,5,0,1.0
consensus,trimmed,20,60,ring_plus,-0.05198308081823057,0.05198308081823057,0.17922891662029125,3596,0.0,0.19076751946607343,0.0,0.0,3596.0,2910.0,0.8092324805339266,0.1907675194660734,93120.0,32.0,0.0,2910.0,0.0,0.0,686.0,0.0,0.0,0.0,trimmed,0.8546513599588015,0.8667955995008958,0.6833333333333333,0.053697888176018414,-0.3492191777940244,15.0,1.0,0.9450014459069909,0.3079631241949025,cons__trimmed,cons__trimmed,hetero,1.0,6,0,1.0
consensus,trimmed,20,60,ring_plus,-0.0016230421832615768,0.0016230421832615768,0.02513782275858139,4944,0.0,0.19457928802588997,0.0,0.0,4944.0,3982.0,0.80542071197411,0.19457928802588997,127424.0,32.0,0.0,3982.0,0.0,0.0,962.0,0.0,0.0,0.0,trimmed,0.6252779855425912,0.9892960339133198,0.7833333333333333,0.002578812375642195,-0.32119137348578514,9.0,1.0,2.218617553571293,1.2058182474775654,cons__trimmed,cons__trimmed,hetero,1.0,7,0,1.0
consensus,trimmed,20,60,ring_plus,-0.3941288887121323,0.3941288887121323,0.10197374796461367,3451,0.0,0.2138510576644451,0.0,0.0,3451.0,2713.0,0.7861489423355549,0.21385105766444512,86816.0,32.0,0.0,2713.0,0.0,0.0,738.0,0.0,0.0,0.0,trimmed,0.9278814086393846,0.7996706240479363,0.7,0.4047842585682542,-0.21879188304909244,,0.0,0.7964836768628718,0.26029651122322867,cons__trimmed,cons__trimmed,hetero,1.0,8,0,1.0
consensus,trimmed,20,60,ring_plus,-0.024947954532891288,0.024947954532891288,0.06207165452969099,3920,0.0,0.2030612244897959,0.0,0.0,3920.0,3124.0,0.7969387755102041,0.2030612244897959,99968.0,32.0,0.0,3124.0,0.0,0.0,796.0,0.0,0.0,0.0,trimmed,0.9328751940498485,0.7651454306662921,0.7166666666666667,0.028382868178257872,-0.24548465292420532,18.0,1.0,0.9413291035084279,0.5023517202588921,cons__trimmed,cons__trimmed,hetero,1.0,9,0,1.0
consensus,oracle,20,60,ring_plus,-1.0951703072135248e-16,1.0951703072135248e-16,0.005041170974821396,1200,0.0,0.0,0.0,0.0,1200.0,0.0,0.0,1.0,0.0,0.0,0.0,0.0,0.0,0.0,0.0,0.0,0.0,0.0,oracle,0.512000665367997,0.9979401144177465,1.0,2.8149850472013396e-14,-0.18178672116482444,9.0,1.0,1.399646125476325,0.0,cons__oracle,cons__oracle,hetero,0.0,0,0,0.0
consensus,oracle,20,60,ring_plus,-3.3723309538975526e-16,3.3723309538975526e-16,4.350963616262366e-05,1200,0.0,0.0,0.0,0.0,1200.0,0.0,0.0,1.0,0.0,0.0,0.0,0.0,0.0,0.0,0.0,0.0,0.0,0.0,oracle,0.5244587340877775,0.9972783373093862,1.0,5.4721547726936856e-14,-0.2847032157041932,7.0,1.0,1.320493917398932,0.0,cons__oracle,cons__oracle,hetero,0.0,1,0,0.0
consensus,oracle,20,60,ring_plus,-5.400297767646145e-16,5.400297767646145e-16,0.0011546722075796152,1200,0.0,0.0,0.0,0.0,1200.0,0.0,0.0,1.0,0.0,0.0,0.0,0.0,0.0,0.0,0.0,0.0,0.0,0.0,oracle,0.5395466050393823,0.9983925430271902,1.0,2.440487504071786e-13,-0.3046854194826796,8.0,1.0,1.55469612182113,0.0,cons__oracle,cons__oracle,hetero,0.0,2,0,0.0
consensus,oracle,20,60,ring_plus,-9.348838958843064e-16,9.348838958843064e-16,5.638827269682522e-05,1200,0.0,0.0,0.0,0.0,1200.0,0.0,0.0,1.0,0.0,0.0,0.0,0.0,0.0,0.0,0.0,0.0,0.0,0.0,oracle,0.5330670388866755,0.9980710097224019,1.0,2.6511810324978406e-13,-0.4374433146809003,8.0,1.0,1.2627284000071304,0.0,cons__oracle,cons__oracle,hetero,0.0,3,0,0.0
consensus,oracle,20,60,ring_plus,-1.2595581620973998e-16,1.2595581620973998e-16,0.004929713756444893,1200,0.0,0.0,0.0,0.0,1200.0,0.0,0.0,1.0,0.0,0.0,0.0,0.0,0.0,0.0,0.0,0.0,0.0,0.0,oracle,0.5257748107910584,0.9992315981618246,1.0,3.630709335698451e-14,-0.2570986073094924,8.0,1.0,1.3711704029417888,0.0,cons__oracle,cons__oracle,hetero,0.0,4,0,0.0
consensus,oracle,20,60,ring_plus,-4.496397173752829e-16,4.496397173752829e-16,0.003108006498058281,1200,0.0,0.0,0.0,0.0,1200.0,0.0,0.0,1.0,0.0,0.0,0.0,0.0,0.0,0.0,0.0,0.0,0.0,0.0,oracle,0.5317962631483,0.9974901302302013,1.0,3.9507763529414197e-13,-0.2545969142445128,8.0,1.0,1.6160985120576443,0.0,cons__oracle,cons__oracle,hetero,0.0,5,0,0.0
consensus,oracle,20,60,ring_plus,-2.1140871454928177e-15,2.1140871454928177e-15,0.00047242492488509623,1200,0.0,0.0,0.0,0.0,1200.0,0.0,0.0,1.0,0.0,0.0,0.0,0.0,0.0,0.0,0.0,0.0,0.0,0.0,oracle,0.5550617090736152,0.99548967538391,1.0,6.806132239186579e-13,-0.3500855624743282,7.0,1.0,0.9450014459069909,0.0,cons__oracle,cons__oracle,hetero,0.0,6,0,0.0
consensus,oracle,20,60,ring_plus,-1.0250800094801216e-15,1.0250800094801216e-15,0.0005756026555381141,1200,0.0,0.0,0.0,0.0,1200.0,0.0,0.0,1.0,0.0,0.0,0.0,0.0,0.0,0.0,0.0,0.0,0.0,0.0,oracle,0.5420316806126111,0.9986341629889393,1.0,1.6690280041443647e-13,-0.3212184241888395,7.0,1.0,2.218617553571293,0.0,cons__oracle,cons__oracle,hetero,0.0,7,0,0.0
consensus,oracle,20,60,ring_plus,-2.502769985596207e-16,2.502769985596207e-16,0.0006241195680377899,1200,0.0,0.0,0.0,0.0,1200.0,0.0,0.0,1.0,0.0,0.0,0.0,0.0,0.0,0.0,0.0,0.0,0.0,0.0,oracle,0.5229977549007627,0.9991817715021974,1.0,6.416885379834933e-14,-0.22536069786096127,9.0,1.0,0.7964836768628718,0.0,cons__oracle,cons__oracle,hetero,0.0,8,0,0.0
consensus,oracle,20,60,ring_plus,-8.210128718111078e-17,8.210128718111078e-17,0.0020355831762777056,1200,0.0,0.0,0.0,0.0,1200.0,0.0,0.0,1.0,0.0,0.0,0.0,0.0,0.0,0.0,0.0,0.0,0.0,0.0,oracle,0.521541687529844,0.9992485156893536,1.0,3.950861012561823e-14,-0.24590045216642017,8.0,1.0,0.9413291035084279,0.0,cons__oracle,cons__oracle,hetero,0.0,9,0,0.0
consensus,oracle,20,60,ring_plus,-6.392412776535028e-16,6.392412776535028e-16,0.0019169314017979506,1200,0.0,0.0,0.0,0.0,1200.0,0.0,0.0,1.0,0.0,0.0,0.0,0.0,0.0,0.0,0.0,0.0,0.0,0.0,oracle,0.5241670952427511,0.9990363463101365,1.0,6.662884661329151e-14,-0.18178672116482442,9.0,1.0,1.399646125476325,0.0,cons__oracle,cons__oracle,hetero,0.25,0,0,0.25
consensus,oracle,20,60,ring_plus,-2.4808231989553822e-14,2.4808231989553822e-14,9.031508673861913e-05,1200,0.0,0.0,0.0,0.0,1200.0,0.0,0.0,1.0,0.0,0.0,0.0,0.0,0.0,0.0,0.0,0.0,0.0,0.0,oracle,0.5585303168186558,0.9956379417863962,1.0,1.2927368667199312e-12,-0.28470321570419277,7.0,1.0,1.320493917398932,0.0,cons__oracle,cons__oracle,hetero,0.25,1,0,0.25
consensus,oracle,20,60,ring_plus,-1.5811649148888876e-14,1.5811649148888876e-14,0.00039975848774986345,1200,0.0,0.0,0.0,0.0,1200.0,0.0,0.0,1.0,0.0,0.0,0.0,0.0,0.0,0.0,0.0,0.0,0.0,0.0,oracle,0.5537798996926802,0.9986976135997431,1.0,1.246509241963386e-12,-0.3046854194826793,8.0,1.0,1.55469612182113,0.0,cons__oracle,cons__oracle,hetero,0.25,2,0,0.25
consensus,oracle,20,60,ring_plus,-2.465535946068511e-14,2.465535946068511e-14,0.0003196390102954799,1200,0.0,0.0,0.0,0.0,1200.0,0.0,0.0,1.0,0.0,0.0,0.0,0.0,0.0,0.0,0.0,0.0,0.0,0.0,oracle,0.5668247458420625,0.998568229506396,1.0,3.092168701987273e-12,-0.43744331468090003,8.0,1.0,1.2627284000071304,0.0,cons__oracle,cons__oracle,hetero,0.25,3,0,0.25
consensus,oracle,20,60,ring_plus,-1.5195811993260314e-14,1.5195811993260314e-14,0.003913773439089276,1200,0.0,0.0,0.0,0.0,1200.0,0.0,0.0,1.0,0.0,0.0,0.0,0.0,0.0,0.0,0.0,0.0,0.0,0.0,oracle,0.5632519613322232,0.9987634964457174,1.0,1.257177239982636e-12,-0.25709860730949224,8.0,1.0,1.3711704029417888,0.0,cons__oracle,cons__oracle,hetero,0.25,4,0,0.25
consensus,oracle,20,60,ring_plus,-1.7238317486521667e-13,1.7238317486521667e-13,0.005415723840413512,1200,0.0,0.0,0.0,0.0,1200.0,0.0,0.0,1.0,0.0,0.0,0.0,0.0,0.0,0.0,0.0,0.0,0.0,0.0,oracle,0.5956088038912379,0.9952908162803784,1.0,4.262001514232175e-11,-0.25459691424451,9.0,1.0,1.6160985120576443,0.0,cons__oracle,cons__oracle,hetero,0.25,5,0,0.25
consensus,oracle,20,60,ring_plus,-2.293120207250939e-14,2.293120207250939e-14,0.0020667229098643766,1200,0.0,0.0,0.0,0.0,1200.0,0.0,0.0,1.0,0.0,0.0,0.0,0.0,0.0,0.0,0.0,0.0,0.0,0.0,oracle,0.5767988201382589,0.9959108935926846,1.0,3.868212978280354e-12,-0.3500855624743278,7.0,1.0,0.9450014459069909,0.0,cons__oracle,cons__oracle,hetero,0.25,6,0,0.25
consensus,oracle,20,60,ring_plus,-2.778025350210686e-15,2.778025350210686e-15,0.00039134904633652276,1200,0.0,0.0,0.0,0.0,1200.0,0.0,0.0,1.0,0.0,0.0,0.0,0.0,0.0,0.0,0.0,0.0,0.0,0.0,oracle,0.5521185884420318,0.9987227075198809,1.0,5.681494319089369e-13,-0.32121842418883956,7.0,1.0,2.218617553571293,0.0,cons__oracle,cons__oracle,hetero,0.25,7,0,0.25
consensus,oracle,20,60,ring_plus,-2.004156550849354e-14,2.004156550849354e-14,0.0011385574003460045,1200,0.0,0.0,0.0,0.0,1200.0,0.0,0.0,1.0,0.0,0.0,0.0,0.0,0.0,0.0,0.0,0.0,0.0,0.0,oracle,0.563081266449449,0.9992512488225651,1.0,2.1220553167262936e-12,-0.2253606978609609,9.0,1.0,0.7964836768628718,0.0,cons__oracle,cons__oracle,hetero,0.25,8,0,0.25
consensus,oracle,20,60,ring_plus,-4.705703457450537e-15,4.705703457450537e-15,0.0008432512343598845,1200,0.0,0.0,0.0,0.0,1200.0,0.0,0.0,1.0,0.0,0.0,0.0,0.0,0.0,0.0,0.0,0.0,0.0,0.0,oracle,0.5617423089278581,0.9985519926960095,1.0,1.0912968542255542e-12,-0.24590045216642006,8.0,1.0,0.9413291035084279,0.0,cons__oracle,cons__oracle,hetero,0.25,9,0,0.25
consensus,oracle,20,60,ring_plus,-1.301160316857696e-13,1.301160316857696e-13,0.0002948741861825387,1200,0.0,0.0,0.0,0.0,1200.0,0.0,0.0,1.0,0.0,0.0,0.0,0.0,0.0,0.0,0.0,0.0,0.0,0.0,oracle,0.5855130606200587,0.9973695981159594,1.0,4.946932299934154e-12,-0.18178672116482225,8.0,1.0,1.399646125476325,0.0,cons__oracle,cons__oracle,hetero,0.5,0,0,0.5
consensus,oracle,20,60,ring_plus,-1.9479215434475967e-12,1.9479215434475967e-12,0.0001299667837877276,1200,0.0,0.0,0.0,0.0,1200.0,0.0,0.0,1.0,0.0,0.0,0.0,0.0,0.0,0.0,0.0,0.0,0.0,0.0,oracle,0.6120397661029748,0.9953140536208956,1.0,5.3368650866608857e-11,-0.2847032157041608,8.0,1.0,1.320493917398932,0.0,cons__oracle,cons__oracle,hetero,0.5,1,0,0.5
consensus,oracle,20,60,ring_plus,-7.845777401260995e-13,7.845777401260995e-13,3.9703481116731e-05,1200,0.0,0.0,0.0,0.0,1200.0,0.0,0.0,1.0,0.0,0.0,0.0,0.0,0.0,0.0,0.0,0.0,0.0,0.0,oracle,0.5996406844895226,0.9992424692823135,1.0,3.896943188917651e-11,-0.30468541948266653,8.0,1.0,1.55469612182113,0.0,cons__oracle,cons__oracle,hetero,0.5,2,0,0.5
consensus,oracle,20,60,ring_plus,-1.1114043679184482e-12,1.1114043679184482e-12,0.001907075356107004,1200,0.0,0.0,0.0,0.0,1200.0,0.0,0.0,1.0,0.0,0.0,0.0,0.0,0.0,0.0,0.0,0.0,0.0,0.0,oracle,0.6013605489815459,0.9988121558671138,1.0,4.503585778969513e-11,-0.43744331468088166,9.0,1.0,1.2627284000071304,0.0,cons__oracle,cons__oracle,hetero,0.5,3,0,0.5
consensus,oracle,20,60,ring_plus,-1.862126580508824e-12,1.862126580508824e-12,0.003001570708694057,1200,0.0,0.0,0.0,0.0,1200.0,0.0,0.0,1.0,0.0,0.0,0.0,0.0,0.0,0.0,0.0,0.0,0.0,0.0,oracle,0.6149457564815327,0.9976231793083055,1.0,5.4407614087106405e-11,-0.25709860730946144,8.0,1.0,1.3711704029417888,0.0,cons__oracle,cons__oracle,hetero,0.5,4,0,0.5
consensus,oracle,20,60,ring_plus,-2.2127692909832865e-11,2.2127692909832865e-11,0.008414676390672244,1200,0.0,0.0,0.0,0.0,1200.0,0.0,0.0,1.0,0.0,0.0,0.0,0.0,0.0,0.0,0.0,0.0,0.0,0.0,oracle,0.6459858727180299,0.9959003984390257,1.0,1.9605090692219366e-09,-0.25459691424414405,10.0,1.0,1.6160985120576443,0.0,cons__oracle,cons__oracle,hetero,0.5,5,0,0.5
consensus,oracle,20,60,ring_plus,-1.895552527319807e-12,1.895552527319807e-12,0.01267696724516133,1200,0.0,0.0,0.0,0.0,1200.0,0.0,0.0,1.0,0.0,0.0,0.0,0.0,0.0,0.0,0.0,0.0,0.0,0.0,oracle,0.6172792552211389,0.9968304158605626,1.0,8.22387654635597e-11,-0.3500855624742967,7.0,1.0,0.9450014459069909,0.0,cons__oracle,cons__oracle,hetero,0.5,6,0,0.5
consensus,oracle,20,60,ring_plus,-2.3233811571536354e-13,2.3233811571536354e-13,0.00028603271238325306,1200,0.0,0.0,0.0,0.0,1200.0,0.0,0.0,1.0,0.0,0.0,0.0,0.0,0.0,0.0,0.0,0.0,0.0,0.0,oracle,0.598571931088925,0.9975501415934057,1.0,1.9849677345553088e-11,-0.3212184241888357,7.0,1.0,2.218617553571293,0.0,cons__oracle,cons__oracle,hetero,0.5,7,0,0.5
consensus,oracle,20,60,ring_plus,-2.2696814023644038e-12,2.2696814023644038e-12,0.00201373312791275,1200,0.0,0.0,0.0,0.0,1200.0,0.0,0.0,1.0,0.0,0.0,0.0,0.0,0.0,0.0,0.0,0.0,0.0,0.0,oracle,0.61137599589851,0.9991962403487251,1.0,1.0108519826448163e-10,-0.22536069786092341,10.0,1.0,0.7964836768628718,0.0,cons__oracle,cons__oracle,hetero,0.5,8,0,0.5
consensus,oracle,20,60,ring_plus,-3.9322336635963407e-13,3.9322336635963407e-13,0.0001352611852404563,1200,0.0,0.0,0.0,0.0,1200.0,0.0,0.0,1.0,0.0,0.0,0.0,0.0,0.0,0.0,0.0,0.0,0.0,0.0,oracle,0.6098027807660205,0.9976428621005087,1.0,3.505774629929202e-11,-0.2459004521664136,8.0,1.0,0.9413291035084279,0.0,cons__oracle,cons__oracle,hetero,0.5,9,0,0.5
consensus,oracle,20,60,ring_plus,-1.0864231678527185e-11,1.0864231678527185e-11,6.926267685457643e-05,1200,0.0,0.0,0.0,0.0,1200.0,0.0,0.0,1.0,0.0,0.0,0.0,0.0,0.0,0.0,0.0,0.0,0.0,0.0,oracle,0.6404826711282684,0.9956072805790848,1.0,2.0017816706156243e-10,-0.18178672116464334,7.0,1.0,1.399646125476325,0.0,cons__oracle,cons__oracle,hetero,0.75,0,0,0.75
consensus,oracle,20,60,ring_plus,-1.0209628504813348e-10,1.0209628504813348e-10,0.00015212195988465905,1200,0.0,0.0,0.0,0.0,1200.0,0.0,0.0,1.0,0.0,0.0,0.0,0.0,0.0,0.0,0.0,0.0,0.0,0.0,oracle,0.6550262055869909,0.9956926588272491,1.0,1.544171531258658e-09,-0.2847032157024918,9.0,1.0,1.320493917398932,0.0,cons__oracle,cons__oracle,hetero,0.75,1,0,0.75
consensus,oracle,20,60,ring_plus,-3.4079455533787264e-11,3.4079455533787264e-11,4.5830557922746577e-05,1200,0.0,0.0,0.0,0.0,1200.0,0.0,0.0,1.0,0.0,0.0,0.0,0.0,0.0,0.0,0.0,0.0,0.0,0.0,oracle,0.6424898095165706,0.9992794953101818,1.0,1.0372177295424333e-09,-0.30468541948211153,9.0,1.0,1.55469612182113,0.0,cons__oracle,cons__oracle,hetero,0.75,2,0,0.75
consensus,oracle,20,60,ring_plus,-5.0389082389081565e-11,5.0389082389081565e-11,0.004833493472603205,1200,0.0,0.0,0.0,0.0,1200.0,0.0,0.0,1.0,0.0,0.0,0.0,0.0,0.0,0.0,0.0,0.0,0.0,0.0,oracle,0.6404963636018082,0.9985198382557232,1.0,8.797270762296682e-10,-0.4374433146800606,9.0,1.0,1.2627284000071304,0.0,cons__oracle,cons__oracle,hetero,0.75,3,0,0.75
consensus,oracle,20,60,ring_plus,-1.0120122597947503e-10,1.0120122597947503e-10,0.0022045563899754446,1200,0.0,0.0,0.0,0.0,1200.0,0.0,0.0,1.0,0.0,0.0,0.0,0.0,0.0,0.0,0.0,0.0,0.0,0.0,oracle,0.6601356236733257,0.995876579131428,1.0,1.4843835043171076e-09,-0.2570986073078057,9.0,1.0,1.3711704029417888,0.0,cons__oracle,cons__oracle,hetero,0.75,4,0,0.75
consensus,oracle,20,60,ring_plus,-1.194469900653772e-09,1.194469900653772e-09,0.012050372699019974,1200,0.0,0.0,0.0,0.0,1200.0,0.0,0.0,1.0,0.0,0.0,0.0,0.0,0.0,0.0,0.0,0.0,0.0,0.0,oracle,0.6906182813180565,0.9960820625402517,1.0,4.617601835466104e-08,-0.254596914224605,11.0,1.0,1.6160985120576443,0.0,cons__oracle,cons__oracle,hetero,0.75,5,0,0.75
consensus,oracle,20,60,ring_plus,-1.4531433506784788e-10,1.4531433506784788e-10,0.03178070411623774,1200,0.0,0.0,0.0,0.0,1200.0,0.0,0.0,1.0,0.0,0.0,0.0,0.0,0.0,0.0,0.0,0.0,0.0,0.0,oracle,0.6648367579513096,0.9952446687385813,1.0,2.7021875829077195e-09,-0.35008556247190636,8.0,1.0,0.9450014459069909,0.0,cons__oracle,cons__oracle,hetero,0.75,6,0,0.75
consensus,oracle,20,60,ring_plus,-1.1533566278355948e-11,1.1533566278355948e-11,0.00023770580444631897,1200,0.0,0.0,0.0,0.0,1200.0,0.0,0.0,1.0,0.0,0.0,0.0,0.0,0.0,0.0,0.0,0.0,0.0,0.0,oracle,0.6408514445465417,0.9966284949905004,1.0,4.545635755476093e-10,-0.3212184241886474,8.0,1.0,2.218617553571293,0.0,cons__oracle,cons__oracle,hetero,0.75,7,0,0.75
consensus,oracle,20,60,ring_plus,-1.520692520492646e-10,1.520692520492646e-10,0.0033835078801774084,1200,0.0,0.0,0.0,0.0,1200.0,0.0,0.0,1.0,0.0,0.0,0.0,0.0,0.0,0.0,0.0,0.0,0.0,0.0,oracle,0.6577831340414382,0.9988091782557686,1.0,3.2621191066949534e-09,-0.22536069785842677,11.0,1.0,0.7964836768628718,0.0,cons__oracle,cons__oracle,hetero,0.75,8,0,0.75
consensus,oracle,20,60,ring_plus,-1.7173030914650156e-11,1.7173030914650156e-11,4.576971246120258e-05,1200,0.0,0.0,0.0,0.0,1200.0,0.0,0.0,1.0,0.0,0.0,0.0,0.0,0.0,0.0,0.0,0.0,0.0,0.0,oracle,0.6503794680914703,0.9967199518316273,1.0,7.207771259886458e-10,-0.24590045216613385,8.0,1.0,0.9413291035084279,0.0,cons__oracle,cons__oracle,hetero,0.75,9,0,0.75
consensus,oracle,20,60,ring_plus,-4.4382059616500416e-10,4.4382059616500416e-10,0.0010427024210404139,1200,0.0,0.0,0.0,0.0,1200.0,0.0,0.0,1.0,0.0,0.0,0.0,0.0,0.0,0.0,0.0,0.0,0.0,0.0,oracle,0.685250345882293,0.9940454704538666,1.0,4.664743365231133e-09,-0.18178672115742742,7.0,1.0,1.399646125476325,0.0,cons__oracle,cons__oracle,hetero,1.0,0,0,1.0
consensus,oracle,20,60,ring_plus,-3.1179814660834927e-09,3.1179814660834927e-09,0.000154544184639597,1200,0.0,0.0,0.0,0.0,1200.0,0.0,0.0,1.0,0.0,0.0,0.0,0.0,0.0,0.0,0.0,0.0,0.0,0.0,oracle,0.6943296129517016,0.9956643044872113,1.0,2.8692263235706453e-08,-0.284703215652227,10.0,1.0,1.320493917398932,0.0,cons__oracle,cons__oracle,hetero,1.0,1,0,1.0
consensus,oracle,20,60,ring_plus,-1.074526779451965e-09,1.074526779451965e-09,0.0003593587695765941,1200,0.0,0.0,0.0,0.0,1200.0,0.0,0.0,1.0,0.0,0.0,0.0,0.0,0.0,0.0,0.0,0.0,0.0,0.0,oracle,0.6831007475597477,0.999083317907972,1.0,1.9663341968996472e-08,-0.30468541946477073,10.0,1.0,1.55469612182113,0.0,cons__oracle,cons__oracle,hetero,1.0,2,0,1.0
consensus,oracle,20,60,ring_plus,-1.4343314013827666e-09,1.4343314013827666e-09,0.009012813753751538,1200,0.0,0.0,0.0,0.0,1200.0,0.0,0.0,1.0,0.0,0.0,0.0,0.0,0.0,0.0,0.0,0.0,0.0,0.0,oracle,0.6787418878735372,0.9983810051626816,1.0,1.4612702974882609e-08,-0.43744331465699476,10.0,1.0,1.2627284000071304,0.0,cons__oracle,cons__oracle,hetero,1.0,3,0,1.0
consensus,oracle,20,60,ring_plus,-2.8306508228129988e-09,2.8306508228129988e-09,0.0015291588764684311,1200,0.0,0.0,0.0,0.0,1200.0,0.0,0.0,1.0,0.0,0.0,0.0,0.0,0.0,0.0,0.0,0.0,0.0,0.0,oracle,0.6998301089516187,0.9940172597484234,1.0,2.5300442540665088e-08,-0.2570986072623149,9.0,1.0,1.3711704029417888,0.0,cons__oracle,cons__oracle,hetero,1.0,4,0,1.0
consensus,oracle,20,60,ring_plus,-3.267277204926259e-08,3.267277204926259e-08,0.016173186226296404,1200,0.0,0.0,0.0,0.0,1200.0,0.0,0.0,1.0,0.0,0.0,0.0,0.0,0.0,0.0,0.0,0.0,0.0,0.0,oracle,0.7296608460790829,0.9962164534147373,1.0,6.473215391742551e-07,-0.2545969136999667,12.0,1.0,1.6160985120576443,0.0,cons__oracle,cons__oracle,hetero,1.0,5,0,1.0
consensus,oracle,20,60,ring_plus,-5.759644909705008e-09,5.759644909705008e-09,0.05821894669227059,1200,0.0,0.0,0.0,0.0,1200.0,0.0,0.0,1.0,0.0,0.0,0.0,0.0,0.0,0.0,0.0,0.0,0.0,0.0,oracle,0.7086222948635692,0.9931708389536983,1.0,5.9018092628740145e-08,-0.3500855623783341,8.0,1.0,0.9450014459069909,0.0,cons__oracle,cons__oracle,hetero,1.0,6,0,1.0
consensus,oracle,20,60,ring_plus,-3.297047581841201e-10,3.297047581841201e-10,0.00023482540101206123,1200,0.0,0.0,0.0,0.0,1200.0,0.0,0.0,1.0,0.0,0.0,0.0,0.0,0.0,0.0,0.0,0.0,0.0,0.0,oracle,0.6785438940805186,0.9956180644879163,1.0,6.888904246706243e-09,-0.3212184241833445,8.0,1.0,2.218617553571293,0.0,cons__oracle,cons__oracle,hetero,1.0,7,0,1.0
consensus,oracle,20,60,ring_plus,-5.306421237821267e-09,5.306421237821267e-09,0.005385571780617061,1200,0.0,0.0,0.0,0.0,1200.0,0.0,0.0,1.0,0.0,0.0,0.0,0.0,0.0,0.0,0.0,0.0,0.0,0.0,oracle,0.6998731343226018,0.9984264040326767,1.0,6.400002285112429e-08,-0.22536069777252093,12.0,1.0,0.7964836768628718,0.0,cons__oracle,cons__oracle,hetero,1.0,8,0,1.0
consensus,oracle,20,60,ring_plus,-4.2995517769682344e-10,4.2995517769682344e-10,0.0006650649560786567,1200,0.0,0.0,0.0,0.0,1200.0,0.0,0.0,1.0,0.0,0.0,0.0,0.0,0.0,0.0,0.0,0.0,0.0,0.0,oracle,0.6869725879407436,0.9957442564624785,1.0,9.972592631816136e-09,-0.2459004521592542,8.0,1.0,0.9413291035084279,0.0,cons__oracle,cons__oracle,hetero,1.0,9,0,1.0
consensus,gnn,20,60,ring_plus,-3.3488820313501164e-06,3.3488820313501164e-06,0.0005993333376627414,5040,0.0,0.2013888888888889,0.0,0.0,5040.0,4025.0,0.7986111111111112,0.20138888888888884,128800.0,32.0,0.0,4025.0,0.0,0.0,1015.0,0.0,0.0,0.0,gnn,0.7843334789020447,0.9893401581748105,1.0,1.3338275367471221e-05,-0.18178666535012386,14.0,1.0,1.399646125476325,1.1549406492740415,cons__gnn,cons__gnn,hetero,0.0,0,0,0.0
consensus,gnn,20,60,ring_plus,-3.6771135805872594e-05,3.6771135805872594e-05,0.0002644692490520332,5400,0.0,0.20629629629629628,0.0,0.0,5400.0,4286.0,0.7937037037037037,0.2062962962962963,137152.0,32.0,0.0,4286.0,0.0,0.0,1114.0,0.0,0.0,0.0,gnn,0.8022195185066816,0.9964403169652117,1.0,0.0001368122988370912,-0.2847026028519298,19.0,1.0,1.320493917398932,1.09635281455798,cons__gnn,cons__gnn,hetero,0.0,1,0,0.0
consensus,gnn,20,60,ring_plus,-3.854124549057646e-07,3.854124549057646e-07,0.0002578694934557494,6120,0.0,0.20915032679738563,0.0,0.0,6120.0,4840.0,0.7908496732026143,0.20915032679738566,154880.0,32.0,0.0,4840.0,0.0,0.0,1280.0,0.0,0.0,0.0,gnn,0.7352278604816346,0.9979099375312572,1.0,2.8938147275393392e-06,-0.30468541305913865,17.0,1.0,1.55469612182113,1.3985108286561831,cons__gnn,cons__gnn,hetero,0.0,2,0,0.0
consensus,gnn,20,60,ring_plus,-4.0360989923739186e-05,4.0360989923739186e-05,0.005081920940818033,5040,0.0,0.19543650793650794,0.0,0.0,5040.0,4055.0,0.8045634920634921,0.1954365079365079,129760.0,32.0,0.0,4055.0,0.0,0.0,985.0,0.0,0.0,0.0,gnn,0.7899682190337658,0.9926480372538024,1.0,0.00021826862777913825,-0.43744264199773497,25.0,1.0,1.2627284000071304,1.1468258325458742,cons__gnn,cons__gnn,hetero,0.0,3,0,0.0
consensus,gnn,20,60,ring_plus,-1.2249942594660344e-05,1.2249942594660344e-05,0.0020677491606613985,5640,0.0,0.20620567375886525,0.0,0.0,5640.0,4477.0,0.7937943262411348,0.20620567375886523,143264.0,32.0,0.0,4477.0,0.0,0.0,1163.0,0.0,0.0,0.0,gnn,0.7978580076360526,0.9949212445433547,1.0,4.918592853154615e-05,-0.2570984031437826,16.0,1.0,1.3711704029417888,1.1969163617030751,cons__gnn,cons__gnn,hetero,0.0,4,0,0.0
consensus,gnn,20,60,ring_plus,-1.3497628644106804e-05,1.3497628644106804e-05,0.008017877819170195,6360,0.0,0.19842767295597485,0.0,0.0,6360.0,5098.0,0.8015723270440251,0.19842767295597485,163136.0,32.0,0.0,5098.0,0.0,0.0,1262.0,0.0,0.0,0.0,gnn,0.7885288489288294,0.99818404700749,1.0,6.561527430378163e-05,-0.2545966892840354,20.0,1.0,1.6160985120576443,1.4719939481284958,cons__gnn,cons__gnn,hetero,0.0,5,0,0.0
consensus,gnn,20,60,ring_plus,-1.9763951395007715e-05,1.9763951395007715e-05,0.012168845853220856,4680,0.0,0.18995726495726495,0.0,0.0,4680.0,3791.0,0.810042735042735,0.18995726495726495,121312.0,32.0,0.0,3791.0,0.0,0.0,889.0,0.0,0.0,0.0,gnn,0.7823930631703861,0.9862109564858341,1.0,5.99726500540027e-05,-0.3500852330751382,18.0,1.0,0.9450014459069909,0.8154707469852038,cons__gnn,cons__gnn,hetero,0.0,6,0,0.0
consensus,gnn,20,60,ring_plus,-3.7442266153213067e-07,3.7442266153213067e-07,0.01788855232504518,6480,0.0,0.19506172839506172,0.0,0.0,6480.0,5216.0,0.8049382716049382,0.19506172839506175,166912.0,32.0,0.0,5216.0,0.0,0.0,1264.0,0.0,0.0,0.0,gnn,0.7425983357325111,0.9939740173409414,1.0,2.1104960072876464e-06,-0.32121841794846184,13.0,1.0,2.218617553571293,1.958238769422482,cons__gnn,cons__gnn,hetero,0.0,7,0,0.0
consensus,gnn,20,60,ring_plus,-0.0006725004931741914,0.0006725004931741914,0.0003667788296522035,4200,0.0,0.2130952380952381,0.0,0.0,4200.0,3305.0,0.7869047619047619,0.21309523809523812,105760.0,32.0,0.0,3305.0,0.0,0.0,895.0,0.0,0.0,0.0,gnn,0.8656531666319593,0.9832013276138918,1.0,0.0016427550552526803,-0.22534948951940842,20.0,1.0,0.7964836768628718,0.6382172706834385,cons__gnn,cons__gnn,hetero,0.0,8,0,0.0
consensus,gnn,20,60,ring_plus,-9.911696927547645e-05,9.911696927547645e-05,0.004253327426605081,5280,0.0,0.20397727272727273,0.0,0.0,5280.0,4203.0,0.7960227272727273,0.20397727272727273,134496.0,32.0,0.0,4203.0,0.0,0.0,1077.0,0.0,0.0,0.0,gnn,0.8296293865935268,0.9659236708470604,1.0,0.00023777445806225493,-0.24589880021693222,14.0,1.0,0.9413291035084279,0.8559194207578366,cons__gnn,cons__gnn,hetero,0.0,9,0,0.0
consensus,gnn,20,60,ring_plus,-0.00495480011017274,0.00495480011017274,0.01907755443176073,5020,0.0,0.200796812749004,0.0,0.0,5020.0,4012.0,0.799203187250996,0.20079681274900396,128384.0,32.0,0.0,4012.0,0.0,0.0,1008.0,0.0,0.0,0.0,gnn,0.899978461187291,0.7581276859205698,0.8333333333333334,0.006354410270417864,-0.18170414116298825,14.0,1.0,1.399646125476325,1.1813634087166536,cons__gnn,cons__gnn,hetero,0.25,0,0,0.25
consensus,gnn,20,60,ring_plus,-0.0011839488005908221,0.0011839488005908221,0.0020843384653908086,5400,0.0,0.20629629629629628,0.0,0.0,5400.0,4286.0,0.7937037037037037,0.2062962962962963,137152.0,32.0,0.0,4286.0,0.0,0.0,1114.0,0.0,0.0,0.0,gnn,0.8407015262817115,0.9306048223422256,0.8333333333333334,0.0016470661702895353,-0.2846834832241835,20.0,1.0,1.320493917398932,1.09635281455798,cons__gnn,cons__gnn,hetero,0.25,1,0,0.25
consensus,gnn,20,60,ring_plus,-4.3257168713832704e-07,4.3257168713832704e-07,5.074719152996136e-07,6120,0.0,0.20915032679738563,0.0,0.0,6120.0,4840.0,0.7908496732026143,0.20915032679738566,154880.0,32.0,0.0,4840.0,0.0,0.0,1280.0,0.0,0.0,0.0,gnn,0.7371696104611516,0.9974276485932491,1.0,3.072804919204203e-06,-0.3046854122731515,17.0,1.0,1.55469612182113,1.3985108286561831,cons__gnn,cons__gnn,hetero,0.25,2,0,0.25
consensus,gnn,20,60,ring_plus,-1.3953275946281282e-05,1.3953275946281282e-05,0.0018344411053915302,4972,0.0,0.19690265486725664,0.0,0.0,4972.0,3993.0,0.8030973451327433,0.19690265486725667,127776.0,32.0,0.0,3993.0,0.0,0.0,979.0,0.0,0.0,0.0,gnn,0.7779446786322131,0.9976218936116845,1.0,7.212572796639711e-05,-0.43744308212630123,21.0,1.0,1.2627284000071304,1.118010038628084,cons__gnn,cons__gnn,hetero,0.25,3,0,0.25
consensus,gnn,20,60,ring_plus,-0.0007521784614597932,0.0007521784614597932,0.002045063223080418,5633,0.0,0.20610687022900764,0.0,0.0,5633.0,4472.0,0.7938931297709924,0.20610687022900764,143104.0,32.0,0.0,4472.0,0.0,0.0,1161.0,0.0,0.0,0.0,gnn,0.8472117789071946,0.8991999814367813,0.8833333333333333,0.0009155242625929753,-0.2570860710018014,16.0,1.0,1.3711704029417888,1.2152582407391423,cons__gnn,cons__gnn,hetero,0.25,4,0,0.25
consensus,gnn,20,60,ring_plus,-0.0005221372104512158,0.0005221372104512158,0.001881372491930492,6237,0.0,0.19801186467853135,0.0,0.0,6237.0,5002.0,0.8019881353214686,0.19801186467853138,160064.0,32.0,0.0,5002.0,0.0,0.0,1235.0,0.0,0.0,0.0,gnn,0.8350021584239247,0.8955391726302415,0.8166666666666667,0.0009301736137660679,-0.25458821195767195,18.0,1.0,1.6160985120576443,1.3775865601994972,cons__gnn,cons__gnn,hetero,0.25,5,0,0.25
consensus,gnn,20,60,ring_plus,-0.008849512235970351,0.008849512235970351,0.2283746562344262,4621,0.0,0.1902185674096516,0.0,0.0,4621.0,3742.0,0.8097814325903484,0.1902185674096516,119744.0,32.0,0.0,3742.0,0.0,0.0,879.0,0.0,0.0,0.0,gnn,0.873283314242737,0.9158275420210584,0.8833333333333333,0.010823630321295524,-0.3499380706037288,20.0,1.0,0.9450014459069909,0.7779581464965974,cons__gnn,cons__gnn,hetero,0.25,6,0,0.25
consensus,gnn,20,60,ring_plus,-0.00030008370217224876,0.00030008370217224876,0.009308723248118224,6330,0.0,0.19541864139020537,0.0,0.0,6330.0,5093.0,0.8045813586097946,0.19541864139020537,162976.0,32.0,0.0,5093.0,0.0,0.0,1237.0,0.0,0.0,0.0,gnn,0.7937277660474059,0.9125630477984039,0.8333333333333334,0.00035182965852769517,-0.3212134227938034,13.0,1.0,2.218617553571293,1.8653244587755649,cons__gnn,cons__gnn,hetero,0.25,7,0,0.25
consensus,gnn,20,60,ring_plus,-0.0010939407937220528,0.0010939407937220528,0.0014793954696702214,4200,0.0,0.2130952380952381,0.0,0.0,4200.0,3305.0,0.7869047619047619,0.21309523809523812,105760.0,32.0,0.0,3305.0,0.0,0.0,895.0,0.0,0.0,0.0,gnn,0.8697183112618807,0.9894091018139783,1.0,0.0023770450435660526,-0.22534246551439924,23.0,1.0,0.7964836768628718,0.6382172706834385,cons__gnn,cons__gnn,hetero,0.25,8,0,0.25
consensus,gnn,20,60,ring_plus,-0.035990069486500735,0.035990069486500735,0.023376120278930344,5280,0.0,0.20397727272727273,0.0,0.0,5280.0,4203.0,0.7960227272727273,0.20397727272727273,134496.0,32.0,0.0,4203.0,0.0,0.0,1077.0,0.0,0.0,0.0,gnn,0.9137252628477602,0.776281596201407,0.8166666666666667,0.035831100177097196,-0.2453006176749785,19.0,1.0,0.9413291035084279,0.8559194207578366,cons__gnn,cons__gnn,hetero,0.25,9,0,0.25
consensus,gnn,20,60,ring_plus,-0.005721503929960571,0.005721503929960571,0.0013666136723851387,4886,0.0,0.19975440032746622,0.0,0.0,4886.0,3910.0,0.8002455996725337,0.19975440032746627,125120.0,32.0,0.0,3910.0,0.0,0.0,976.0,0.0,0.0,0.0,gnn,0.8979006924284766,0.7743354010563345,0.7166666666666667,0.006357266019577746,-0.1816913627659918,14.0,1.0,1.399646125476325,1.1443437793944773,cons__gnn,cons__gnn,hetero,0.5,0,0,0.5
consensus,gnn,20,60,ring_plus,-0.0010775608206710964,0.0010775608206710964,0.0016373502185429273,5248,0.0,0.20579268292682926,0.0,0.0,5248.0,4168.0,0.7942073170731707,0.20579268292682928,133376.0,32.0,0.0,4168.0,0.0,0.0,1080.0,0.0,0.0,0.0,gnn,0.8157616474566197,0.993955250854031,0.9166666666666666,0.0011968318226064298,-0.28468525635718217,27.0,1.0,1.320493917398932,1.1316097621965093,cons__gnn,cons__gnn,hetero,0.5,1,0,0.5
consensus,gnn,20,60,ring_plus,-0.0008126062305052299,0.0008126062305052299,0.0006358754988878538,5928,0.0,0.20985155195681512,0.0,0.0,5928.0,4684.0,0.7901484480431848,0.20985155195681515,149888.0,32.0,0.0,4684.0,0.0,0.0,1244.0,0.0,0.0,0.0,gnn,0.7341264161842133,0.9862331791721725,0.7833333333333333,0.0006959423747250126,-0.30467187604550455,16.0,1.0,1.55469612182113,1.3457912083711585,cons__gnn,cons__gnn,hetero,0.5,2,0,0.5
consensus,gnn,20,60,ring_plus,-0.005612496383002187,0.005612496383002187,0.005126875808006258,4780,0.0,0.19707112970711296,0.0,0.0,4780.0,3838.0,0.8029288702928871,0.19707112970711294,122816.0,32.0,0.0,3838.0,0.0,0.0,942.0,0.0,0.0,0.0,gnn,0.8406892067515376,0.9682402081548747,0.8833333333333333,0.005012173345691632,-0.43734977307451695,22.0,1.0,1.2627284000071304,1.0457746857402244,cons__gnn,cons__gnn,hetero,0.5,3,0,0.5
consensus,gnn,20,60,ring_plus,-0.00974891892645562,0.00974891892645562,0.005652105827418387,5556,0.0,0.20518358531317496,0.0,0.0,5556.0,4416.0,0.7948164146868251,0.20518358531317493,141312.0,32.0,0.0,4416.0,0.0,0.0,1140.0,0.0,0.0,0.0,gnn,0.8707708038491004,0.8906527188102966,0.7666666666666667,0.009921167737827521,-0.25693612532738486,22.0,1.0,1.3711704029417888,1.1987261015073136,cons__gnn,cons__gnn,hetero,0.5,4,0,0.5
consensus,gnn,20,60,ring_plus,-0.002996133872349795,0.002996133872349795,0.006833966247483998,5874,0.0,0.19884235614572693,0.0,0.0,5874.0,4706.0,0.801157643854273,0.19884235614572698,150592.0,32.0,0.0,4706.0,0.0,0.0,1168.0,0.0,0.0,0.0,gnn,0.8102113276516552,0.9818240372838734,0.8333333333333334,0.0029007951573976447,-0.25454697867997367,22.0,1.0,1.6160985120576443,1.276325269639275,cons__gnn,cons__gnn,hetero,0.5,5,0,0.5
consensus,gnn,20,60,ring_plus,-0.007203468881683426,0.007203468881683426,0.16795639860220885,4358,0.0,0.19068379990821477,0.0,0.0,4358.0,3527.0,0.8093162000917852,0.19068379990821482,112864.0,32.0,0.0,3527.0,0.0,0.0,831.0,0.0,0.0,0.0,gnn,0.8634279141000913,0.7954825137850721,0.7,0.008550822950630676,-0.3499655046596335,12.0,1.0,0.9450014459069909,0.7594558586726937,cons__gnn,cons__gnn,hetero,0.5,6,0,0.5
consensus,gnn,20,60,ring_plus,-0.004143872880773975,0.004143872880773975,0.06062466206390508,6053,0.0,0.19444903353708903,0.0,0.0,6053.0,4876.0,0.8055509664629109,0.1944490335370891,156032.0,32.0,0.0,4876.0,0.0,0.0,1177.0,0.0,0.0,0.0,gnn,0.8670501611555476,0.769309236557487,0.75,0.003330545343830284,-0.32114935964082664,11.0,1.0,2.218617553571293,1.7384415746058577,cons__gnn,cons__gnn,hetero,0.5,7,0,0.5
consensus,gnn,20,60,ring_plus,-0.24304188917580472,0.24304188917580472,0.06811818350908468,4149,0.0,0.2118582791033984,0.0,0.0,4149.0,3270.0,0.7881417208966016,0.21185827910339838,104640.0,32.0,0.0,3270.0,0.0,0.0,879.0,0.0,0.0,0.0,gnn,0.9445434475204104,0.763223238913834,0.7166666666666667,0.23423257029678693,-0.22130999970803117,,0.0,0.7964836768628718,0.6355678607104387,cons__gnn,cons__gnn,hetero,0.5,8,0,0.5
consensus,gnn,20,60,ring_plus,-0.004677133750171496,0.004677133750171496,0.06808177595585255,5240,0.0,0.20381679389312976,0.0,0.0,5240.0,4172.0,0.7961832061068702,0.2038167938931298,133504.0,32.0,0.0,4172.0,0.0,0.0,1068.0,0.0,0.0,0.0,gnn,0.8700858042031764,0.9031409154802273,0.8666666666666667,0.004467738202344605,-0.2458224999372506,16.0,1.0,0.9413291035084279,0.8465603055809257,cons__gnn,cons__gnn,hetero,0.5,9,0,0.5
consensus,gnn,20,60,ring_plus,-0.016236428071402846,0.016236428071402846,0.054662908789382625,4622,0.0,0.19948074426655127,0.0,0.0,4622.0,3700.0,0.8005192557334487,0.19948074426655127,118400.0,32.0,0.0,3700.0,0.0,0.0,922.0,0.0,0.0,0.0,gnn,0.9272239405958635,0.7228361764996722,0.6833333333333333,0.02249370726245156,-0.18151611403030102,13.0,1.0,1.399646125476325,0.9803260665402663,cons__gnn,cons__gnn,hetero,0.75,0,0,0.75
consensus,gnn,20,60,ring_plus,-0.024483792169308245,0.024483792169308245,0.027787922458455672,4698,0.0,0.20604512558535548,0.0,0.0,4698.0,3730.0,0.7939548744146445,0.20604512558535548,119360.0,32.0,0.0,3730.0,0.0,0.0,968.0,0.0,0.0,0.0,gnn,0.8728740428236537,0.8335548990511896,0.7,0.02219382019084297,-0.2842951525013715,18.0,1.0,1.320493917398932,0.7543729547566385,cons__gnn,cons__gnn,hetero,0.75,1,0,0.75
consensus,gnn,20,60,ring_plus,-0.009016149221417089,0.009016149221417089,0.02153113894499158,5191,0.0,0.2074744750529763,0.0,0.0,5191.0,4114.0,0.7925255249470237,0.20747447505297634,131648.0,32.0,0.0,4114.0,0.0,0.0,1077.0,0.0,0.0,0.0,gnn,0.8690420536814502,0.8330985038391976,0.75,0.008446957602228628,-0.3045351503289892,15.0,1.0,1.55469612182113,1.1784232760445703,cons__gnn,cons__gnn,hetero,0.75,2,0,0.75
consensus,gnn,20,60,ring_plus,-0.005372789465716747,0.005372789465716747,0.0062506113374777034,4547,0.0,0.19397404882340005,0.0,0.0,4547.0,3665.0,0.8060259511765999,0.19397404882340008,117280.0,32.0,0.0,3665.0,0.0,0.0,882.0,0.0,0.0,0.0,gnn,0.8244033440751529,0.9916208005992787,0.8666666666666667,0.004497634534766773,-0.43735376818980504,23.0,1.0,1.2627284000071304,0.9619010113164264,cons__gnn,cons__gnn,hetero,0.75,3,0,0.75
consensus,gnn,20,60,ring_plus,-0.028575398541507254,0.028575398541507254,0.014138061929417595,5494,0.0,0.20458682198762287,0.0,0.0,5494.0,4370.0,0.7954131780123771,0.2045868219876229,139840.0,32.0,0.0,4370.0,0.0,0.0,1124.0,0.0,0.0,0.0,gnn,0.8320213987388332,0.9128526736433308,0.7166666666666667,0.027696528023010595,-0.25662235066713396,16.0,1.0,1.3711704029417888,1.1408538492301352,cons__gnn,cons__gnn,hetero,0.75,4,0,0.75
consensus,gnn,20,60,ring_plus,-0.030632619085880747,0.030632619085880747,0.29185130008610694,5242,0.0,0.1997329263639832,0.0,0.0,5242.0,4195.0,0.8002670736360168,0.1997329263639832,134240.0,32.0,0.0,4195.0,0.0,0.0,1047.0,0.0,0.0,0.0,gnn,0.9053082984290818,0.9162017031694661,0.8166666666666667,0.042549731702727585,-0.2540863705930815,32.0,1.0,1.6160985120576443,1.0582501143517329,cons__gnn,cons__gnn,hetero,0.75,5,0,0.75
consensus,gnn,20,60,ring_plus,-0.021315972543204064,0.021315972543204064,0.1964945725662875,4044,0.0,0.18818001978239368,0.0,0.0,4044.0,3283.0,0.8118199802176064,0.18818001978239363,105056.0,32.0,0.0,3283.0,0.0,0.0,761.0,0.0,0.0,0.0,gnn,0.8743053950268846,0.8739407279878915,0.8166666666666667,0.01609070996027427,-0.3497302962652748,17.0,1.0,0.9450014459069909,0.6122407164042175,cons__gnn,cons__gnn,hetero,0.75,6,0,0.75
consensus,gnn,20,60,ring_plus,-0.0024398440357899457,0.0024398440357899457,0.02645375021939762,5529,0.0,0.19497196599746788,0.0,0.0,5529.0,4451.0,0.8050280340025321,0.1949719659974679,142432.0,32.0,0.0,4451.0,0.0,0.0,1078.0,0.0,0.0,0.0,gnn,0.8785069592675351,0.7847626622890391,0.7,0.0037780911219699887,-0.3211777601215765,12.0,1.0,2.218617553571293,1.4644706002315488,cons__gnn,cons__gnn,hetero,0.75,7,0,0.75
consensus,gnn,20,60,ring_plus,-0.0029138255842732705,0.0029138255842732705,0.0350699421268919,3809,0.0,0.21370438435284853,0.0,0.0,3809.0,2995.0,0.7862956156471514,0.21370438435284855,95840.0,32.0,0.0,2995.0,0.0,0.0,814.0,0.0,0.0,0.0,gnn,0.8782097989491281,0.9945600204608191,0.9666666666666667,0.00532740875709116,-0.22531213410122336,29.0,1.0,0.7964836768628718,0.5050653260251191,cons__gnn,cons__gnn,hetero,0.75,8,0,0.75
consensus,gnn,20,60,ring_plus,-0.16511356576617375,0.16511356576617375,0.010278566892262923,4728,0.0,0.20156514382402707,0.0,0.0,4728.0,3775.0,0.7984348561759729,0.20156514382402713,120800.0,32.0,0.0,3775.0,0.0,0.0,953.0,0.0,0.0,0.0,gnn,0.8914829610239832,0.7554216607012328,0.6833333333333333,0.17035320246506344,-0.24314855940365063,22.0,1.0,0.9413291035084279,0.7308020831733754,cons__gnn,cons__gnn,hetero,0.75,9,0,0.75
consensus,gnn,20,60,ring_plus,-0.024875899786316824,0.024875899786316824,0.014275300145908604,4244,0.0,0.1972196041470311,0.0,0.0,4244.0,3407.0,0.8027803958529689,0.1972196041470311,109024.0,32.0,0.0,3407.0,0.0,0.0,837.0,0.0,0.0,0.0,gnn,0.8943885074454835,0.7833299206157632,0.75,0.02650312669942601,-0.18137212283505247,16.0,1.0,1.399646125476325,0.8446341920683279,cons__gnn,cons__gnn,hetero,1.0,0,0,1.0
consensus,gnn,20,60,ring_plus,-0.009740255132233167,0.009740255132233167,0.0013360880643955857,3929,0.0,0.2043777042504454,0.0,0.0,3929.0,3126.0,0.7956222957495546,0.20437770425044544,100032.0,32.0,0.0,3126.0,0.0,0.0,803.0,0.0,0.0,0.0,gnn,0.885618793085129,0.937555560143754,0.8333333333333334,0.01114772421971002,-0.284540878118656,23.0,1.0,1.320493917398932,0.43884263840289367,cons__gnn,cons__gnn,hetero,1.0,1,0,1.0
consensus,gnn,20,60,ring_plus,-0.004863218916806231,0.004863218916806231,0.01245625601720134,4475,0.0,0.2071508379888268,0.0,0.0,4475.0,3548.0,0.7928491620111732,0.20715083798882683,113536.0,32.0,0.0,3548.0,0.0,0.0,927.0,0.0,0.0,0.0,gnn,0.8387251094043983,0.9329305355785893,0.85,0.004963985169651368,-0.30460436583406614,19.0,1.0,1.55469612182113,0.8219532092204483,cons__gnn,cons__gnn,hetero,1.0,2,0,1.0
consensus,gnn,20,60,ring_plus,-0.0065177206715690845,0.0065177206715690845,0.02347458559540425,4178,0.0,0.1957874581139301,0.0,0.0,4178.0,3360.0,0.8042125418860699,0.19578745811393006,107520.0,32.0,0.0,3360.0,0.0,0.0,818.0,0.0,0.0,0.0,gnn,0.8701208962453886,0.9490872599505062,0.8666666666666667,0.009467124735044049,-0.4373346860030409,21.0,1.0,1.2627284000071304,0.8458618147877577,cons__gnn,cons__gnn,hetero,1.0,3,0,1.0
consensus,gnn,20,60,ring_plus,-0.006419241768108075,0.006419241768108075,0.007244340034714425,5089,0.0,0.2061308705050108,0.0,0.0,5089.0,4040.0,0.7938691294949892,0.20613087050501078,129280.0,32.0,0.0,4040.0,0.0,0.0,1049.0,0.0,0.0,0.0,gnn,0.8553874365656556,0.7963292837221112,0.6666666666666666,0.00676914713096313,-0.2569916199466906,13.0,1.0,1.3711704029417888,0.9958388409557596,cons__gnn,cons__gnn,hetero,1.0,4,0,1.0
consensus,gnn,20,60,ring_plus,-0.004796657530326753,0.004796657530326753,0.008002880194654281,4594,0.0,0.19895515890291685,0.0,0.0,4594.0,3680.0,0.8010448410970832,0.19895515890291682,117760.0,32.0,0.0,3680.0,0.0,0.0,914.0,0.0,0.0,0.0,gnn,0.8497401910753981,0.9831459447279165,0.8833333333333333,0.005571980850937023,-0.2545169699523407,29.0,1.0,1.6160985120576443,0.8322169914317226,cons__gnn,cons__gnn,hetero,1.0,5,0,1.0
consensus,gnn,20,60,ring_plus,-0.04954314344113676,0.04954314344113676,0.1860764824889994,3596,0.0,0.19076751946607343,0.0,0.0,3596.0,2910.0,0.8092324805339266,0.1907675194660734,93120.0,32.0,0.0,2910.0,0.0,0.0,686.0,0.0,0.0,0.0,gnn,0.8222688990081399,0.9398000966869892,0.6666666666666666,0.05028231633791041,-0.34925984341697597,16.0,1.0,0.9450014459069909,0.3079631241949025,cons__gnn,cons__gnn,hetero,1.0,6,0,1.0
consensus,gnn,20,60,ring_plus,-0.0023879508915964735,0.0023879508915964735,0.02887618503163935,4944,0.0,0.19457928802588997,0.0,0.0,4944.0,3982.0,0.80542071197411,0.19457928802588997,127424.0,32.0,0.0,3982.0,0.0,0.0,962.0,0.0,0.0,0.0,gnn,0.8685728788946203,0.7258327947137944,0.7666666666666667,0.002969370837040349,-0.32117862500731303,12.0,1.0,2.218617553571293,1.2058182474775654,cons__gnn,cons__gnn,hetero,1.0,7,0,1.0
consensus,gnn,20,60,ring_plus,-0.1983728349281114,0.1983728349281114,0.054996568620742745,3451,0.0,0.2138510576644451,0.0,0.0,3451.0,2713.0,0.7861489423355549,0.21385105766444512,86816.0,32.0,0.0,2713.0,0.0,0.0,738.0,0.0,0.0,0.0,gnn,0.9482799075254873,0.8147544423794537,0.7833333333333333,0.215355288774117,-0.22205448394549274,,0.0,0.7964836768628718,0.26029651122322867,cons__gnn,cons__gnn,hetero,1.0,8,0,1.0
consensus,gnn,20,60,ring_plus,-0.03510621897569023,0.03510621897569023,0.06369342031724523,3920,0.0,0.2030612244897959,0.0,0.0,3920.0,3124.0,0.7969387755102041,0.2030612244897959,99968.0,32.0,0.0,3124.0,0.0,0.0,796.0,0.0,0.0,0.0,gnn,0.9201594425632291,0.8381727283023496,0.8166666666666667,0.03880037386859298,-0.2453153485168253,24.0,1.0,0.9413291035084279,0.5023517202588921,cons__gnn,cons__gnn,hetero,1.0,9,0,1.0
consensus,reco,20,60,ring_plus,-0.009218280941944441,0.009218280941944441,0.0005990376877279776,5040,0.0,0.2013888888888889,0.0,0.0,5040.0,4025.0,0.7986111111111112,0.20138888888888884,128800.0,32.0,0.0,4025.0,0.0,0.0,1015.0,0.0,0.0,0.0,reco,0.893331013319227,0.9851016090151382,1.0,0.01566607884286798,-0.1816330831491254,33.0,1.0,1.399646125476325,1.1549406492740415,cons__reco,cons__reco,hetero,0.0,0,0,0.0
consensus,reco,20,60,ring_plus,-0.05164034199365364,0.05164034199365364,0.021298030571711927,5400,0.0,0.20629629629629628,0.0,0.0,5400.0,4286.0,0.7937037037037037,0.2062962962962963,137152.0,32.0,0.0,4286.0,0.0,0.0,1114.0,0.0,0.0,0.0,reco,0.9115605580771841,0.9854787909774531,1.0,0.07873214485445393,-0.28384254333763237,44.0,1.0,1.320493917398932,1.09635281455798,cons__reco,cons__reco,hetero,0.0,1,0,0.0
consensus,reco,20,60,ring_plus,-0.009803580343618735,0.009803580343618735,0.0016368364523431903,6120,0.0,0.20915032679738563,0.0,0.0,6120.0,4840.0,0.7908496732026143,0.20915032679738566,154880.0,32.0,0.0,4840.0,0.0,0.0,1280.0,0.0,0.0,0.0,reco,0.8861976918054724,0.9942522350659603,1.0,0.0188559242739427,-0.3045220264769526,33.0,1.0,1.55469612182113,1.3985108286561831,cons__reco,cons__reco,hetero,0.0,2,0,0.0
consensus,reco,20,60,ring_plus,-0.04260777404681639,0.04260777404681639,0.009085424632302327,5040,0.0,0.19543650793650794,0.0,0.0,5040.0,4055.0,0.8045634920634921,0.1954365079365079,129760.0,32.0,0.0,4055.0,0.0,0.0,985.0,0.0,0.0,0.0,reco,0.9028244532318793,0.9910695159478464,1.0,0.07326554548521899,-0.4367331851134534,40.0,1.0,1.2627284000071304,1.1468258325458742,cons__reco,cons__reco,hetero,0.0,3,0,0.0
consensus,reco,20,60,ring_plus,-0.013551135355681618,0.013551135355681618,0.002912381934771938,5640,0.0,0.20620567375886525,0.0,0.0,5640.0,4477.0,0.7937943262411348,0.20620567375886523,143264.0,32.0,0.0,4477.0,0.0,0.0,1163.0,0.0,0.0,0.0,reco,0.8957642391175131,0.9783123340910976,1.0,0.02284072472136783,-0.25687275505356444,32.0,1.0,1.3711704029417888,1.1969163617030751,cons__reco,cons__reco,hetero,0.0,4,0,0.0
consensus,reco,20,60,ring_plus,-0.024112179793674436,0.024112179793674436,0.0029717161306303465,6360,0.0,0.19842767295597485,0.0,0.0,6360.0,5098.0,0.8015723270440251,0.19842767295597485,163136.0,32.0,0.0,5098.0,0.0,0.0,1262.0,0.0,0.0,0.0,reco,0.900176976999237,0.9963958245845953,1.0,0.04294394538655504,-0.2541950445812849,41.0,1.0,1.6160985120576443,1.4719939481284958,cons__reco,cons__reco,hetero,0.0,5,0,0.0
consensus,reco,20,60,ring_plus,-0.016324037318005344,0.016324037318005344,0.026179625581828892,4680,0.0,0.18995726495726495,0.0,0.0,4680.0,3791.0,0.810042735042735,0.18995726495726495,121312.0,32.0,0.0,3791.0,0.0,0.0,889.0,0.0,0.0,0.0,reco,0.8920223327327529,0.9766783754433447,1.0,0.025117224119332746,-0.34981349518569477,31.0,1.0,0.9450014459069909,0.8154707469852038,cons__reco,cons__reco,hetero,0.0,6,0,0.0
consensus,reco,20,60,ring_plus,-0.0037123329540543204,0.0037123329540543204,0.00043723975259408077,6480,0.0,0.19506172839506172,0.0,0.0,6480.0,5216.0,0.8049382716049382,0.19506172839506175,166912.0,32.0,0.0,5216.0,0.0,0.0,1264.0,0.0,0.0,0.0,reco,0.8689343671438948,0.9935231572868377,1.0,0.007354220556028743,-0.3211565519729386,28.0,1.0,2.218617553571293,1.958238769422482,cons__reco,cons__reco,hetero,0.0,7,0,0.0
consensus,reco,20,60,ring_plus,-0.06463784183351205,0.06463784183351205,0.0072949243266933,4200,0.0,0.2130952380952381,0.0,0.0,4200.0,3305.0,0.7869047619047619,0.21309523809523812,105760.0,32.0,0.0,3305.0,0.0,0.0,895.0,0.0,0.0,0.0,reco,0.9240893282566162,0.950777271048969,1.0,0.08840293237004489,-0.22428340049706944,47.0,1.0,0.7964836768628718,0.6382172706834385,cons__reco,cons__reco,hetero,0.0,8,0,0.0
consensus,reco,20,60,ring_plus,-0.031467603595214125,0.031467603595214125,0.0018196965089303304,5280,0.0,0.20397727272727273,0.0,0.0,5280.0,4203.0,0.7960227272727273,0.20397727272727273,134496.0,32.0,0.0,4203.0,0.0,0.0,1077.0,0.0,0.0,0.0,reco,0.9074681262632747,0.9574767176604662,1.0,0.0433419250819139,-0.2453759921064999,35.0,1.0,0.9413291035084279,0.8559194207578366,cons__reco,cons__reco,hetero,0.0,9,0,0.0
consensus,reco,20,60,ring_plus,-0.01843187838681866,0.01843187838681866,0.0014905427427128394,5020,0.0,0.200796812749004,0.0,0.0,5020.0,4012.0,0.799203187250996,0.20079681274900396,128384.0,32.0,0.0,4012.0,0.0,0.0,1008.0,0.0,0.0,0.0,reco,0.9047742787876493,0.9595868449933812,0.9833333333333333,0.025624567879798697,-0.1814795231917108,33.0,1.0,1.399646125476325,1.1813634087166536,cons__reco,cons__reco,hetero,0.25,0,0,0.25
consensus,reco,20,60,ring_plus,-0.05627415022902848,0.05627415022902848,0.02238473205602855,5400,0.0,0.20629629629629628,0.0,0.0,5400.0,4286.0,0.7937037037037037,0.2062962962962963,137152.0,32.0,0.0,4286.0,0.0,0.0,1114.0,0.0,0.0,0.0,reco,0.9120413836553507,0.9862275740510209,1.0,0.08234948738278368,-0.2837653132003762,44.0,1.0,1.320493917398932,1.09635281455798,cons__reco,cons__reco,hetero,0.25,1,0,0.25
consensus,reco,20,60,ring_plus,-0.009661389301933523,0.009661389301933523,0.001142968334159539,6120,0.0,0.20915032679738563,0.0,0.0,6120.0,4840.0,0.7908496732026143,0.20915032679738566,154880.0,32.0,0.0,4840.0,0.0,0.0,1280.0,0.0,0.0,0.0,reco,0.8859636282841038,0.9930992768815569,1.0,0.018278336400237138,-0.30452439632764744,33.0,1.0,1.55469612182113,1.3985108286561831,cons__reco,cons__reco,hetero,0.25,2,0,0.25
consensus,reco,20,60,ring_plus,-0.04384067724206789,0.04384067724206789,0.004149233964073797,4972,0.0,0.19690265486725664,0.0,0.0,4972.0,3993.0,0.8030973451327433,0.19690265486725667,127776.0,32.0,0.0,3993.0,0.0,0.0,979.0,0.0,0.0,0.0,reco,0.9028899394922956,0.9883410787010953,1.0,0.07020596601793512,-0.43671263672686583,39.0,1.0,1.2627284000071304,1.118010038628084,cons__reco,cons__reco,hetero,0.25,3,0,0.25
consensus,reco,20,60,ring_plus,-0.01436659148739163,0.01436659148739163,0.0026089812550507026,5633,0.0,0.20610687022900764,0.0,0.0,5633.0,4472.0,0.7938931297709924,0.20610687022900764,143104.0,32.0,0.0,4472.0,0.0,0.0,1161.0,0.0,0.0,0.0,reco,0.8953586009582001,0.978447549654939,1.0,0.022188143263627922,-0.2568591641180359,32.0,1.0,1.3711704029417888,1.2152582407391423,cons__reco,cons__reco,hetero,0.25,4,0,0.25
consensus,reco,20,60,ring_plus,-0.02945390605866805,0.02945390605866805,0.0028925035962427893,6237,0.0,0.19801186467853135,0.0,0.0,6237.0,5002.0,0.8019881353214686,0.19801186467853138,160064.0,32.0,0.0,5002.0,0.0,0.0,1235.0,0.0,0.0,0.0,reco,0.901910217025441,0.9959423788937827,1.0,0.047337410076618285,-0.25410601581020176,41.0,1.0,1.6160985120576443,1.3775865601994972,cons__reco,cons__reco,hetero,0.25,5,0,0.25
consensus,reco,20,60,ring_plus,-0.056808284574443695,0.056808284574443695,0.10064846877087444,4621,0.0,0.1902185674096516,0.0,0.0,4621.0,3742.0,0.8097814325903484,0.1902185674096516,119744.0,32.0,0.0,3742.0,0.0,0.0,879.0,0.0,0.0,0.0,reco,0.9105695903841776,0.9373769707634022,1.0,0.06943754018353386,-0.34913875773142083,34.0,1.0,0.9450014459069909,0.7779581464965974,cons__reco,cons__reco,hetero,0.25,6,0,0.25
consensus,reco,20,60,ring_plus,-0.00343149885284977,0.00343149885284977,0.00022409156361330945,6330,0.0,0.19541864139020537,0.0,0.0,6330.0,5093.0,0.8045813586097946,0.19541864139020537,162976.0,32.0,0.0,5093.0,0.0,0.0,1237.0,0.0,0.0,0.0,reco,0.8645794047400843,0.9942820444677405,1.0,0.005962817755708896,-0.32116123254129203,28.0,1.0,2.218617553571293,1.8653244587755649,cons__reco,cons__reco,hetero,0.25,7,0,0.25
consensus,reco,20,60,ring_plus,-0.09001517242421293,0.09001517242421293,0.00909390437373872,4200,0.0,0.2130952380952381,0.0,0.0,4200.0,3305.0,0.7869047619047619,0.21309523809523812,105760.0,32.0,0.0,3305.0,0.0,0.0,895.0,0.0,0.0,0.0,reco,0.9300001595376673,0.9481533637889796,1.0,0.12156182022765001,-0.22386044498722438,53.0,1.0,0.7964836768628718,0.6382172706834385,cons__reco,cons__reco,hetero,0.25,8,0,0.25
consensus,reco,20,60,ring_plus,-0.09439460361911635,0.09439460361911635,0.006967645217820996,5280,0.0,0.20397727272727273,0.0,0.0,5280.0,4203.0,0.7960227272727273,0.20397727272727273,134496.0,32.0,0.0,4203.0,0.0,0.0,1077.0,0.0,0.0,0.0,reco,0.9247131253030606,0.8979891662180821,0.9833333333333333,0.10761653242565007,-0.24432720877276823,44.0,1.0,0.9413291035084279,0.8559194207578366,cons__reco,cons__reco,hetero,0.25,9,0,0.25
consensus,reco,20,60,ring_plus,-0.017389376107450717,0.017389376107450717,0.0011126300196679856,4886,0.0,0.19975440032746622,0.0,0.0,4886.0,3910.0,0.8002455996725337,0.19975440032746627,125120.0,32.0,0.0,3910.0,0.0,0.0,976.0,0.0,0.0,0.0,reco,0.8995512313001106,0.9572828610252515,1.0,0.020663836625033735,-0.18149689822970022,31.0,1.0,1.399646125476325,1.1443437793944773,cons__reco,cons__reco,hetero,0.5,0,0,0.5
consensus,reco,20,60,ring_plus,-0.07604709042002518,0.07604709042002518,0.022143194819014795,5248,0.0,0.20579268292682926,0.0,0.0,5248.0,4168.0,0.7942073170731707,0.20579268292682928,133376.0,32.0,0.0,4168.0,0.0,0.0,1080.0,0.0,0.0,0.0,reco,0.9177724865598273,0.9925589890522255,1.0,0.11460804305624094,-0.28343576419719285,49.0,1.0,1.320493917398932,1.1316097621965093,cons__reco,cons__reco,hetero,0.5,1,0,0.5
consensus,reco,20,60,ring_plus,-0.009035438366038064,0.009035438366038064,0.000452716376393523,5928,0.0,0.20985155195681512,0.0,0.0,5928.0,4684.0,0.7901484480431848,0.20985155195681515,149888.0,32.0,0.0,4684.0,0.0,0.0,1244.0,0.0,0.0,0.0,reco,0.8844980565282203,0.994563044967642,1.0,0.017239144371015605,-0.3045348288432457,34.0,1.0,1.55469612182113,1.3457912083711585,cons__reco,cons__reco,hetero,0.5,2,0,0.5
consensus,reco,20,60,ring_plus,-0.06750342053315789,0.06750342053315789,0.003706644169986996,4780,0.0,0.19707112970711296,0.0,0.0,4780.0,3838.0,0.8029288702928871,0.19707112970711294,122816.0,32.0,0.0,3838.0,0.0,0.0,942.0,0.0,0.0,0.0,reco,0.9092206489667813,0.9841695167127041,1.0,0.0924332807965398,-0.43631825767201443,41.0,1.0,1.2627284000071304,1.0457746857402244,cons__reco,cons__reco,hetero,0.5,3,0,0.5
consensus,reco,20,60,ring_plus,-0.02064350112073068,0.02064350112073068,0.0011445272017935669,5556,0.0,0.20518358531317496,0.0,0.0,5556.0,4416.0,0.7948164146868251,0.20518358531317493,141312.0,32.0,0.0,4416.0,0.0,0.0,1140.0,0.0,0.0,0.0,reco,0.9086231665958631,0.9561885605599153,0.9833333333333333,0.041558636464563724,-0.2567545489574803,38.0,1.0,1.3711704029417888,1.1987261015073136,cons__reco,cons__reco,hetero,0.5,4,0,0.5
consensus,reco,20,60,ring_plus,-0.05842208182151579,0.05842208182151579,0.0049440196575087705,5874,0.0,0.19884235614572693,0.0,0.0,5874.0,4706.0,0.801157643854273,0.19884235614572698,150592.0,32.0,0.0,4706.0,0.0,0.0,1168.0,0.0,0.0,0.0,reco,0.9110744055782475,0.9932586985841353,1.0,0.08096360580610405,-0.2536232128808209,45.0,1.0,1.6160985120576443,1.276325269639275,cons__reco,cons__reco,hetero,0.5,5,0,0.5
consensus,reco,20,60,ring_plus,-0.10164405648856575,0.10164405648856575,0.05653937720782658,4358,0.0,0.19068379990821477,0.0,0.0,4358.0,3527.0,0.8093162000917852,0.19068379990821482,112864.0,32.0,0.0,3527.0,0.0,0.0,831.0,0.0,0.0,0.0,reco,0.9216268156912604,0.8990539472809514,0.9333333333333333,0.11148673128044216,-0.3483914948661855,36.0,1.0,0.9450014459069909,0.7594558586726937,cons__reco,cons__reco,hetero,0.5,6,0,0.5
consensus,reco,20,60,ring_plus,-0.01256105007230985,0.01256105007230985,0.011592080523681797,6053,0.0,0.19444903353708903,0.0,0.0,6053.0,4876.0,0.8055509664629109,0.1944490335370891,156032.0,32.0,0.0,4876.0,0.0,0.0,1177.0,0.0,0.0,0.0,reco,0.8807384953314336,0.953938437507478,0.9833333333333333,0.015041658119396327,-0.32100907335430107,27.0,1.0,2.218617553571293,1.7384415746058577,cons__reco,cons__reco,hetero,0.5,7,0,0.5
consensus,reco,20,60,ring_plus,-0.33779700663218626,0.33779700663218626,0.02001575247822748,4149,0.0,0.2118582791033984,0.0,0.0,4149.0,3270.0,0.7881417208966016,0.21185827910339838,104640.0,32.0,0.0,3270.0,0.0,0.0,879.0,0.0,0.0,0.0,reco,0.9513910302122085,0.8390459987236936,0.95,0.36632552513308997,-0.21973074775042484,,0.0,0.7964836768628718,0.6355678607104387,cons__reco,cons__reco,hetero,0.5,8,0,0.5
consensus,reco,20,60,ring_plus,-0.07271962144487995,0.07271962144487995,0.02153377637605123,5240,0.0,0.20381679389312976,0.0,0.0,5240.0,4172.0,0.7961832061068702,0.2038167938931298,133504.0,32.0,0.0,4172.0,0.0,0.0,1068.0,0.0,0.0,0.0,reco,0.9222203190841426,0.934584364602163,0.9833333333333333,0.09142716050109324,-0.24468845847567214,43.0,1.0,0.9413291035084279,0.8465603055809257,cons__reco,cons__reco,hetero,0.5,9,0,0.5
consensus,reco,20,60,ring_plus,-0.05672303749233919,0.05672303749233919,0.010884847045343796,4622,0.0,0.19948074426655127,0.0,0.0,4622.0,3700.0,0.8005192557334487,0.19948074426655127,118400.0,32.0,0.0,3700.0,0.0,0.0,922.0,0.0,0.0,0.0,reco,0.9174175631391827,0.897888584381987,0.8666666666666667,0.06321248037662609,-0.18084133720661877,35.0,1.0,1.399646125476325,0.9803260665402663,cons__reco,cons__reco,hetero,0.75,0,0,0.75
consensus,reco,20,60,ring_plus,-0.05846750228793244,0.05846750228793244,0.04767532843556553,4698,0.0,0.20604512558535548,0.0,0.0,4698.0,3730.0,0.7939548744146445,0.20604512558535548,119360.0,32.0,0.0,3730.0,0.0,0.0,968.0,0.0,0.0,0.0,reco,0.9137599061769699,0.9896614070038673,1.0,0.08619580238187524,-0.2837287573327278,48.0,1.0,1.320493917398932,0.7543729547566385,cons__reco,cons__reco,hetero,0.75,1,0,0.75
consensus,reco,20,60,ring_plus,-0.02426389832590073,0.02426389832590073,0.0035411091188931017,5191,0.0,0.2074744750529763,0.0,0.0,5191.0,4114.0,0.7925255249470237,0.20747447505297634,131648.0,32.0,0.0,4114.0,0.0,0.0,1077.0,0.0,0.0,0.0,reco,0.8955079510194724,0.9841249399401232,1.0,0.032923826372258345,-0.3042810211772478,35.0,1.0,1.55469612182113,1.1784232760445703,cons__reco,cons__reco,hetero,0.75,2,0,0.75
consensus,reco,20,60,ring_plus,-0.10941291096463321,0.10941291096463321,0.005526909421536734,4547,0.0,0.19397404882340005,0.0,0.0,4547.0,3665.0,0.8060259511765999,0.19397404882340008,117280.0,32.0,0.0,3665.0,0.0,0.0,882.0,0.0,0.0,0.0,reco,0.918097096829316,0.9834800622528775,1.0,0.1522900222590718,-0.4356197661648231,47.0,1.0,1.2627284000071304,0.9619010113164264,cons__reco,cons__reco,hetero,0.75,3,0,0.75
consensus,reco,20,60,ring_plus,-0.024698267886728326,0.024698267886728326,0.004514987621131762,5494,0.0,0.20458682198762287,0.0,0.0,5494.0,4370.0,0.7954131780123771,0.2045868219876229,139840.0,32.0,0.0,4370.0,0.0,0.0,1124.0,0.0,0.0,0.0,reco,0.8999288552749978,0.9686754110295894,1.0,0.029734913737764535,-0.25668696951138037,33.0,1.0,1.3711704029417888,1.1408538492301352,cons__reco,cons__reco,hetero,0.75,4,0,0.75
consensus,reco,20,60,ring_plus,-0.0808367120781164,0.0808367120781164,0.004599420812329363,5242,0.0,0.1997329263639832,0.0,0.0,5242.0,4195.0,0.8002670736360168,0.1997329263639832,134240.0,32.0,0.0,4195.0,0.0,0.0,1047.0,0.0,0.0,0.0,reco,0.918915514906398,0.9961520569389932,1.0,0.12607582849819102,-0.25324963570987763,52.0,1.0,1.6160985120576443,1.0582501143517329,cons__reco,cons__reco,hetero,0.75,5,0,0.75
consensus,reco,20,60,ring_plus,-0.039670548998413685,0.039670548998413685,0.12501604622122878,4044,0.0,0.18818001978239368,0.0,0.0,4044.0,3283.0,0.8118199802176064,0.18818001978239363,105056.0,32.0,0.0,3283.0,0.0,0.0,761.0,0.0,0.0,0.0,reco,0.8965952376201775,0.962362657051247,0.9333333333333333,0.042014255225215506,-0.34942438665768805,31.0,1.0,0.9450014459069909,0.6122407164042175,cons__reco,cons__reco,hetero,0.75,6,0,0.75
consensus,reco,20,60,ring_plus,-0.0041464439251962795,0.0041464439251962795,0.007034374313164536,5529,0.0,0.19497196599746788,0.0,0.0,5529.0,4451.0,0.8050280340025321,0.1949719659974679,142432.0,32.0,0.0,4451.0,0.0,0.0,1078.0,0.0,0.0,0.0,reco,0.8683974478966516,0.9882609450437777,1.0,0.007300387763212097,-0.32114931679008624,27.0,1.0,2.218617553571293,1.4644706002315488,cons__reco,cons__reco,hetero,0.75,7,0,0.75
consensus,reco,20,60,ring_plus,-0.1938949605077259,0.1938949605077259,0.022006105671075776,3809,0.0,0.21370438435284853,0.0,0.0,3809.0,2995.0,0.7862956156471514,0.21370438435284855,95840.0,32.0,0.0,2995.0,0.0,0.0,814.0,0.0,0.0,0.0,reco,0.9412684413233608,0.9376479907127029,1.0,0.2362653616184356,-0.2221291151858325,,0.0,0.7964836768628718,0.5050653260251191,cons__reco,cons__reco,hetero,0.75,8,0,0.75
consensus,reco,20,60,ring_plus,-0.02293494865635372,0.02293494865635372,0.012406338119973622,4728,0.0,0.20156514382402707,0.0,0.0,4728.0,3775.0,0.7984348561759729,0.20156514382402713,120800.0,32.0,0.0,3775.0,0.0,0.0,953.0,0.0,0.0,0.0,reco,0.9014273626146608,0.966224559621044,0.9666666666666667,0.030093541093496337,-0.24551820302214758,32.0,1.0,0.9413291035084279,0.7308020831733754,cons__reco,cons__reco,hetero,0.75,9,0,0.75
consensus,reco,20,60,ring_plus,-0.11079654142619258,0.11079654142619258,0.018284784437032513,4244,0.0,0.1972196041470311,0.0,0.0,4244.0,3407.0,0.8027803958529689,0.1972196041470311,109024.0,32.0,0.0,3407.0,0.0,0.0,837.0,0.0,0.0,0.0,reco,0.9046027125251679,0.9238897135903441,0.8,0.10636370619614745,-0.17994011214105454,37.0,1.0,1.399646125476325,0.8446341920683279,cons__reco,cons__reco,hetero,1.0,0,0,1.0
consensus,reco,20,60,ring_plus,-0.1518827940009557,0.1518827940009557,0.013726073253969961,3929,0.0,0.2043777042504454,0.0,0.0,3929.0,3126.0,0.7956222957495546,0.20437770425044544,100032.0,32.0,0.0,3126.0,0.0,0.0,803.0,0.0,0.0,0.0,reco,0.9293359513159543,0.9781747411329289,0.9833333333333333,0.20825733410137995,-0.2821718358041773,59.0,1.0,1.320493917398932,0.43884263840289367,cons__reco,cons__reco,hetero,1.0,1,0,1.0
consensus,reco,20,60,ring_plus,-0.052771951777313905,0.052771951777313905,0.004329912264992721,4475,0.0,0.2071508379888268,0.0,0.0,4475.0,3548.0,0.7928491620111732,0.20715083798882683,113536.0,32.0,0.0,3548.0,0.0,0.0,927.0,0.0,0.0,0.0,reco,0.9109251811030866,0.9813358725628678,1.0,0.07445415379961087,-0.3038058869530576,42.0,1.0,1.55469612182113,0.8219532092204483,cons__reco,cons__reco,hetero,1.0,2,0,1.0
consensus,reco,20,60,ring_plus,-0.061183293620558944,0.061183293620558944,0.007409459438425636,4178,0.0,0.1957874581139301,0.0,0.0,4178.0,3360.0,0.8042125418860699,0.19578745811393006,107520.0,32.0,0.0,3360.0,0.0,0.0,818.0,0.0,0.0,0.0,reco,0.91125974161304,0.991407847553452,1.0,0.1025828839932238,-0.4364235931205577,43.0,1.0,1.2627284000071304,0.8458618147877577,cons__reco,cons__reco,hetero,1.0,3,0,1.0
consensus,reco,20,60,ring_plus,-0.013891832823911826,0.013891832823911826,0.0037745578255915908,5089,0.0,0.2061308705050108,0.0,0.0,5089.0,4040.0,0.7938691294949892,0.20613087050501078,129280.0,32.0,0.0,4040.0,0.0,0.0,1049.0,0.0,0.0,0.0,reco,0.8911808466155626,0.9663873534761467,0.9833333333333333,0.01944419705128894,-0.25686707676242726,29.0,1.0,1.3711704029417888,0.9958388409557596,cons__reco,cons__reco,hetero,1.0,4,0,1.0
consensus,reco,20,60,ring_plus,-0.15085015852639982,0.15085015852639982,0.008840835538254061,4594,0.0,0.19895515890291685,0.0,0.0,4594.0,3680.0,0.8010448410970832,0.19895515890291682,117760.0,32.0,0.0,3680.0,0.0,0.0,914.0,0.0,0.0,0.0,reco,0.9265796167495399,0.9944632493864268,1.0,0.20655741947715514,-0.2520827449357395,60.0,1.0,1.6160985120576443,0.8322169914317226,cons__reco,cons__reco,hetero,1.0,5,0,1.0
consensus,reco,20,60,ring_plus,-0.07918990361367213,0.07918990361367213,0.17339894766120373,3596,0.0,0.19076751946607343,0.0,0.0,3596.0,2910.0,0.8092324805339266,0.1907675194660734,93120.0,32.0,0.0,2910.0,0.0,0.0,686.0,0.0,0.0,0.0,reco,0.9175187425384008,0.9291492388420479,1.0,0.09253573420208945,-0.34876573074743367,36.0,1.0,0.9450014459069909,0.3079631241949025,cons__reco,cons__reco,hetero,1.0,6,0,1.0
consensus,reco,20,60,ring_plus,-0.005444293427240648,0.005444293427240648,0.016040591126606496,4944,0.0,0.19457928802588997,0.0,0.0,4944.0,3982.0,0.80542071197411,0.19457928802588997,127424.0,32.0,0.0,3982.0,0.0,0.0,962.0,0.0,0.0,0.0,reco,0.871169695435834,0.9941902607095918,0.9833333333333333,0.009550194187268313,-0.3211276859650522,30.0,1.0,2.218617553571293,1.2058182474775654,cons__reco,cons__reco,hetero,1.0,7,0,1.0
consensus,reco,20,60,ring_plus,-0.3780884265039608,0.3780884265039608,0.047203626695909696,3451,0.0,0.2138510576644451,0.0,0.0,3451.0,2713.0,0.7861489423355549,0.21385105766444512,86816.0,32.0,0.0,2713.0,0.0,0.0,738.0,0.0,0.0,0.0,reco,0.9531589488179167,0.8991875788687952,0.9666666666666667,0.4327958330860735,-0.2190592240858953,,0.0,0.7964836768628718,0.26029651122322867,cons__reco,cons__reco,hetero,1.0,8,0,1.0
consensus,reco,20,60,ring_plus,-0.17159957491907676,0.17159957491907676,0.008652985145107431,3920,0.0,0.2030612244897959,0.0,0.0,3920.0,3124.0,0.7969387755102041,0.2030612244897959,99968.0,32.0,0.0,3124.0,0.0,0.0,796.0,0.0,0.0,0.0,reco,0.9348533811533766,0.9069901476168262,0.9666666666666667,0.19298688679302078,-0.2430404592511022,,0.0,0.9413291035084279,0.5023517202588921,cons__reco,cons__reco,hetero,1.0,9,0,1.0
consensus,hybrid,20,60,ring_plus,-6.425488598427951e-06,6.425488598427951e-06,0.0006451402963238395,2640,0.0,0.1962121212121212,0.0,0.0,2640.0,2122.0,0.8037878787878788,0.19621212121212117,67904.0,32.0,0.0,2122.0,0.0,0.0,518.0,0.0,0.0,0.0,hybrid,0.8083870703399341,0.9940798268204856,1.0,2.7297018469319827e-05,-0.18178661407334779,14.0,1.0,0.4688711258507252,0.2486503135253628,cons__hybrid,cons__hybrid,hetero,0.0,0,0,0.0
consensus,hybrid,20,60,ring_plus,-2.437517448674341e-05,2.437517448674341e-05,0.01746696055509065,2640,0.0,0.20681818181818182,0.0,0.0,2640.0,2094.0,0.7931818181818182,0.2068181818181818,67008.0,32.0,0.0,2094.0,0.0,0.0,546.0,0.0,0.0,0.0,hybrid,0.8098931467426588,0.9943014471348561,1.0,8.287063156588996e-05,-0.2847028094512852,16.0,1.0,0.4688711258507247,0.23728809722088587,cons__hybrid,cons__hybrid,hetero,0.0,1,0,0.0
consensus,hybrid,20,60,ring_plus,-3.159768918978163e-05,3.159768918978163e-05,0.012755201172596847,2640,0.0,0.20833333333333334,0.0,0.0,2640.0,2090.0,0.7916666666666666,0.20833333333333337,66880.0,32.0,0.0,2090.0,0.0,0.0,550.0,0.0,0.0,0.0,hybrid,0.8088562820821329,0.9981860772152908,1.0,0.00010949536599898463,-0.3046848928545264,18.0,1.0,0.468871125850723,0.17334567995969366,cons__hybrid,cons__hybrid,hetero,0.0,2,0,0.0
consensus,hybrid,20,60,ring_plus,-4.293575004557886e-05,4.293575004557886e-05,0.3034929417787611,2640,0.0,0.1946969696969697,0.0,0.0,2640.0,2126.0,0.8053030303030303,0.1946969696969697,68032.0,32.0,0.0,2126.0,0.0,0.0,514.0,0.0,0.0,0.0,hybrid,0.8101008719449377,0.9975413222263261,1.0,0.00015773558902700227,-0.4374425990850664,18.0,1.0,0.4688711258507241,0.2046417427059643,cons__hybrid,cons__hybrid,hetero,0.0,3,0,0.0
consensus,hybrid,20,60,ring_plus,-3.1720363488356535e-05,3.1720363488356535e-05,0.005709038434545325,2640,0.0,0.20606060606060606,0.0,0.0,2640.0,2096.0,0.793939393939394,0.20606060606060606,67072.0,32.0,0.0,2096.0,0.0,0.0,544.0,0.0,0.0,0.0,hybrid,0.8139736054765594,0.9974313145146346,1.0,0.00011848000877217398,-0.25709807863676765,18.0,1.0,0.4688711258507239,0.20957771970446856,cons__hybrid,cons__hybrid,hetero,0.0,4,0,0.0
consensus,hybrid,20,60,ring_plus,-1.2469702634892469e-05,1.2469702634892469e-05,0.00590547766296154,2640,0.0,0.19090909090909092,0.0,0.0,2640.0,2136.0,0.8090909090909091,0.19090909090909092,68352.0,32.0,0.0,2136.0,0.0,0.0,504.0,0.0,0.0,0.0,hybrid,0.8083776070824625,0.9960835186546283,1.0,5.806305770098029e-05,-0.25459670641613563,16.0,1.0,0.4688711258507252,0.2379952406850649,cons__hybrid,cons__hybrid,hetero,0.0,5,0,0.0
consensus,hybrid,20,60,ring_plus,-3.6236807700744813e-06,3.6236807700744813e-06,0.11680982071381914,2640,0.0,0.19507575757575757,0.0,0.0,2640.0,2125.0,0.8049242424242424,0.19507575757575757,68000.0,32.0,0.0,2125.0,0.0,0.0,515.0,0.0,0.0,0.0,hybrid,0.7913128814121345,0.9669772475894308,1.0,1.2953273782402486e-05,-0.3500855020796487,10.0,1.0,0.4688711258507254,0.22236620315670727,cons__hybrid,cons__hybrid,hetero,0.0,6,0,0.0
consensus,hybrid,20,60,ring_plus,-4.328155666862209e-05,4.328155666862209e-05,0.05125928063267497,2640,0.0,0.19772727272727272,0.0,0.0,2640.0,2118.0,0.8022727272727272,0.19772727272727275,67776.0,32.0,0.0,2118.0,0.0,0.0,522.0,0.0,0.0,0.0,hybrid,0.8115472617601471,0.9993949268709121,1.0,0.00017762022654392115,-0.3212177028295617,20.0,1.0,0.4688711258507245,0.25007658067312416,cons__hybrid,cons__hybrid,hetero,0.0,7,0,0.0
consensus,hybrid,20,60,ring_plus,-5.249983807075265e-05,5.249983807075265e-05,0.03589460902404912,2640,0.0,0.2109848484848485,0.0,0.0,2640.0,2083.0,0.7890151515151516,0.21098484848484844,66656.0,32.0,0.0,2083.0,0.0,0.0,557.0,0.0,0.0,0.0,hybrid,0.8172981305550961,0.998581169628336,1.0,0.00017000387642771846,-0.22535982286366008,20.0,1.0,0.4688711258507255,0.21525882785670755,cons__hybrid,cons__hybrid,hetero,0.0,8,0,0.0
consensus,hybrid,20,60,ring_plus,-3.304454867619401e-06,3.304454867619401e-06,0.10478776667096643,2640,0.0,0.2125,0.0,0.0,2640.0,2079.0,0.7875,0.21250000000000002,66528.0,32.0,0.0,2079.0,0.0,0.0,561.0,0.0,0.0,0.0,hybrid,0.7936399982203196,0.9915012153022361,1.0,1.8288851736534507e-05,-0.24590039709217237,12.0,1.0,0.46887112585072505,0.2074443090925284,cons__hybrid,cons__hybrid,hetero,0.0,9,0,0.0
consensus,hybrid,20,60,ring_plus,-0.0033314999851595476,0.0033314999851595476,0.00017193286633212265,2635,0.0,0.196584440227704,0.0,0.0,2635.0,2117.0,0.8034155597722961,0.19658444022770394,67744.0,32.0,0.0,2117.0,0.0,0.0,518.0,0.0,0.0,0.0,hybrid,0.8871575627577709,0.8880203771147859,0.8666666666666667,0.0037624692530521153,-0.18173119616507177,14.0,1.0,0.4688711258507252,0.2358808239179021,cons__hybrid,cons__hybrid,hetero,0.25,0,0,0.25
consensus,hybrid,20,60,ring_plus,-0.040279599739985295,0.040279599739985295,0.018271824743385193,2640,0.0,0.20681818181818182,0.0,0.0,2640.0,2094.0,0.7931818181818182,0.2068181818181818,67008.0,32.0,0.0,2094.0,0.0,0.0,546.0,0.0,0.0,0.0,hybrid,0.875560402711865,0.8714066113160076,0.8166666666666667,0.04116729734790466,-0.2840318890418603,21.0,1.0,0.4688711258507247,0.23728809722088587,cons__hybrid,cons__hybrid,hetero,0.25,1,0,0.25
consensus,hybrid,20,60,ring_plus,-5.571801564418824e-05,5.571801564418824e-05,0.010397467712746604,2640,0.0,0.20833333333333334,0.0,0.0,2640.0,2090.0,0.7916666666666666,0.20833333333333337,66880.0,32.0,0.0,2090.0,0.0,0.0,550.0,0.0,0.0,0.0,hybrid,0.8152076123077123,0.99715840976255,1.0,0.0001664805608936308,-0.30468449084908555,19.0,1.0,0.468871125850723,0.17334567995969366,cons__hybrid,cons__hybrid,hetero,0.25,2,0,0.25
consensus,hybrid,20,60,ring_plus,-0.022276674198727378,0.022276674198727378,0.30288369031397444,2579,0.0,0.19309810003877473,0.0,0.0,2579.0,2081.0,0.8069018999612253,0.1930981000387747,66592.0,32.0,0.0,2081.0,0.0,0.0,498.0,0.0,0.0,0.0,hybrid,0.8744241998751315,0.8909350993297054,0.8,0.025495962423080137,-0.4370720367775881,16.0,1.0,0.4688711258507241,0.18116019872387268,cons__hybrid,cons__hybrid,hetero,0.25,3,0,0.25
consensus,hybrid,20,60,ring_plus,-0.00133407251464595,0.00133407251464595,0.003657354337631733,2633,0.0,0.20584884162552222,0.0,0.0,2633.0,2091.0,0.7941511583744778,0.2058488416255222,66912.0,32.0,0.0,2091.0,0.0,0.0,542.0,0.0,0.0,0.0,hybrid,0.8626568432752639,0.9306586894942515,0.9666666666666667,0.0018569721573138776,-0.25707637276758166,18.0,1.0,0.4688711258507239,0.2543694093671559,cons__hybrid,cons__hybrid,hetero,0.25,4,0,0.25
consensus,hybrid,20,60,ring_plus,-0.0003331208222870143,0.0003331208222870143,0.0019346148591296356,2611,0.0,0.19111451551129835,0.0,0.0,2611.0,2112.0,0.8088854844887017,0.19111451551129832,67584.0,32.0,0.0,2112.0,0.0,0.0,499.0,0.0,0.0,0.0,hybrid,0.8459704945353185,0.9557788260796409,0.95,0.0005243286813410354,-0.2545913622308081,14.0,1.0,0.4688711258507252,0.16410489404775383,cons__hybrid,cons__hybrid,hetero,0.25,5,0,0.25
consensus,hybrid,20,60,ring_plus,-0.03092502717973724,0.03092502717973724,0.003259268763480314,2623,0.0,0.1951963400686237,0.0,0.0,2623.0,2111.0,0.8048036599313763,0.19519634006862374,67552.0,32.0,0.0,2111.0,0.0,0.0,512.0,0.0,0.0,0.0,hybrid,0.9219471094602983,0.9012875944532159,1.0,0.042464446148973996,-0.34957014535466596,31.0,1.0,0.4688711258507254,0.20460375501640948,cons__hybrid,cons__hybrid,hetero,0.25,6,0,0.25
consensus,hybrid,20,60,ring_plus,-5.85013723148996e-05,5.85013723148996e-05,0.03931054134493721,2608,0.0,0.19670245398773006,0.0,0.0,2608.0,2095.0,0.80329754601227,0.19670245398773,67040.0,32.0,0.0,2095.0,0.0,0.0,513.0,0.0,0.0,0.0,hybrid,0.8103800568914815,0.9986621083817513,1.0,0.0001708253661489034,-0.32121744916596756,21.0,1.0,0.4688711258507245,0.1683717152716345,cons__hybrid,cons__hybrid,hetero,0.25,7,0,0.25
consensus,hybrid,20,60,ring_plus,-0.0014253000914157881,0.0014253000914157881,0.061984801779666775,2640,0.0,0.2109848484848485,0.0,0.0,2640.0,2083.0,0.7890151515151516,0.21098484848484844,66656.0,32.0,0.0,2083.0,0.0,0.0,557.0,0.0,0.0,0.0,hybrid,0.847083199891749,0.9846305457274809,0.9333333333333333,0.0015273839417298534,-0.22533694285943773,22.0,1.0,0.4688711258507255,0.21525882785670755,cons__hybrid,cons__hybrid,hetero,0.25,8,0,0.25
consensus,hybrid,20,60,ring_plus,-2.8672252873314806e-05,2.8672252873314806e-05,0.09651512914915902,2640,0.0,0.2125,0.0,0.0,2640.0,2079.0,0.7875,0.21250000000000002,66528.0,32.0,0.0,2079.0,0.0,0.0,561.0,0.0,0.0,0.0,hybrid,0.8246782972157272,0.9421363097765322,1.0,7.353426683320048e-05,-0.24589997429553895,11.0,1.0,0.46887112585072505,0.2074443090925284,cons__hybrid,cons__hybrid,hetero,0.25,9,0,0.25
consensus,hybrid,20,60,ring_plus,-0.04784811354072997,0.04784811354072997,0.0059523050109218404,2597,0.0,0.19753561802079322,0.0,0.0,2597.0,2084.0,0.8024643819792068,0.19753561802079322,66688.0,32.0,0.0,2084.0,0.0,0.0,513.0,0.0,0.0,0.0,hybrid,0.9433442556883505,0.59690705313125,0.75,0.0474410418296552,-0.18098925260581225,15.0,1.0,0.4688711258507252,0.21028486316864778,cons__hybrid,cons__hybrid,hetero,0.5,0,0,0.5
consensus,hybrid,20,60,ring_plus,-0.02228426679406754,0.02228426679406754,0.0013531058983801375,2511,0.0,0.20828355236957388,0.0,0.0,2511.0,1988.0,0.7917164476304261,0.20828355236957385,63616.0,32.0,0.0,1988.0,0.0,0.0,523.0,0.0,0.0,0.0,hybrid,0.9124790764490976,0.7922251593960085,0.85,0.022331552550196112,-0.28433181125762547,18.0,1.0,0.4688711258507247,0.16695742834327723,cons__hybrid,cons__hybrid,hetero,0.5,1,0,0.5
consensus,hybrid,20,60,ring_plus,-0.0025348985865240856,0.0025348985865240856,0.00018545407240569094,2471,0.0,0.20639417239983812,0.0,0.0,2471.0,1961.0,0.7936058276001619,0.20639417239983815,62752.0,32.0,0.0,1961.0,0.0,0.0,510.0,0.0,0.0,0.0,hybrid,0.8646656624726607,0.9569498202784114,1.0,0.0031734734062025707,-0.3046431711729041,21.0,1.0,0.468871125850723,0.1747909409522332,cons__hybrid,cons__hybrid,hetero,0.5,2,0,0.5
consensus,hybrid,20,60,ring_plus,-0.19697697320754134,0.19697697320754134,0.2971334439790967,2366,0.0,0.194843617920541,0.0,0.0,2366.0,1905.0,0.805156382079459,0.19484361792054095,60960.0,32.0,0.0,1905.0,0.0,0.0,461.0,0.0,0.0,0.0,hybrid,0.9425727843657514,0.829585231451755,0.8166666666666667,0.19694410654173097,-0.43416036512744133,40.0,1.0,0.4688711258507241,0.1506472548208918,cons__hybrid,cons__hybrid,hetero,0.5,3,0,0.5
consensus,hybrid,20,60,ring_plus,-0.10243831573200134,0.10243831573200134,0.018438692833181617,2584,0.0,0.20549535603715172,0.0,0.0,2584.0,2053.0,0.7945046439628483,0.20549535603715174,65696.0,32.0,0.0,2053.0,0.0,0.0,531.0,0.0,0.0,0.0,hybrid,0.9267243756850628,0.7763550239815546,0.7833333333333333,0.10397149190457507,-0.2553913020472924,25.0,1.0,0.4688711258507239,0.2053298923253653,cons__hybrid,cons__hybrid,hetero,0.5,4,0,0.5
consensus,hybrid,20,60,ring_plus,-0.023982099995840545,0.023982099995840545,0.0028651001728849865,2470,0.0,0.18785425101214576,0.0,0.0,2470.0,2006.0,0.8121457489878543,0.1878542510121457,64192.0,32.0,0.0,2006.0,0.0,0.0,464.0,0.0,0.0,0.0,hybrid,0.9039672755384132,0.8295455622849014,0.8666666666666667,0.022776021766484186,-0.2541972125779155,15.0,1.0,0.4688711258507252,0.15558323181939654,cons__hybrid,cons__hybrid,hetero,0.5,5,0,0.5
consensus,hybrid,20,60,ring_plus,-0.025180911766038087,0.025180911766038087,0.2418737517577451,2559,0.0,0.19382571316920671,0.0,0.0,2559.0,2063.0,0.8061742868307933,0.19382571316920671,66016.0,32.0,0.0,2063.0,0.0,0.0,496.0,0.0,0.0,0.0,hybrid,0.9158984178683415,0.7730179092299092,0.9,0.027005829457779598,-0.349665880611561,16.0,1.0,0.4688711258507254,0.17121226934775396,cons__hybrid,cons__hybrid,hetero,0.5,6,0,0.5
consensus,hybrid,20,60,ring_plus,-0.0697805913060461,0.0697805913060461,0.0517265129787738,2549,0.0,0.19615535504119264,0.0,0.0,2549.0,2049.0,0.8038446449588074,0.19615535504119264,65568.0,32.0,0.0,2049.0,0.0,0.0,500.0,0.0,0.0,0.0,hybrid,0.9200533473891035,0.9698858132773581,1.0,0.09948827942163063,-0.3200554143337388,43.0,1.0,0.4688711258507245,0.2074633029373059,cons__hybrid,cons__hybrid,hetero,0.5,7,0,0.5
consensus,hybrid,20,60,ring_plus,-0.026329634087610645,0.026329634087610645,0.15270248197020714,2623,0.0,0.211208539839878,0.0,0.0,2623.0,2069.0,0.788791460160122,0.21120853983987797,66208.0,32.0,0.0,2069.0,0.0,0.0,554.0,0.0,0.0,0.0,hybrid,0.922929373393994,0.9349137017282002,0.9833333333333333,0.04478016223936698,-0.22492187062616772,43.0,1.0,0.4688711258507255,0.19394868217611158,cons__hybrid,cons__hybrid,hetero,0.5,8,0,0.5
consensus,hybrid,20,60,ring_plus,-0.0011284445928614662,0.0011284445928614662,0.0991205147296537,2584,0.0,0.21091331269349844,0.0,0.0,2584.0,2039.0,0.7890866873065016,0.21091331269349844,65248.0,32.0,0.0,2039.0,0.0,0.0,545.0,0.0,0.0,0.0,hybrid,0.8146961102398972,0.9106697830196616,0.7833333333333333,0.0009091302126034168,-0.24588164475653915,11.0,1.0,0.46887112585072505,0.2209519162283497,cons__hybrid,cons__hybrid,hetero,0.5,9,0,0.5
consensus,hybrid,20,60,ring_plus,-0.19440566871888018,0.19440566871888018,0.019752623850577057,2433,0.0,0.19852034525277434,0.0,0.0,2433.0,1950.0,0.8014796547472256,0.1985203452527744,62400.0,32.0,0.0,1950.0,0.0,0.0,483.0,0.0,0.0,0.0,hybrid,0.9615530874457894,0.48687087169548837,0.7833333333333333,0.18970691239772783,-0.17854662668617646,,0.0,0.4688711258507252,0.16055719650745606,cons__hybrid,cons__hybrid,hetero,0.75,0,0,0.75
consensus,hybrid,20,60,ring_plus,-0.00641437220178807,0.00641437220178807,0.0014017172960695701,2221,0.0,0.20531292210715893,0.0,0.0,2221.0,1765.0,0.7946870778928411,0.2053129221071589,56480.0,32.0,0.0,1765.0,0.0,0.0,456.0,0.0,0.0,0.0,hybrid,0.8698770426833187,0.8619978490249744,0.9166666666666666,0.007625274493187992,-0.28459630950083015,18.0,1.0,0.4688711258507247,0.06962352541343016,cons__hybrid,cons__hybrid,hetero,0.75,1,0,0.75
consensus,hybrid,20,60,ring_plus,-0.43127698497996275,0.43127698497996275,0.02252475180698046,2028,0.0,0.20463510848126232,0.0,0.0,2028.0,1613.0,0.7953648915187377,0.20463510848126232,51616.0,32.0,0.0,1613.0,0.0,0.0,415.0,0.0,0.0,0.0,hybrid,0.9597581420196392,0.6872546360233169,0.7666666666666667,0.45436072925749027,-0.2974974697330135,,0.0,0.468871125850723,0.06466855457014782,cons__hybrid,cons__hybrid,hetero,0.75,2,0,0.75
consensus,hybrid,20,60,ring_plus,-0.04060694924990165,0.04060694924990165,0.24020878603822432,2178,0.0,0.19559228650137742,0.0,0.0,2178.0,1752.0,0.8044077134986226,0.1955922865013774,56064.0,32.0,0.0,1752.0,0.0,0.0,426.0,0.0,0.0,0.0,hybrid,0.9149643753212339,0.9316277728072195,0.85,0.06114024937115098,-0.43676653219340195,30.0,1.0,0.4688711258507241,0.051899064962687404,cons__hybrid,cons__hybrid,hetero,0.75,3,0,0.75
consensus,hybrid,20,60,ring_plus,-0.005817282529054348,0.005817282529054348,0.027615893140826242,2538,0.0,0.20606776989755712,0.0,0.0,2538.0,2015.0,0.7939322301024428,0.20606776989755715,64480.0,32.0,0.0,2015.0,0.0,0.0,523.0,0.0,0.0,0.0,hybrid,0.8980796203364058,0.8994364542558073,0.9166666666666666,0.013511650934699545,-0.25700165260067487,21.0,1.0,0.4688711258507239,0.16343573827313024,cons__hybrid,cons__hybrid,hetero,0.75,4,0,0.75
consensus,hybrid,20,60,ring_plus,-0.0322899546353058,0.0322899546353058,0.0019163970290072521,2137,0.0,0.18624239588207767,0.0,0.0,2137.0,1739.0,0.8137576041179223,0.1862423958820777,55648.0,32.0,0.0,1739.0,0.0,0.0,398.0,0.0,0.0,0.0,hybrid,0.8853476220471587,0.8948370878926489,0.7833333333333333,0.03480054169674336,-0.2540587483339244,22.0,1.0,0.4688711258507252,0.07033066887760887,cons__hybrid,cons__hybrid,hetero,0.75,5,0,0.75
consensus,hybrid,20,60,ring_plus,-0.010644460651232054,0.010644460651232054,0.2883174338283343,2478,0.0,0.19249394673123488,0.0,0.0,2478.0,2001.0,0.8075060532687651,0.19249394673123488,64032.0,32.0,0.0,2001.0,0.0,0.0,477.0,0.0,0.0,0.0,hybrid,0.9163412176802114,0.710885302621999,0.8833333333333333,0.01150893369390426,-0.3499081547968077,10.0,1.0,0.4688711258507254,0.12931811529551876,cons__hybrid,cons__hybrid,hetero,0.75,6,0,0.75
consensus,hybrid,20,60,ring_plus,-0.007288671401033571,0.007288671401033571,0.19192276868956235,2249,0.0,0.19919964428634948,0.0,0.0,2249.0,1801.0,0.8008003557136505,0.1991996442863495,57632.0,32.0,0.0,1801.0,0.0,0.0,448.0,0.0,0.0,0.0,hybrid,0.8851996990523885,0.9842341576701733,0.9666666666666667,0.011640705759415204,-0.3210969463321557,27.0,1.0,0.4688711258507245,0.07814518764178742,cons__hybrid,cons__hybrid,hetero,0.75,7,0,0.75
consensus,hybrid,20,60,ring_plus,-0.010794487089258087,0.010794487089258087,0.04438598423567357,2351,0.0,0.21054870267971076,0.0,0.0,2351.0,1856.0,0.7894512973202893,0.2105487026797107,59392.0,32.0,0.0,1856.0,0.0,0.0,495.0,0.0,0.0,0.0,hybrid,0.8923763915630571,0.9859289639983665,1.0,0.01903348180201282,-0.225180789742807,34.0,1.0,0.4688711258507255,0.08599769409552169,cons__hybrid,cons__hybrid,hetero,0.75,8,0,0.75
consensus,hybrid,20,60,ring_plus,-0.018923790607987063,0.018923790607987063,0.12738715008718976,2243,0.0,0.2108782880071333,0.0,0.0,2243.0,1770.0,0.7891217119928667,0.21087828800713326,56640.0,32.0,0.0,1770.0,0.0,0.0,473.0,0.0,0.0,0.0,hybrid,0.9277318950864826,0.6343833526483125,0.8333333333333334,0.019705989906721386,-0.24558505565628702,10.0,1.0,0.46887112585072505,0.07034966272238638,cons__hybrid,cons__hybrid,hetero,0.75,9,0,0.75
consensus,hybrid,20,60,ring_plus,-0.08375037484456815,0.08375037484456815,0.09474555418866779,2127,0.0,0.2007522331922896,0.0,0.0,2127.0,1700.0,0.7992477668077104,0.20075223319228963,54400.0,32.0,0.0,1700.0,0.0,0.0,427.0,0.0,0.0,0.0,hybrid,0.9417003414847765,0.7827855628645805,0.85,0.0866292466200802,-0.18039088158408165,40.0,1.0,0.4688711258507252,0.05470163134925119,cons__hybrid,cons__hybrid,hetero,1.0,0,0,1.0
consensus,hybrid,20,60,ring_plus,-0.7262663151030714,0.7262663151030714,0.18369808264975165,1787,0.0,0.20201454952434247,0.0,0.0,1787.0,1426.0,0.7979854504756575,0.2020145495243425,45632.0,32.0,0.0,1426.0,0.0,0.0,361.0,0.0,0.0,0.0,hybrid,0.9648866291658036,0.6321921389944369,0.7,0.7529048131509007,-0.2725987771191421,,0.0,0.4688711258507247,0.009947929376118943,cons__hybrid,cons__hybrid,hetero,1.0,1,0,1.0
consensus,hybrid,20,60,ring_plus,-0.23782884088940673,0.23782884088940673,0.015079127774142461,1627,0.0,0.20098340503995082,0.0,0.0,1627.0,1300.0,0.7990165949600492,0.20098340503995082,41600.0,32.0,0.0,1300.0,0.0,0.0,327.0,0.0,0.0,0.0,hybrid,0.9442250832926067,0.9041944536706213,0.9,0.2767602934724214,-0.30072160546785615,,0.0,0.468871125850723,0.02060300221641697,cons__hybrid,cons__hybrid,hetero,1.0,2,0,1.0
consensus,hybrid,20,60,ring_plus,-0.15380029294036227,0.15380029294036227,0.3768155096797693,2077,0.0,0.19499277804525758,0.0,0.0,2077.0,1672.0,0.8050072219547424,0.1949927780452576,53504.0,32.0,0.0,1672.0,0.0,0.0,405.0,0.0,0.0,0.0,hybrid,0.9392268100976753,0.909825538962736,0.7333333333333333,0.2495458722125294,-0.4348799764652275,53.0,1.0,0.4688711258507241,0.05685403580596937,cons__hybrid,cons__hybrid,hetero,1.0,3,0,1.0
consensus,hybrid,20,60,ring_plus,-0.08317063524110313,0.08317063524110313,0.011017695443491956,2399,0.0,0.20925385577323885,0.0,0.0,2399.0,1897.0,0.7907461442267611,0.20925385577323885,60704.0,32.0,0.0,1897.0,0.0,0.0,502.0,0.0,0.0,0.0,hybrid,0.8675125719294887,0.837934895230156,0.7,0.08585079508529507,-0.2557124300554741,17.0,1.0,0.4688711258507239,0.1406803315999949,cons__hybrid,cons__hybrid,hetero,1.0,4,0,1.0
consensus,hybrid,20,60,ring_plus,-0.22491750088003568,0.22491750088003568,0.01918514643259474,1632,0.0,0.19301470588235295,0.0,0.0,1632.0,1317.0,0.8069852941176471,0.19301470588235292,42144.0,32.0,0.0,1317.0,0.0,0.0,315.0,0.0,0.0,0.0,hybrid,0.9408758431523359,0.9353194899270585,0.8,0.3129739442710715,-0.25084828922984564,,0.0,0.4688711258507252,0.02841752098059581,cons__hybrid,cons__hybrid,hetero,1.0,5,0,1.0
consensus,hybrid,20,60,ring_plus,-0.003442224572320044,0.003442224572320044,0.4120667506594953,2349,0.0,0.19582801191996593,0.0,0.0,2349.0,1889.0,0.8041719880800341,0.1958280119199659,60448.0,32.0,0.0,1889.0,0.0,0.0,460.0,0.0,0.0,0.0,hybrid,0.8866173602950771,0.9072400405452025,0.9833333333333333,0.004614433432859847,-0.35002819206478963,21.0,1.0,0.4688711258507254,0.0880931170179068,cons__hybrid,cons__hybrid,hetero,1.0,6,0,1.0
consensus,hybrid,20,60,ring_plus,-0.6151265642790202,0.6151265642790202,0.03090296404136022,1833,0.0,0.19530823786142934,0.0,0.0,1833.0,1475.0,0.8046917621385706,0.19530823786142937,47200.0,32.0,0.0,1475.0,0.0,0.0,358.0,0.0,0.0,0.0,hybrid,0.9631589413112878,0.7214062305639857,0.7666666666666667,0.6204372377505334,-0.3109663147841892,,0.0,0.4688711258507245,0.0383654503567149,cons__hybrid,cons__hybrid,hetero,1.0,7,0,1.0
consensus,hybrid,20,60,ring_plus,-0.004910283037401484,0.004910283037401484,0.2528474827216558,2209,0.0,0.21231326392032593,0.0,0.0,2209.0,1740.0,0.7876867360796741,0.2123132639203259,55680.0,32.0,0.0,1740.0,0.0,0.0,469.0,0.0,0.0,0.0,hybrid,0.8803941379566059,0.9798322768181706,0.9666666666666667,0.010099782949836626,-0.2252788598103379,28.0,1.0,0.4688711258507255,0.05683504196119174,cons__hybrid,cons__hybrid,hetero,1.0,8,0,1.0
consensus,hybrid,20,60,ring_plus,-0.008967979960674659,0.008967979960674659,0.18645512156659033,1920,0.0,0.20729166666666668,0.0,0.0,1920.0,1522.0,0.7927083333333333,0.20729166666666665,48704.0,32.0,0.0,1522.0,0.0,0.0,398.0,0.0,0.0,0.0,hybrid,0.9135040443051605,0.841235217238336,0.7833333333333333,0.016662259454896394,-0.24575098583374225,17.0,1.0,0.46887112585072505,0.036232039744774514,cons__hybrid,cons__hybrid,hetero,1.0,9,0,1.0
