benchmark,strategy,n_agents,steps,topology,return,final_disagreement,consensus_error,msgs_sent,comm_mse,comm_zero_frac,comm_age_mean,comm_age_peak,sent_msgs,delivered_real_msgs,delivery_rate,loss_rate,delivered_bits,bits_per_delivered,status_none,status_delivered,status_replayed,status_spoofed,status_dropped,status_jammed,status_partitioned,status_stale,algo,lyap_rho,lyap_rho_r2,lyap_monotone_frac,lyap_ultimate_bound,lyap_mean_drift,time_to_eps,converged,nominal_lambda2,eff_lambda2,task,task_name,family,value,seed,episode
consensus,mean,20,60,ring_plus,-2.7282340889208936e-08,2.7282340889208936e-08,0.0016408928661126084,5040,0.0,0.0,0.0,0.0,5040.0,5040.0,1.0,0.0,161280.0,32.0,0.0,5040.0,0.0,0.0,0.0,0.0,0.0,0.0,mean,0.7358942085436929,0.9925317583695167,1.0,1.863792706410515e-07,-0.18178672071011878,9.0,1.0,1.399646125476325,1.3996461254763248,cons__mean,cons__mean,msg_drop,0.0,0,0
consensus,mean,20,60,ring_plus,-2.540133107053268e-07,2.540133107053268e-07,0.00048453446686209353,5400,0.0,0.0,0.0,0.0,5400.0,5400.0,1.0,0.0,172800.0,32.0,0.0,5400.0,0.0,0.0,0.0,0.0,0.0,0.0,mean,0.7510183855869336,0.998411949153818,1.0,1.799818348342342e-06,-0.28470321147063804,12.0,1.0,1.320493917398932,1.320493917398932,cons__mean,cons__mean,msg_drop,0.0,1,0
consensus,mean,20,60,ring_plus,-8.168897270614256e-10,8.168897270614256e-10,0.0012440764529735126,6120,0.0,0.0,0.0,0.0,6120.0,6120.0,1.0,0.0,195840.0,32.0,0.0,6120.0,0.0,0.0,0.0,0.0,0.0,0.0,mean,0.6822838278176631,0.9973996316268622,1.0,1.0277110011726397e-08,-0.30468541946906474,9.0,1.0,1.55469612182113,1.5546961218211295,cons__mean,cons__mean,msg_drop,0.0,2,0
consensus,mean,20,60,ring_plus,-1.44849267107655e-08,1.44849267107655e-08,0.019471394709923977,5040,0.0,0.0,0.0,0.0,5040.0,5040.0,1.0,0.0,161280.0,32.0,0.0,5040.0,0.0,0.0,0.0,0.0,0.0,0.0,mean,0.7101630463123513,0.9985650726029233,1.0,1.5671518029164446e-07,-0.43744331443948486,11.0,1.0,1.2627284000071304,1.2627284000071306,cons__mean,cons__mean,msg_drop,0.0,3,0
consensus,mean,20,60,ring_plus,-9.276754692133524e-08,9.276754692133524e-08,3.289845831358147e-05,5640,0.0,0.0,0.0,0.0,5640.0,5640.0,1.0,0.0,180480.0,32.0,0.0,5640.0,0.0,0.0,0.0,0.0,0.0,0.0,mean,0.7473228203439312,0.9943839413436558,1.0,5.841762267377446e-07,-0.2570986057633667,9.0,1.0,1.3711704029417888,1.3711704029417888,cons__mean,cons__mean,msg_drop,0.0,4,0
consensus,mean,20,60,ring_plus,-2.3477787254070522e-08,2.3477787254070522e-08,0.0037162859002191975,6360,0.0,0.0,0.0,0.0,6360.0,6360.0,1.0,0.0,203520.0,32.0,0.0,6360.0,0.0,0.0,0.0,0.0,0.0,0.0,mean,0.7191687973344563,0.9968099910770064,1.0,1.8721703839698926e-07,-0.25459691385321637,11.0,1.0,1.6160985120576443,1.616098512057644,cons__mean,cons__mean,msg_drop,0.0,5,0
consensus,mean,20,60,ring_plus,-5.570206765237664e-07,5.570206765237664e-07,5.444381155767587e-05,4680,0.0,0.0,0.0,0.0,4680.0,4680.0,1.0,0.0,149760.0,32.0,0.0,4680.0,0.0,0.0,0.0,0.0,0.0,0.0,mean,0.7682219554941994,0.9874776436152543,1.0,2.6186758839223734e-06,-0.35008555319065043,9.0,1.0,0.9450014459069909,0.9450014459069908,cons__mean,cons__mean,msg_drop,0.0,6,0
consensus,mean,20,60,ring_plus,-1.7240977534037544e-11,1.7240977534037544e-11,0.0002635716035891913,6480,0.0,0.0,0.0,0.0,6480.0,6480.0,1.0,0.0,207360.0,32.0,0.0,6480.0,0.0,0.0,0.0,0.0,0.0,0.0,mean,0.6407059489560791,0.9952688870731727,1.0,2.826947437737647e-10,-0.32121842418855234,7.0,1.0,2.218617553571293,2.218617553571293,cons__mean,cons__mean,msg_drop,0.0,7,0
consensus,mean,20,60,ring_plus,-4.581667026258216e-05,4.581667026258216e-05,0.010348279756478822,4200,0.0,0.0,0.0,0.0,4200.0,4200.0,1.0,0.0,134400.0,32.0,0.0,4200.0,0.0,0.0,0.0,0.0,0.0,0.0,mean,0.8317451493013875,0.9913815833731552,1.0,0.0001402144553736957,-0.2253599342497902,15.0,1.0,0.7964836768628718,0.7964836768628717,cons__mean,cons__mean,msg_drop,0.0,8,0
consensus,mean,20,60,ring_plus,-1.842855635986362e-05,1.842855635986362e-05,7.788988655482558e-06,5280,0.0,0.0,0.0,0.0,5280.0,5280.0,1.0,0.0,168960.0,32.0,0.0,5280.0,0.0,0.0,0.0,0.0,0.0,0.0,mean,0.8215139615751635,0.9869105412873541,1.0,5.994455747389067e-05,-0.2459001450238141,12.0,1.0,0.9413291035084279,0.9413291035084281,cons__mean,cons__mean,msg_drop,0.0,9,0
consensus,mean,20,60,ring_plus,-4.513610988183262e-08,4.513610988183262e-08,0.0007383389104454764,5040,0.0,0.10277777777777777,0.0,0.0,5040.0,4522.0,0.8972222222222223,0.10277777777777775,144704.0,32.0,0.0,4522.0,0.0,0.0,518.0,0.0,0.0,0.0,mean,0.7416764636717462,0.993286698053061,1.0,2.8992996029217424e-07,-0.1817867204125559,9.0,1.0,1.399646125476325,1.3458235410014037,cons__mean,cons__mean,msg_drop,0.1,0,0
consensus,mean,20,60,ring_plus,-2.935243875203763e-07,2.935243875203763e-07,0.0008076014255566271,5400,0.0,0.1037037037037037,0.0,0.0,5400.0,4840.0,0.8962962962962963,0.10370370370370374,154880.0,32.0,0.0,4840.0,0.0,0.0,560.0,0.0,0.0,0.0,mean,0.7527233697114167,0.9983671539483283,1.0,1.961491200981427e-06,-0.28470321081212013,12.0,1.0,1.320493917398932,1.2572950674741608,cons__mean,cons__mean,msg_drop,0.1,1,0
consensus,mean,20,60,ring_plus,-1.38266335490184e-09,1.38266335490184e-09,0.004539606283192821,6120,0.0,0.10326797385620914,0.0,0.0,6120.0,5488.0,0.8967320261437909,0.10326797385620912,175616.0,32.0,0.0,5488.0,0.0,0.0,632.0,0.0,0.0,0.0,mean,0.6895625995479159,0.9969070581752959,1.0,1.6324823474642686e-08,-0.30468541945963523,9.0,1.0,1.55469612182113,1.5299830364930147,cons__mean,cons__mean,msg_drop,0.1,2,0
consensus,mean,20,60,ring_plus,-1.1821040488624546e-08,1.1821040488624546e-08,0.013313611694802116,5040,0.0,0.09345238095238095,0.0,0.0,5040.0,4569.0,0.906547619047619,0.09345238095238095,146208.0,32.0,0.0,4569.0,0.0,0.0,471.0,0.0,0.0,0.0,mean,0.7087587618421656,0.9982193098684851,1.0,1.3401215085068118e-07,-0.4374433144838829,11.0,1.0,1.2627284000071304,1.2353733719202542,cons__mean,cons__mean,msg_drop,0.1,3,0
consensus,mean,20,60,ring_plus,-8.314095607859033e-08,8.314095607859033e-08,1.0625456309606336e-05,5640,0.0,0.1026595744680851,0.0,0.0,5640.0,5061.0,0.8973404255319148,0.10265957446808516,161952.0,32.0,0.0,5061.0,0.0,0.0,579.0,0.0,0.0,0.0,mean,0.7454101973637842,0.9940149137650327,1.0,5.160774760867209e-07,-0.25709860592380984,9.0,1.0,1.3711704029417888,1.3207138697044611,cons__mean,cons__mean,msg_drop,0.1,4,0
consensus,mean,20,60,ring_plus,-2.5031823764426193e-08,2.5031823764426193e-08,0.0008848641939454756,6360,0.0,0.09827044025157233,0.0,0.0,6360.0,5735.0,0.9017295597484277,0.09827044025157228,183520.0,32.0,0.0,5735.0,0.0,0.0,625.0,0.0,0.0,0.0,mean,0.7214077426850946,0.9977236440820078,1.0,2.2594673674820427e-07,-0.2545969138273158,11.0,1.0,1.6160985120576443,1.583621832579197,cons__mean,cons__mean,msg_drop,0.1,5,0
consensus,mean,20,60,ring_plus,-2.9391012621234507e-07,2.9391012621234507e-07,0.0001967675990916519,4680,0.0,0.09658119658119659,0.0,0.0,4680.0,4228.0,0.9034188034188034,0.09658119658119657,135296.0,32.0,0.0,4228.0,0.0,0.0,452.0,0.0,0.0,0.0,mean,0.7597935471773395,0.9860865398704144,1.0,1.4633441230210559e-06,-0.3500855575758261,9.0,1.0,0.9450014459069909,0.8957994866615863,cons__mean,cons__mean,msg_drop,0.1,6,0
consensus,mean,20,60,ring_plus,-1.8339908811046975e-11,1.8339908811046975e-11,0.00031781337932524625,6480,0.0,0.10030864197530864,0.0,0.0,6480.0,5830.0,0.8996913580246914,0.10030864197530864,186560.0,32.0,0.0,5830.0,0.0,0.0,650.0,0.0,0.0,0.0,mean,0.6395741585834958,0.9947869929707855,1.0,2.6415044155466746e-10,-0.32121842418853397,7.0,1.0,2.218617553571293,2.1395397467772024,cons__mean,cons__mean,msg_drop,0.1,7,0
consensus,mean,20,60,ring_plus,-5.098333354116395e-05,5.098333354116395e-05,0.011765048539265584,4200,0.0,0.10809523809523809,0.0,0.0,4200.0,3746.0,0.8919047619047619,0.10809523809523813,119872.0,32.0,0.0,3746.0,0.0,0.0,454.0,0.0,0.0,0.0,mean,0.8344459246066827,0.9890163551291355,1.0,0.0001572054404604005,-0.22535984813873552,14.0,1.0,0.7964836768628718,0.7332449500908755,cons__mean,cons__mean,msg_drop,0.1,8,0
consensus,mean,20,60,ring_plus,-1.751586276185804e-05,1.751586276185804e-05,9.890884461969108e-05,5280,0.0,0.10340909090909091,0.0,0.0,5280.0,4734.0,0.8965909090909091,0.1034090909090909,151488.0,32.0,0.0,4734.0,0.0,0.0,546.0,0.0,0.0,0.0,mean,0.8211384491059877,0.9851450157512172,1.0,5.399467739632542e-05,-0.24590016023537412,11.0,1.0,0.9413291035084279,0.9246306127261071,cons__mean,cons__mean,msg_drop,0.1,9,0
consensus,mean,20,60,ring_plus,-5.217228397962394e-08,5.217228397962394e-08,0.0014826147971316636,5040,0.0,0.29543650793650794,0.0,0.0,5040.0,3551.0,0.7045634920634921,0.2954365079365079,113632.0,32.0,0.0,3551.0,0.0,0.0,1489.0,0.0,0.0,0.0,mean,0.7409225007932936,0.9933811799926648,1.0,3.4038495183589134e-07,-0.18178672029528634,9.0,1.0,1.399646125476325,0.9593085927552825,cons__mean,cons__mean,msg_drop,0.3,0,0
consensus,mean,20,60,ring_plus,-3.6397876352134335e-07,3.6397876352134335e-07,0.000810014629749808,5400,0.0,0.3042592592592593,0.0,0.0,5400.0,3757.0,0.6957407407407408,0.30425925925925923,120224.0,32.0,0.0,3757.0,0.0,0.0,1643.0,0.0,0.0,0.0,mean,0.7563651627768142,0.9961313915562205,1.0,2.216437094015797e-06,-0.28470320963788065,12.0,1.0,1.320493917398932,0.8757031879896017,cons__mean,cons__mean,msg_drop,0.3,1,0
consensus,mean,20,60,ring_plus,-1.5263814563990468e-09,1.5263814563990468e-09,0.0023225390182646096,6120,0.0,0.30637254901960786,0.0,0.0,6120.0,4245.0,0.6936274509803921,0.30637254901960786,135840.0,32.0,0.0,4245.0,0.0,0.0,1875.0,0.0,0.0,0.0,mean,0.69043968558887,0.9976133134436996,1.0,1.888094177850842e-08,-0.30468541945723987,9.0,1.0,1.55469612182113,1.2029979528235235,cons__mean,cons__mean,msg_drop,0.3,2,0
consensus,mean,20,60,ring_plus,-5.990223661391156e-08,5.990223661391156e-08,0.020517813261424222,5040,0.0,0.2871031746031746,0.0,0.0,5040.0,3593.0,0.7128968253968254,0.2871031746031746,114976.0,32.0,0.0,3593.0,0.0,0.0,1447.0,0.0,0.0,0.0,mean,0.7280429522744922,0.9982935055827792,1.0,4.879644527023647e-07,-0.4374433136825298,11.0,1.0,1.2627284000071304,0.9577050629098172,cons__mean,cons__mean,msg_drop,0.3,3,0
consensus,mean,20,60,ring_plus,-3.401068839014355e-08,3.401068839014355e-08,0.002017926513343644,5640,0.0,0.299822695035461,0.0,0.0,5640.0,3949.0,0.700177304964539,0.299822695035461,126368.0,32.0,0.0,3949.0,0.0,0.0,1691.0,0.0,0.0,0.0,mean,0.7366642808162929,0.9941260914265615,1.0,2.368840739846945e-07,-0.2570986067426476,8.0,1.0,1.3711704029417888,1.0148743174324646,cons__mean,cons__mean,msg_drop,0.3,4,0
consensus,mean,20,60,ring_plus,-5.466031034651938e-09,5.466031034651938e-09,0.0009360861134377881,6360,0.0,0.3007861635220126,0.0,0.0,6360.0,4447.0,0.6992138364779874,0.3007861635220126,142304.0,32.0,0.0,4447.0,0.0,0.0,1913.0,0.0,0.0,0.0,mean,0.6974629029828682,0.9971574318432822,1.0,5.1424912494118944e-08,-0.2545969141534123,12.0,1.0,1.6160985120576443,1.2695270368522074,cons__mean,cons__mean,msg_drop,0.3,5,0
consensus,mean,20,60,ring_plus,-9.106544605713481e-07,9.106544605713481e-07,0.00011248523349041085,4680,0.0,0.29423076923076924,0.0,0.0,4680.0,3303.0,0.7057692307692308,0.2942307692307692,105696.0,32.0,0.0,3303.0,0.0,0.0,1377.0,0.0,0.0,0.0,mean,0.77266176982511,0.989698210104975,1.0,4.3657450128157255e-06,-0.3500855472967539,10.0,1.0,0.9450014459069909,0.6385712146617054,cons__mean,cons__mean,msg_drop,0.3,6,0
consensus,mean,20,60,ring_plus,-8.08592881048036e-11,8.08592881048036e-11,0.0008232699388007891,6480,0.0,0.2983024691358025,0.0,0.0,6480.0,4547.0,0.7016975308641975,0.2983024691358025,145504.0,32.0,0.0,4547.0,0.0,0.0,1933.0,0.0,0.0,0.0,mean,0.6571890727497925,0.9951416518064683,1.0,1.1818397106940427e-09,-0.3212184241874919,8.0,1.0,2.218617553571293,1.6531050140173542,cons__mean,cons__mean,msg_drop,0.3,7,0
consensus,mean,20,60,ring_plus,-5.735078878360695e-05,5.735078878360695e-05,0.003219945091599253,4200,0.0,0.31642857142857145,0.0,0.0,4200.0,2871.0,0.6835714285714286,0.3164285714285714,91872.0,32.0,0.0,2871.0,0.0,0.0,1329.0,0.0,0.0,0.0,mean,0.8321858869982275,0.9873997304942903,1.0,0.00017364900442042613,-0.22535974201448153,15.0,1.0,0.7964836768628718,0.4991524113307339,cons__mean,cons__mean,msg_drop,0.3,8,0
consensus,mean,20,60,ring_plus,-1.9397431585148744e-05,1.9397431585148744e-05,0.003148461868299217,5280,0.0,0.29848484848484846,0.0,0.0,5280.0,3704.0,0.7015151515151515,0.29848484848484846,118528.0,32.0,0.0,3704.0,0.0,0.0,1576.0,0.0,0.0,0.0,mean,0.8201345857820557,0.9839662278654784,1.0,5.824369190226113e-05,-0.24590012887589371,11.0,1.0,0.9413291035084279,0.7112043835761201,cons__mean,cons__mean,msg_drop,0.3,9,0
consensus,mean,20,60,ring_plus,-1.889277445078099e-08,1.889277445078099e-08,0.004567533032309552,5040,0.0,0.49484126984126986,0.0,0.0,5040.0,2546.0,0.5051587301587301,0.49484126984126986,81472.0,32.0,0.0,2546.0,0.0,0.0,2494.0,0.0,0.0,0.0,mean,0.7193026185588939,0.9944832643382131,1.0,1.3632995264927478e-07,-0.18178672084994488,11.0,1.0,1.399646125476325,0.46572623705989064,cons__mean,cons__mean,msg_drop,0.5,0,0
consensus,mean,20,60,ring_plus,-4.586601263883119e-07,4.586601263883119e-07,0.0006991889183308157,5400,0.0,0.5125925925925926,0.0,0.0,5400.0,2632.0,0.4874074074074074,0.5125925925925926,84224.0,32.0,0.0,2632.0,0.0,0.0,2768.0,0.0,0.0,0.0,mean,0.75959247889839,0.9845217395628377,1.0,2.0712832553533316e-06,-0.2847032080598578,10.0,1.0,1.320493917398932,0.4429876743775902,cons__mean,cons__mean,msg_drop,0.5,1,0
consensus,mean,20,60,ring_plus,-6.6584728433883885e-09,6.6584728433883885e-09,0.0029639526951452024,6120,0.0,0.4980392156862745,0.0,0.0,6120.0,3072.0,0.5019607843137255,0.4980392156862745,98304.0,32.0,0.0,3072.0,0.0,0.0,3048.0,0.0,0.0,0.0,mean,0.7051443032456446,0.9973430575906063,1.0,5.334178236315016e-08,-0.30468541937170496,9.0,1.0,1.55469612182113,0.6509571682410304,cons__mean,cons__mean,msg_drop,0.5,2,0
consensus,mean,20,60,ring_plus,-2.4591041672052496e-07,2.4591041672052496e-07,0.016533490324499283,5040,0.0,0.49126984126984125,0.0,0.0,5040.0,2564.0,0.5087301587301587,0.4912698412698413,82048.0,32.0,0.0,2564.0,0.0,0.0,2476.0,0.0,0.0,0.0,mean,0.7402382442204283,0.9984912506830843,1.0,1.7340582425281259e-06,-0.43744331058239344,13.0,1.0,1.2627284000071304,0.4408661274809896,cons__mean,cons__mean,msg_drop,0.5,3,0
consensus,mean,20,60,ring_plus,-1.1100722593869272e-07,1.1100722593869272e-07,0.006750660529677874,5640,0.0,0.4929078014184397,0.0,0.0,5640.0,2860.0,0.5070921985815603,0.4929078014184397,91520.0,32.0,0.0,2860.0,0.0,0.0,2780.0,0.0,0.0,0.0,mean,0.7447585308208057,0.9949579347528184,1.0,6.284111974592643e-07,-0.2570986054593721,11.0,1.0,1.3711704029417888,0.5340062463253034,cons__mean,cons__mean,msg_drop,0.5,4,0
consensus,mean,20,60,ring_plus,-1.0191287700603793e-07,1.0191287700603793e-07,0.011993670407119982,6360,0.0,0.4982704402515723,0.0,0.0,6360.0,3191.0,0.5017295597484277,0.4982704402515723,102112.0,32.0,0.0,3191.0,0.0,0.0,3169.0,0.0,0.0,0.0,mean,0.736713846844107,0.9963542239888995,1.0,6.617358587505715e-07,-0.2545969125459649,13.0,1.0,1.6160985120576443,0.6971942483963592,cons__mean,cons__mean,msg_drop,0.5,5,0
consensus,mean,20,60,ring_plus,-2.611674999098844e-05,2.611674999098844e-05,0.002710833265492901,4680,0.0,0.49572649572649574,0.0,0.0,4680.0,2360.0,0.5042735042735043,0.49572649572649574,75520.0,32.0,0.0,2360.0,0.0,0.0,2320.0,0.0,0.0,0.0,mean,0.8232013494331685,0.9820578915102163,0.9833333333333333,0.00015760189998465266,-0.35008512719516177,13.0,1.0,0.9450014459069909,0.27277121403268756,cons__mean,cons__mean,msg_drop,0.5,6,0
consensus,mean,20,60,ring_plus,-8.246598644554382e-10,8.246598644554382e-10,0.001162657370863749,6480,0.0,0.49382716049382713,0.0,0.0,6480.0,3280.0,0.5061728395061729,0.49382716049382713,104960.0,32.0,0.0,3280.0,0.0,0.0,3200.0,0.0,0.0,0.0,mean,0.6832458133064021,0.9958362119733613,1.0,9.274710171841623e-09,-0.3212184241750952,8.0,1.0,2.218617553571293,0.9086323039632471,cons__mean,cons__mean,msg_drop,0.5,7,0
consensus,mean,20,60,ring_plus,-7.071922197025373e-06,7.071922197025373e-06,0.006359338679233767,4200,0.0,0.5102380952380953,0.0,0.0,4200.0,2057.0,0.4897619047619048,0.5102380952380952,65824.0,32.0,0.0,2057.0,0.0,0.0,2143.0,0.0,0.0,0.0,mean,0.7988398136065021,0.9970455134080116,1.0,2.8863265692870508e-05,-0.2253605799955913,15.0,1.0,0.7964836768628718,0.16321375206624472,cons__mean,cons__mean,msg_drop,0.5,8,0
consensus,mean,20,60,ring_plus,-8.387855272291853e-05,8.387855272291853e-05,0.000726004494344992,5280,0.0,0.5085227272727273,0.0,0.0,5280.0,2595.0,0.4914772727272727,0.5085227272727273,83040.0,32.0,0.0,2595.0,0.0,0.0,2685.0,0.0,0.0,0.0,mean,0.836643246105142,0.9809700332771331,0.9833333333333333,0.00018698914296575881,-0.2458990541905414,13.0,1.0,0.9413291035084279,0.3273502839712116,cons__mean,cons__mean,msg_drop,0.5,9,0
consensus,mean,20,60,ring_plus,-6.161978898717307e-06,6.161978898717307e-06,0.0006155531386211843,5040,0.0,0.7055555555555556,0.0,0.0,5040.0,1484.0,0.29444444444444445,0.7055555555555555,47488.0,32.0,0.0,1484.0,0.0,0.0,3556.0,0.0,0.0,0.0,mean,0.7994540210213739,0.9920528676512991,0.9833333333333333,3.866663890246946e-05,-0.18178661846517616,16.0,1.0,1.399646125476325,0.046566637152139295,cons__mean,cons__mean,msg_drop,0.7,0,0
consensus,mean,20,60,ring_plus,-4.6334681713581555e-05,4.6334681713581555e-05,0.0010008823434132152,5400,0.0,0.7096296296296296,0.0,0.0,5400.0,1568.0,0.2903703703703704,0.7096296296296296,50176.0,32.0,0.0,1568.0,0.0,0.0,3832.0,0.0,0.0,0.0,mean,0.822903209580443,0.9833016831922587,0.9833333333333333,0.00014295161189502358,-0.2847024434594981,14.0,1.0,1.320493917398932,0.06452021598943526,cons__mean,cons__mean,msg_drop,0.7,1,0
consensus,mean,20,60,ring_plus,-1.9846772590164363e-07,1.9846772590164363e-07,0.0003009091238967608,6120,0.0,0.6962418300653594,0.0,0.0,6120.0,1859.0,0.3037581699346405,0.6962418300653594,59488.0,32.0,0.0,1859.0,0.0,0.0,4261.0,0.0,0.0,0.0,mean,0.7557098401069701,0.9919996710286328,0.9833333333333333,1.2879353850369956e-06,-0.30468541617488404,10.0,1.0,1.55469612182113,0.14922604732916292,cons__mean,cons__mean,msg_drop,0.7,2,0
consensus,mean,20,60,ring_plus,-3.3649853733271926e-05,3.3649853733271926e-05,0.0020310089423155892,5040,0.0,0.694047619047619,0.0,0.0,5040.0,1542.0,0.305952380952381,0.694047619047619,49344.0,32.0,0.0,1542.0,0.0,0.0,3498.0,0.0,0.0,0.0,mean,0.795519675970763,0.9946827497245545,0.9833333333333333,8.449885326851375e-05,-0.43744275385000475,18.0,1.0,1.2627284000071304,0.041855558823667136,cons__mean,cons__mean,msg_drop,0.7,3,0
consensus,mean,20,60,ring_plus,-1.5626608546082914e-06,1.5626608546082914e-06,0.0004898792982350721,5640,0.0,0.6948581560283688,0.0,0.0,5640.0,1721.0,0.3051418439716312,0.6948581560283689,55072.0,32.0,0.0,1721.0,0.0,0.0,3919.0,0.0,0.0,0.0,mean,0.7778808165480011,0.9955003101151927,1.0,8.479401725955102e-06,-0.25709858126514484,12.0,1.0,1.3711704029417888,0.09066820728530764,cons__mean,cons__mean,msg_drop,0.7,4,0
consensus,mean,20,60,ring_plus,-1.1664450097961204e-06,1.1664450097961204e-06,0.005261982381783732,6360,0.0,0.7067610062893082,0.0,0.0,6360.0,1865.0,0.29323899371069184,0.7067610062893082,59680.0,32.0,0.0,1865.0,0.0,0.0,4495.0,0.0,0.0,0.0,mean,0.7622145699132062,0.9939546496916646,1.0,4.645646581722227e-06,-0.2545968948037627,15.0,1.0,1.6160985120576443,0.09930048061124386,cons__mean,cons__mean,msg_drop,0.7,5,0
consensus,mean,20,60,ring_plus,-0.00026769164957057476,0.00026769164957057476,0.0036875624445108493,4680,0.0,0.701068376068376,0.0,0.0,4680.0,1399.0,0.2989316239316239,0.701068376068376,44768.0,32.0,0.0,1399.0,0.0,0.0,3281.0,0.0,0.0,0.0,mean,0.8534395091736185,0.977934759997953,0.95,0.0011684814130040288,-0.35008110094683537,16.0,1.0,0.9450014459069909,0.022828728296464252,cons__mean,cons__mean,msg_drop,0.7,6,0
consensus,mean,20,60,ring_plus,-4.1124650136107005e-08,4.1124650136107005e-08,0.005047386758964758,6480,0.0,0.691358024691358,0.0,0.0,6480.0,2000.0,0.30864197530864196,0.691358024691358,64000.0,32.0,0.0,2000.0,0.0,0.0,4480.0,0.0,0.0,0.0,mean,0.7335870504365688,0.9903065733681221,0.9833333333333333,2.1834569718744238e-07,-0.3212184235034287,9.0,1.0,2.218617553571293,0.1984154580251666,cons__mean,cons__mean,msg_drop,0.7,7,0
consensus,mean,20,60,ring_plus,-0.0009349476596982265,0.0009349476596982265,4.714703825649115e-05,4200,0.0,0.7014285714285714,0.0,0.0,4200.0,1254.0,0.2985714285714286,0.7014285714285714,40128.0,32.0,0.0,1254.0,0.0,0.0,2946.0,0.0,0.0,0.0,mean,0.8589967698423615,0.9945123833823011,1.0,0.0017951659635840498,-0.22534511539996632,25.0,1.0,0.7964836768628718,0.00760520127541535,cons__mean,cons__mean,msg_drop,0.7,8,0
consensus,mean,20,60,ring_plus,-0.004596041449035057,0.004596041449035057,0.02457091766547593,5280,0.0,0.709280303030303,0.0,0.0,5280.0,1535.0,0.29071969696969696,0.709280303030303,49120.0,32.0,0.0,1535.0,0.0,0.0,3745.0,0.0,0.0,0.0,mean,0.8899028806590747,0.9737703948761488,0.9833333333333333,0.0075046155015940546,-0.2458238514756029,27.0,1.0,0.9413291035084279,0.02235317116297634,cons__mean,cons__mean,msg_drop,0.7,9,0
consensus,mean,20,60,ring_plus,-10.907203269889466,10.907203269889466,0.5453601634944734,5040,0.0,1.0,0.0,0.0,5040.0,0.0,0.0,1.0,0.0,0.0,0.0,0.0,0.0,0.0,5040.0,0.0,0.0,0.0,mean,1.0,0.0,1.0,10.907203269889466,0.0,,0.0,1.399646125476325,0.0,cons__mean,cons__mean,msg_drop,1.0,0,0
consensus,mean,20,60,ring_plus,-17.0821929422516,17.0821929422516,0.85410964711258,5400,0.0,1.0,0.0,0.0,5400.0,0.0,0.0,1.0,0.0,0.0,0.0,0.0,0.0,0.0,5400.0,0.0,0.0,0.0,mean,1.0,0.0,1.0,17.0821929422516,0.0,,0.0,1.320493917398932,0.0,cons__mean,cons__mean,msg_drop,1.0,1,0
consensus,mean,20,60,ring_plus,-18.281125168960774,18.281125168960774,0.9140562584480387,6120,0.0,1.0,0.0,0.0,6120.0,0.0,0.0,1.0,0.0,0.0,0.0,0.0,0.0,0.0,6120.0,0.0,0.0,0.0,mean,1.0,0.0,1.0,18.281125168960777,0.0,,0.0,1.55469612182113,0.0,cons__mean,cons__mean,msg_drop,1.0,2,0
consensus,mean,20,60,ring_plus,-26.24659888085402,26.24659888085402,1.312329944042701,5040,0.0,1.0,0.0,0.0,5040.0,0.0,0.0,1.0,0.0,0.0,0.0,0.0,0.0,0.0,5040.0,0.0,0.0,0.0,mean,1.0,0.0,1.0,26.246598880854023,0.0,,0.0,1.2627284000071304,0.0,cons__mean,cons__mean,msg_drop,1.0,3,0
consensus,mean,20,60,ring_plus,-15.425916438569548,15.425916438569548,0.7712958219284773,5640,0.0,1.0,0.0,0.0,5640.0,0.0,0.0,1.0,0.0,0.0,0.0,0.0,0.0,0.0,5640.0,0.0,0.0,0.0,mean,1.0,0.0,1.0,15.425916438569546,0.0,,0.0,1.3711704029417888,0.0,cons__mean,cons__mean,msg_drop,1.0,4,0
consensus,mean,20,60,ring_plus,-15.27581485467077,15.27581485467077,0.7637907427335385,6360,0.0,1.0,0.0,0.0,6360.0,0.0,0.0,1.0,0.0,0.0,0.0,0.0,0.0,0.0,6360.0,0.0,0.0,0.0,mean,1.0,0.0,1.0,15.275814854670775,0.0,,0.0,1.6160985120576443,0.0,cons__mean,cons__mean,msg_drop,1.0,5,0
consensus,mean,20,60,ring_plus,-21.005133748459695,21.005133748459695,1.0502566874229848,4680,0.0,1.0,0.0,0.0,4680.0,0.0,0.0,1.0,0.0,0.0,0.0,0.0,0.0,0.0,4680.0,0.0,0.0,0.0,mean,1.0,0.0,1.0,21.00513374845969,0.0,,0.0,0.9450014459069909,0.0,cons__mean,cons__mean,msg_drop,1.0,6,0
consensus,mean,20,60,ring_plus,-19.273105451330373,19.273105451330373,0.9636552725665186,6480,0.0,1.0,0.0,0.0,6480.0,0.0,0.0,1.0,0.0,0.0,0.0,0.0,0.0,0.0,6480.0,0.0,0.0,0.0,mean,1.0,0.0,1.0,19.27310545133037,0.0,,0.0,2.218617553571293,0.0,cons__mean,cons__mean,msg_drop,1.0,7,0
consensus,mean,20,60,ring_plus,-13.521641871657677,13.521641871657677,0.6760820935828838,4200,0.0,1.0,0.0,0.0,4200.0,0.0,0.0,1.0,0.0,0.0,0.0,0.0,0.0,0.0,4200.0,0.0,0.0,0.0,mean,1.0,0.0,1.0,13.521641871657673,0.0,,0.0,0.7964836768628718,0.0,cons__mean,cons__mean,msg_drop,1.0,8,0
consensus,mean,20,60,ring_plus,-14.754027129985209,14.754027129985209,0.7377013564992605,5280,0.0,1.0,0.0,0.0,5280.0,0.0,0.0,1.0,0.0,0.0,0.0,0.0,0.0,0.0,5280.0,0.0,0.0,0.0,mean,1.0,0.0,1.0,14.75402712998521,0.0,,0.0,0.9413291035084279,0.0,cons__mean,cons__mean,msg_drop,1.0,9,0
consensus,mean,20,60,ring_plus,-2.7282340889208936e-08,2.7282340889208936e-08,0.0016408928661126084,5040,0.0,0.0,0.0,0.0,5040.0,5040.0,1.0,0.0,161280.0,32.0,0.0,5040.0,0.0,0.0,0.0,0.0,0.0,0.0,mean,0.7358942085436929,0.9925317583695167,1.0,1.863792706410515e-07,-0.18178672071011878,9.0,1.0,1.399646125476325,1.3996461254763248,cons__mean,cons__mean,latency,0.0,0,0
consensus,mean,20,60,ring_plus,-2.540133107053268e-07,2.540133107053268e-07,0.00048453446686209353,5400,0.0,0.0,0.0,0.0,5400.0,5400.0,1.0,0.0,172800.0,32.0,0.0,5400.0,0.0,0.0,0.0,0.0,0.0,0.0,mean,0.7510183855869336,0.998411949153818,1.0,1.799818348342342e-06,-0.28470321147063804,12.0,1.0,1.320493917398932,1.320493917398932,cons__mean,cons__mean,latency,0.0,1,0
consensus,mean,20,60,ring_plus,-8.168897270614256e-10,8.168897270614256e-10,0.0012440764529735126,6120,0.0,0.0,0.0,0.0,6120.0,6120.0,1.0,0.0,195840.0,32.0,0.0,6120.0,0.0,0.0,0.0,0.0,0.0,0.0,mean,0.6822838278176631,0.9973996316268622,1.0,1.0277110011726397e-08,-0.30468541946906474,9.0,1.0,1.55469612182113,1.5546961218211295,cons__mean,cons__mean,latency,0.0,2,0
consensus,mean,20,60,ring_plus,-1.44849267107655e-08,1.44849267107655e-08,0.019471394709923977,5040,0.0,0.0,0.0,0.0,5040.0,5040.0,1.0,0.0,161280.0,32.0,0.0,5040.0,0.0,0.0,0.0,0.0,0.0,0.0,mean,0.7101630463123513,0.9985650726029233,1.0,1.5671518029164446e-07,-0.43744331443948486,11.0,1.0,1.2627284000071304,1.2627284000071306,cons__mean,cons__mean,latency,0.0,3,0
consensus,mean,20,60,ring_plus,-9.276754692133524e-08,9.276754692133524e-08,3.289845831358147e-05,5640,0.0,0.0,0.0,0.0,5640.0,5640.0,1.0,0.0,180480.0,32.0,0.0,5640.0,0.0,0.0,0.0,0.0,0.0,0.0,mean,0.7473228203439312,0.9943839413436558,1.0,5.841762267377446e-07,-0.2570986057633667,9.0,1.0,1.3711704029417888,1.3711704029417888,cons__mean,cons__mean,latency,0.0,4,0
consensus,mean,20,60,ring_plus,-2.3477787254070522e-08,2.3477787254070522e-08,0.0037162859002191975,6360,0.0,0.0,0.0,0.0,6360.0,6360.0,1.0,0.0,203520.0,32.0,0.0,6360.0,0.0,0.0,0.0,0.0,0.0,0.0,mean,0.7191687973344563,0.9968099910770064,1.0,1.8721703839698926e-07,-0.25459691385321637,11.0,1.0,1.6160985120576443,1.616098512057644,cons__mean,cons__mean,latency,0.0,5,0
consensus,mean,20,60,ring_plus,-5.570206765237664e-07,5.570206765237664e-07,5.444381155767587e-05,4680,0.0,0.0,0.0,0.0,4680.0,4680.0,1.0,0.0,149760.0,32.0,0.0,4680.0,0.0,0.0,0.0,0.0,0.0,0.0,mean,0.7682219554941994,0.9874776436152543,1.0,2.6186758839223734e-06,-0.35008555319065043,9.0,1.0,0.9450014459069909,0.9450014459069908,cons__mean,cons__mean,latency,0.0,6,0
consensus,mean,20,60,ring_plus,-1.7240977534037544e-11,1.7240977534037544e-11,0.0002635716035891913,6480,0.0,0.0,0.0,0.0,6480.0,6480.0,1.0,0.0,207360.0,32.0,0.0,6480.0,0.0,0.0,0.0,0.0,0.0,0.0,mean,0.6407059489560791,0.9952688870731727,1.0,2.826947437737647e-10,-0.32121842418855234,7.0,1.0,2.218617553571293,2.218617553571293,cons__mean,cons__mean,latency,0.0,7,0
consensus,mean,20,60,ring_plus,-4.581667026258216e-05,4.581667026258216e-05,0.010348279756478822,4200,0.0,0.0,0.0,0.0,4200.0,4200.0,1.0,0.0,134400.0,32.0,0.0,4200.0,0.0,0.0,0.0,0.0,0.0,0.0,mean,0.8317451493013875,0.9913815833731552,1.0,0.0001402144553736957,-0.2253599342497902,15.0,1.0,0.7964836768628718,0.7964836768628717,cons__mean,cons__mean,latency,0.0,8,0
consensus,mean,20,60,ring_plus,-1.842855635986362e-05,1.842855635986362e-05,7.788988655482558e-06,5280,0.0,0.0,0.0,0.0,5280.0,5280.0,1.0,0.0,168960.0,32.0,0.0,5280.0,0.0,0.0,0.0,0.0,0.0,0.0,mean,0.8215139615751635,0.9869105412873541,1.0,5.994455747389067e-05,-0.2459001450238141,12.0,1.0,0.9413291035084279,0.9413291035084281,cons__mean,cons__mean,latency,0.0,9,0
consensus,mean,20,60,ring_plus,-1.0137360015667692e-06,1.0137360015667692e-06,0.001641480322579074,5040,0.0,0.0,1.0,1.0,5040.0,4956.0,0.9833333333333333,0.01666666666666672,158592.0,32.0,0.0,4956.0,0.0,0.0,0.0,0.0,0.0,0.0,mean,0.7759622598325775,0.9883504977560759,1.0,4.411317761564027e-06,-0.18178670426922441,12.0,1.0,1.399646125476325,1.3763186900517193,cons__mean,cons__mean,latency,1.0,0,0
consensus,mean,20,60,ring_plus,-9.882899281014616e-06,9.882899281014616e-06,0.00048608222484919676,5400,0.0,0.0,1.0,1.0,5400.0,5310.0,0.9833333333333333,0.01666666666666672,169920.0,32.0,0.0,5310.0,0.0,0.0,0.0,0.0,0.0,0.0,mean,0.7946285411152696,0.9969509257832891,1.0,4.372285765422309e-05,-0.2847030509892053,16.0,1.0,1.320493917398932,1.2984856854422833,cons__mean,cons__mean,latency,1.0,1,0
consensus,mean,20,60,ring_plus,-5.5647329572012544e-08,5.5647329572012544e-08,0.0012440122333987138,6120,0.0,0.0,1.0,1.0,6120.0,6018.0,0.9833333333333333,0.01666666666666672,192576.0,32.0,0.0,6018.0,0.0,0.0,0.0,0.0,0.0,0.0,mean,0.7274473636818721,0.9963694497178432,1.0,4.0926906760774425e-07,-0.3046854185552241,11.0,1.0,1.55469612182113,1.528784519790777,cons__mean,cons__mean,latency,1.0,2,0
consensus,mean,20,60,ring_plus,-8.748704052957971e-07,8.748704052957971e-07,0.01947676711841811,5040,0.0,0.0,1.0,1.0,5040.0,4956.0,0.9833333333333333,0.01666666666666672,158592.0,32.0,0.0,4956.0,0.0,0.0,0.0,0.0,0.0,0.0,mean,0.7562710669549401,0.9975929904510995,1.0,5.519760737252708e-06,-0.4374433000997268,14.0,1.0,1.2627284000071304,1.2416829266736784,cons__mean,cons__mean,latency,1.0,3,0
consensus,mean,20,60,ring_plus,-3.121351361625658e-06,3.121351361625658e-06,3.313996991445585e-05,5640,0.0,0.0,1.0,1.0,5640.0,5546.0,0.9833333333333333,0.01666666666666672,177472.0,32.0,0.0,5546.0,0.0,0.0,0.0,0.0,0.0,0.0,mean,0.7874111884373761,0.9905873080850512,1.0,1.2767905851011104e-05,-0.2570985552869698,12.0,1.0,1.3711704029417888,1.348317562892759,cons__mean,cons__mean,latency,1.0,4,0
consensus,mean,20,60,ring_plus,-1.0346873310276367e-06,1.0346873310276367e-06,0.0037151745195050526,6360,0.0,0.0,1.0,1.0,6360.0,6254.0,0.9833333333333333,0.01666666666666672,200128.0,32.0,0.0,6254.0,0.0,0.0,0.0,0.0,0.0,0.0,mean,0.7614217993506175,0.9961276205504823,1.0,5.170448820561929e-06,-0.254596896999724,15.0,1.0,1.6160985120576443,1.5891635368566834,cons__mean,cons__mean,latency,1.0,5,0
consensus,mean,20,60,ring_plus,-1.2810950575081442e-05,1.2810950575081442e-05,5.604626511404545e-05,4680,0.0,0.0,1.0,1.0,4680.0,4602.0,0.9833333333333333,0.01666666666666672,147264.0,32.0,0.0,4602.0,0.0,0.0,0.0,0.0,0.0,0.0,mean,0.8033244020317535,0.9806908821410482,1.0,4.146254585898779e-05,-0.3500853489584853,12.0,1.0,0.9450014459069909,0.9292514218085409,cons__mean,cons__mean,latency,1.0,6,0
consensus,mean,20,60,ring_plus,-1.3903034213702536e-09,1.3903034213702536e-09,0.00026356675847358224,6480,0.0,0.0,1.0,1.0,6480.0,6372.0,0.9833333333333333,0.01666666666666672,203904.0,32.0,0.0,6372.0,0.0,0.0,0.0,0.0,0.0,0.0,mean,0.6846302971873204,0.993889413052663,1.0,1.3540856450393255e-08,-0.3212184241656679,9.0,1.0,2.218617553571293,2.1816405943451045,cons__mean,cons__mean,latency,1.0,7,0
consensus,mean,20,60,ring_plus,-0.0005463624220836513,0.0005463624220836513,0.010249193730162944,4200,0.0,0.0,1.0,1.0,4200.0,4130.0,0.9833333333333333,0.01666666666666672,132160.0,32.0,0.0,4130.0,0.0,0.0,0.0,0.0,0.0,0.0,mean,0.862333754412236,0.9817322761351802,1.0,0.0012577898386205884,-0.22535159182059322,20.0,1.0,0.7964836768628718,0.7832089489151571,cons__mean,cons__mean,latency,1.0,8,0
consensus,mean,20,60,ring_plus,-0.0002432536808504483,0.0002432536808504483,1.983422233332911e-05,5280,0.0,0.0,1.0,1.0,5280.0,5192.0,0.9833333333333333,0.01666666666666672,166144.0,32.0,0.0,5192.0,0.0,0.0,0.0,0.0,0.0,0.0,mean,0.8528733257352225,0.9742962381896887,1.0,0.0005868507313048259,-0.24589639793840595,16.0,1.0,0.9413291035084279,0.925640285116621,cons__mean,cons__mean,latency,1.0,9,0
consensus,mean,20,60,ring_plus,-1.1769572440057477e-05,1.1769572440057477e-05,0.001643546777803204,5040,0.0,0.0,2.0,2.0,5040.0,4872.0,0.9666666666666667,0.033333333333333326,155904.0,32.0,0.0,4872.0,0.0,0.0,0.0,0.0,0.0,0.0,mean,0.8033753580258549,0.9842632010658263,1.0,3.842161133049257e-05,-0.18178652500528378,14.0,1.0,1.399646125476325,1.352991254627114,cons__mean,cons__mean,latency,2.0,0,0
consensus,mean,20,60,ring_plus,-0.00011733032622825664,0.00011733032622825664,0.0004945138184870889,5400,0.0,0.0,2.0,2.0,5400.0,5220.0,0.9666666666666667,0.033333333333333326,167040.0,32.0,0.0,5220.0,0.0,0.0,0.0,0.0,0.0,0.0,mean,0.8253405731100776,0.9949661397852556,1.0,0.00038249920189410404,-0.2847012601987562,20.0,1.0,1.320493917398932,1.2764774534856342,cons__mean,cons__mean,latency,2.0,1,0
consensus,mean,20,60,ring_plus,-1.1387727910867225e-06,1.1387727910867225e-06,0.0012438189445213139,6120,0.0,0.0,2.0,2.0,6120.0,5916.0,0.9666666666666667,0.033333333333333326,189312.0,32.0,0.0,5916.0,0.0,0.0,0.0,0.0,0.0,0.0,mean,0.7615251962145457,0.9953376881592841,1.0,5.877999373519446e-06,-0.304685400503133,14.0,1.0,1.55469612182113,1.502872917760425,cons__mean,cons__mean,latency,2.0,2,0
consensus,mean,20,60,ring_plus,-1.5485720665511088e-05,1.5485720665511088e-05,0.01949628829923839,5040,0.0,0.0,2.0,2.0,5040.0,4872.0,0.9666666666666667,0.033333333333333326,155904.0,32.0,0.0,4872.0,0.0,0.0,0.0,0.0,0.0,0.0,mean,0.7901901220732787,0.996404336669145,1.0,6.783723334837697e-05,-0.4374430565855559,17.0,1.0,1.2627284000071304,1.2206374533402264,cons__mean,cons__mean,latency,2.0,3,0
consensus,mean,20,60,ring_plus,-3.355226553523985e-05,3.355226553523985e-05,3.477556929896953e-05,5640,0.0,0.0,2.0,2.0,5640.0,5452.0,0.9666666666666667,0.033333333333333326,174464.0,32.0,0.0,5452.0,0.0,0.0,0.0,0.0,0.0,0.0,mean,0.8148231576262209,0.9863261755869164,1.0,0.00010465931622119855,-0.25709804810506687,15.0,1.0,1.3711704029417888,1.3254647228437293,cons__mean,cons__mean,latency,2.0,4,0
consensus,mean,20,60,ring_plus,-1.4083825461535143e-05,1.4083825461535143e-05,0.0037125627047157593,6360,0.0,0.0,2.0,2.0,6360.0,6148.0,0.9666666666666667,0.033333333333333326,196736.0,32.0,0.0,6148.0,0.0,0.0,0.0,0.0,0.0,0.0,mean,0.7921965566381121,0.9959057094889843,1.0,5.255528300141102e-05,-0.25459667951408854,18.0,1.0,1.6160985120576443,1.5622285616557225,cons__mean,cons__mean,latency,2.0,5,0
consensus,mean,20,60,ring_plus,-0.0001016567540722547,0.0001016567540722547,6.263786384228043e-05,4680,0.0,0.0,2.0,2.0,4680.0,4524.0,0.9666666666666667,0.033333333333333326,144768.0,32.0,0.0,4524.0,0.0,0.0,0.0,0.0,0.0,0.0,mean,0.8262297879111488,0.9744516168629519,1.0,0.00026198944017645964,-0.35008386819509363,15.0,1.0,0.9450014459069909,0.9135013977100911,cons__mean,cons__mean,latency,2.0,6,0
consensus,mean,20,60,ring_plus,-3.603460661104979e-08,3.603460661104979e-08,0.00026356806339235906,6480,0.0,0.0,2.0,2.0,6480.0,6264.0,0.9666666666666667,0.033333333333333326,200448.0,32.0,0.0,6264.0,0.0,0.0,0.0,0.0,0.0,0.0,mean,0.7189165465944354,0.9926556216730839,1.0,2.491871844298382e-07,-0.32121842358826286,11.0,1.0,2.218617553571293,2.144663635118916,cons__mean,cons__mean,latency,2.0,7,0
consensus,mean,20,60,ring_plus,-0.0026442020889930157,0.0026442020889930157,0.010141196512796036,4200,0.0,0.0,2.0,2.0,4200.0,4060.0,0.9666666666666667,0.033333333333333326,129920.0,32.0,0.0,4060.0,0.0,0.0,0.0,0.0,0.0,0.0,mean,0.8809313503143218,0.9703160345248739,1.0,0.005122502794309078,-0.22531662782614476,25.0,1.0,0.7964836768628718,0.7699342209674427,cons__mean,cons__mean,latency,2.0,8,0
consensus,mean,20,60,ring_plus,-0.0012657354742537578,0.0012657354742537578,7.233134586467483e-05,5280,0.0,0.0,2.0,2.0,5280.0,5104.0,0.9666666666666667,0.033333333333333326,163328.0,32.0,0.0,5104.0,0.0,0.0,0.0,0.0,0.0,0.0,mean,0.8724116124548136,0.9592677690646214,1.0,0.002546787310304804,-0.24587935657518256,20.0,1.0,0.9413291035084279,0.909951466724814,cons__mean,cons__mean,latency,2.0,9,0
consensus,mean,20,60,ring_plus,-0.0002484621869869986,0.0002484621869869986,0.001662454564175855,5040,0.0,0.0,4.0,4.0,5040.0,4704.0,0.9333333333333333,0.06666666666666665,150528.0,32.0,0.0,4704.0,0.0,0.0,0.0,0.0,0.0,0.0,mean,0.8364850570382196,0.982780212859487,0.95,0.0005957150458571657,-0.18178258012837467,20.0,1.0,1.399646125476325,1.3063363837779032,cons__mean,cons__mean,latency,4.0,0,0
consensus,mean,20,60,ring_plus,-0.0024347973631989117,0.0024347973631989117,0.000625338991854351,5400,0.0,0.0,4.0,4.0,5400.0,5040.0,0.9333333333333333,0.06666666666666665,161280.0,32.0,0.0,5040.0,0.0,0.0,0.0,0.0,0.0,0.0,mean,0.8637438191816795,0.9901953882240827,1.0,0.005555317928371984,-0.28466263574813994,28.0,1.0,1.320493917398932,1.2324609895723369,cons__mean,cons__mean,latency,4.0,1,0
consensus,mean,20,60,ring_plus,-5.904595006915626e-05,5.904595006915626e-05,0.0012451048716298277,6120,0.0,0.0,4.0,4.0,6120.0,5712.0,0.9333333333333333,0.06666666666666665,182784.0,32.0,0.0,5712.0,0.0,0.0,0.0,0.0,0.0,0.0,mean,0.807533800934053,0.993681800714389,1.0,0.00020132959960858317,-0.30468443538351164,19.0,1.0,1.55469612182113,1.4510497136997207,cons__mean,cons__mean,latency,4.0,2,0
consensus,mean,20,60,ring_plus,-0.0005741861315120135,0.0005741861315120135,0.01964105428817386,5040,0.0,0.0,4.0,4.0,5040.0,4704.0,0.9333333333333333,0.06666666666666665,150528.0,32.0,0.0,4704.0,0.0,0.0,0.0,0.0,0.0,0.0,mean,0.8342394815788883,0.9941477578745591,1.0,0.0016237049122846236,-0.43743374491204184,23.0,1.0,1.2627284000071304,1.1785465066733218,cons__mean,cons__mean,latency,4.0,3,0
consensus,mean,20,60,ring_plus,-0.0006445167292828754,0.0006445167292828754,6.474701991541956e-05,5640,0.0,0.0,4.0,4.0,5640.0,5264.0,0.9333333333333333,0.06666666666666665,168448.0,32.0,0.0,5264.0,0.0,0.0,0.0,0.0,0.0,0.0,mean,0.8476642725943326,0.981172484131173,0.95,0.001477502674754952,-0.2570878653640044,22.0,1.0,1.3711704029417888,1.2797590427456695,cons__mean,cons__mean,latency,4.0,4,0
consensus,mean,20,60,ring_plus,-0.00039419911936741854,0.00039419911936741854,0.0037169382051394618,6360,0.0,0.0,4.0,4.0,6360.0,5936.0,0.9333333333333333,0.06666666666666665,189952.0,32.0,0.0,5936.0,0.0,0.0,0.0,0.0,0.0,0.0,mean,0.8337734648791834,0.9958162580038045,1.0,0.0010604995609344657,-0.25459034425919014,25.0,1.0,1.6160985120576443,1.5083586112538012,cons__mean,cons__mean,latency,4.0,5,0
consensus,mean,20,60,ring_plus,-0.0013064872742546802,0.0013064872742546802,0.00013077223082223356,4680,0.0,0.0,4.0,4.0,4680.0,4368.0,0.9333333333333333,0.06666666666666665,139776.0,32.0,0.0,4368.0,0.0,0.0,0.0,0.0,0.0,0.0,mean,0.8526407067116197,0.9704335477897481,0.9833333333333333,0.0026309643524072613,-0.350063787686424,22.0,1.0,0.9450014459069909,0.8820013495131913,cons__mean,cons__mean,latency,4.0,6,0
consensus,mean,20,60,ring_plus,-3.0973809689556456e-06,3.0973809689556456e-06,0.00026406153802610794,6480,0.0,0.0,4.0,4.0,6480.0,6048.0,0.9333333333333333,0.06666666666666665,193536.0,32.0,0.0,6048.0,0.0,0.0,0.0,0.0,0.0,0.0,mean,0.767698367977024,0.9917092240733532,1.0,1.4772164275552905e-05,-0.3212183725658235,15.0,1.0,2.218617553571293,2.07070971666654,cons__mean,cons__mean,latency,4.0,7,0
consensus,mean,20,60,ring_plus,-0.01710184233281024,0.01710184233281024,0.010252813785174605,4200,0.0,0.0,4.0,4.0,4200.0,3920.0,0.9333333333333333,0.06666666666666665,125440.0,32.0,0.0,3920.0,0.0,0.0,0.0,0.0,0.0,0.0,mean,0.8999709463023177,0.9564810148084404,0.9333333333333333,0.0273538536191907,-0.22507566715541444,35.0,1.0,0.7964836768628718,0.7433847650720136,cons__mean,cons__mean,latency,4.0,8,0
consensus,mean,20,60,ring_plus,-0.008986094079755435,0.008986094079755435,0.00046217084724227403,5280,0.0,0.0,4.0,4.0,5280.0,4928.0,0.9333333333333333,0.06666666666666665,157696.0,32.0,0.0,4928.0,0.0,0.0,0.0,0.0,0.0,0.0,mean,0.8934445811362236,0.9338582995743812,0.9833333333333333,0.014766710230973071,-0.24575068393175756,28.0,1.0,0.9413291035084279,0.8785738299411996,cons__mean,cons__mean,latency,4.0,9,0
consensus,mean,20,60,ring_plus,-0.026199963310417258,0.026199963310417258,0.003041727855482277,5040,0.0,0.0,8.0,8.0,5040.0,4368.0,0.8666666666666667,0.1333333333333333,139776.0,32.0,0.0,4368.0,0.0,0.0,0.0,0.0,0.0,0.0,mean,0.8867317817363095,0.9274002580681087,0.6166666666666667,0.030922878544812977,-0.1813500551096508,32.0,1.0,1.399646125476325,1.2130266420794815,cons__mean,cons__mean,latency,8.0,0,0
consensus,mean,20,60,ring_plus,-0.04519420046210868,0.04519420046210868,0.002839465892130899,5400,0.0,0.0,8.0,8.0,5400.0,4680.0,0.8666666666666667,0.1333333333333333,149760.0,32.0,0.0,4680.0,0.0,0.0,0.0,0.0,0.0,0.0,mean,0.9012880639506544,0.9802752959291671,1.0,0.07627946711507998,-0.28394997902982483,45.0,1.0,1.320493917398932,1.1444280617457412,cons__mean,cons__mean,latency,8.0,1,0
consensus,mean,20,60,ring_plus,-0.010512598568910434,0.010512598568910434,0.0017564786352569858,6120,0.0,0.0,8.0,8.0,6120.0,5304.0,0.8666666666666667,0.1333333333333333,169728.0,32.0,0.0,5304.0,0.0,0.0,0.0,0.0,0.0,0.0,mean,0.8626149188642304,0.9777676713217173,0.7166666666666667,0.013251480617444751,-0.30451020950653107,31.0,1.0,1.55469612182113,1.3474033055783121,cons__mean,cons__mean,latency,8.0,2,0
consensus,mean,20,60,ring_plus,-0.025045810258573033,0.025045810258573033,0.021586641436828806,5040,0.0,0.0,8.0,8.0,5040.0,4368.0,0.8666666666666667,0.1333333333333333,139776.0,32.0,0.0,4368.0,0.0,0.0,0.0,0.0,0.0,0.0,mean,0.8835935036710338,0.9853092222786759,0.8666666666666667,0.04946585319797658,-0.4370258845099241,39.0,1.0,1.2627284000071304,1.0943646133395128,cons__mean,cons__mean,latency,8.0,3,0
consensus,mean,20,60,ring_plus,-0.023845364943087616,0.023845364943087616,0.0012183793819774218,5640,0.0,0.0,8.0,8.0,5640.0,4888.0,0.8666666666666667,0.1333333333333333,156416.0,32.0,0.0,4888.0,0.0,0.0,0.0,0.0,0.0,0.0,mean,0.887951596266945,0.9464520595066752,0.65,0.03710600219020103,-0.25670118456044105,40.0,1.0,1.3711704029417888,1.1883476825495503,cons__mean,cons__mean,latency,8.0,4,0
consensus,mean,20,60,ring_plus,-0.013787613214610014,0.013787613214610014,0.004303766098245345,6360,0.0,0.0,8.0,8.0,6360.0,5512.0,0.8666666666666667,0.1333333333333333,176384.0,32.0,0.0,5512.0,0.0,0.0,0.0,0.0,0.0,0.0,mean,0.8810969636773099,0.9926849115963667,1.0,0.025738352979964612,-0.254367120690936,40.0,1.0,1.6160985120576443,1.4006187104499583,cons__mean,cons__mean,latency,8.0,5,0
consensus,mean,20,60,ring_plus,-0.04502623756538771,0.04502623756538771,0.002374410484557547,4680,0.0,0.0,8.0,8.0,4680.0,4056.0,0.8666666666666667,0.1333333333333333,129792.0,32.0,0.0,4056.0,0.0,0.0,0.0,0.0,0.0,0.0,mean,0.8854878778958682,0.9457544338495394,0.6166666666666667,0.052938551270941374,-0.3493351251815718,32.0,1.0,0.9450014459069909,0.819001253119392,cons__mean,cons__mean,latency,8.0,6,0
consensus,mean,20,60,ring_plus,-0.004017591766373824,0.004017591766373824,0.0005030392615575245,6480,0.0,0.0,8.0,8.0,6480.0,5616.0,0.8666666666666667,0.1333333333333333,179712.0,32.0,0.0,5616.0,0.0,0.0,0.0,0.0,0.0,0.0,mean,0.8397359070306497,0.9583298461627816,0.6666666666666666,0.004897478496027475,-0.3211514643260667,23.0,1.0,2.218617553571293,1.922801879761787,cons__mean,cons__mean,latency,8.0,7,0
consensus,mean,20,60,ring_plus,-0.15217925251670728,0.15217925251670728,0.015579979383066189,4200,0.0,0.0,8.0,8.0,4200.0,3640.0,0.8666666666666667,0.1333333333333333,116480.0,32.0,0.0,3640.0,0.0,0.0,0.0,0.0,0.0,0.0,mean,0.919182149050765,0.9205136705388544,0.6,0.18536075409369457,-0.2228243769856828,,0.0,0.7964836768628718,0.6902858532811554,cons__mean,cons__mean,latency,8.0,8,0
consensus,mean,20,60,ring_plus,-0.058364929624201325,0.058364929624201325,0.0029365873183575465,5280,0.0,0.0,8.0,8.0,5280.0,4576.0,0.8666666666666667,0.1333333333333333,146432.0,32.0,0.0,4576.0,0.0,0.0,0.0,0.0,0.0,0.0,mean,0.910330334387429,0.9177916154484502,0.8166666666666667,0.08206552687760536,-0.2449277033393501,44.0,1.0,0.9413291035084279,0.815818556373971,cons__mean,cons__mean,latency,8.0,9,0
consensus,mean,20,60,ring_plus,-34.80591836670708,34.80591836670708,2.3951718946292737,5040,3.905020905648789,0.0,0.0,0.0,5040.0,5040.0,1.0,0.0,5040.0,1.0,0.0,5040.0,0.0,0.0,0.0,0.0,0.0,0.0,mean,1.0,0.0,0.06666666666666667,34.8059183500365,0.3983119182802936,,0.0,1.399646125476325,1.3996461254763248,cons__mean,cons__mean,bandwidth,1.0,0,0
consensus,mean,20,60,ring_plus,-5.493230534696456e-21,5.493230534696456e-21,6.770270377031361,5400,0.3178351454922186,0.0,0.0,0.0,5400.0,5400.0,1.0,0.0,5400.0,1.0,0.0,5400.0,0.0,0.0,0.0,0.0,0.0,0.0,mean,0.4295126278454474,0.998346530253028,0.9833333333333333,1.0351094872667391e-17,-0.2847032157041933,8.0,1.0,1.320493917398932,1.320493917398932,cons__mean,cons__mean,bandwidth,1.0,1,0
consensus,mean,20,60,ring_plus,-3.7161603499476614e-18,3.7161603499476614e-18,8.463885722186415,6120,0.8012120752609913,0.0,0.0,0.0,6120.0,6120.0,1.0,0.0,6120.0,1.0,0.0,6120.0,0.0,0.0,0.0,0.0,0.0,0.0,mean,0.47095806293064524,0.9726628850212676,0.9,7.00250279079244e-15,-0.30468541948267963,16.0,1.0,1.55469612182113,1.5546961218211295,cons__mean,cons__mean,bandwidth,1.0,2,0
consensus,mean,20,60,ring_plus,-32.45199999970574,32.45199999970574,2.4854508181852473,5040,3.420706898672325,0.0,0.0,0.0,5040.0,5040.0,1.0,0.0,5040.0,1.0,0.0,5040.0,0.0,0.0,0.0,0.0,0.0,0.0,mean,1.0,0.0,0.1,32.45199999203923,0.10342335198086203,,0.0,1.2627284000071304,1.2627284000071306,cons__mean,cons__mean,bandwidth,1.0,3,0
consensus,mean,20,60,ring_plus,-39.266887755239914,39.266887755239914,4.7591934147120085,5640,2.1913254135170224,0.0,0.0,0.0,5640.0,5640.0,1.0,0.0,5640.0,1.0,0.0,5640.0,0.0,0.0,0.0,0.0,0.0,0.0,mean,1.0,0.0,0.9,39.26688775883198,0.3973495219445061,,0.0,1.3711704029417888,1.3711704029417888,cons__mean,cons__mean,bandwidth,1.0,4,0
consensus,mean,20,60,ring_plus,-8.127420851727663e-21,8.127420851727663e-21,7.311901594717601,6360,0.31221033150817457,0.0,0.0,0.0,6360.0,6360.0,1.0,0.0,6360.0,1.0,0.0,6360.0,0.0,0.0,0.0,0.0,0.0,0.0,mean,0.4323789326447971,0.997557693359055,0.9833333333333333,1.5314855205577424e-17,-0.25459691424451286,9.0,1.0,1.6160985120576443,1.616098512057644,cons__mean,cons__mean,bandwidth,1.0,5,0
consensus,mean,20,60,ring_plus,-5.008517906904047e-18,5.008517906904047e-18,10.384321955856798,4680,0.6659714523011758,0.0,0.0,0.0,4680.0,4680.0,1.0,0.0,4680.0,1.0,0.0,4680.0,0.0,0.0,0.0,0.0,0.0,0.0,mean,0.4754393456222099,0.9687871340478267,0.9166666666666666,9.43774250556218e-15,-0.3500855624743282,16.0,1.0,0.9450014459069909,0.9450014459069908,cons__mean,cons__mean,bandwidth,1.0,6,0
consensus,mean,20,60,ring_plus,-42.25072448669358,42.25072448669358,3.1852934485868536,6480,3.759977412654725,0.0,0.0,0.0,6480.0,6480.0,1.0,0.0,6480.0,1.0,0.0,6480.0,0.0,0.0,0.0,0.0,0.0,0.0,mean,0.7845815268703541,0.767565709459997,0.05,42.25072440586614,0.3829603172560534,,0.0,2.218617553571293,2.218617553571293,cons__mean,cons__mean,bandwidth,1.0,7,0
consensus,mean,20,60,ring_plus,-75.70799999872607,75.70799999872607,4.627659319465342,4200,2.613485945952444,0.0,0.0,0.0,4200.0,4200.0,1.0,0.0,4200.0,1.0,0.0,4200.0,0.0,0.0,0.0,0.0,0.0,0.0,mean,1.0,0.0,0.03333333333333333,75.70799996553556,1.0364393021178064,,0.0,0.7964836768628718,0.7964836768628717,cons__mean,cons__mean,bandwidth,1.0,8,0
consensus,mean,20,60,ring_plus,-54.92999999749097,54.92999999749097,4.3691781963246115,5280,3.4395587033156696,0.0,0.0,0.0,5280.0,5280.0,1.0,0.0,5280.0,1.0,0.0,5280.0,0.0,0.0,0.0,0.0,0.0,0.0,mean,1.0,0.0,0.03333333333333333,54.929999932121355,0.6695995477917626,,0.0,0.9413291035084279,0.9413291035084281,cons__mean,cons__mean,bandwidth,1.0,9,0
consensus,mean,20,60,ring_plus,-3.867324262973092,3.867324262973092,0.24333178078084985,5040,0.4163954436646226,0.0,0.0,0.0,5040.0,5040.0,1.0,0.0,10080.0,2.0,0.0,5040.0,0.0,0.0,0.0,0.0,0.0,0.0,mean,0.628743275287222,0.9085593278953198,0.18333333333333332,3.8673242612676924,-0.11733131678193957,,0.0,1.399646125476325,1.3996461254763248,cons__mean,cons__mean,bandwidth,2.0,0,0
consensus,mean,20,60,ring_plus,-4.422244328891347e-21,4.422244328891347e-21,0.36237308544911173,5400,0.035036026942287135,0.0,0.0,0.0,5400.0,5400.0,1.0,0.0,10800.0,2.0,0.0,5400.0,0.0,0.0,0.0,0.0,0.0,0.0,mean,0.43224027019650296,0.9983148360450314,1.0,8.333006870993365e-18,-0.2847032157041933,8.0,1.0,1.320493917398932,1.320493917398932,cons__mean,cons__mean,bandwidth,2.0,1,0
consensus,mean,20,60,ring_plus,-2.516024911332296e-18,2.516024911332296e-18,0.826782493687537,6120,0.08989674192993742,0.0,0.0,0.0,6120.0,6120.0,1.0,0.0,12240.0,2.0,0.0,6120.0,0.0,0.0,0.0,0.0,0.0,0.0,mean,0.4836902822173588,0.9688768390690194,0.95,4.741042082631519e-15,-0.3046854194826796,15.0,1.0,1.55469612182113,1.5546961218211295,cons__mean,cons__mean,bandwidth,2.0,2,0
consensus,mean,20,60,ring_plus,-3.605777777794307,3.605777777794307,0.1936439969465756,5040,0.3653963324959333,0.0,0.0,0.0,5040.0,5040.0,1.0,0.0,10080.0,2.0,0.0,5040.0,0.0,0.0,0.0,0.0,0.0,0.0,mean,0.9917821836857487,0.19763795014179852,1.0,3.6057777782249634,-0.3773470183843285,,0.0,1.2627284000071304,1.2627284000071306,cons__mean,cons__mean,bandwidth,2.0,3,0
consensus,mean,20,60,ring_plus,-4.362987528337917,4.362987528337917,0.42123541289425004,5640,0.22993612992100584,0.0,0.0,0.0,5640.0,5640.0,1.0,0.0,11280.0,2.0,0.0,5640.0,0.0,0.0,0.0,0.0,0.0,0.0,mean,0.5557910981305711,0.9208758917647669,0.4,4.362987528161956,-0.18438214850386048,,0.0,1.3711704029417888,1.3711704029417888,cons__mean,cons__mean,bandwidth,2.0,4,0
consensus,mean,20,60,ring_plus,-6.042048802188988e-21,6.042048802188988e-21,0.4956903581058859,6360,0.031400196302795974,0.0,0.0,0.0,6360.0,6360.0,1.0,0.0,12720.0,2.0,0.0,6360.0,0.0,0.0,0.0,0.0,0.0,0.0,mean,0.4359928331741174,0.9974021990657125,1.0,1.138527853142209e-17,-0.25459691424451286,9.0,1.0,1.6160985120576443,1.616098512057644,cons__mean,cons__mean,bandwidth,2.0,5,0
consensus,mean,20,60,ring_plus,-6.3642222214065995,6.3642222214065995,0.7526741089575586,4680,0.2790184843469414,0.0,0.0,0.0,4680.0,4680.0,1.0,0.0,9360.0,2.0,0.0,4680.0,0.0,0.0,0.0,0.0,0.0,0.0,mean,0.625784596555902,0.9044182840406997,0.1,6.364222200156614,-0.2440151921175516,,0.0,0.9450014459069909,0.9450014459069908,cons__mean,cons__mean,bandwidth,2.0,6,0
consensus,mean,20,60,ring_plus,-1.2091828004644706e-18,1.2091828004644706e-18,1.0043417256542093,6480,0.0938883009481123,0.0,0.0,0.0,6480.0,6480.0,1.0,0.0,12960.0,2.0,0.0,6480.0,0.0,0.0,0.0,0.0,0.0,0.0,mean,0.4807419614916628,0.9715210895995097,0.9333333333333333,2.278509334682486e-15,-0.3212184241888395,15.0,1.0,2.218617553571293,2.218617553571293,cons__mean,cons__mean,bandwidth,2.0,7,0
consensus,mean,20,60,ring_plus,-8.41199999986311,8.41199999986311,0.4709614359565067,4200,0.27820152679150345,0.0,0.0,0.0,4200.0,4200.0,1.0,0.0,8400.0,2.0,0.0,4200.0,0.0,0.0,0.0,0.0,0.0,0.0,mean,0.6765922004475612,0.7996570126431881,0.16666666666666666,8.411999996296638,-0.08516069786324279,,0.0,0.7964836768628718,0.7964836768628717,cons__mean,cons__mean,bandwidth,2.0,8,0
consensus,mean,20,60,ring_plus,-6.1033333327784085,6.1033333327784085,0.4992161965692832,5280,0.3696649563362373,0.0,0.0,0.0,5280.0,5280.0,1.0,0.0,10560.0,2.0,0.0,5280.0,0.0,0.0,0.0,0.0,0.0,0.0,mean,0.5768125917637298,0.9604795224512976,0.11666666666666667,6.103333318320562,-0.1441782299534467,,0.0,0.9413291035084279,0.9413291035084281,cons__mean,cons__mean,bandwidth,2.0,9,0
consensus,mean,20,60,ring_plus,-0.7103248646376198,0.7103248646376198,0.038672756158282785,5040,0.07398681566223672,0.0,0.0,0.0,5040.0,5040.0,1.0,0.0,15120.0,3.0,0.0,5040.0,0.0,0.0,0.0,0.0,0.0,0.0,mean,0.8035591504073029,0.7529693288382666,0.45,0.7103248645825652,-0.1699479734208641,,0.0,1.399646125476325,1.3996461254763248,cons__mean,cons__mean,bandwidth,3.0,0,0
consensus,mean,20,60,ring_plus,-6.257033920252324e-21,6.257033920252324e-21,0.0009330429347458773,5400,0.007431422060227073,0.0,0.0,0.0,5400.0,5400.0,1.0,0.0,16200.0,3.0,0.0,5400.0,0.0,0.0,0.0,0.0,0.0,0.0,mean,0.43623050493576127,0.9974918882387233,1.0,1.179036834792613e-17,-0.2847032157041933,9.0,1.0,1.320493917398932,1.320493917398932,cons__mean,cons__mean,bandwidth,3.0,1,0
consensus,mean,20,60,ring_plus,-1.020145129557567e-18,1.020145129557567e-18,0.11414075489962035,6120,0.01383932454508936,0.0,0.0,0.0,6120.0,6120.0,1.0,0.0,18360.0,3.0,0.0,6120.0,0.0,0.0,0.0,0.0,0.0,0.0,mean,0.4871575690085886,0.9715966716916633,1.0,1.9222985919112904e-15,-0.3046854194826795,14.0,1.0,1.55469612182113,1.5546961218211295,cons__mean,cons__mean,bandwidth,3.0,2,0
consensus,mean,20,60,ring_plus,-1.196180095872679e-20,1.196180095872679e-20,0.018897743721284235,5040,0.008205344871932174,0.0,0.0,0.0,5040.0,5040.0,1.0,0.0,15120.0,3.0,0.0,5040.0,0.0,0.0,0.0,0.0,0.0,0.0,mean,0.4375405348474321,0.9969958400280268,1.0,2.2540073447858872e-17,-0.4374433146809003,9.0,1.0,1.2627284000071304,1.2627284000071306,cons__mean,cons__mean,bandwidth,3.0,3,0
consensus,mean,20,60,ring_plus,-4.774338484935399e-21,4.774338484935399e-21,0.07209645158983283,5640,0.007964677461500836,0.0,0.0,0.0,5640.0,5640.0,1.0,0.0,16920.0,3.0,0.0,5640.0,0.0,0.0,0.0,0.0,0.0,0.0,mean,0.4388099317147878,0.9970961830406884,1.0,8.996468655032947e-18,-0.25709860730949247,8.0,1.0,1.3711704029417888,1.3711704029417888,cons__mean,cons__mean,bandwidth,3.0,4,0
consensus,mean,20,60,ring_plus,-7.707407291712647e-21,7.707407291712647e-21,0.017589188439455318,6360,0.00675034378196911,0.0,0.0,0.0,6360.0,6360.0,1.0,0.0,19080.0,3.0,0.0,6360.0,0.0,0.0,0.0,0.0,0.0,0.0,mean,0.43941060710136826,0.9970163561914439,1.0,1.452335995293234e-17,-0.25459691424451286,9.0,1.0,1.6160985120576443,1.616098512057644,cons__mean,cons__mean,bandwidth,3.0,5,0
consensus,mean,20,60,ring_plus,-6.2375989518140066e-21,6.2375989518140066e-21,0.04247721956130943,4680,0.009372742027339754,0.0,0.0,0.0,4680.0,4680.0,1.0,0.0,14040.0,3.0,0.0,4680.0,0.0,0.0,0.0,0.0,0.0,0.0,mean,0.4374220008783006,0.9974950644293534,1.0,1.1753736849486307e-17,-0.35008556247432826,8.0,1.0,0.9450014459069909,0.9450014459069908,cons__mean,cons__mean,bandwidth,3.0,6,0
consensus,mean,20,60,ring_plus,-3.584123218025126e-20,3.584123218025126e-20,0.1855368963195066,6480,0.013344744653071472,0.0,0.0,0.0,6480.0,6480.0,1.0,0.0,19440.0,3.0,0.0,6480.0,0.0,0.0,0.0,0.0,0.0,0.0,mean,0.4575231953286141,0.9905764709272131,1.0,6.753702040101666e-17,-0.32121842418883956,10.0,1.0,2.218617553571293,2.218617553571293,cons__mean,cons__mean,bandwidth,3.0,7,0
consensus,mean,20,60,ring_plus,-1.5450612244859188,1.5450612244859188,0.07794571412535842,4200,0.050007352889542465,0.0,0.0,0.0,4200.0,4200.0,1.0,0.0,12600.0,3.0,0.0,4200.0,0.0,0.0,0.0,0.0,0.0,0.0,mean,0.7962590057343839,0.7112821071396088,0.38333333333333336,1.5450612243849422,-0.19960967745286265,,0.0,0.7964836768628718,0.7964836768628717,cons__mean,cons__mean,bandwidth,3.0,8,0
consensus,mean,20,60,ring_plus,-1.4690204080746874,1.4690204080746874,0.07782765437779596,5280,0.07195309870371908,0.0,0.0,0.0,5280.0,5280.0,1.0,0.0,15840.0,3.0,0.0,5280.0,0.0,0.0,0.0,0.0,0.0,0.0,mean,0.5482808283658316,0.9741098559837239,0.21666666666666667,1.469020405766946,-0.22141677869850876,,0.0,0.9413291035084279,0.9413291035084281,cons__mean,cons__mean,bandwidth,3.0,9,0
consensus,mean,20,60,ring_plus,-4.5467325463632576e-21,4.5467325463632576e-21,0.017075341067134424,5040,0.0020448160907967105,0.0,0.0,0.0,5040.0,5040.0,1.0,0.0,20160.0,4.0,0.0,5040.0,0.0,0.0,0.0,0.0,0.0,0.0,mean,0.44256456551883616,0.9964763927399796,1.0,8.567586967744917e-18,-0.18178672116482444,9.0,1.0,1.399646125476325,1.3996461254763248,cons__mean,cons__mean,bandwidth,4.0,0,0
consensus,mean,20,60,ring_plus,-0.23961809526211322,0.23961809526211322,0.012009583736867648,5400,0.01670006947750155,0.0,0.0,0.0,5400.0,5400.0,1.0,0.0,21600.0,4.0,0.0,5400.0,0.0,0.0,0.0,0.0,0.0,0.0,mean,0.9680504552096396,0.36234305502836406,1.0,0.23961809588787267,-0.28070958078315805,,0.0,1.320493917398932,1.320493917398932,cons__mean,cons__mean,bandwidth,4.0,1,0
consensus,mean,20,60,ring_plus,-1.2644802144845558e-18,1.2644802144845558e-18,0.011941202092252908,6120,0.003356699783509037,0.0,0.0,0.0,6120.0,6120.0,1.0,0.0,24480.0,4.0,0.0,6120.0,0.0,0.0,0.0,0.0,0.0,0.0,mean,0.49590246515436437,0.9720779681913787,1.0,2.3827084749870302e-15,-0.3046854194826795,11.0,1.0,1.55469612182113,1.5546961218211295,cons__mean,cons__mean,bandwidth,4.0,2,0
consensus,mean,20,60,ring_plus,-0.20191722226461312,0.20191722226461312,0.028338226975512998,5040,0.01449733698616426,0.0,0.0,0.0,5040.0,5040.0,1.0,0.0,20160.0,4.0,0.0,5040.0,0.0,0.0,0.0,0.0,0.0,0.0,mean,0.9620925243821247,0.38373121874906924,1.0,0.20191722336905374,-0.4340780276431568,12.0,1.0,1.2627284000071304,1.2627284000071306,cons__mean,cons__mean,bandwidth,4.0,3,0
consensus,mean,20,60,ring_plus,-4.7390099315437574e-21,4.7390099315437574e-21,0.0015949156868530513,5640,0.001840898155961038,0.0,0.0,0.0,5640.0,5640.0,1.0,0.0,22560.0,4.0,0.0,5640.0,0.0,0.0,0.0,0.0,0.0,0.0,mean,0.4399715760653494,0.9970853395507007,1.0,8.929895944776844e-18,-0.25709860730949247,8.0,1.0,1.3711704029417888,1.3711704029417888,cons__mean,cons__mean,bandwidth,4.0,4,0
consensus,mean,20,60,ring_plus,-0.17210789118096842,0.17210789118096842,0.011086900285371046,6360,0.017195332533212836,0.0,0.0,0.0,6360.0,6360.0,1.0,0.0,25440.0,4.0,0.0,6360.0,0.0,0.0,0.0,0.0,0.0,0.0,mean,0.965257776552838,0.3739539113824778,1.0,0.17210789181943834,-0.2517284493914967,,0.0,1.6160985120576443,1.616098512057644,cons__mean,cons__mean,bandwidth,4.0,5,0
consensus,mean,20,60,ring_plus,-7.784027892446223e-21,7.784027892446223e-21,0.0005049640586475086,4680,0.0020610932820989297,0.0,0.0,0.0,4680.0,4680.0,1.0,0.0,18720.0,4.0,0.0,4680.0,0.0,0.0,0.0,0.0,0.0,0.0,mean,0.4407496352961222,0.9968482368552302,1.0,1.4667743669669403e-17,-0.35008556247432826,9.0,1.0,0.9450014459069909,0.9450014459069908,cons__mean,cons__mean,bandwidth,4.0,6,0
consensus,mean,20,60,ring_plus,-3.735154047349362e-18,3.735154047349362e-18,0.04087210698066428,6480,0.004839568112440734,0.0,0.0,0.0,6480.0,6480.0,1.0,0.0,25920.0,4.0,0.0,6480.0,0.0,0.0,0.0,0.0,0.0,0.0,mean,0.5136623468973133,0.9598729498795187,0.9666666666666667,7.0382936944229636e-15,-0.32121842418883956,7.0,1.0,2.218617553571293,2.218617553571293,cons__mean,cons__mean,bandwidth,4.0,7,0
consensus,mean,20,60,ring_plus,-0.3364800000167967,0.3364800000167967,0.019624504756554174,4200,0.01080998581207204,0.0,0.0,0.0,4200.0,4200.0,1.0,0.0,16800.0,4.0,0.0,4200.0,0.0,0.0,0.0,0.0,0.0,0.0,mean,0.979174080054906,0.29209256083851753,1.0,0.3364800004543966,-0.21975269786068138,,0.0,0.7964836768628718,0.7964836768628717,cons__mean,cons__mean,bandwidth,4.0,8,0
consensus,mean,20,60,ring_plus,-0.3433133333230115,0.3433133333230115,0.022471895579400568,5280,0.012028083260369605,0.0,0.0,0.0,5280.0,5280.0,1.0,0.0,21120.0,4.0,0.0,5280.0,0.0,0.0,0.0,0.0,0.0,0.0,mean,0.6903330792038632,0.8608145830065843,0.38333333333333336,0.34331333305407297,-0.24017856327770326,,0.0,0.9413291035084279,0.9413291035084281,cons__mean,cons__mean,bandwidth,4.0,9,0
consensus,mean,20,60,ring_plus,-0.0009490282711600888,0.0009490282711600888,0.002364683260607461,5040,4.984717528687639e-05,0.0,0.0,0.0,5040.0,5040.0,1.0,0.0,40320.0,8.0,0.0,5040.0,0.0,0.0,0.0,0.0,0.0,0.0,mean,0.8901454209014585,0.6451085267543759,1.0,0.0009490291156550337,-0.18177090402697174,9.0,1.0,1.399646125476325,1.3996461254763248,cons__mean,cons__mean,bandwidth,8.0,0,0
consensus,mean,20,60,ring_plus,-0.0009603873805787988,0.0009603873805787988,0.0005980772307296598,5400,4.691559538338249e-05,0.0,0.0,0.0,5400.0,5400.0,1.0,0.0,43200.0,8.0,0.0,5400.0,0.0,0.0,0.0,0.0,0.0,0.0,mean,0.8609789580899595,0.7935976267080436,1.0,0.0009604060382538941,-0.2846872092478503,12.0,1.0,1.320493917398932,1.320493917398932,cons__mean,cons__mean,bandwidth,8.0,1,0
consensus,mean,20,60,ring_plus,-1.3536510550279687e-17,1.3536510550279687e-17,0.0014967282032609121,6120,1.804081645186329e-05,0.0,0.0,0.0,6120.0,6120.0,1.0,0.0,48960.0,8.0,0.0,6120.0,0.0,0.0,0.0,0.0,0.0,0.0,mean,0.5336814909536295,0.9714322389530904,1.0,2.5507365253290913e-14,-0.3046854194826796,9.0,1.0,1.55469612182113,1.5546961218211295,cons__mean,cons__mean,bandwidth,8.0,2,0
consensus,mean,20,60,ring_plus,-0.0006986756976651797,0.0006986756976651797,0.017981893709319748,5040,5.002616187899422e-05,0.0,0.0,0.0,5040.0,5040.0,1.0,0.0,40320.0,8.0,0.0,5040.0,0.0,0.0,0.0,0.0,0.0,0.0,mean,0.8560317985854995,0.7488252160086619,1.0,0.000698680602216208,-0.43743167008593925,11.0,1.0,1.2627284000071304,1.2627284000071306,cons__mean,cons__mean,bandwidth,8.0,3,0
consensus,mean,20,60,ring_plus,-3.805312300415277e-16,3.805312300415277e-16,5.072900912295417e-05,5640,2.0318290285873014e-05,0.0,0.0,0.0,5640.0,5640.0,1.0,0.0,45120.0,8.0,0.0,5640.0,0.0,0.0,0.0,0.0,0.0,0.0,mean,0.5707949217378153,0.9478673487964799,1.0,7.170495577344637e-13,-0.25709860730949247,9.0,1.0,1.3711704029417888,1.3711704029417888,cons__mean,cons__mean,bandwidth,8.0,4,0
consensus,mean,20,60,ring_plus,-0.0008859707964392955,0.0008859707964392955,0.0035816667307432782,6360,4.819340462958314e-05,0.0,0.0,0.0,6360.0,6360.0,1.0,0.0,50880.0,8.0,0.0,6360.0,0.0,0.0,0.0,0.0,0.0,0.0,mean,0.8684063958646014,0.7155148693766653,1.0,0.0008859732567780937,-0.2545821480645722,11.0,1.0,1.6160985120576443,1.616098512057644,cons__mean,cons__mean,bandwidth,8.0,5,0
consensus,mean,20,60,ring_plus,-0.0008808613954144393,0.0008808613954144393,0.00010310931541386392,4680,3.8891240873977384e-05,0.0,0.0,0.0,4680.0,4680.0,1.0,0.0,37440.0,8.0,0.0,4680.0,0.0,0.0,0.0,0.0,0.0,0.0,mean,0.8718903133741414,0.7311369559371148,1.0,0.0008808662984118213,-0.3500708814510713,9.0,1.0,0.9450014459069909,0.9450014459069908,cons__mean,cons__mean,bandwidth,8.0,6,0
consensus,mean,20,60,ring_plus,-4.1902914713536847e-19,4.1902914713536847e-19,0.00019413456431114864,6480,1.5559458464500787e-05,0.0,0.0,0.0,6480.0,6480.0,1.0,0.0,51840.0,8.0,0.0,6480.0,0.0,0.0,0.0,0.0,0.0,0.0,mean,0.5007269663090034,0.9856552353924278,1.0,7.895926577257449e-16,-0.32121842418883956,7.0,1.0,2.218617553571293,2.218617553571293,cons__mean,cons__mean,bandwidth,8.0,7,0
consensus,mean,20,60,ring_plus,-0.0038241716066705965,0.0038241716066705965,0.012647103491921673,4200,4.33570859435008e-05,0.0,0.0,0.0,4200.0,4200.0,1.0,0.0,33600.0,8.0,0.0,4200.0,0.0,0.0,0.0,0.0,0.0,0.0,mean,0.8901545972659461,0.8458856673509784,1.0,0.0038246762747379467,-0.22529696166751678,15.0,1.0,0.7964836768628718,0.7964836768628717,cons__mean,cons__mean,bandwidth,8.0,8,0
consensus,mean,20,60,ring_plus,-0.002904863848853206,0.002904863848853206,0.0002968866092434312,5280,4.922452263601019e-05,0.0,0.0,0.0,5280.0,5280.0,1.0,0.0,42240.0,8.0,0.0,5280.0,0.0,0.0,0.0,0.0,0.0,0.0,mean,0.8920099894266597,0.7995514421758382,1.0,0.0029051734622463007,-0.24585203776893927,12.0,1.0,0.9413291035084279,0.9413291035084281,cons__mean,cons__mean,bandwidth,8.0,9,0
consensus,mean,20,60,ring_plus,-2.7282340889208936e-08,2.7282340889208936e-08,0.0016408928661126084,5040,0.0,0.0,0.0,0.0,5040.0,5040.0,1.0,0.0,161280.0,32.0,0.0,5040.0,0.0,0.0,0.0,0.0,0.0,0.0,mean,0.7358942085436929,0.9925317583695167,1.0,1.863792706410515e-07,-0.18178672071011878,9.0,1.0,1.399646125476325,1.3996461254763248,cons__mean,cons__mean,bandwidth,0.0,0,0
consensus,mean,20,60,ring_plus,-2.540133107053268e-07,2.540133107053268e-07,0.00048453446686209353,5400,0.0,0.0,0.0,0.0,5400.0,5400.0,1.0,0.0,172800.0,32.0,0.0,5400.0,0.0,0.0,0.0,0.0,0.0,0.0,mean,0.7510183855869336,0.998411949153818,1.0,1.799818348342342e-06,-0.28470321147063804,12.0,1.0,1.320493917398932,1.320493917398932,cons__mean,cons__mean,bandwidth,0.0,1,0
consensus,mean,20,60,ring_plus,-8.168897270614256e-10,8.168897270614256e-10,0.0012440764529735126,6120,0.0,0.0,0.0,0.0,6120.0,6120.0,1.0,0.0,195840.0,32.0,0.0,6120.0,0.0,0.0,0.0,0.0,0.0,0.0,mean,0.6822838278176631,0.9973996316268622,1.0,1.0277110011726397e-08,-0.30468541946906474,9.0,1.0,1.55469612182113,1.5546961218211295,cons__mean,cons__mean,bandwidth,0.0,2,0
consensus,mean,20,60,ring_plus,-1.44849267107655e-08,1.44849267107655e-08,0.019471394709923977,5040,0.0,0.0,0.0,0.0,5040.0,5040.0,1.0,0.0,161280.0,32.0,0.0,5040.0,0.0,0.0,0.0,0.0,0.0,0.0,mean,0.7101630463123513,0.9985650726029233,1.0,1.5671518029164446e-07,-0.43744331443948486,11.0,1.0,1.2627284000071304,1.2627284000071306,cons__mean,cons__mean,bandwidth,0.0,3,0
consensus,mean,20,60,ring_plus,-9.276754692133524e-08,9.276754692133524e-08,3.289845831358147e-05,5640,0.0,0.0,0.0,0.0,5640.0,5640.0,1.0,0.0,180480.0,32.0,0.0,5640.0,0.0,0.0,0.0,0.0,0.0,0.0,mean,0.7473228203439312,0.9943839413436558,1.0,5.841762267377446e-07,-0.2570986057633667,9.0,1.0,1.3711704029417888,1.3711704029417888,cons__mean,cons__mean,bandwidth,0.0,4,0
consensus,mean,20,60,ring_plus,-2.3477787254070522e-08,2.3477787254070522e-08,0.0037162859002191975,6360,0.0,0.0,0.0,0.0,6360.0,6360.0,1.0,0.0,203520.0,32.0,0.0,6360.0,0.0,0.0,0.0,0.0,0.0,0.0,mean,0.7191687973344563,0.9968099910770064,1.0,1.8721703839698926e-07,-0.25459691385321637,11.0,1.0,1.6160985120576443,1.616098512057644,cons__mean,cons__mean,bandwidth,0.0,5,0
consensus,mean,20,60,ring_plus,-5.570206765237664e-07,5.570206765237664e-07,5.444381155767587e-05,4680,0.0,0.0,0.0,0.0,4680.0,4680.0,1.0,0.0,149760.0,32.0,0.0,4680.0,0.0,0.0,0.0,0.0,0.0,0.0,mean,0.7682219554941994,0.9874776436152543,1.0,2.6186758839223734e-06,-0.35008555319065043,9.0,1.0,0.9450014459069909,0.9450014459069908,cons__mean,cons__mean,bandwidth,0.0,6,0
consensus,mean,20,60,ring_plus,-1.7240977534037544e-11,1.7240977534037544e-11,0.0002635716035891913,6480,0.0,0.0,0.0,0.0,6480.0,6480.0,1.0,0.0,207360.0,32.0,0.0,6480.0,0.0,0.0,0.0,0.0,0.0,0.0,mean,0.6407059489560791,0.9952688870731727,1.0,2.826947437737647e-10,-0.32121842418855234,7.0,1.0,2.218617553571293,2.218617553571293,cons__mean,cons__mean,bandwidth,0.0,7,0
consensus,mean,20,60,ring_plus,-4.581667026258216e-05,4.581667026258216e-05,0.010348279756478822,4200,0.0,0.0,0.0,0.0,4200.0,4200.0,1.0,0.0,134400.0,32.0,0.0,4200.0,0.0,0.0,0.0,0.0,0.0,0.0,mean,0.8317451493013875,0.9913815833731552,1.0,0.0001402144553736957,-0.2253599342497902,15.0,1.0,0.7964836768628718,0.7964836768628717,cons__mean,cons__mean,bandwidth,0.0,8,0
consensus,mean,20,60,ring_plus,-1.842855635986362e-05,1.842855635986362e-05,7.788988655482558e-06,5280,0.0,0.0,0.0,0.0,5280.0,5280.0,1.0,0.0,168960.0,32.0,0.0,5280.0,0.0,0.0,0.0,0.0,0.0,0.0,mean,0.8215139615751635,0.9869105412873541,1.0,5.994455747389067e-05,-0.2459001450238141,12.0,1.0,0.9413291035084279,0.9413291035084281,cons__mean,cons__mean,bandwidth,0.0,9,0
consensus,mean,20,60,ring_plus,-2.7282340889208936e-08,2.7282340889208936e-08,0.0016408928661126084,5040,0.0,0.0,0.0,0.0,5040.0,5040.0,1.0,0.0,161280.0,32.0,0.0,5040.0,0.0,0.0,0.0,0.0,0.0,0.0,mean,0.7358942085436929,0.9925317583695167,1.0,1.863792706410515e-07,-0.18178672071011878,9.0,1.0,1.399646125476325,1.3996461254763248,cons__mean,cons__mean,spoof,0.0,0,0
consensus,mean,20,60,ring_plus,-2.540133107053268e-07,2.540133107053268e-07,0.00048453446686209353,5400,0.0,0.0,0.0,0.0,5400.0,5400.0,1.0,0.0,172800.0,32.0,0.0,5400.0,0.0,0.0,0.0,0.0,0.0,0.0,mean,0.7510183855869336,0.998411949153818,1.0,1.799818348342342e-06,-0.28470321147063804,12.0,1.0,1.320493917398932,1.320493917398932,cons__mean,cons__mean,spoof,0.0,1,0
consensus,mean,20,60,ring_plus,-8.168897270614256e-10,8.168897270614256e-10,0.0012440764529735126,6120,0.0,0.0,0.0,0.0,6120.0,6120.0,1.0,0.0,195840.0,32.0,0.0,6120.0,0.0,0.0,0.0,0.0,0.0,0.0,mean,0.6822838278176631,0.9973996316268622,1.0,1.0277110011726397e-08,-0.30468541946906474,9.0,1.0,1.55469612182113,1.5546961218211295,cons__mean,cons__mean,spoof,0.0,2,0
consensus,mean,20,60,ring_plus,-1.44849267107655e-08,1.44849267107655e-08,0.019471394709923977,5040,0.0,0.0,0.0,0.0,5040.0,5040.0,1.0,0.0,161280.0,32.0,0.0,5040.0,0.0,0.0,0.0,0.0,0.0,0.0,mean,0.7101630463123513,0.9985650726029233,1.0,1.5671518029164446e-07,-0.43744331443948486,11.0,1.0,1.2627284000071304,1.2627284000071306,cons__mean,cons__mean,spoof,0.0,3,0
consensus,mean,20,60,ring_plus,-9.276754692133524e-08,9.276754692133524e-08,3.289845831358147e-05,5640,0.0,0.0,0.0,0.0,5640.0,5640.0,1.0,0.0,180480.0,32.0,0.0,5640.0,0.0,0.0,0.0,0.0,0.0,0.0,mean,0.7473228203439312,0.9943839413436558,1.0,5.841762267377446e-07,-0.2570986057633667,9.0,1.0,1.3711704029417888,1.3711704029417888,cons__mean,cons__mean,spoof,0.0,4,0
consensus,mean,20,60,ring_plus,-2.3477787254070522e-08,2.3477787254070522e-08,0.0037162859002191975,6360,0.0,0.0,0.0,0.0,6360.0,6360.0,1.0,0.0,203520.0,32.0,0.0,6360.0,0.0,0.0,0.0,0.0,0.0,0.0,mean,0.7191687973344563,0.9968099910770064,1.0,1.8721703839698926e-07,-0.25459691385321637,11.0,1.0,1.6160985120576443,1.616098512057644,cons__mean,cons__mean,spoof,0.0,5,0
consensus,mean,20,60,ring_plus,-5.570206765237664e-07,5.570206765237664e-07,5.444381155767587e-05,4680,0.0,0.0,0.0,0.0,4680.0,4680.0,1.0,0.0,149760.0,32.0,0.0,4680.0,0.0,0.0,0.0,0.0,0.0,0.0,mean,0.7682219554941994,0.9874776436152543,1.0,2.6186758839223734e-06,-0.35008555319065043,9.0,1.0,0.9450014459069909,0.9450014459069908,cons__mean,cons__mean,spoof,0.0,6,0
consensus,mean,20,60,ring_plus,-1.7240977534037544e-11,1.7240977534037544e-11,0.0002635716035891913,6480,0.0,0.0,0.0,0.0,6480.0,6480.0,1.0,0.0,207360.0,32.0,0.0,6480.0,0.0,0.0,0.0,0.0,0.0,0.0,mean,0.6407059489560791,0.9952688870731727,1.0,2.826947437737647e-10,-0.32121842418855234,7.0,1.0,2.218617553571293,2.218617553571293,cons__mean,cons__mean,spoof,0.0,7,0
consensus,mean,20,60,ring_plus,-4.581667026258216e-05,4.581667026258216e-05,0.010348279756478822,4200,0.0,0.0,0.0,0.0,4200.0,4200.0,1.0,0.0,134400.0,32.0,0.0,4200.0,0.0,0.0,0.0,0.0,0.0,0.0,mean,0.8317451493013875,0.9913815833731552,1.0,0.0001402144553736957,-0.2253599342497902,15.0,1.0,0.7964836768628718,0.7964836768628717,cons__mean,cons__mean,spoof,0.0,8,0
consensus,mean,20,60,ring_plus,-1.842855635986362e-05,1.842855635986362e-05,7.788988655482558e-06,5280,0.0,0.0,0.0,0.0,5280.0,5280.0,1.0,0.0,168960.0,32.0,0.0,5280.0,0.0,0.0,0.0,0.0,0.0,0.0,mean,0.8215139615751635,0.9869105412873541,1.0,5.994455747389067e-05,-0.2459001450238141,12.0,1.0,0.9413291035084279,0.9413291035084281,cons__mean,cons__mean,spoof,0.0,9,0
consensus,mean,20,60,ring_plus,-0.10157216328770938,0.10157216328770938,0.005142201536149372,5040,0.10891198706682552,0.0,0.0,0.0,5040.0,5040.0,1.0,0.0,161280.0,32.0,0.0,4527.0,0.0,513.0,0.0,0.0,0.0,0.0,mean,0.9312685483934047,0.4550671483955474,0.6,0.12567257780156263,-0.18009385177669598,11.0,1.0,1.399646125476325,1.3996461254763248,cons__mean,cons__mean,spoof,0.1,0,0
consensus,mean,20,60,ring_plus,-0.04428318407077613,0.04428318407077613,0.10637870934189379,5400,0.10674204233651245,0.0,0.0,0.0,5400.0,5400.0,1.0,0.0,172800.0,32.0,0.0,4847.0,0.0,553.0,0.0,0.0,0.0,0.0,mean,0.9514290025213411,0.44304604158034366,0.7166666666666667,0.10019434222401842,-0.28396516263634713,14.0,1.0,1.320493917398932,1.320493917398932,cons__mean,cons__mean,spoof,0.1,1,0
consensus,mean,20,60,ring_plus,-0.050705547201566274,0.050705547201566274,0.0066928481339227856,6120,0.0977523653856127,0.0,0.0,0.0,6120.0,6120.0,1.0,0.0,195840.0,32.0,0.0,5488.0,0.0,632.0,0.0,0.0,0.0,0.0,mean,0.9158615685341384,0.41519645334343536,0.6333333333333333,0.14205084240182278,-0.3038403270293201,8.0,1.0,1.55469612182113,1.5546961218211295,cons__mean,cons__mean,spoof,0.1,2,0
consensus,mean,20,60,ring_plus,-0.06607685089452923,0.06607685089452923,0.05592664349605696,5040,0.10108763342079975,0.0,0.0,0.0,5040.0,5040.0,1.0,0.0,161280.0,32.0,0.0,4560.0,0.0,480.0,0.0,0.0,0.0,0.0,mean,0.823007909360149,0.8506498938499422,0.6,0.09055745691242006,-0.4363420338326581,11.0,1.0,1.2627284000071304,1.2627284000071306,cons__mean,cons__mean,spoof,0.1,3,0
consensus,mean,20,60,ring_plus,-0.2277629859404426,0.2277629859404426,0.023428288888139054,5640,0.09960188379108664,0.0,0.0,0.0,5640.0,5640.0,1.0,0.0,180480.0,32.0,0.0,5064.0,0.0,576.0,0.0,0.0,0.0,0.0,mean,0.8454221874181763,0.7528604511113708,0.55,0.1465113263880941,-0.2533025575438184,12.0,1.0,1.3711704029417888,1.3711704029417888,cons__mean,cons__mean,spoof,0.1,4,0
consensus,mean,20,60,ring_plus,-0.0449075143432695,0.0449075143432695,0.08395339286328683,6360,0.10134952718656602,0.0,0.0,0.0,6360.0,6360.0,1.0,0.0,203520.0,32.0,0.0,5748.0,0.0,612.0,0.0,0.0,0.0,0.0,mean,0.9321901249230728,0.5376189609339435,0.65,0.09135476851123221,-0.253848455672125,14.0,1.0,1.6160985120576443,1.616098512057644,cons__mean,cons__mean,spoof,0.1,5,0
consensus,mean,20,60,ring_plus,-0.09365014536719568,0.09365014536719568,0.03918389893584355,4680,0.12094602119653806,0.0,0.0,0.0,4680.0,4680.0,1.0,0.0,149760.0,32.0,0.0,4232.0,0.0,448.0,0.0,0.0,0.0,0.0,mean,0.9229390037363686,0.5776836863224066,0.55,0.21961912239791628,-0.34852472671820833,11.0,1.0,0.9450014459069909,0.9450014459069908,cons__mean,cons__mean,spoof,0.1,6,0
consensus,mean,20,60,ring_plus,-0.0706440813161692,0.0706440813161692,0.00358105428129121,6480,0.10752132896954308,0.0,0.0,0.0,6480.0,6480.0,1.0,0.0,207360.0,32.0,0.0,5840.0,0.0,640.0,0.0,0.0,0.0,0.0,mean,0.9443784660211252,0.39894985138559713,0.6,0.08917747564443852,-0.32004102283357005,9.0,1.0,2.218617553571293,2.218617553571293,cons__mean,cons__mean,spoof,0.1,7,0
consensus,mean,20,60,ring_plus,-0.09717481961312706,0.09717481961312706,0.02507781184372982,4200,0.09560818146636353,0.0,0.0,0.0,4200.0,4200.0,1.0,0.0,134400.0,32.0,0.0,3754.0,0.0,446.0,0.0,0.0,0.0,0.0,mean,0.9118861392121019,0.8336047004836517,0.6333333333333333,0.14117064480810795,-0.2237411175340758,29.0,1.0,0.7964836768628718,0.7964836768628717,cons__mean,cons__mean,spoof,0.1,8,0
consensus,mean,20,60,ring_plus,-0.036695165306302145,0.036695165306302145,0.0052580436386139694,5280,0.1148856680261544,0.0,0.0,0.0,5280.0,5280.0,1.0,0.0,168960.0,32.0,0.0,4734.0,0.0,546.0,0.0,0.0,0.0,0.0,mean,0.9615138598387087,0.38883546859573015,0.5666666666666667,0.11554057501985032,-0.24528886607798178,17.0,1.0,0.9413291035084279,0.9413291035084281,cons__mean,cons__mean,spoof,0.1,9,0
consensus,mean,20,60,ring_plus,-0.2124921577652233,0.2124921577652233,0.020938892590081686,5040,0.3097151640118005,0.0,0.0,0.0,5040.0,5040.0,1.0,0.0,161280.0,32.0,0.0,3527.0,0.0,1513.0,0.0,0.0,0.0,0.0,mean,0.974713398832279,0.2879885307783425,0.5333333333333333,0.1969291420371644,-0.17824518520207072,,0.0,1.399646125476325,1.3996461254763248,cons__mean,cons__mean,spoof,0.3,0,0
consensus,mean,20,60,ring_plus,-0.22445529340613984,0.22445529340613984,0.20837292594561058,5400,0.30061552532751135,0.0,0.0,0.0,5400.0,5400.0,1.0,0.0,172800.0,32.0,0.0,3807.0,0.0,1593.0,0.0,0.0,0.0,0.0,mean,0.9499638036348752,0.39319061811240974,0.6333333333333333,0.28079038204843615,-0.2809622941474243,,0.0,1.320493917398932,1.320493917398932,cons__mean,cons__mean,spoof,0.3,1,0
consensus,mean,20,60,ring_plus,-0.1889962483802851,0.1889962483802851,0.022846081331916557,6120,0.29524966602082514,0.0,0.0,0.0,6120.0,6120.0,1.0,0.0,195840.0,32.0,0.0,4268.0,0.0,1852.0,0.0,0.0,0.0,0.0,mean,0.964766708909806,0.30955995529629876,0.5833333333333334,0.23070494036385816,-0.30153548200967484,19.0,1.0,1.55469612182113,1.5546961218211295,cons__mean,cons__mean,spoof,0.3,2,0
consensus,mean,20,60,ring_plus,-0.2336316327486604,0.2336316327486604,0.09018478549959345,5040,0.3211944126007993,0.0,0.0,0.0,5040.0,5040.0,1.0,0.0,161280.0,32.0,0.0,3555.0,0.0,1485.0,0.0,0.0,0.0,0.0,mean,0.955898887943134,0.37197671555325096,0.5833333333333334,0.22769100228136407,-0.43354945413508933,9.0,1.0,1.2627284000071304,1.2627284000071306,cons__mean,cons__mean,spoof,0.3,3,0
consensus,mean,20,60,ring_plus,-0.13926169406902308,0.13926169406902308,0.02011897002724683,5640,0.30029601438162323,0.0,0.0,0.0,5640.0,5640.0,1.0,0.0,180480.0,32.0,0.0,3971.0,0.0,1669.0,0.0,0.0,0.0,0.0,mean,0.9780183323510759,0.2263843222738613,0.5333333333333333,0.22996742987878882,-0.2547775790750087,6.0,1.0,1.3711704029417888,1.3711704029417888,cons__mean,cons__mean,spoof,0.3,4,0
consensus,mean,20,60,ring_plus,-0.34924753842665335,0.34924753842665335,0.09804284406223687,6360,0.30703530850840977,0.0,0.0,0.0,6360.0,6360.0,1.0,0.0,203520.0,32.0,0.0,4473.0,0.0,1887.0,0.0,0.0,0.0,0.0,mean,0.945829811602794,0.4729660686809525,0.6,0.28544207203004707,-0.24877612193740192,23.0,1.0,1.6160985120576443,1.616098512057644,cons__mean,cons__mean,spoof,0.3,5,0
consensus,mean,20,60,ring_plus,-0.6902771870185667,0.6902771870185667,0.10328179870844945,4680,0.3232398361870056,0.0,0.0,0.0,4680.0,4680.0,1.0,0.0,149760.0,32.0,0.0,3299.0,0.0,1381.0,0.0,0.0,0.0,0.0,mean,0.9662631015311289,0.30255117453139313,0.5666666666666667,0.39014181811289256,-0.3385809426906855,9.0,1.0,0.9450014459069909,0.9450014459069908,cons__mean,cons__mean,spoof,0.3,6,0
consensus,mean,20,60,ring_plus,-0.17600057316706155,0.17600057316706155,0.008889771575376862,6480,0.31116904888469166,0.0,0.0,0.0,6480.0,6480.0,1.0,0.0,207360.0,32.0,0.0,4583.0,0.0,1897.0,0.0,0.0,0.0,0.0,mean,0.8612224044470718,0.7042403590151056,0.5666666666666667,0.19063768084097224,-0.31828508130272176,11.0,1.0,2.218617553571293,2.218617553571293,cons__mean,cons__mean,spoof,0.3,7,0
consensus,mean,20,60,ring_plus,-0.568309651583089,0.568309651583089,0.035713335133804036,4200,0.30345006338589076,0.0,0.0,0.0,4200.0,4200.0,1.0,0.0,134400.0,32.0,0.0,2901.0,0.0,1299.0,0.0,0.0,0.0,0.0,mean,0.9413046526744469,0.41275457595617804,0.5,0.42658120666824934,-0.21588887033457646,33.0,1.0,0.7964836768628718,0.7964836768628717,cons__mean,cons__mean,spoof,0.3,8,0
consensus,mean,20,60,ring_plus,-0.26806808500267987,0.26806808500267987,0.015198143037969836,5280,0.3137837247504999,0.0,0.0,0.0,5280.0,5280.0,1.0,0.0,168960.0,32.0,0.0,3702.0,0.0,1578.0,0.0,0.0,0.0,0.0,mean,0.8862024051157097,0.5599276578929633,0.5166666666666667,0.29043367892009636,-0.24143265074970882,,0.0,0.9413291035084279,0.9413291035084281,cons__mean,cons__mean,spoof,0.3,9,0
consensus,mean,20,60,ring_plus,-0.41711237011964075,0.41711237011964075,0.02094664591270607,5040,0.5294883187866312,0.0,0.0,0.0,5040.0,5040.0,1.0,0.0,161280.0,32.0,0.0,2468.0,0.0,2572.0,0.0,0.0,0.0,0.0,mean,0.5514184838832266,0.9957205439074928,0.5333333333333333,0.5453555501749077,-0.17483484832949703,,0.0,1.399646125476325,1.3996461254763248,cons__mean,cons__mean,spoof,0.5,0,0
consensus,mean,20,60,ring_plus,-0.6217651433594544,0.6217651433594544,0.14189554874035565,5400,0.5283599293345967,0.0,0.0,0.0,5400.0,5400.0,1.0,0.0,172800.0,32.0,0.0,2643.0,0.0,2757.0,0.0,0.0,0.0,0.0,mean,0.9743221073847532,0.33623354250496895,0.6166666666666667,0.45558483804622235,-0.27434046331486905,,0.0,1.320493917398932,1.320493917398932,cons__mean,cons__mean,spoof,0.5,1,0
consensus,mean,20,60,ring_plus,-0.6485710666820315,0.6485710666820315,0.05573559272757282,6120,0.5012992700796526,0.0,0.0,0.0,6120.0,6120.0,1.0,0.0,195840.0,32.0,0.0,3014.0,0.0,3106.0,0.0,0.0,0.0,0.0,mean,0.9664824107803169,0.26733410863740137,0.5666666666666667,0.486418265372337,-0.29387590170464567,44.0,1.0,1.55469612182113,1.5546961218211295,cons__mean,cons__mean,spoof,0.5,2,0
consensus,mean,20,60,ring_plus,-0.6753072106942141,0.6753072106942141,0.0939441217891101,5040,0.5323236789580758,0.0,0.0,0.0,5040.0,5040.0,1.0,0.0,161280.0,32.0,0.0,2514.0,0.0,2526.0,0.0,0.0,0.0,0.0,mean,0.9680473217786534,0.4042883254122417,0.5833333333333334,0.4854704291520949,-0.4261881945026634,46.0,1.0,1.2627284000071304,1.2627284000071306,cons__mean,cons__mean,spoof,0.5,3,0
consensus,mean,20,60,ring_plus,-0.42531917104758243,0.42531917104758243,0.06726209074284309,5640,0.5082855602913782,0.0,0.0,0.0,5640.0,5640.0,1.0,0.0,180480.0,32.0,0.0,2826.0,0.0,2814.0,0.0,0.0,0.0,0.0,mean,0.8782011117843211,0.663712297153053,0.5333333333333333,0.4103935772447038,-0.25000995445869945,23.0,1.0,1.3711704029417888,1.3711704029417888,cons__mean,cons__mean,spoof,0.5,4,0
consensus,mean,20,60,ring_plus,-0.4556839299790345,0.4556839299790345,0.13394443664535863,6360,0.5330439241184016,0.0,0.0,0.0,6360.0,6360.0,1.0,0.0,203520.0,32.0,0.0,3167.0,0.0,3193.0,0.0,0.0,0.0,0.0,mean,0.9368713147710678,0.4622599110455484,0.5166666666666667,0.46376347218943353,-0.2470021820781956,,0.0,1.6160985120576443,1.616098512057644,cons__mean,cons__mean,spoof,0.5,5,0
consensus,mean,20,60,ring_plus,-0.3567121737518141,0.3567121737518141,0.07259347697636495,4680,0.5579402146149031,0.0,0.0,0.0,4680.0,4680.0,1.0,0.0,149760.0,32.0,0.0,2371.0,0.0,2309.0,0.0,0.0,0.0,0.0,mean,0.9086773332136964,0.5602270335153356,0.5333333333333333,0.699807991777858,-0.3441403595784647,,0.0,0.9450014459069909,0.9450014459069908,cons__mean,cons__mean,spoof,0.5,6,0
consensus,mean,20,60,ring_plus,-0.4256841089466529,0.4256841089466529,0.02762846480553925,6480,0.5234041270283265,0.0,0.0,0.0,6480.0,6480.0,1.0,0.0,207360.0,32.0,0.0,3290.0,0.0,3190.0,0.0,0.0,0.0,0.0,mean,0.8166924159309921,0.6903316001802402,0.5166666666666667,0.4552623050224734,-0.3141236890397286,16.0,1.0,2.218617553571293,2.218617553571293,cons__mean,cons__mean,spoof,0.5,7,0
consensus,mean,20,60,ring_plus,-0.6651826947506683,0.6651826947506683,0.04696948706171349,4200,0.5238805013110319,0.0,0.0,0.0,4200.0,4200.0,1.0,0.0,134400.0,32.0,0.0,2076.0,0.0,2124.0,0.0,0.0,0.0,0.0,mean,0.9758400420220193,0.24555372650731566,0.5833333333333334,0.5726644742018934,-0.2142743196151168,,0.0,0.7964836768628718,0.7964836768628717,cons__mean,cons__mean,spoof,0.5,8,0
consensus,mean,20,60,ring_plus,-0.4991882599732303,0.4991882599732303,0.026711383673871568,5280,0.5342133016728653,0.0,0.0,0.0,5280.0,5280.0,1.0,0.0,168960.0,32.0,0.0,2578.0,0.0,2702.0,0.0,0.0,0.0,0.0,mean,0.9255138595451231,0.5252878937772918,0.5666666666666667,0.5059484144833248,-0.23758064783353297,,0.0,0.9413291035084279,0.9413291035084281,cons__mean,cons__mean,spoof,0.5,9,0
consensus,mean,20,60,ring_plus,-1.36387198535011,1.36387198535011,0.07586045731224203,5040,1.0636999173135229,0.0,0.0,0.0,5040.0,5040.0,1.0,0.0,161280.0,32.0,0.0,0.0,0.0,5040.0,0.0,0.0,0.0,0.0,mean,0.9853759935046121,0.12695875381137822,0.5333333333333333,1.1551020987383882,-0.15905552140898932,,0.0,1.399646125476325,1.3996461254763248,cons__mean,cons__mean,spoof,1.0,0,0
consensus,mean,20,60,ring_plus,-1.016905536975753,1.016905536975753,0.19191546997297435,5400,1.0648959385276244,0.0,0.0,0.0,5400.0,5400.0,1.0,0.0,172800.0,32.0,0.0,0.0,0.0,5400.0,0.0,0.0,0.0,0.0,mean,0.8621874128249408,0.5905283403775411,0.5,0.9391582362375921,-0.2677547900879308,,0.0,1.320493917398932,1.320493917398932,cons__mean,cons__mean,spoof,1.0,1,0
consensus,mean,20,60,ring_plus,-0.7227497136956252,0.7227497136956252,0.03618163616924304,6120,1.0503240144706811,0.0,0.0,0.0,6120.0,6120.0,1.0,0.0,195840.0,32.0,0.0,0.0,0.0,6120.0,0.0,0.0,0.0,0.0,mean,0.9883161484563846,0.08905085465447315,0.6,0.8663743678899837,-0.2926395909210858,,0.0,1.55469612182113,1.5546961218211295,cons__mean,cons__mean,spoof,1.0,2,0
consensus,mean,20,60,ring_plus,-1.1550583286043208,1.1550583286043208,0.17710057208414037,5040,1.0572096350037785,0.0,0.0,0.0,5040.0,5040.0,1.0,0.0,161280.0,32.0,0.0,0.0,0.0,5040.0,0.0,0.0,0.0,0.0,mean,0.8651771446443276,0.6517495247239317,0.55,1.004518041727583,-0.41819234253749493,,0.0,1.2627284000071304,1.2627284000071306,cons__mean,cons__mean,spoof,1.0,3,0
consensus,mean,20,60,ring_plus,-0.7945292658461839,0.7945292658461839,0.04402719820646414,5640,1.0545365684152657,0.0,0.0,0.0,5640.0,5640.0,1.0,0.0,180480.0,32.0,0.0,0.0,0.0,5640.0,0.0,0.0,0.0,0.0,mean,0.9852930201888327,0.16431117339578705,0.55,0.9874716781622195,-0.2438564528787227,,0.0,1.3711704029417888,1.3711704029417888,cons__mean,cons__mean,spoof,1.0,4,0
consensus,mean,20,60,ring_plus,-0.8197534095888716,0.8197534095888716,0.13800420928613988,6360,1.0516427464251563,0.0,0.0,0.0,6360.0,6360.0,1.0,0.0,203520.0,32.0,0.0,0.0,0.0,6360.0,0.0,0.0,0.0,0.0,mean,0.9744161079549902,0.29218292810338997,0.55,0.6460832489377769,-0.24093435741803168,,0.0,1.6160985120576443,1.616098512057644,cons__mean,cons__mean,spoof,1.0,5,0
consensus,mean,20,60,ring_plus,-0.8143959012632952,0.8143959012632952,0.12972840348664033,4680,1.0985478328214637,0.0,0.0,0.0,4680.0,4680.0,1.0,0.0,149760.0,32.0,0.0,0.0,0.0,4680.0,0.0,0.0,0.0,0.0,mean,0.8907556766534622,0.4495939002971666,0.5333333333333333,1.2451120398803814,-0.3365122974532733,,0.0,0.9450014459069909,0.9450014459069908,cons__mean,cons__mean,spoof,1.0,6,0
consensus,mean,20,60,ring_plus,-1.1483295175488848,1.1483295175488848,0.06202781002728887,6480,1.0767745036789431,0.0,0.0,0.0,6480.0,6480.0,1.0,0.0,207360.0,32.0,0.0,0.0,0.0,6480.0,0.0,0.0,0.0,0.0,mean,0.9211228703592658,0.42972191001863724,0.48333333333333334,0.9355262264571255,-0.30207959889635816,,0.0,2.218617553571293,2.218617553571293,cons__mean,cons__mean,spoof,1.0,7,0
consensus,mean,20,60,ring_plus,-0.8402066739983735,0.8402066739983735,0.05522784857226681,4200,1.049371525771498,0.0,0.0,0.0,4200.0,4200.0,1.0,0.0,134400.0,32.0,0.0,0.0,0.0,4200.0,0.0,0.0,0.0,0.0,mean,0.9743548057240499,0.31891210426528493,0.5,0.991426619762568,-0.21135725329432173,,0.0,0.7964836768628718,0.7964836768628717,cons__mean,cons__mean,spoof,1.0,8,0
consensus,mean,20,60,ring_plus,-1.3576989705436133,1.3576989705436133,0.07061881542763314,5280,1.095662332618813,0.0,0.0,0.0,5280.0,5280.0,1.0,0.0,168960.0,32.0,0.0,0.0,0.0,5280.0,0.0,0.0,0.0,0.0,mean,0.9767306322986955,0.15326422024124242,0.5166666666666667,1.2490177184899556,-0.22327213599069334,,0.0,0.9413291035084279,0.9413291035084281,cons__mean,cons__mean,spoof,1.0,9,0
consensus,mean,20,60,ring_plus,-2.7282340889208936e-08,2.7282340889208936e-08,0.0016408928661126084,5040,0.0,0.0,0.0,0.0,5040.0,5040.0,1.0,0.0,161280.0,32.0,0.0,5040.0,0.0,0.0,0.0,0.0,0.0,0.0,mean,0.7358942085436929,0.9925317583695167,1.0,1.863792706410515e-07,-0.18178672071011878,9.0,1.0,1.399646125476325,1.3996461254763248,cons__mean,cons__mean,jam,0.0,0,0
consensus,mean,20,60,ring_plus,-2.540133107053268e-07,2.540133107053268e-07,0.00048453446686209353,5400,0.0,0.0,0.0,0.0,5400.0,5400.0,1.0,0.0,172800.0,32.0,0.0,5400.0,0.0,0.0,0.0,0.0,0.0,0.0,mean,0.7510183855869336,0.998411949153818,1.0,1.799818348342342e-06,-0.28470321147063804,12.0,1.0,1.320493917398932,1.320493917398932,cons__mean,cons__mean,jam,0.0,1,0
consensus,mean,20,60,ring_plus,-8.168897270614256e-10,8.168897270614256e-10,0.0012440764529735126,6120,0.0,0.0,0.0,0.0,6120.0,6120.0,1.0,0.0,195840.0,32.0,0.0,6120.0,0.0,0.0,0.0,0.0,0.0,0.0,mean,0.6822838278176631,0.9973996316268622,1.0,1.0277110011726397e-08,-0.30468541946906474,9.0,1.0,1.55469612182113,1.5546961218211295,cons__mean,cons__mean,jam,0.0,2,0
consensus,mean,20,60,ring_plus,-1.44849267107655e-08,1.44849267107655e-08,0.019471394709923977,5040,0.0,0.0,0.0,0.0,5040.0,5040.0,1.0,0.0,161280.0,32.0,0.0,5040.0,0.0,0.0,0.0,0.0,0.0,0.0,mean,0.7101630463123513,0.9985650726029233,1.0,1.5671518029164446e-07,-0.43744331443948486,11.0,1.0,1.2627284000071304,1.2627284000071306,cons__mean,cons__mean,jam,0.0,3,0
consensus,mean,20,60,ring_plus,-9.276754692133524e-08,9.276754692133524e-08,3.289845831358147e-05,5640,0.0,0.0,0.0,0.0,5640.0,5640.0,1.0,0.0,180480.0,32.0,0.0,5640.0,0.0,0.0,0.0,0.0,0.0,0.0,mean,0.7473228203439312,0.9943839413436558,1.0,5.841762267377446e-07,-0.2570986057633667,9.0,1.0,1.3711704029417888,1.3711704029417888,cons__mean,cons__mean,jam,0.0,4,0
consensus,mean,20,60,ring_plus,-2.3477787254070522e-08,2.3477787254070522e-08,0.0037162859002191975,6360,0.0,0.0,0.0,0.0,6360.0,6360.0,1.0,0.0,203520.0,32.0,0.0,6360.0,0.0,0.0,0.0,0.0,0.0,0.0,mean,0.7191687973344563,0.9968099910770064,1.0,1.8721703839698926e-07,-0.25459691385321637,11.0,1.0,1.6160985120576443,1.616098512057644,cons__mean,cons__mean,jam,0.0,5,0
consensus,mean,20,60,ring_plus,-5.570206765237664e-07,5.570206765237664e-07,5.444381155767587e-05,4680,0.0,0.0,0.0,0.0,4680.0,4680.0,1.0,0.0,149760.0,32.0,0.0,4680.0,0.0,0.0,0.0,0.0,0.0,0.0,mean,0.7682219554941994,0.9874776436152543,1.0,2.6186758839223734e-06,-0.35008555319065043,9.0,1.0,0.9450014459069909,0.9450014459069908,cons__mean,cons__mean,jam,0.0,6,0
consensus,mean,20,60,ring_plus,-1.7240977534037544e-11,1.7240977534037544e-11,0.0002635716035891913,6480,0.0,0.0,0.0,0.0,6480.0,6480.0,1.0,0.0,207360.0,32.0,0.0,6480.0,0.0,0.0,0.0,0.0,0.0,0.0,mean,0.6407059489560791,0.9952688870731727,1.0,2.826947437737647e-10,-0.32121842418855234,7.0,1.0,2.218617553571293,2.218617553571293,cons__mean,cons__mean,jam,0.0,7,0
consensus,mean,20,60,ring_plus,-4.581667026258216e-05,4.581667026258216e-05,0.010348279756478822,4200,0.0,0.0,0.0,0.0,4200.0,4200.0,1.0,0.0,134400.0,32.0,0.0,4200.0,0.0,0.0,0.0,0.0,0.0,0.0,mean,0.8317451493013875,0.9913815833731552,1.0,0.0001402144553736957,-0.2253599342497902,15.0,1.0,0.7964836768628718,0.7964836768628717,cons__mean,cons__mean,jam,0.0,8,0
consensus,mean,20,60,ring_plus,-1.842855635986362e-05,1.842855635986362e-05,7.788988655482558e-06,5280,0.0,0.0,0.0,0.0,5280.0,5280.0,1.0,0.0,168960.0,32.0,0.0,5280.0,0.0,0.0,0.0,0.0,0.0,0.0,mean,0.8215139615751635,0.9869105412873541,1.0,5.994455747389067e-05,-0.2459001450238141,12.0,1.0,0.9413291035084279,0.9413291035084281,cons__mean,cons__mean,jam,0.0,9,0
consensus,mean,20,60,ring_plus,-0.10483826515435675,0.10483826515435675,0.007970387342424846,5040,0.0,0.10714285714285714,0.0,0.0,5040.0,4500.0,0.8928571428571429,0.1071428571428571,144000.0,32.0,0.0,4500.0,0.0,0.0,0.0,540.0,0.0,0.0,mean,0.965213878977596,0.4286256079368258,1.0,0.10539237592808516,-0.18003941674558516,36.0,1.0,1.399646125476325,1.355753295277519,cons__mean,cons__mean,jam,0.1,0,0
consensus,mean,20,60,ring_plus,-0.19017073234285103,0.19017073234285103,0.20103059989540917,5400,0.0,0.1,0.0,0.0,5400.0,4860.0,0.9,0.09999999999999998,155520.0,32.0,0.0,4860.0,0.0,0.0,0.0,540.0,0.0,0.0,mean,0.951387217173519,0.8161988242940392,1.0,0.21505171491139988,-0.28153370349847917,,0.0,1.320493917398932,1.3067220124547165,cons__mean,cons__mean,jam,0.1,1,0
consensus,mean,20,60,ring_plus,-0.13042471517504417,0.13042471517504417,0.02495615803468788,6120,0.0,0.06862745098039216,0.0,0.0,6120.0,5700.0,0.9313725490196079,0.06862745098039214,182400.0,32.0,0.0,5700.0,0.0,0.0,0.0,420.0,0.0,0.0,mean,0.959083808942184,0.5613974779569357,1.0,0.139948363190232,-0.30251167422976216,36.0,1.0,1.55469612182113,0.8699785139899355,cons__mean,cons__mean,jam,0.1,2,0
consensus,mean,20,60,ring_plus,-1.2462214574802932,1.2462214574802932,3.581757496547124,5040,0.0,0.15476190476190477,0.0,0.0,5040.0,4260.0,0.8452380952380952,0.15476190476190477,136320.0,32.0,0.0,4260.0,0.0,0.0,0.0,780.0,0.0,0.0,mean,0.9593141870931537,0.7996827371043627,0.9333333333333333,1.2463802312103895,-0.41667295705622875,,0.0,1.2627284000071304,1.2594924649021235,cons__mean,cons__mean,jam,0.1,3,0
consensus,mean,20,60,ring_plus,-1.5765466766447283,1.5765466766447283,0.2653351140461352,5640,0.0,0.09574468085106383,0.0,0.0,5640.0,5100.0,0.9042553191489362,0.0957446808510638,163200.0,32.0,0.0,5100.0,0.0,0.0,0.0,540.0,0.0,0.0,mean,0.9829077226068738,0.3456282823825949,0.8,1.573037465711912,-0.23082282936541365,,0.0,1.3711704029417888,1.3555111922818643,cons__mean,cons__mean,jam,0.1,4,0
consensus,mean,20,60,ring_plus,-1.2227347451288961,1.2227347451288961,1.111136870690901,6360,0.0,0.0660377358490566,0.0,0.0,6360.0,5940.0,0.9339622641509434,0.06603773584905659,190080.0,32.0,0.0,5940.0,0.0,0.0,0.0,420.0,0.0,0.0,mean,0.9677356450740888,0.969625037099838,1.0,1.4491965423091446,-0.2342180018256979,,0.0,1.6160985120576443,1.1665296618373981,cons__mean,cons__mean,jam,0.1,5,0
consensus,mean,20,60,ring_plus,-5.399493729497927,5.399493729497927,0.34492327968445624,4680,0.0,0.10256410256410256,0.0,0.0,4680.0,4200.0,0.8974358974358975,0.10256410256410253,134400.0,32.0,0.0,4200.0,0.0,0.0,0.0,480.0,0.0,0.0,mean,0.9063115236632294,0.6711304397144864,0.18333333333333332,5.395485500302452,-0.26009400031602947,,0.0,0.9450014459069909,0.9269296061447677,cons__mean,cons__mean,jam,0.1,6,0
consensus,mean,20,60,ring_plus,-0.41539336597857773,0.41539336597857773,0.6461095103128145,6480,0.0,0.14814814814814814,0.0,0.0,6480.0,5520.0,0.8518518518518519,0.14814814814814814,176640.0,32.0,0.0,5520.0,0.0,0.0,0.0,960.0,0.0,0.0,mean,0.9574703910915542,0.636897226024354,0.8333333333333334,0.41304168724211326,-0.31429520142252987,,0.0,2.218617553571293,2.2131131029340265,cons__mean,cons__mean,jam,0.1,7,0
consensus,mean,20,60,ring_plus,-1.01931638181703,1.01931638181703,1.438281016317108,4200,0.0,0.12857142857142856,0.0,0.0,4200.0,3660.0,0.8714285714285714,0.12857142857142856,117120.0,32.0,0.0,3660.0,0.0,0.0,0.0,540.0,0.0,0.0,mean,0.9700010167135863,0.9173526432791055,1.0,1.0713566175064926,-0.20837209149734412,,0.0,0.7964836768628718,0.7756455591018226,cons__mean,cons__mean,jam,0.1,8,0
consensus,mean,20,60,ring_plus,-0.7304240371772934,0.7304240371772934,0.7210401434528946,5280,0.0,0.10227272727272728,0.0,0.0,5280.0,4740.0,0.8977272727272727,0.10227272727272729,151680.0,32.0,0.0,4740.0,0.0,0.0,0.0,540.0,0.0,0.0,mean,0.9731894520453132,0.7297355040600093,1.0,0.766109087943255,-0.2337267182134653,,0.0,0.9413291035084279,0.8042031991139494,cons__mean,cons__mean,jam,0.1,9,0
consensus,mean,20,60,ring_plus,-2.4751722137014722,2.4751722137014722,0.2588039389768765,5040,0.0,0.25,0.0,0.0,5040.0,3780.0,0.75,0.25,120960.0,32.0,0.0,3780.0,0.0,0.0,0.0,1260.0,0.0,0.0,mean,0.952445740057481,0.520153802121293,0.31666666666666665,2.4660094057434554,-0.14053385093646653,,0.0,1.399646125476325,0.7328759072995557,cons__mean,cons__mean,jam,0.25,0,0
consensus,mean,20,60,ring_plus,-1.7047686303065608,1.7047686303065608,0.0853007419543403,5400,0.0,0.2777777777777778,0.0,0.0,5400.0,3900.0,0.7222222222222222,0.2777777777777778,124800.0,32.0,0.0,3900.0,0.0,0.0,0.0,1500.0,0.0,0.0,mean,0.9866427108295925,0.3211656605332832,1.0,1.7087340326874385,-0.2562904051990839,,0.0,1.320493917398932,0.70949080031589,cons__mean,cons__mean,jam,0.25,1,0
consensus,mean,20,60,ring_plus,-5.51956237193113,5.51956237193113,0.4009845152410437,6120,0.0,0.21568627450980393,0.0,0.0,6120.0,4800.0,0.7843137254901961,0.21568627450980393,153600.0,32.0,0.0,4800.0,0.0,0.0,0.0,1320.0,0.0,0.0,mean,0.9056152517244755,0.6768384246432237,0.16666666666666666,5.508619515802219,-0.21269271328382738,,0.0,1.55469612182113,0.8590938956011059,cons__mean,cons__mean,jam,0.25,2,0
consensus,mean,20,60,ring_plus,-14.425717771071945,14.425717771071945,1.4528118757728463,5040,0.0,0.30952380952380953,0.0,0.0,5040.0,3480.0,0.6904761904761905,0.30952380952380953,111360.0,32.0,0.0,3480.0,0.0,0.0,0.0,1560.0,0.0,0.0,mean,0.9712489777461386,0.6237358367826882,0.25,14.405038871237409,-0.19701468516303458,,0.0,1.2627284000071304,0.7034053746014614,cons__mean,cons__mean,jam,0.25,3,0
consensus,mean,20,60,ring_plus,-3.489440253225625,3.489440253225625,0.23547107150107216,5640,0.0,0.24468085106382978,0.0,0.0,5640.0,4260.0,0.7553191489361702,0.24468085106382975,136320.0,32.0,0.0,4260.0,0.0,0.0,0.0,1380.0,0.0,0.0,mean,0.8980576971935584,0.6514498000828908,0.18333333333333332,3.4803793594357955,-0.198941269755732,,0.0,1.3711704029417888,0.6932116477645714,cons__mean,cons__mean,jam,0.25,4,0
consensus,mean,20,60,ring_plus,-5.883856256049275,5.883856256049275,0.5651585638876117,6360,0.0,0.20754716981132076,0.0,0.0,6360.0,5040.0,0.7924528301886793,0.2075471698113207,161280.0,32.0,0.0,5040.0,0.0,0.0,0.0,1320.0,0.0,0.0,mean,0.9928090217824024,0.5690950952765121,1.0,5.9076403181322545,-0.15653264331035827,,0.0,1.6160985120576443,8.788681123263577e-16,cons__mean,cons__mean,jam,0.25,5,0
consensus,mean,20,60,ring_plus,-7.531943458176928,7.531943458176928,0.4046524175619739,4680,0.0,0.23076923076923078,0.0,0.0,4680.0,3600.0,0.7692307692307693,0.23076923076923073,115200.0,32.0,0.0,3600.0,0.0,0.0,0.0,1080.0,0.0,0.0,mean,0.9064533027549818,0.6957500130569352,0.21666666666666667,7.531927528332862,-0.2245531715047128,,0.0,0.9450014459069909,0.6516227104008937,cons__mean,cons__mean,jam,0.25,6,0
consensus,mean,20,60,ring_plus,-6.132211193467272,6.132211193467272,0.3818146777470425,6480,0.0,0.2962962962962963,0.0,0.0,6480.0,4560.0,0.7037037037037037,0.2962962962962963,145920.0,32.0,0.0,4560.0,0.0,0.0,0.0,1920.0,0.0,0.0,mean,0.8624728247450355,0.7401469808768315,0.7166666666666667,6.132570356262218,-0.21901490429771828,,0.0,2.218617553571293,1.6234402002584751,cons__mean,cons__mean,jam,0.25,7,0
consensus,mean,20,60,ring_plus,-3.905434465810149,3.905434465810149,0.5483684408747553,4200,0.0,0.3142857142857143,0.0,0.0,4200.0,2880.0,0.6857142857142857,0.3142857142857143,92160.0,32.0,0.0,2880.0,0.0,0.0,0.0,1320.0,0.0,0.0,mean,0.9905260920751633,0.47423829555511776,0.8333333333333334,3.9000992657549554,-0.1602701234307921,,0.0,0.7964836768628718,0.48285695744342,cons__mean,cons__mean,jam,0.25,8,0
consensus,mean,20,60,ring_plus,-2.9050954514055327,2.9050954514055327,0.5531058028586269,5280,0.0,0.20454545454545456,0.0,0.0,5280.0,4200.0,0.7954545454545454,0.20454545454545459,134400.0,32.0,0.0,4200.0,0.0,0.0,0.0,1080.0,0.0,0.0,mean,0.8357929828683983,0.7871394993265902,0.15,2.854165021070056,-0.19748219464299457,,0.0,0.9413291035084279,0.5410467703440894,cons__mean,cons__mean,jam,0.25,9,0
consensus,mean,20,60,ring_plus,-7.456567337542388,7.456567337542388,0.3734532515061305,5040,0.0,0.5238095238095238,0.0,0.0,5040.0,2400.0,0.47619047619047616,0.5238095238095238,76800.0,32.0,0.0,2400.0,0.0,0.0,0.0,2640.0,0.0,0.0,mean,0.9988445820644141,0.14498915492056397,0.95,7.456974806678761,-0.057510598872451295,,0.0,1.399646125476325,2.0101208904909568e-16,cons__mean,cons__mean,jam,0.5,0,0
consensus,mean,20,60,ring_plus,-5.403111274243923,5.403111274243923,0.2702152785681384,5400,0.0,0.5222222222222223,0.0,0.0,5400.0,2580.0,0.4777777777777778,0.5222222222222221,82560.0,32.0,0.0,2580.0,0.0,0.0,0.0,2820.0,0.0,0.0,mean,0.9948309787261685,0.2294064588400705,1.0,5.40313316215689,-0.19465136113346124,,0.0,1.320493917398932,-2.0216336746729997e-16,cons__mean,cons__mean,jam,0.5,1,0
consensus,mean,20,60,ring_plus,-9.732971856002026,9.732971856002026,0.7445754666129017,6120,0.0,0.46078431372549017,0.0,0.0,6120.0,3300.0,0.5392156862745098,0.4607843137254902,105600.0,32.0,0.0,3300.0,0.0,0.0,0.0,2820.0,0.0,0.0,mean,0.9709380274371926,0.6181246469056854,0.25,9.731316662733986,-0.1424692218826458,,0.0,1.55469612182113,7.185689075917253e-16,cons__mean,cons__mean,jam,0.5,2,0
consensus,mean,20,60,ring_plus,-16.592249649310958,16.592249649310958,0.938641727680874,5040,0.0,0.5833333333333334,0.0,0.0,5040.0,2100.0,0.4166666666666667,0.5833333333333333,67200.0,32.0,0.0,2100.0,0.0,0.0,0.0,2940.0,0.0,0.0,mean,0.9656682902341679,0.6123931137580015,0.16666666666666666,16.59022271274286,-0.1609058205257177,,0.0,1.2627284000071304,-2.3898125381316e-16,cons__mean,cons__mean,jam,0.5,3,0
consensus,mean,20,60,ring_plus,-10.270751153858447,10.270751153858447,0.5179581210372134,5640,0.0,0.48936170212765956,0.0,0.0,5640.0,2880.0,0.5106382978723404,0.4893617021276596,92160.0,32.0,0.0,2880.0,0.0,0.0,0.0,2760.0,0.0,0.0,mean,0.9989237831848076,0.1253761161766238,0.9666666666666667,10.271432799116988,-0.08591942141185169,,0.0,1.3711704029417888,9.22679146182269e-17,cons__mean,cons__mean,jam,0.5,4,0
consensus,mean,20,60,ring_plus,-9.639465803724717,9.639465803724717,0.5992456151006077,6360,0.0,0.42452830188679247,0.0,0.0,6360.0,3660.0,0.5754716981132075,0.42452830188679247,117120.0,32.0,0.0,3660.0,0.0,0.0,0.0,2700.0,0.0,0.0,mean,0.9959453467699874,0.33894695330528113,0.6833333333333333,9.639457669296126,-0.0939391508491009,,0.0,1.6160985120576443,5.533258796772204e-16,cons__mean,cons__mean,jam,0.5,5,0
consensus,mean,20,60,ring_plus,-10.375878759471322,10.375878759471322,0.5219082670717282,4680,0.0,0.5256410256410257,0.0,0.0,4680.0,2220.0,0.47435897435897434,0.5256410256410257,71040.0,32.0,0.0,2220.0,0.0,0.0,0.0,2460.0,0.0,0.0,mean,0.917953302548627,0.690640881500517,0.11666666666666667,10.375776460692922,-0.1771542498164729,,0.0,0.9450014459069909,3.928730535098917e-17,cons__mean,cons__mean,jam,0.5,6,0
consensus,mean,20,60,ring_plus,-8.29925098439548,8.29925098439548,0.4327995877093482,6480,0.0,0.49074074074074076,0.0,0.0,6480.0,3300.0,0.5092592592592593,0.4907407407407407,105600.0,32.0,0.0,3300.0,0.0,0.0,0.0,3180.0,0.0,0.0,mean,0.9020824294657263,0.6870986823350209,0.11666666666666667,8.299151785805854,-0.18289757444891488,,0.0,2.218617553571293,4.442157626793808e-16,cons__mean,cons__mean,jam,0.5,7,0
consensus,mean,20,60,ring_plus,-8.602264810284911,8.602264810284911,0.43811487119840226,4200,0.0,0.5285714285714286,0.0,0.0,4200.0,1980.0,0.4714285714285714,0.5285714285714286,63360.0,32.0,0.0,1980.0,0.0,0.0,0.0,2220.0,0.0,0.0,mean,0.8962230005598332,0.7144590570472895,0.06666666666666667,8.602147962630552,-0.08198961768954609,,0.0,0.7964836768628718,7.218723564701772e-17,cons__mean,cons__mean,jam,0.5,8,0
consensus,mean,20,60,ring_plus,-3.8621891728337685,3.8621891728337685,0.3520069062969443,5280,0.0,0.4772727272727273,0.0,0.0,5280.0,2760.0,0.5227272727272727,0.4772727272727273,88320.0,32.0,0.0,2760.0,0.0,0.0,0.0,2520.0,0.0,0.0,mean,0.9159141440177283,0.6697517105467699,0.2,3.861683239220914,-0.18153063261919067,,0.0,0.9413291035084279,4.227176087568643e-16,cons__mean,cons__mean,jam,0.5,9,0
consensus,mean,20,60,ring_plus,-8.631491010883254,8.631491010883254,0.4327739919090554,5040,0.0,0.7619047619047619,0.0,0.0,5040.0,1200.0,0.23809523809523808,0.7619047619047619,38400.0,32.0,0.0,1200.0,0.0,0.0,0.0,3840.0,0.0,0.0,mean,0.9993628420880898,0.1203956688415534,1.0,8.631491178220788,-0.03792853765010354,,0.0,1.399646125476325,-2.470145101219242e-16,cons__mean,cons__mean,jam,0.75,0,0
consensus,mean,20,60,ring_plus,-10.548565092203717,10.548565092203717,0.5378707366940281,5400,0.0,0.7555555555555555,0.0,0.0,5400.0,1320.0,0.24444444444444444,0.7555555555555555,42240.0,32.0,0.0,1320.0,0.0,0.0,0.0,4080.0,0.0,0.0,mean,0.997988186810628,0.2239133082784166,1.0,10.548610669418592,-0.10889379750079803,,0.0,1.320493917398932,-2.73585982193477e-16,cons__mean,cons__mean,jam,0.75,1,0
consensus,mean,20,60,ring_plus,-15.42821315777132,15.42821315777132,0.7936801067804884,6120,0.0,0.7352941176470589,0.0,0.0,6120.0,1620.0,0.2647058823529412,0.7352941176470589,51840.0,32.0,0.0,1620.0,0.0,0.0,0.0,4500.0,0.0,0.0,mean,0.9564879189837913,0.7185003556150555,0.06666666666666667,15.428204541946448,-0.047548533519824215,,0.0,1.55469612182113,-1.0293380571099687e-17,cons__mean,cons__mean,jam,0.75,2,0
consensus,mean,20,60,ring_plus,-20.895123212938522,20.895123212938522,1.066213470459061,5040,0.0,0.7738095238095238,0.0,0.0,5040.0,1140.0,0.2261904761904762,0.7738095238095238,36480.0,32.0,0.0,1140.0,0.0,0.0,0.0,3900.0,0.0,0.0,mean,0.9582833276930014,0.7359534240000019,0.7333333333333333,20.895131544143386,-0.08919126113192496,,0.0,1.2627284000071304,-4.3411469630379086e-16,cons__mean,cons__mean,jam,0.75,3,0
consensus,mean,20,60,ring_plus,-14.457419992641253,14.457419992641253,0.7235592165303414,5640,0.0,0.723404255319149,0.0,0.0,5640.0,1560.0,0.2765957446808511,0.7234042553191489,49920.0,32.0,0.0,1560.0,0.0,0.0,0.0,4080.0,0.0,0.0,mean,0.9841916953904022,0.732197886512489,0.8,14.457420342020384,-0.016141607432138255,,0.0,1.3711704029417888,-1.6685486281983725e-16,cons__mean,cons__mean,jam,0.75,4,0
consensus,mean,20,60,ring_plus,-13.040681892777508,13.040681892777508,0.6578825608102323,6360,0.0,0.7169811320754716,0.0,0.0,6360.0,1800.0,0.2830188679245283,0.7169811320754718,57600.0,32.0,0.0,1800.0,0.0,0.0,0.0,4560.0,0.0,0.0,mean,0.9996129605419036,0.10320128155842978,1.0,13.040681924791956,-0.03725221603155437,,0.0,1.6160985120576443,3.4135284035789766e-16,cons__mean,cons__mean,jam,0.75,5,0
consensus,mean,20,60,ring_plus,-14.871840743650514,14.871840743650514,0.7437575412466295,4680,0.0,0.8076923076923077,0.0,0.0,4680.0,900.0,0.19230769230769232,0.8076923076923077,28800.0,32.0,0.0,900.0,0.0,0.0,0.0,3780.0,0.0,0.0,mean,0.9400682693304404,0.7116704200239097,0.08333333333333333,14.871823393252301,-0.10222155008015302,,0.0,0.9450014459069909,-3.5551152606263237e-16,cons__mean,cons__mean,jam,0.75,6,0
consensus,mean,20,60,ring_plus,-16.18224824526866,16.18224824526866,0.8470946302963684,6480,0.0,0.7222222222222222,0.0,0.0,6480.0,1800.0,0.2777777777777778,0.7222222222222222,57600.0,32.0,0.0,1800.0,0.0,0.0,0.0,4680.0,0.0,0.0,mean,0.9653350945330196,0.7704458323312694,0.08333333333333333,16.182246424946946,-0.05151428676769522,,0.0,2.218617553571293,-7.007142901653366e-16,cons__mean,cons__mean,jam,0.75,7,0
consensus,mean,20,60,ring_plus,-12.688439345855244,12.688439345855244,0.6398680440563183,4200,0.0,0.7571428571428571,0.0,0.0,4200.0,1020.0,0.24285714285714285,0.7571428571428571,32640.0,32.0,0.0,1020.0,0.0,0.0,0.0,3180.0,0.0,0.0,mean,0.9958731826208413,0.594723618991301,0.6666666666666666,12.6884404565602,-0.013886708763373879,,0.0,0.7964836768628718,-1.3346272666746056e-17,cons__mean,cons__mean,jam,0.75,8,0
consensus,mean,20,60,ring_plus,-9.937839665745972,9.937839665745972,0.5018459726693861,5280,0.0,0.75,0.0,0.0,5280.0,1320.0,0.25,0.75,42240.0,32.0,0.0,1320.0,0.0,0.0,0.0,3960.0,0.0,0.0,mean,0.9460738899906753,0.6559181639429668,0.1,9.937838133296658,-0.08026979107065395,,0.0,0.9413291035084279,-5.307638482904972e-16,cons__mean,cons__mean,jam,0.75,9,0
consensus,mean,20,60,ring_plus,-2.7282340889208936e-08,2.7282340889208936e-08,0.0016408928661126084,5040,0.0,0.0,0.0,0.0,5040.0,5040.0,1.0,0.0,161280.0,32.0,0.0,5040.0,0.0,0.0,0.0,0.0,0.0,0.0,mean,0.7358942085436929,0.9925317583695167,1.0,1.863792706410515e-07,-0.18178672071011878,9.0,1.0,1.399646125476325,1.3996461254763248,cons__mean,cons__mean,byzantine,0.0,0,0
consensus,mean,20,60,ring_plus,-2.540133107053268e-07,2.540133107053268e-07,0.00048453446686209353,5400,0.0,0.0,0.0,0.0,5400.0,5400.0,1.0,0.0,172800.0,32.0,0.0,5400.0,0.0,0.0,0.0,0.0,0.0,0.0,mean,0.7510183855869336,0.998411949153818,1.0,1.799818348342342e-06,-0.28470321147063804,12.0,1.0,1.320493917398932,1.320493917398932,cons__mean,cons__mean,byzantine,0.0,1,0
consensus,mean,20,60,ring_plus,-8.168897270614256e-10,8.168897270614256e-10,0.0012440764529735126,6120,0.0,0.0,0.0,0.0,6120.0,6120.0,1.0,0.0,195840.0,32.0,0.0,6120.0,0.0,0.0,0.0,0.0,0.0,0.0,mean,0.6822838278176631,0.9973996316268622,1.0,1.0277110011726397e-08,-0.30468541946906474,9.0,1.0,1.55469612182113,1.5546961218211295,cons__mean,cons__mean,byzantine,0.0,2,0
consensus,mean,20,60,ring_plus,-1.44849267107655e-08,1.44849267107655e-08,0.019471394709923977,5040,0.0,0.0,0.0,0.0,5040.0,5040.0,1.0,0.0,161280.0,32.0,0.0,5040.0,0.0,0.0,0.0,0.0,0.0,0.0,mean,0.7101630463123513,0.9985650726029233,1.0,1.5671518029164446e-07,-0.43744331443948486,11.0,1.0,1.2627284000071304,1.2627284000071306,cons__mean,cons__mean,byzantine,0.0,3,0
consensus,mean,20,60,ring_plus,-9.276754692133524e-08,9.276754692133524e-08,3.289845831358147e-05,5640,0.0,0.0,0.0,0.0,5640.0,5640.0,1.0,0.0,180480.0,32.0,0.0,5640.0,0.0,0.0,0.0,0.0,0.0,0.0,mean,0.7473228203439312,0.9943839413436558,1.0,5.841762267377446e-07,-0.2570986057633667,9.0,1.0,1.3711704029417888,1.3711704029417888,cons__mean,cons__mean,byzantine,0.0,4,0
consensus,mean,20,60,ring_plus,-2.3477787254070522e-08,2.3477787254070522e-08,0.0037162859002191975,6360,0.0,0.0,0.0,0.0,6360.0,6360.0,1.0,0.0,203520.0,32.0,0.0,6360.0,0.0,0.0,0.0,0.0,0.0,0.0,mean,0.7191687973344563,0.9968099910770064,1.0,1.8721703839698926e-07,-0.25459691385321637,11.0,1.0,1.6160985120576443,1.616098512057644,cons__mean,cons__mean,byzantine,0.0,5,0
consensus,mean,20,60,ring_plus,-5.570206765237664e-07,5.570206765237664e-07,5.444381155767587e-05,4680,0.0,0.0,0.0,0.0,4680.0,4680.0,1.0,0.0,149760.0,32.0,0.0,4680.0,0.0,0.0,0.0,0.0,0.0,0.0,mean,0.7682219554941994,0.9874776436152543,1.0,2.6186758839223734e-06,-0.35008555319065043,9.0,1.0,0.9450014459069909,0.9450014459069908,cons__mean,cons__mean,byzantine,0.0,6,0
consensus,mean,20,60,ring_plus,-1.7240977534037544e-11,1.7240977534037544e-11,0.0002635716035891913,6480,0.0,0.0,0.0,0.0,6480.0,6480.0,1.0,0.0,207360.0,32.0,0.0,6480.0,0.0,0.0,0.0,0.0,0.0,0.0,mean,0.6407059489560791,0.9952688870731727,1.0,2.826947437737647e-10,-0.32121842418855234,7.0,1.0,2.218617553571293,2.218617553571293,cons__mean,cons__mean,byzantine,0.0,7,0
consensus,mean,20,60,ring_plus,-4.581667026258216e-05,4.581667026258216e-05,0.010348279756478822,4200,0.0,0.0,0.0,0.0,4200.0,4200.0,1.0,0.0,134400.0,32.0,0.0,4200.0,0.0,0.0,0.0,0.0,0.0,0.0,mean,0.8317451493013875,0.9913815833731552,1.0,0.0001402144553736957,-0.2253599342497902,15.0,1.0,0.7964836768628718,0.7964836768628717,cons__mean,cons__mean,byzantine,0.0,8,0
consensus,mean,20,60,ring_plus,-1.842855635986362e-05,1.842855635986362e-05,7.788988655482558e-06,5280,0.0,0.0,0.0,0.0,5280.0,5280.0,1.0,0.0,168960.0,32.0,0.0,5280.0,0.0,0.0,0.0,0.0,0.0,0.0,mean,0.8215139615751635,0.9869105412873541,1.0,5.994455747389067e-05,-0.2459001450238141,12.0,1.0,0.9413291035084279,0.9413291035084281,cons__mean,cons__mean,byzantine,0.0,9,0
consensus,mean,20,60,ring_plus,-0.7114521846444901,0.7114521846444901,0.20236040374625458,5040,0.0,0.0,0.0,0.0,5040.0,5040.0,1.0,0.0,161280.0,32.0,0.0,5040.0,0.0,0.0,0.0,0.0,0.0,0.0,mean,0.92303348858589,0.4401734570309739,0.5833333333333334,0.8318454825056727,-0.16992918475408292,31.0,1.0,1.399646125476325,1.3996461254763248,cons__mean,cons__mean,byzantine,0.1,0,0
consensus,mean,20,60,ring_plus,-0.3287311308461846,0.3287311308461846,0.10623954232170156,5400,0.0,0.0,0.0,0.0,5400.0,5400.0,1.0,0.0,172800.0,32.0,0.0,5400.0,0.0,0.0,0.0,0.0,0.0,0.0,mean,0.8481272634406205,0.6185734508686339,0.5833333333333334,0.48720404601274575,-0.2792243635234236,8.0,1.0,1.320493917398932,1.320493917398932,cons__mean,cons__mean,byzantine,0.1,1,0
consensus,mean,20,60,ring_plus,-0.4068347316020381,0.4068347316020381,0.032664219517948324,6120,0.0,0.0,0.0,0.0,6120.0,6120.0,1.0,0.0,195840.0,32.0,0.0,6120.0,0.0,0.0,0.0,0.0,0.0,0.0,mean,0.9622475767970742,0.20677045814155914,0.5166666666666667,0.5835274353928094,-0.2979048406226455,12.0,1.0,1.55469612182113,1.5546961218211295,cons__mean,cons__mean,byzantine,0.1,2,0
consensus,mean,20,60,ring_plus,-0.3490927676510175,0.3490927676510175,0.15094863868275238,5040,0.0,0.0,0.0,0.0,5040.0,5040.0,1.0,0.0,161280.0,32.0,0.0,5040.0,0.0,0.0,0.0,0.0,0.0,0.0,mean,0.9488532278055136,0.2690570419392233,0.5166666666666667,0.39658449944168056,-0.4316251018867166,12.0,1.0,1.2627284000071304,1.2627284000071306,cons__mean,cons__mean,byzantine,0.1,3,0
consensus,mean,20,60,ring_plus,-0.13311603416008305,0.13311603416008305,0.04340696856919403,5640,0.0,0.0,0.0,0.0,5640.0,5640.0,1.0,0.0,180480.0,32.0,0.0,5640.0,0.0,0.0,0.0,0.0,0.0,0.0,mean,0.8140499785157475,0.7920456080005138,0.6333333333333333,0.9441310693445996,-0.2548800067401577,13.0,1.0,1.3711704029417888,1.3711704029417888,cons__mean,cons__mean,byzantine,0.1,4,0
consensus,mean,20,60,ring_plus,-0.03677925276848611,0.03677925276848611,0.11928465433057385,6360,0.0,0.0,0.0,0.0,6360.0,6360.0,1.0,0.0,203520.0,32.0,0.0,6360.0,0.0,0.0,0.0,0.0,0.0,0.0,mean,0.9602917025103508,0.34073986662796796,0.6166666666666667,0.3578624614696529,-0.2539839266983714,18.0,1.0,1.6160985120576443,1.616098512057644,cons__mean,cons__mean,byzantine,0.1,5,0
consensus,mean,20,60,ring_plus,-0.8061420061127825,0.8061420061127825,0.04477448703917246,4680,0.0,0.0,0.0,0.0,4680.0,4680.0,1.0,0.0,149760.0,32.0,0.0,4680.0,0.0,0.0,0.0,0.0,0.0,0.0,mean,0.7562932290978924,0.813806185559899,0.5666666666666667,1.120785574435523,-0.33664986237244854,11.0,1.0,0.9450014459069909,0.9450014459069908,cons__mean,cons__mean,byzantine,0.1,6,0
consensus,mean,20,60,ring_plus,-1.2356462710656175,1.2356462710656175,0.10858502958625486,6480,0.0,0.0,0.0,0.0,6480.0,6480.0,1.0,0.0,207360.0,32.0,0.0,6480.0,0.0,0.0,0.0,0.0,0.0,0.0,mean,0.8665072395875346,0.667893350847219,0.5333333333333333,0.6342685647463976,-0.3006243196710793,11.0,1.0,2.218617553571293,2.218617553571293,cons__mean,cons__mean,byzantine,0.1,7,0
consensus,mean,20,60,ring_plus,-0.6137842337590028,0.6137842337590028,0.11189453175101846,4200,0.0,0.0,0.0,0.0,4200.0,4200.0,1.0,0.0,134400.0,32.0,0.0,4200.0,0.0,0.0,0.0,0.0,0.0,0.0,mean,0.8862629525420933,0.5099035894673994,0.55,1.1404236702290835,-0.21513096063164455,21.0,1.0,0.7964836768628718,0.7964836768628717,cons__mean,cons__mean,byzantine,0.1,8,0
consensus,mean,20,60,ring_plus,-0.19018004112373926,0.19018004112373926,0.014848476954420948,5280,0.0,0.0,0.0,0.0,5280.0,5280.0,1.0,0.0,168960.0,32.0,0.0,5280.0,0.0,0.0,0.0,0.0,0.0,0.0,mean,0.9320645710893516,0.19529437379918602,0.5333333333333333,1.0031443068157848,-0.2427307848143578,13.0,1.0,0.9413291035084279,0.9413291035084281,cons__mean,cons__mean,byzantine,0.1,9,0
consensus,mean,20,60,ring_plus,-2.044487436140357,2.044487436140357,0.12030096531384349,5040,0.0,0.0,0.0,0.0,5040.0,5040.0,1.0,0.0,161280.0,32.0,0.0,5040.0,0.0,0.0,0.0,0.0,0.0,0.0,mean,0.9244586129229524,0.4455715051224438,0.5333333333333333,1.4689269571621917,-0.14771193056248516,,0.0,1.399646125476325,1.3996461254763248,cons__mean,cons__mean,byzantine,0.25,0,0
consensus,mean,20,60,ring_plus,-0.7308811432487798,0.7308811432487798,0.11731805061090209,5400,0.0,0.0,0.0,0.0,5400.0,5400.0,1.0,0.0,172800.0,32.0,0.0,5400.0,0.0,0.0,0.0,0.0,0.0,0.0,mean,0.9785372363012699,0.24877068092174448,0.5166666666666667,1.7081330982585043,-0.2725218633167136,,0.0,1.320493917398932,1.320493917398932,cons__mean,cons__mean,byzantine,0.25,1,0
consensus,mean,20,60,ring_plus,-1.8968771771994022,1.8968771771994022,0.13709788933332379,6120,0.0,0.0,0.0,0.0,6120.0,6120.0,1.0,0.0,195840.0,32.0,0.0,6120.0,0.0,0.0,0.0,0.0,0.0,0.0,mean,0.961246879583114,0.28643880210444184,0.6,1.6189735955443538,-0.2730707998626895,38.0,1.0,1.55469612182113,1.5546961218211295,cons__mean,cons__mean,byzantine,0.25,2,0
consensus,mean,20,60,ring_plus,-2.781181889425935,2.781181889425935,0.26571847991452335,5040,0.0,0.0,0.0,0.0,5040.0,5040.0,1.0,0.0,161280.0,32.0,0.0,5040.0,0.0,0.0,0.0,0.0,0.0,0.0,mean,0.9585705538919402,0.19866832441459326,0.5333333333333333,2.1789817135117486,-0.39109028319046796,32.0,1.0,1.2627284000071304,1.2627284000071306,cons__mean,cons__mean,byzantine,0.25,3,0
consensus,mean,20,60,ring_plus,-1.1951590266191137,1.1951590266191137,0.07088087278257582,5640,0.0,0.0,0.0,0.0,5640.0,5640.0,1.0,0.0,180480.0,32.0,0.0,5640.0,0.0,0.0,0.0,0.0,0.0,0.0,mean,0.9471493695258487,0.44148949321426645,0.5,1.681168646239304,-0.2371792901991739,,0.0,1.3711704029417888,1.3711704029417888,cons__mean,cons__mean,byzantine,0.25,4,0
consensus,mean,20,60,ring_plus,-2.0787699846772054,2.0787699846772054,0.4546629360028054,6360,0.0,0.0,0.0,0.0,6360.0,6360.0,1.0,0.0,203520.0,32.0,0.0,6360.0,0.0,0.0,0.0,0.0,0.0,0.0,mean,0.90005461108008,0.4651514194224643,0.4666666666666667,1.2947125453972566,-0.21995074783322613,,0.0,1.6160985120576443,1.616098512057644,cons__mean,cons__mean,byzantine,0.25,5,0
consensus,mean,20,60,ring_plus,-0.5895207077455779,0.5895207077455779,0.03570041934050734,4680,0.0,0.0,0.0,0.0,4680.0,4680.0,1.0,0.0,149760.0,32.0,0.0,4680.0,0.0,0.0,0.0,0.0,0.0,0.0,mean,0.9787146652248014,0.13288435518604114,0.5166666666666667,1.464474083875617,-0.3402602173452354,46.0,1.0,0.9450014459069909,0.9450014459069908,cons__mean,cons__mean,byzantine,0.25,6,0
consensus,mean,20,60,ring_plus,-0.8094730325344462,0.8094730325344462,0.29894764248848926,6480,0.0,0.0,0.0,0.0,6480.0,6480.0,1.0,0.0,207360.0,32.0,0.0,6480.0,0.0,0.0,0.0,0.0,0.0,0.0,mean,0.9561403239988299,0.35474699601110304,0.5,1.1285770825688635,-0.3077272069799321,,0.0,2.218617553571293,2.218617553571293,cons__mean,cons__mean,byzantine,0.25,7,0
consensus,mean,20,60,ring_plus,-0.9237792011605037,0.9237792011605037,0.2483139840818092,4200,0.0,0.0,0.0,0.0,4200.0,4200.0,1.0,0.0,134400.0,32.0,0.0,4200.0,0.0,0.0,0.0,0.0,0.0,0.0,mean,0.9622531238438934,0.2463275688950899,0.5,1.510729622993795,-0.20996437784161956,,0.0,0.7964836768628718,0.7964836768628717,cons__mean,cons__mean,byzantine,0.25,8,0
consensus,mean,20,60,ring_plus,-0.8420221335211752,0.8420221335211752,0.05229614312833557,5280,0.0,0.0,0.0,0.0,5280.0,5280.0,1.0,0.0,168960.0,32.0,0.0,5280.0,0.0,0.0,0.0,0.0,0.0,0.0,mean,0.9782516890462333,0.08555145133904785,0.5,1.3783248924397051,-0.23186674994106724,,0.0,0.9413291035084279,0.9413291035084281,cons__mean,cons__mean,byzantine,0.25,9,0
consensus,mean,20,60,ring_plus,-3.512395328676974,3.512395328676974,0.17584178105796086,5040,0.0,0.0,0.0,0.0,5040.0,5040.0,1.0,0.0,161280.0,32.0,0.0,5040.0,0.0,0.0,0.0,0.0,0.0,0.0,mean,0.9956393741569273,0.018074825921204796,0.5,3.0650521891473264,-0.12324679902020823,,0.0,1.399646125476325,1.3996461254763248,cons__mean,cons__mean,byzantine,0.5,0,0
consensus,mean,20,60,ring_plus,-5.2551631628982305,5.2551631628982305,0.2900163683188323,5400,0.0,0.0,0.0,0.0,5400.0,5400.0,1.0,0.0,172800.0,32.0,0.0,5400.0,0.0,0.0,0.0,0.0,0.0,0.0,mean,0.9608836413844573,0.2955435684810055,0.43333333333333335,3.0267997384958196,-0.1971171629892228,,0.0,1.320493917398932,1.320493917398932,cons__mean,cons__mean,byzantine,0.5,1,0
consensus,mean,20,60,ring_plus,-4.29083075105751,4.29083075105751,0.33163394045204275,6120,0.0,0.0,0.0,0.0,6120.0,6120.0,1.0,0.0,195840.0,32.0,0.0,6120.0,0.0,0.0,0.0,0.0,0.0,0.0,mean,0.6039441643903692,0.8836842079565481,0.5166666666666667,3.056230572498727,-0.23317157363172106,,0.0,1.55469612182113,1.5546961218211295,cons__mean,cons__mean,byzantine,0.5,2,0
consensus,mean,20,60,ring_plus,-7.835019407078853,7.835019407078853,0.48207424355430684,5040,0.0,0.0,0.0,0.0,5040.0,5040.0,1.0,0.0,161280.0,32.0,0.0,5040.0,0.0,0.0,0.0,0.0,0.0,0.0,mean,0.9942877533867194,0.025312345277108794,0.55,5.669026946482249,-0.3068596578962527,,0.0,1.2627284000071304,1.2627284000071306,cons__mean,cons__mean,byzantine,0.5,3,0
consensus,mean,20,60,ring_plus,-2.958433354214597,2.958433354214597,0.15175476787529218,5640,0.0,0.0,0.0,0.0,5640.0,5640.0,1.0,0.0,180480.0,32.0,0.0,5640.0,0.0,0.0,0.0,0.0,0.0,0.0,mean,0.9892947054940276,0.11566086200721004,0.6,2.906452443472602,-0.2077913847392491,,0.0,1.3711704029417888,1.3711704029417888,cons__mean,cons__mean,byzantine,0.5,4,0
consensus,mean,20,60,ring_plus,-3.206570579526545,3.206570579526545,0.6582602968209222,6360,0.0,0.0,0.0,0.0,6360.0,6360.0,1.0,0.0,203520.0,32.0,0.0,6360.0,0.0,0.0,0.0,0.0,0.0,0.0,mean,0.9577079202956642,0.22456551367338784,0.5333333333333333,4.0102186644856515,-0.2011540712524038,,0.0,1.6160985120576443,1.616098512057644,cons__mean,cons__mean,byzantine,0.5,5,0
consensus,mean,20,60,ring_plus,-1.1983799845946617,1.1983799845946617,0.23879630002053692,4680,0.0,0.0,0.0,0.0,4680.0,4680.0,1.0,0.0,149760.0,32.0,0.0,4680.0,0.0,0.0,0.0,0.0,0.0,0.0,mean,0.5941427278400068,0.8904788601670998,0.48333333333333334,4.1889662026272365,-0.33011256273108386,,0.0,0.9450014459069909,0.9450014459069908,cons__mean,cons__mean,byzantine,0.5,6,0
consensus,mean,20,60,ring_plus,-1.1216555666107602,1.1216555666107602,0.05728190027605967,6480,0.0,0.0,0.0,0.0,6480.0,6480.0,1.0,0.0,207360.0,32.0,0.0,6480.0,0.0,0.0,0.0,0.0,0.0,0.0,mean,0.9792186008616691,0.2193073138143492,0.45,2.200162886442706,-0.30252416474532684,,0.0,2.218617553571293,2.218617553571293,cons__mean,cons__mean,byzantine,0.5,7,0
consensus,mean,20,60,ring_plus,-0.9729513403820709,0.9729513403820709,0.29311834028756645,4200,0.0,0.0,0.0,0.0,4200.0,4200.0,1.0,0.0,134400.0,32.0,0.0,4200.0,0.0,0.0,0.0,0.0,0.0,0.0,mean,0.9974801914640375,0.005841005913766795,0.55,4.6401983200666015,-0.20914484218792678,,0.0,0.7964836768628718,0.7964836768628717,cons__mean,cons__mean,byzantine,0.5,8,0
consensus,mean,20,60,ring_plus,-4.033061060949394,4.033061060949394,0.246699825821986,5280,0.0,0.0,0.0,0.0,5280.0,5280.0,1.0,0.0,168960.0,32.0,0.0,5280.0,0.0,0.0,0.0,0.0,0.0,0.0,mean,0.9820325036130658,0.14839921723315852,0.6,4.359189057271168,-0.17868276781726358,,0.0,0.9413291035084279,0.9413291035084281,cons__mean,cons__mean,byzantine,0.5,9,0
consensus,median,20,60,ring_plus,-0.005482431650517084,0.005482431650517084,0.003174707581046336,5040,0.0,0.0,0.0,0.0,5040.0,5040.0,1.0,0.0,161280.0,32.0,0.0,5040.0,0.0,0.0,0.0,0.0,0.0,0.0,median,0.9153796126179674,0.8893141208430875,1.0,0.009240556291100158,-0.18169534730398246,16.0,1.0,1.399646125476325,1.3996461254763248,cons__median,cons__median,msg_drop,0.0,0,0
consensus,median,20,60,ring_plus,-0.0022524075034309134,0.0022524075034309134,0.0032048738570717708,5400,0.0,0.0,0.0,0.0,5400.0,5400.0,1.0,0.0,172800.0,32.0,0.0,5400.0,0.0,0.0,0.0,0.0,0.0,0.0,median,0.8868894533962743,0.948095047355784,1.0,0.004040617335849671,-0.28466567557913613,17.0,1.0,1.320493917398932,1.320493917398932,cons__median,cons__median,msg_drop,0.0,1,0
consensus,median,20,60,ring_plus,-1.0757817627825737e-05,1.0757817627825737e-05,0.0109467913575376,6120,0.0,0.0,0.0,0.0,6120.0,6120.0,1.0,0.0,195840.0,32.0,0.0,6120.0,0.0,0.0,0.0,0.0,0.0,0.0,median,0.8029072662488145,0.9951107096363998,1.0,4.5457540449862186e-05,-0.3046852401857191,14.0,1.0,1.55469612182113,1.5546961218211295,cons__median,cons__median,msg_drop,0.0,2,0
consensus,median,20,60,ring_plus,-0.00018438166122980556,0.00018438166122980556,0.07442097525631908,5040,0.0,0.0,0.0,0.0,5040.0,5040.0,1.0,0.0,161280.0,32.0,0.0,5040.0,0.0,0.0,0.0,0.0,0.0,0.0,median,0.8371772439263904,0.9929626121047088,1.0,0.000744942995449872,-0.4374402416532132,21.0,1.0,1.2627284000071304,1.2627284000071306,cons__median,cons__median,msg_drop,0.0,3,0
consensus,median,20,60,ring_plus,-1.7632338623002975e-06,1.7632338623002975e-06,0.0008740494206147484,5640,0.0,0.0,0.0,0.0,5640.0,5640.0,1.0,0.0,180480.0,32.0,0.0,5640.0,0.0,0.0,0.0,0.0,0.0,0.0,median,0.7871303711427364,0.9892653375314289,1.0,7.5488257383975825e-06,-0.25709857792226143,11.0,1.0,1.3711704029417888,1.3711704029417888,cons__median,cons__median,msg_drop,0.0,4,0
consensus,median,20,60,ring_plus,-0.13883186854417218,0.13883186854417218,0.029115833628476584,6360,0.0,0.0,0.0,0.0,6360.0,6360.0,1.0,0.0,203520.0,32.0,0.0,6360.0,0.0,0.0,0.0,0.0,0.0,0.0,median,0.9600207839121924,0.43787725467610616,1.0,0.13883230737275712,-0.25228304976877663,18.0,1.0,1.6160985120576443,1.616098512057644,cons__median,cons__median,msg_drop,0.0,5,0
consensus,median,20,60,ring_plus,-0.00025687201397392407,0.00025687201397392407,0.06772029398602353,4680,0.0,0.0,0.0,0.0,4680.0,4680.0,1.0,0.0,149760.0,32.0,0.0,4680.0,0.0,0.0,0.0,0.0,0.0,0.0,median,0.8475205063686533,0.981351379392753,1.0,0.0005194339102027597,-0.3500812812740955,16.0,1.0,0.9450014459069909,0.9450014459069908,cons__median,cons__median,msg_drop,0.0,6,0
consensus,median,20,60,ring_plus,-6.615934702086204e-06,6.615934702086204e-06,1.4997736387158007e-05,6480,0.0,0.0,0.0,0.0,6480.0,6480.0,1.0,0.0,207360.0,32.0,0.0,6480.0,0.0,0.0,0.0,0.0,0.0,0.0,median,0.800548284567372,0.9881547098203891,1.0,2.697664426169475e-05,-0.3212183139232611,11.0,1.0,2.218617553571293,2.218617553571293,cons__median,cons__median,msg_drop,0.0,7,0
consensus,median,20,60,ring_plus,-0.061134390726600735,0.061134390726600735,0.005587901765279969,4200,0.0,0.0,0.0,0.0,4200.0,4200.0,1.0,0.0,134400.0,32.0,0.0,4200.0,0.0,0.0,0.0,0.0,0.0,0.0,median,0.9476347521361681,0.6576378148377107,1.0,0.06170680693486514,-0.2243417913488512,19.0,1.0,0.7964836768628718,0.7964836768628717,cons__median,cons__median,msg_drop,0.0,8,0
consensus,median,20,60,ring_plus,-0.0005079551485993235,0.0005079551485993235,0.0069406151663735805,5280,0.0,0.0,0.0,0.0,5280.0,5280.0,1.0,0.0,168960.0,32.0,0.0,5280.0,0.0,0.0,0.0,0.0,0.0,0.0,median,0.8724697640882209,0.9714170647982108,1.0,0.0015473166584628391,-0.2458919862472769,23.0,1.0,0.9413291035084279,0.9413291035084281,cons__median,cons__median,msg_drop,0.0,9,0
consensus,median,20,60,ring_plus,-0.0005806586567501641,0.0005806586567501641,0.00014165601752109624,5040,0.0,0.10277777777777777,0.0,0.0,5040.0,4522.0,0.8972222222222223,0.10277777777777775,144704.0,32.0,0.0,4522.0,0.0,0.0,518.0,0.0,0.0,0.0,median,0.877218354760738,0.9474997827832483,1.0,0.0013212712144674652,-0.18177704352054525,14.0,1.0,1.399646125476325,1.3458235410014037,cons__median,cons__median,msg_drop,0.1,0,0
consensus,median,20,60,ring_plus,-0.0013907509926754402,0.0013907509926754402,0.006899506287488287,5400,0.0,0.1037037037037037,0.0,0.0,5400.0,4840.0,0.8962962962962963,0.10370370370370374,154880.0,32.0,0.0,4840.0,0.0,0.0,560.0,0.0,0.0,0.0,median,0.877611968246154,0.9787546530195941,1.0,0.003191656109034238,-0.284680036520982,22.0,1.0,1.320493917398932,1.2572950674741608,cons__median,cons__median,msg_drop,0.1,1,0
consensus,median,20,60,ring_plus,-7.863356091850168e-07,7.863356091850168e-07,0.0117099454514076,6120,0.0,0.10326797385620914,0.0,0.0,6120.0,5488.0,0.8967320261437909,0.10326797385620912,175616.0,32.0,0.0,5488.0,0.0,0.0,632.0,0.0,0.0,0.0,median,0.7741192050810907,0.9963827335404977,1.0,7.824788395289772e-06,-0.304685406377086,13.0,1.0,1.55469612182113,1.5299830364930147,cons__median,cons__median,msg_drop,0.1,2,0
consensus,median,20,60,ring_plus,-3.71304047618345e-05,3.71304047618345e-05,0.022908668974407298,5040,0.0,0.09345238095238095,0.0,0.0,5040.0,4569.0,0.906547619047619,0.09345238095238095,146208.0,32.0,0.0,4569.0,0.0,0.0,471.0,0.0,0.0,0.0,median,0.8135009818411748,0.9964345494037986,1.0,0.00017283468546322648,-0.4374426958408209,17.0,1.0,1.2627284000071304,1.2353733719202542,cons__median,cons__median,msg_drop,0.1,3,0
consensus,median,20,60,ring_plus,-1.8851779350496974e-07,1.8851779350496974e-07,0.0031428741746083325,5640,0.0,0.1026595744680851,0.0,0.0,5640.0,5061.0,0.8973404255319148,0.10265957446808516,161952.0,32.0,0.0,5061.0,0.0,0.0,579.0,0.0,0.0,0.0,median,0.7501937510695382,0.9844347067839359,1.0,5.948268339841349e-07,-0.2570986041675292,9.0,1.0,1.3711704029417888,1.3207138697044611,cons__median,cons__median,msg_drop,0.1,4,0
consensus,median,20,60,ring_plus,-0.003285392142064864,0.003285392142064864,0.016923275356600802,6360,0.0,0.09827044025157233,0.0,0.0,6360.0,5735.0,0.9017295597484277,0.09827044025157228,183520.0,32.0,0.0,5735.0,0.0,0.0,625.0,0.0,0.0,0.0,median,0.8979788168556826,0.8427416420450459,1.0,0.004626148783015704,-0.2545421577088117,11.0,1.0,1.6160985120576443,1.583621832579197,cons__median,cons__median,msg_drop,0.1,5,0
consensus,median,20,60,ring_plus,-9.405293134436456e-05,9.405293134436456e-05,0.05418691847954078,4680,0.0,0.09658119658119659,0.0,0.0,4680.0,4228.0,0.9034188034188034,0.09658119658119657,135296.0,32.0,0.0,4228.0,0.0,0.0,452.0,0.0,0.0,0.0,median,0.8347394873888416,0.9688327957522387,1.0,0.0001900541541357785,-0.3500839949254725,12.0,1.0,0.9450014459069909,0.8957994866615863,cons__median,cons__median,msg_drop,0.1,6,0
consensus,median,20,60,ring_plus,-1.1305350124843976e-06,1.1305350124843976e-06,0.0019316456903417656,6480,0.0,0.10030864197530864,0.0,0.0,6480.0,5830.0,0.8996913580246914,0.10030864197530864,186560.0,32.0,0.0,5830.0,0.0,0.0,650.0,0.0,0.0,0.0,median,0.7722845156152262,0.9665727718972094,1.0,2.9369159726732456e-06,-0.3212184053465894,10.0,1.0,2.218617553571293,2.1395397467772024,cons__median,cons__median,msg_drop,0.1,7,0
consensus,median,20,60,ring_plus,-0.009517685598201604,0.009517685598201604,0.0026397628438375237,4200,0.0,0.10809523809523809,0.0,0.0,4200.0,3746.0,0.8919047619047619,0.10809523809523813,119872.0,32.0,0.0,3746.0,0.0,0.0,454.0,0.0,0.0,0.0,median,0.9196104511294405,0.8508764832876637,1.0,0.012806714803942215,-0.22520206976765794,15.0,1.0,0.7964836768628718,0.7332449500908755,cons__median,cons__median,msg_drop,0.1,8,0
consensus,median,20,60,ring_plus,-0.00026422601052006003,0.00026422601052006003,0.00019261572926086652,5280,0.0,0.10340909090909091,0.0,0.0,5280.0,4734.0,0.8965909090909091,0.1034090909090909,151488.0,32.0,0.0,4734.0,0.0,0.0,546.0,0.0,0.0,0.0,median,0.8670135819497886,0.9608604118079441,1.0,0.0007494414033113882,-0.24589604839957818,12.0,1.0,0.9413291035084279,0.9246306127261071,cons__median,cons__median,msg_drop,0.1,9,0
consensus,median,20,60,ring_plus,-1.2944910064070247e-05,1.2944910064070247e-05,0.003606228883606691,5040,0.0,0.29543650793650794,0.0,0.0,5040.0,3551.0,0.7045634920634921,0.2954365079365079,113632.0,32.0,0.0,3551.0,0.0,0.0,1489.0,0.0,0.0,0.0,median,0.8121627148346994,0.985541717804858,1.0,4.203130380890006e-05,-0.18178650541632335,14.0,1.0,1.399646125476325,0.9593085927552825,cons__median,cons__median,msg_drop,0.3,0,0
consensus,median,20,60,ring_plus,-7.651871962903925e-06,7.651871962903925e-06,0.000250088130262526,5400,0.0,0.3042592592592593,0.0,0.0,5400.0,3757.0,0.6957407407407408,0.30425925925925923,120224.0,32.0,0.0,3757.0,0.0,0.0,1643.0,0.0,0.0,0.0,median,0.7973637710059351,0.9713441745988125,1.0,2.0392168492768285e-05,-0.284703088172994,12.0,1.0,1.320493917398932,0.8757031879896017,cons__median,cons__median,msg_drop,0.3,1,0
consensus,median,20,60,ring_plus,-1.4764045898256262e-09,1.4764045898256262e-09,2.9791372772994787e-06,6120,0.0,0.30637254901960786,0.0,0.0,6120.0,4245.0,0.6936274509803921,0.30637254901960786,135840.0,32.0,0.0,4245.0,0.0,0.0,1875.0,0.0,0.0,0.0,median,0.6912366872386456,0.9961457016291895,1.0,2.4087027375302086e-08,-0.30468541945807276,10.0,1.0,1.55469612182113,1.2029979528235235,cons__median,cons__median,msg_drop,0.3,2,0
consensus,median,20,60,ring_plus,-8.705590157650997e-07,8.705590157650997e-07,0.021086083433193313,5040,0.0,0.2871031746031746,0.0,0.0,5040.0,3593.0,0.7128968253968254,0.2871031746031746,114976.0,32.0,0.0,3593.0,0.0,0.0,1447.0,0.0,0.0,0.0,median,0.7556641403621971,0.9976959040174143,1.0,4.649827330357695e-06,-0.4374433001715834,14.0,1.0,1.2627284000071304,0.9577050629098172,cons__median,cons__median,msg_drop,0.3,3,0
consensus,median,20,60,ring_plus,-2.1593002206154153e-07,2.1593002206154153e-07,0.004777281771660517,5640,0.0,0.299822695035461,0.0,0.0,5640.0,3949.0,0.700177304964539,0.299822695035461,126368.0,32.0,0.0,3949.0,0.0,0.0,1691.0,0.0,0.0,0.0,median,0.7635738761753147,0.9891554229097359,1.0,1.1714338381218955e-06,-0.25709860371065874,8.0,1.0,1.3711704029417888,1.0148743174324646,cons__median,cons__median,msg_drop,0.3,4,0
consensus,median,20,60,ring_plus,-5.952042658218733e-06,5.952042658218733e-06,0.010095691615775896,6360,0.0,0.3007861635220126,0.0,0.0,6360.0,4447.0,0.6992138364779874,0.3007861635220126,142304.0,32.0,0.0,4447.0,0.0,0.0,1913.0,0.0,0.0,0.0,median,0.803398855040288,0.9719229589494718,1.0,2.948322471660211e-05,-0.25459681504380194,12.0,1.0,1.6160985120576443,1.2695270368522074,cons__median,cons__median,msg_drop,0.3,5,0
consensus,median,20,60,ring_plus,-6.395568437195296e-06,6.395568437195296e-06,0.022437180984451067,4680,0.0,0.29423076923076924,0.0,0.0,4680.0,3303.0,0.7057692307692308,0.2942307692307692,105696.0,32.0,0.0,3303.0,0.0,0.0,1377.0,0.0,0.0,0.0,median,0.7938780997020908,0.9913063240764312,1.0,2.2141634671752738e-05,-0.350085455881521,12.0,1.0,0.9450014459069909,0.6385712146617054,cons__median,cons__median,msg_drop,0.3,6,0
consensus,median,20,60,ring_plus,-2.0130564103120915e-09,2.0130564103120915e-09,2.053863458857637e-05,6480,0.0,0.2983024691358025,0.0,0.0,6480.0,4547.0,0.7016975308641975,0.2983024691358025,145504.0,32.0,0.0,4547.0,0.0,0.0,1933.0,0.0,0.0,0.0,median,0.6855736318272535,0.9673179472191653,1.0,1.1663350217575633e-08,-0.3212184241552886,9.0,1.0,2.218617553571293,1.6531050140173542,cons__median,cons__median,msg_drop,0.3,7,0
consensus,median,20,60,ring_plus,-0.0005729905311275313,0.0005729905311275313,0.0015871889097308627,4200,0.0,0.31642857142857145,0.0,0.0,4200.0,2871.0,0.6835714285714286,0.3164285714285714,91872.0,32.0,0.0,2871.0,0.0,0.0,1329.0,0.0,0.0,0.0,median,0.8681697738115628,0.9603111674809024,0.9833333333333333,0.0012099081450770456,-0.22535114801877582,16.0,1.0,0.7964836768628718,0.4991524113307339,cons__median,cons__median,msg_drop,0.3,8,0
consensus,median,20,60,ring_plus,-0.00019242345367082608,0.00019242345367082608,0.0012514752577730513,5280,0.0,0.29848484848484846,0.0,0.0,5280.0,3704.0,0.7015151515151515,0.29848484848484846,118528.0,32.0,0.0,3704.0,0.0,0.0,1576.0,0.0,0.0,0.0,median,0.855289087231604,0.9469136690904424,1.0,0.00042044802040570726,-0.24589724510885896,11.0,1.0,0.9413291035084279,0.7112043835761201,cons__median,cons__median,msg_drop,0.3,9,0
consensus,median,20,60,ring_plus,-2.752014698322944e-08,2.752014698322944e-08,0.004648506167763742,5040,0.0,0.49484126984126986,0.0,0.0,5040.0,2546.0,0.5051587301587301,0.49484126984126986,81472.0,32.0,0.0,2546.0,0.0,0.0,2494.0,0.0,0.0,0.0,median,0.7233863357496342,0.9965376328995851,1.0,2.1836266831138347e-07,-0.1817867207061553,12.0,1.0,1.399646125476325,0.46572623705989064,cons__median,cons__median,msg_drop,0.5,0,0
consensus,median,20,60,ring_plus,-4.3984667200927004e-07,4.3984667200927004e-07,0.00011269335076111171,5400,0.0,0.5125925925925926,0.0,0.0,5400.0,2632.0,0.4874074074074074,0.5125925925925926,84224.0,32.0,0.0,2632.0,0.0,0.0,2768.0,0.0,0.0,0.0,median,0.7605511330278204,0.9851563608572699,1.0,2.097984944809844e-06,-0.2847032083734154,11.0,1.0,1.320493917398932,0.4429876743775902,cons__median,cons__median,msg_drop,0.5,1,0
consensus,median,20,60,ring_plus,-5.188173171417745e-09,5.188173171417745e-09,0.025077872710163134,6120,0.0,0.4980392156862745,0.0,0.0,6120.0,3072.0,0.5019607843137255,0.4980392156862745,98304.0,32.0,0.0,3072.0,0.0,0.0,3048.0,0.0,0.0,0.0,median,0.7004918288520268,0.9985554377275794,1.0,6.106696385195721e-08,-0.30468541939621,12.0,1.0,1.55469612182113,0.6509571682410304,cons__median,cons__median,msg_drop,0.5,2,0
consensus,median,20,60,ring_plus,-8.537043168669868e-07,8.537043168669868e-07,0.01583864208341066,5040,0.0,0.49126984126984125,0.0,0.0,5040.0,2564.0,0.5087301587301587,0.4912698412698413,82048.0,32.0,0.0,2564.0,0.0,0.0,2476.0,0.0,0.0,0.0,median,0.7541070572870596,0.9978961389703334,1.0,4.691928209830826e-06,-0.437443300452495,14.0,1.0,1.2627284000071304,0.4408661274809896,cons__median,cons__median,msg_drop,0.5,3,0
consensus,median,20,60,ring_plus,-7.512617153098925e-08,7.512617153098925e-08,0.0038327482317909154,5640,0.0,0.4929078014184397,0.0,0.0,5640.0,2860.0,0.5070921985815603,0.4929078014184397,91520.0,32.0,0.0,2860.0,0.0,0.0,2780.0,0.0,0.0,0.0,median,0.7363808260733878,0.9942739549674967,1.0,3.4161909218970065e-07,-0.25709860605738966,10.0,1.0,1.3711704029417888,0.5340062463253034,cons__median,cons__median,msg_drop,0.5,4,0
consensus,median,20,60,ring_plus,-1.2214139126431316e-07,1.2214139126431316e-07,0.029623119361200916,6360,0.0,0.4982704402515723,0.0,0.0,6360.0,3191.0,0.5017295597484277,0.4982704402515723,102112.0,32.0,0.0,3191.0,0.0,0.0,3169.0,0.0,0.0,0.0,median,0.7434126015322219,0.9972421167117015,1.0,1.0742259331143312e-06,-0.254596912208823,13.0,1.0,1.6160985120576443,0.6971942483963592,cons__median,cons__median,msg_drop,0.5,5,0
consensus,median,20,60,ring_plus,-6.924982295930517e-05,6.924982295930517e-05,0.023352788924942025,4680,0.0,0.49572649572649574,0.0,0.0,4680.0,2360.0,0.5042735042735043,0.49572649572649574,75520.0,32.0,0.0,2360.0,0.0,0.0,2320.0,0.0,0.0,0.0,median,0.8380795239499059,0.9817414657974765,1.0,0.0003823194840501894,-0.3500844083106122,15.0,1.0,0.9450014459069909,0.27277121403268756,cons__median,cons__median,msg_drop,0.5,6,0
consensus,median,20,60,ring_plus,-8.41981673839089e-10,8.41981673839089e-10,0.000977399734973914,6480,0.0,0.49382716049382713,0.0,0.0,6480.0,3280.0,0.5061728395061729,0.49382716049382713,104960.0,32.0,0.0,3280.0,0.0,0.0,3200.0,0.0,0.0,0.0,median,0.6809416608869179,0.994565763765812,1.0,1.0167725015174042e-08,-0.3212184241748065,9.0,1.0,2.218617553571293,0.9086323039632471,cons__median,cons__median,msg_drop,0.5,7,0
consensus,median,20,60,ring_plus,-0.00010180647737198684,0.00010180647737198684,0.009050013862484016,4200,0.0,0.5102380952380953,0.0,0.0,4200.0,2057.0,0.4897619047619048,0.5102380952380952,65824.0,32.0,0.0,2057.0,0.0,0.0,2143.0,0.0,0.0,0.0,median,0.8359672976351978,0.9897416668040278,1.0,0.00026533916049592624,-0.22535900108633836,17.0,1.0,0.7964836768628718,0.16321375206624472,cons__median,cons__median,msg_drop,0.5,8,0
consensus,median,20,60,ring_plus,-0.00037521003209508663,0.00037521003209508663,0.00019320584798930663,5280,0.0,0.5085227272727273,0.0,0.0,5280.0,2595.0,0.4914772727272727,0.5085227272727273,83040.0,32.0,0.0,2595.0,0.0,0.0,2685.0,0.0,0.0,0.0,median,0.8596627828043516,0.964507318328386,0.9833333333333333,0.0006968253932738523,-0.24589419866588522,13.0,1.0,0.9413291035084279,0.3273502839712116,cons__median,cons__median,msg_drop,0.5,9,0
consensus,median,20,60,ring_plus,-6.613589523737213e-06,6.613589523737213e-06,9.743571975317856e-05,5040,0.0,0.7055555555555556,0.0,0.0,5040.0,1484.0,0.29444444444444445,0.7055555555555555,47488.0,32.0,0.0,1484.0,0.0,0.0,3556.0,0.0,0.0,0.0,median,0.8000696465403786,0.9929746141656995,1.0,4.4556021270639504e-05,-0.1817866109383324,17.0,1.0,1.399646125476325,0.046566637152139295,cons__median,cons__median,msg_drop,0.7,0,0
consensus,median,20,60,ring_plus,-3.943438417010761e-05,3.943438417010761e-05,0.0006502403425663753,5400,0.0,0.7096296296296296,0.0,0.0,5400.0,1568.0,0.2903703703703704,0.7096296296296296,50176.0,32.0,0.0,1568.0,0.0,0.0,3832.0,0.0,0.0,0.0,median,0.8213819833225044,0.9867552984130726,0.9833333333333333,0.00014028879962200012,-0.2847025584644572,14.0,1.0,1.320493917398932,0.06452021598943526,cons__median,cons__median,msg_drop,0.7,1,0
consensus,median,20,60,ring_plus,-8.908452155435919e-08,8.908452155435919e-08,0.00011540149180531971,6120,0.0,0.6962418300653594,0.0,0.0,6120.0,1859.0,0.3037581699346405,0.6962418300653594,59488.0,32.0,0.0,1859.0,0.0,0.0,4261.0,0.0,0.0,0.0,median,0.7448063704274549,0.9912865473958672,0.9833333333333333,5.852348238994102e-07,-0.3046854179979375,9.0,1.0,1.55469612182113,0.14922604732916292,cons__median,cons__median,msg_drop,0.7,2,0
consensus,median,20,60,ring_plus,-3.890468208435291e-05,3.890468208435291e-05,0.003931395253685854,5040,0.0,0.694047619047619,0.0,0.0,5040.0,1542.0,0.305952380952381,0.694047619047619,49344.0,32.0,0.0,1542.0,0.0,0.0,3498.0,0.0,0.0,0.0,median,0.7964181527842761,0.9944659742920335,0.9666666666666667,9.197299863019611e-05,-0.4374426662695322,18.0,1.0,1.2627284000071304,0.041855558823667136,cons__median,cons__median,msg_drop,0.7,3,0
consensus,median,20,60,ring_plus,-9.496779834618323e-07,9.496779834618323e-07,0.0011525358361575643,5640,0.0,0.6948581560283688,0.0,0.0,5640.0,1721.0,0.3051418439716312,0.6948581560283689,55072.0,32.0,0.0,1721.0,0.0,0.0,3919.0,0.0,0.0,0.0,median,0.7708753161467081,0.995751472665005,1.0,5.7488311189616834e-06,-0.25709859148152603,12.0,1.0,1.3711704029417888,0.09066820728530764,cons__median,cons__median,msg_drop,0.7,4,0
consensus,median,20,60,ring_plus,-1.0396059612959087e-06,1.0396059612959087e-06,0.010431555813733935,6360,0.0,0.7067610062893082,0.0,0.0,6360.0,1865.0,0.29323899371069184,0.7067610062893082,59680.0,32.0,0.0,1865.0,0.0,0.0,4495.0,0.0,0.0,0.0,median,0.7615653370538568,0.9944922165350627,1.0,4.563629742605662e-06,-0.25459689691774684,15.0,1.0,1.6160985120576443,0.09930048061124386,cons__median,cons__median,msg_drop,0.7,5,0
consensus,median,20,60,ring_plus,-0.0004289570019493967,0.0004289570019493967,6.611939940554719e-05,4680,0.0,0.701068376068376,0.0,0.0,4680.0,1399.0,0.2989316239316239,0.701068376068376,44768.0,32.0,0.0,1399.0,0.0,0.0,3281.0,0.0,0.0,0.0,median,0.8601837463132764,0.9797615345280604,0.9166666666666666,0.0017603648988167454,-0.3500784131909624,19.0,1.0,0.9450014459069909,0.022828728296464252,cons__median,cons__median,msg_drop,0.7,6,0
consensus,median,20,60,ring_plus,-7.549043244021658e-08,7.549043244021658e-08,0.004949878446592838,6480,0.0,0.691358024691358,0.0,0.0,6480.0,2000.0,0.30864197530864196,0.691358024691358,64000.0,32.0,0.0,2000.0,0.0,0.0,4480.0,0.0,0.0,0.0,median,0.7420860998945956,0.9892687121247352,0.9833333333333333,4.0925767194037394e-07,-0.32121842293066577,9.0,1.0,2.218617553571293,0.1984154580251666,cons__median,cons__median,msg_drop,0.7,7,0
consensus,median,20,60,ring_plus,-0.0007547388103843128,0.0007547388103843128,0.0007642389444529622,4200,0.0,0.7014285714285714,0.0,0.0,4200.0,1254.0,0.2985714285714286,0.7014285714285714,40128.0,32.0,0.0,1254.0,0.0,0.0,2946.0,0.0,0.0,0.0,median,0.8563246364182455,0.995530930217079,0.9833333333333333,0.001580598411723105,-0.2253481188807882,26.0,1.0,0.7964836768628718,0.00760520127541535,cons__median,cons__median,msg_drop,0.7,8,0
consensus,median,20,60,ring_plus,-0.00670813392760916,0.00670813392760916,0.02178931200898444,5280,0.0,0.709280303030303,0.0,0.0,5280.0,1535.0,0.29071969696969696,0.709280303030303,49120.0,32.0,0.0,1535.0,0.0,0.0,3745.0,0.0,0.0,0.0,median,0.8942148781285485,0.9690741442927514,1.0,0.01001831972817279,-0.24578864993429334,28.0,1.0,0.9413291035084279,0.02235317116297634,cons__median,cons__median,msg_drop,0.7,9,0
consensus,median,20,60,ring_plus,-10.907203269889466,10.907203269889466,0.5453601634944734,5040,0.0,1.0,0.0,0.0,5040.0,0.0,0.0,1.0,0.0,0.0,0.0,0.0,0.0,0.0,5040.0,0.0,0.0,0.0,median,1.0,0.0,1.0,10.907203269889466,0.0,,0.0,1.399646125476325,0.0,cons__median,cons__median,msg_drop,1.0,0,0
consensus,median,20,60,ring_plus,-17.0821929422516,17.0821929422516,0.85410964711258,5400,0.0,1.0,0.0,0.0,5400.0,0.0,0.0,1.0,0.0,0.0,0.0,0.0,0.0,0.0,5400.0,0.0,0.0,0.0,median,1.0,0.0,1.0,17.0821929422516,0.0,,0.0,1.320493917398932,0.0,cons__median,cons__median,msg_drop,1.0,1,0
consensus,median,20,60,ring_plus,-18.281125168960774,18.281125168960774,0.9140562584480387,6120,0.0,1.0,0.0,0.0,6120.0,0.0,0.0,1.0,0.0,0.0,0.0,0.0,0.0,0.0,6120.0,0.0,0.0,0.0,median,1.0,0.0,1.0,18.281125168960777,0.0,,0.0,1.55469612182113,0.0,cons__median,cons__median,msg_drop,1.0,2,0
consensus,median,20,60,ring_plus,-26.24659888085402,26.24659888085402,1.312329944042701,5040,0.0,1.0,0.0,0.0,5040.0,0.0,0.0,1.0,0.0,0.0,0.0,0.0,0.0,0.0,5040.0,0.0,0.0,0.0,median,1.0,0.0,1.0,26.246598880854023,0.0,,0.0,1.2627284000071304,0.0,cons__median,cons__median,msg_drop,1.0,3,0
consensus,median,20,60,ring_plus,-15.425916438569548,15.425916438569548,0.7712958219284773,5640,0.0,1.0,0.0,0.0,5640.0,0.0,0.0,1.0,0.0,0.0,0.0,0.0,0.0,0.0,5640.0,0.0,0.0,0.0,median,1.0,0.0,1.0,15.425916438569546,0.0,,0.0,1.3711704029417888,0.0,cons__median,cons__median,msg_drop,1.0,4,0
consensus,median,20,60,ring_plus,-15.27581485467077,15.27581485467077,0.7637907427335385,6360,0.0,1.0,0.0,0.0,6360.0,0.0,0.0,1.0,0.0,0.0,0.0,0.0,0.0,0.0,6360.0,0.0,0.0,0.0,median,1.0,0.0,1.0,15.275814854670775,0.0,,0.0,1.6160985120576443,0.0,cons__median,cons__median,msg_drop,1.0,5,0
consensus,median,20,60,ring_plus,-21.005133748459695,21.005133748459695,1.0502566874229848,4680,0.0,1.0,0.0,0.0,4680.0,0.0,0.0,1.0,0.0,0.0,0.0,0.0,0.0,0.0,4680.0,0.0,0.0,0.0,median,1.0,0.0,1.0,21.00513374845969,0.0,,0.0,0.9450014459069909,0.0,cons__median,cons__median,msg_drop,1.0,6,0
consensus,median,20,60,ring_plus,-19.273105451330373,19.273105451330373,0.9636552725665186,6480,0.0,1.0,0.0,0.0,6480.0,0.0,0.0,1.0,0.0,0.0,0.0,0.0,0.0,0.0,6480.0,0.0,0.0,0.0,median,1.0,0.0,1.0,19.27310545133037,0.0,,0.0,2.218617553571293,0.0,cons__median,cons__median,msg_drop,1.0,7,0
consensus,median,20,60,ring_plus,-13.521641871657677,13.521641871657677,0.6760820935828838,4200,0.0,1.0,0.0,0.0,4200.0,0.0,0.0,1.0,0.0,0.0,0.0,0.0,0.0,0.0,4200.0,0.0,0.0,0.0,median,1.0,0.0,1.0,13.521641871657673,0.0,,0.0,0.7964836768628718,0.0,cons__median,cons__median,msg_drop,1.0,8,0
consensus,median,20,60,ring_plus,-14.754027129985209,14.754027129985209,0.7377013564992605,5280,0.0,1.0,0.0,0.0,5280.0,0.0,0.0,1.0,0.0,0.0,0.0,0.0,0.0,0.0,5280.0,0.0,0.0,0.0,median,1.0,0.0,1.0,14.75402712998521,0.0,,0.0,0.9413291035084279,0.0,cons__median,cons__median,msg_drop,1.0,9,0
consensus,median,20,60,ring_plus,-0.005482431650517084,0.005482431650517084,0.003174707581046336,5040,0.0,0.0,0.0,0.0,5040.0,5040.0,1.0,0.0,161280.0,32.0,0.0,5040.0,0.0,0.0,0.0,0.0,0.0,0.0,median,0.9153796126179674,0.8893141208430875,1.0,0.009240556291100158,-0.18169534730398246,16.0,1.0,1.399646125476325,1.3996461254763248,cons__median,cons__median,latency,0.0,0,0
consensus,median,20,60,ring_plus,-0.0022524075034309134,0.0022524075034309134,0.0032048738570717708,5400,0.0,0.0,0.0,0.0,5400.0,5400.0,1.0,0.0,172800.0,32.0,0.0,5400.0,0.0,0.0,0.0,0.0,0.0,0.0,median,0.8868894533962743,0.948095047355784,1.0,0.004040617335849671,-0.28466567557913613,17.0,1.0,1.320493917398932,1.320493917398932,cons__median,cons__median,latency,0.0,1,0
consensus,median,20,60,ring_plus,-1.0757817627825737e-05,1.0757817627825737e-05,0.0109467913575376,6120,0.0,0.0,0.0,0.0,6120.0,6120.0,1.0,0.0,195840.0,32.0,0.0,6120.0,0.0,0.0,0.0,0.0,0.0,0.0,median,0.8029072662488145,0.9951107096363998,1.0,4.5457540449862186e-05,-0.3046852401857191,14.0,1.0,1.55469612182113,1.5546961218211295,cons__median,cons__median,latency,0.0,2,0
consensus,median,20,60,ring_plus,-0.00018438166122980556,0.00018438166122980556,0.07442097525631908,5040,0.0,0.0,0.0,0.0,5040.0,5040.0,1.0,0.0,161280.0,32.0,0.0,5040.0,0.0,0.0,0.0,0.0,0.0,0.0,median,0.8371772439263904,0.9929626121047088,1.0,0.000744942995449872,-0.4374402416532132,21.0,1.0,1.2627284000071304,1.2627284000071306,cons__median,cons__median,latency,0.0,3,0
consensus,median,20,60,ring_plus,-1.7632338623002975e-06,1.7632338623002975e-06,0.0008740494206147484,5640,0.0,0.0,0.0,0.0,5640.0,5640.0,1.0,0.0,180480.0,32.0,0.0,5640.0,0.0,0.0,0.0,0.0,0.0,0.0,median,0.7871303711427364,0.9892653375314289,1.0,7.5488257383975825e-06,-0.25709857792226143,11.0,1.0,1.3711704029417888,1.3711704029417888,cons__median,cons__median,latency,0.0,4,0
consensus,median,20,60,ring_plus,-0.13883186854417218,0.13883186854417218,0.029115833628476584,6360,0.0,0.0,0.0,0.0,6360.0,6360.0,1.0,0.0,203520.0,32.0,0.0,6360.0,0.0,0.0,0.0,0.0,0.0,0.0,median,0.9600207839121924,0.43787725467610616,1.0,0.13883230737275712,-0.25228304976877663,18.0,1.0,1.6160985120576443,1.616098512057644,cons__median,cons__median,latency,0.0,5,0
consensus,median,20,60,ring_plus,-0.00025687201397392407,0.00025687201397392407,0.06772029398602353,4680,0.0,0.0,0.0,0.0,4680.0,4680.0,1.0,0.0,149760.0,32.0,0.0,4680.0,0.0,0.0,0.0,0.0,0.0,0.0,median,0.8475205063686533,0.981351379392753,1.0,0.0005194339102027597,-0.3500812812740955,16.0,1.0,0.9450014459069909,0.9450014459069908,cons__median,cons__median,latency,0.0,6,0
consensus,median,20,60,ring_plus,-6.615934702086204e-06,6.615934702086204e-06,1.4997736387158007e-05,6480,0.0,0.0,0.0,0.0,6480.0,6480.0,1.0,0.0,207360.0,32.0,0.0,6480.0,0.0,0.0,0.0,0.0,0.0,0.0,median,0.800548284567372,0.9881547098203891,1.0,2.697664426169475e-05,-0.3212183139232611,11.0,1.0,2.218617553571293,2.218617553571293,cons__median,cons__median,latency,0.0,7,0
consensus,median,20,60,ring_plus,-0.061134390726600735,0.061134390726600735,0.005587901765279969,4200,0.0,0.0,0.0,0.0,4200.0,4200.0,1.0,0.0,134400.0,32.0,0.0,4200.0,0.0,0.0,0.0,0.0,0.0,0.0,median,0.9476347521361681,0.6576378148377107,1.0,0.06170680693486514,-0.2243417913488512,19.0,1.0,0.7964836768628718,0.7964836768628717,cons__median,cons__median,latency,0.0,8,0
consensus,median,20,60,ring_plus,-0.0005079551485993235,0.0005079551485993235,0.0069406151663735805,5280,0.0,0.0,0.0,0.0,5280.0,5280.0,1.0,0.0,168960.0,32.0,0.0,5280.0,0.0,0.0,0.0,0.0,0.0,0.0,median,0.8724697640882209,0.9714170647982108,1.0,0.0015473166584628391,-0.2458919862472769,23.0,1.0,0.9413291035084279,0.9413291035084281,cons__median,cons__median,latency,0.0,9,0
consensus,median,20,60,ring_plus,-0.016578028067496718,0.016578028067496718,0.0028453520179635245,5040,0.0,0.0,1.0,1.0,5040.0,4956.0,0.9833333333333333,0.01666666666666672,158592.0,32.0,0.0,4956.0,0.0,0.0,0.0,0.0,0.0,0.0,median,0.9259293136797456,0.7939360594748476,1.0,0.02318082850960229,-0.1815104206970328,19.0,1.0,1.399646125476325,1.3763186900517193,cons__median,cons__median,latency,1.0,0,0
consensus,median,20,60,ring_plus,-0.009972570187613791,0.009972570187613791,0.003286383221273112,5400,0.0,0.0,1.0,1.0,5400.0,5310.0,0.9833333333333333,0.01666666666666672,169920.0,32.0,0.0,5310.0,0.0,0.0,0.0,0.0,0.0,0.0,median,0.9024292289112188,0.9206239660649572,1.0,0.015344911061471714,-0.2845370062010665,23.0,1.0,1.320493917398932,1.2984856854422833,cons__median,cons__median,latency,1.0,1,0
consensus,median,20,60,ring_plus,-0.0002273092236238742,0.0002273092236238742,0.005395627827206111,6120,0.0,0.0,1.0,1.0,6120.0,6018.0,0.9833333333333333,0.01666666666666672,192576.0,32.0,0.0,6018.0,0.0,0.0,0.0,0.0,0.0,0.0,median,0.8405757293798457,0.9906804738136644,1.0,0.0006643961476548803,-0.3046816309956191,19.0,1.0,1.55469612182113,1.528784519790777,cons__median,cons__median,latency,1.0,2,0
consensus,median,20,60,ring_plus,-0.002853354425241969,0.002853354425241969,0.06843583093044305,5040,0.0,0.0,1.0,1.0,5040.0,4956.0,0.9833333333333333,0.01666666666666672,158592.0,32.0,0.0,4956.0,0.0,0.0,0.0,0.0,0.0,0.0,median,0.8739417664684235,0.9840835698728223,1.0,0.007735150206296692,-0.4373957587738129,27.0,1.0,1.2627284000071304,1.2416829266736784,cons__median,cons__median,latency,1.0,3,0
consensus,median,20,60,ring_plus,-4.456506557040735e-05,4.456506557040735e-05,0.0020200419859670374,5640,0.0,0.0,1.0,1.0,5640.0,5546.0,0.9833333333333333,0.01666666666666672,177472.0,32.0,0.0,5546.0,0.0,0.0,0.0,0.0,0.0,0.0,median,0.8231174284492176,0.9848303961907988,1.0,0.00013254426974068528,-0.25709786455839967,15.0,1.0,1.3711704029417888,1.348317562892759,cons__median,cons__median,latency,1.0,4,0
consensus,median,20,60,ring_plus,-0.1349818723924856,0.1349818723924856,0.029281529549190766,6360,0.0,0.0,1.0,1.0,6360.0,6254.0,0.9833333333333333,0.01666666666666672,200128.0,32.0,0.0,6254.0,0.0,0.0,0.0,0.0,0.0,0.0,median,0.9499772604951647,0.5200068751199449,1.0,0.13498656259131991,-0.25234721637130475,21.0,1.0,1.6160985120576443,1.5891635368566834,cons__median,cons__median,latency,1.0,5,0
consensus,median,20,60,ring_plus,-0.0010168044960858283,0.0010168044960858283,0.06236478199148262,4680,0.0,0.0,1.0,1.0,4680.0,4602.0,0.9833333333333333,0.01666666666666672,147264.0,32.0,0.0,4602.0,0.0,0.0,0.0,0.0,0.0,0.0,median,0.8646311264862526,0.9782615204425289,1.0,0.0020198928149184423,-0.3500686157327267,21.0,1.0,0.9450014459069909,0.9292514218085409,cons__median,cons__median,latency,1.0,6,0
consensus,median,20,60,ring_plus,-0.0001427245326587982,0.0001427245326587982,9.479608491707389e-05,6480,0.0,0.0,1.0,1.0,6480.0,6372.0,0.9833333333333333,0.01666666666666672,203904.0,32.0,0.0,6372.0,0.0,0.0,0.0,0.0,0.0,0.0,median,0.8367800763809651,0.9780568416724559,1.0,0.0003992651037977657,-0.3212160454466286,15.0,1.0,2.218617553571293,2.1816405943451045,cons__median,cons__median,latency,1.0,7,0
consensus,median,20,60,ring_plus,-0.10971542821547822,0.10971542821547822,0.011958842110122837,4200,0.0,0.0,1.0,1.0,4200.0,4130.0,0.9833333333333333,0.01666666666666672,132160.0,32.0,0.0,4130.0,0.0,0.0,0.0,0.0,0.0,0.0,median,0.9475186365994066,0.696317136396156,1.0,0.113119385987824,-0.22353210739070326,38.0,1.0,0.7964836768628718,0.7832089489151571,cons__median,cons__median,latency,1.0,8,0
consensus,median,20,60,ring_plus,-0.00859320821553878,0.00859320821553878,0.0064387836843966565,5280,0.0,0.0,1.0,1.0,5280.0,5192.0,0.9833333333333333,0.01666666666666672,166144.0,32.0,0.0,5192.0,0.0,0.0,0.0,0.0,0.0,0.0,median,0.9098310330062666,0.9346971599749219,1.0,0.017453866610831537,-0.2457572320294945,33.0,1.0,0.9413291035084279,0.925640285116621,cons__median,cons__median,latency,1.0,9,0
consensus,median,20,60,ring_plus,-0.02547037029542824,0.02547037029542824,0.0020506206342014053,5040,0.0,0.0,2.0,2.0,5040.0,4872.0,0.9666666666666667,0.033333333333333326,155904.0,32.0,0.0,4872.0,0.0,0.0,0.0,0.0,0.0,0.0,median,0.9243211827689146,0.7501453738974295,1.0,0.03146422781796302,-0.18136221499323396,20.0,1.0,1.399646125476325,1.352991254627114,cons__median,cons__median,latency,2.0,0,0
consensus,median,20,60,ring_plus,-0.023813626916135595,0.023813626916135595,0.0035095684714312467,5400,0.0,0.0,2.0,2.0,5400.0,5220.0,0.9666666666666667,0.033333333333333326,167040.0,32.0,0.0,5220.0,0.0,0.0,0.0,0.0,0.0,0.0,median,0.9094278191934,0.9048227079116341,1.0,0.03341768690007226,-0.28430632192225774,28.0,1.0,1.320493917398932,1.2764774534856342,cons__median,cons__median,latency,2.0,1,0
consensus,median,20,60,ring_plus,-0.00160994901597718,0.00160994901597718,0.0022196673762648546,6120,0.0,0.0,2.0,2.0,6120.0,5916.0,0.9666666666666667,0.033333333333333326,189312.0,32.0,0.0,5916.0,0.0,0.0,0.0,0.0,0.0,0.0,median,0.8650711143446858,0.9838927611593635,1.0,0.0037233313961791714,-0.30465858699907983,24.0,1.0,1.55469612182113,1.502872917760425,cons__median,cons__median,latency,2.0,2,0
consensus,median,20,60,ring_plus,-0.01835028874368889,0.01835028874368889,0.06878651385216192,5040,0.0,0.0,2.0,2.0,5040.0,4872.0,0.9666666666666667,0.033333333333333326,155904.0,32.0,0.0,4872.0,0.0,0.0,0.0,0.0,0.0,0.0,median,0.8979123831895244,0.9639798783961054,1.0,0.03787795214486779,-0.43713747653517226,35.0,1.0,1.2627284000071304,1.2206374533402264,cons__median,cons__median,latency,2.0,3,0
consensus,median,20,60,ring_plus,-0.00031017076413633816,0.00031017076413633816,0.004894223317021356,5640,0.0,0.0,2.0,2.0,5640.0,5452.0,0.9666666666666667,0.033333333333333326,174464.0,32.0,0.0,5452.0,0.0,0.0,0.0,0.0,0.0,0.0,median,0.845738446465418,0.9752343805330058,1.0,0.0007346565026468307,-0.2570934377967568,18.0,1.0,1.3711704029417888,1.3254647228437293,cons__median,cons__median,latency,2.0,4,0
consensus,median,20,60,ring_plus,-0.08900696250913222,0.08900696250913222,0.03027529098534571,6360,0.0,0.0,2.0,2.0,6360.0,6148.0,0.9666666666666667,0.033333333333333326,196736.0,32.0,0.0,6148.0,0.0,0.0,0.0,0.0,0.0,0.0,median,0.9341124748818443,0.6174200897009072,1.0,0.08904728891130143,-0.25311346486936065,19.0,1.0,1.6160985120576443,1.5622285616557225,cons__median,cons__median,latency,2.0,5,0
consensus,median,20,60,ring_plus,-0.004216434713297401,0.004216434713297401,0.06286674346557684,4680,0.0,0.0,2.0,2.0,4680.0,4524.0,0.9666666666666667,0.033333333333333326,144768.0,32.0,0.0,4524.0,0.0,0.0,0.0,0.0,0.0,0.0,median,0.8849360480400817,0.9567890877241656,1.0,0.007751266235122866,-0.35001528856243996,25.0,1.0,0.9450014459069909,0.9135013977100911,cons__median,cons__median,latency,2.0,6,0
consensus,median,20,60,ring_plus,-0.0008176771559885889,0.0008176771559885889,0.0008198836581758526,6480,0.0,0.0,2.0,2.0,6480.0,6264.0,0.9666666666666667,0.033333333333333326,200448.0,32.0,0.0,6264.0,0.0,0.0,0.0,0.0,0.0,0.0,median,0.8556916600303063,0.964007490922226,1.0,0.0017976539435572763,-0.32120479623623965,18.0,1.0,2.218617553571293,2.144663635118916,cons__median,cons__median,latency,2.0,7,0
consensus,median,20,60,ring_plus,-0.14212561715751593,0.14212561715751593,0.015489654703487274,4200,0.0,0.0,2.0,2.0,4200.0,4060.0,0.9666666666666667,0.033333333333333326,129920.0,32.0,0.0,4060.0,0.0,0.0,0.0,0.0,0.0,0.0,median,0.9438713463339001,0.7449774576353265,1.0,0.14857919952453638,-0.22299193757500266,,0.0,0.7964836768628718,0.7699342209674427,cons__median,cons__median,latency,2.0,8,0
consensus,median,20,60,ring_plus,-0.03972721150463104,0.03972721150463104,0.006388435257777975,5280,0.0,0.0,2.0,2.0,5280.0,5104.0,0.9666666666666667,0.033333333333333326,163328.0,32.0,0.0,5104.0,0.0,0.0,0.0,0.0,0.0,0.0,median,0.9282834788426175,0.8700519159570432,1.0,0.06338808615353154,-0.24523833197467634,43.0,1.0,0.9413291035084279,0.909951466724814,cons__median,cons__median,latency,2.0,9,0
consensus,median,20,60,ring_plus,-0.02360863726624849,0.02360863726624849,0.001300913136680642,5040,0.0,0.0,4.0,4.0,5040.0,4704.0,0.9333333333333333,0.06666666666666665,150528.0,32.0,0.0,4704.0,0.0,0.0,0.0,0.0,0.0,0.0,median,0.9042805692879681,0.8267043325802385,0.9666666666666667,0.02520358502883435,-0.18139324387705363,24.0,1.0,1.399646125476325,1.3063363837779032,cons__median,cons__median,latency,4.0,0,0
consensus,median,20,60,ring_plus,-0.05391351352009724,0.05391351352009724,0.004436344115121836,5400,0.0,0.0,4.0,4.0,5400.0,5040.0,0.9333333333333333,0.06666666666666665,161280.0,32.0,0.0,5040.0,0.0,0.0,0.0,0.0,0.0,0.0,median,0.9108490590246895,0.9254775536267815,1.0,0.06925369503972784,-0.283804657145525,37.0,1.0,1.320493917398932,1.2324609895723369,cons__median,cons__median,latency,4.0,1,0
consensus,median,20,60,ring_plus,-0.007923522654279893,0.007923522654279893,0.0009238526089678483,6120,0.0,0.0,4.0,4.0,6120.0,5712.0,0.9333333333333333,0.06666666666666665,182784.0,32.0,0.0,5712.0,0.0,0.0,0.0,0.0,0.0,0.0,median,0.8782393627184463,0.9738833913936339,0.9666666666666667,0.013843723292016672,-0.3045533607717749,29.0,1.0,1.55469612182113,1.4510497136997207,cons__median,cons__median,latency,4.0,2,0
consensus,median,20,60,ring_plus,-0.08493887449630919,0.08493887449630919,0.026388190880237035,5040,0.0,0.0,4.0,4.0,5040.0,4704.0,0.9333333333333333,0.06666666666666665,150528.0,32.0,0.0,4704.0,0.0,0.0,0.0,0.0,0.0,0.0,median,0.9087430301675693,0.9517721876141895,0.9666666666666667,0.12569165460221624,-0.43602766677262844,43.0,1.0,1.2627284000071304,1.1785465066733218,cons__median,cons__median,latency,4.0,3,0
consensus,median,20,60,ring_plus,-0.0018972015791921615,0.0018972015791921615,0.0037975872068903155,5640,0.0,0.0,4.0,4.0,5640.0,5264.0,0.9333333333333333,0.06666666666666665,168448.0,32.0,0.0,5264.0,0.0,0.0,0.0,0.0,0.0,0.0,median,0.8594774194264378,0.9652019894905022,0.9333333333333333,0.0034013970433177565,-0.2570669872831726,21.0,1.0,1.3711704029417888,1.2797590427456695,cons__median,cons__median,latency,4.0,4,0
consensus,median,20,60,ring_plus,-0.05795686720846269,0.05795686720846269,0.029808062113144518,6360,0.0,0.0,4.0,4.0,6360.0,5936.0,0.9333333333333333,0.06666666666666665,189952.0,32.0,0.0,5936.0,0.0,0.0,0.0,0.0,0.0,0.0,median,0.910709376027498,0.7776891459548616,1.0,0.0590415192590372,-0.25363096645770505,24.0,1.0,1.6160985120576443,1.5083586112538012,cons__median,cons__median,latency,4.0,5,0
consensus,median,20,60,ring_plus,-0.03275570205621353,0.03275570205621353,0.0653302899915735,4680,0.0,0.0,4.0,4.0,4680.0,4368.0,0.9333333333333333,0.06666666666666665,139776.0,32.0,0.0,4368.0,0.0,0.0,0.0,0.0,0.0,0.0,median,0.9075983842959092,0.9020006148029142,0.9,0.05050769066522367,-0.3495396341067247,32.0,1.0,0.9450014459069909,0.8820013495131913,cons__median,cons__median,latency,4.0,6,0
consensus,median,20,60,ring_plus,-0.006999230347941568,0.006999230347941568,0.0017927634524953421,6480,0.0,0.0,4.0,4.0,6480.0,6048.0,0.9333333333333333,0.06666666666666665,193536.0,32.0,0.0,6048.0,0.0,0.0,0.0,0.0,0.0,0.0,median,0.8779479697192156,0.9472100379452466,0.9833333333333333,0.012068492776335017,-0.32110177034970727,25.0,1.0,2.218617553571293,2.07070971666654,cons__median,cons__median,latency,4.0,7,0
consensus,median,20,60,ring_plus,-0.2072532863337884,0.2072532863337884,0.015452823226057844,4200,0.0,0.0,4.0,4.0,4200.0,3920.0,0.9333333333333333,0.06666666666666665,125440.0,32.0,0.0,3920.0,0.0,0.0,0.0,0.0,0.0,0.0,median,0.939353993191074,0.8278708085231837,0.8666666666666667,0.22331722970301457,-0.22190647642206482,,0.0,0.7964836768628718,0.7433847650720136,cons__median,cons__median,latency,4.0,8,0
consensus,median,20,60,ring_plus,-0.1245710935617633,0.1245710935617633,0.007422454526785571,5280,0.0,0.0,4.0,4.0,5280.0,4928.0,0.9333333333333333,0.06666666666666665,157696.0,32.0,0.0,4928.0,0.0,0.0,0.0,0.0,0.0,0.0,median,0.932729270353061,0.8289664288925906,0.9833333333333333,0.15474017732614567,-0.24382426727372408,56.0,1.0,0.9413291035084279,0.8785738299411996,cons__median,cons__median,latency,4.0,9,0
consensus,median,20,60,ring_plus,-0.03413636659422674,0.03413636659422674,0.0017197904901860462,5040,0.0,0.0,8.0,8.0,5040.0,4368.0,0.8666666666666667,0.1333333333333333,139776.0,32.0,0.0,4368.0,0.0,0.0,0.0,0.0,0.0,0.0,median,0.890275048373966,0.9370771925364998,0.6333333333333333,0.04340984717430559,-0.1812177817215873,40.0,1.0,1.399646125476325,1.2130266420794815,cons__median,cons__median,latency,8.0,0,0
consensus,median,20,60,ring_plus,-0.18429418957305768,0.18429418957305768,0.012894057119950226,5400,0.0,0.0,8.0,8.0,5400.0,4680.0,0.8666666666666667,0.1333333333333333,149760.0,32.0,0.0,4680.0,0.0,0.0,0.0,0.0,0.0,0.0,median,0.9243080283636664,0.943947633013368,0.75,0.24350636966531183,-0.2816316458779756,,0.0,1.320493917398932,1.1444280617457412,cons__median,cons__median,latency,8.0,1,0
consensus,median,20,60,ring_plus,-0.04003151285849985,0.04003151285849985,0.002001652029360473,6120,0.0,0.0,8.0,8.0,6120.0,5304.0,0.8666666666666667,0.1333333333333333,169728.0,32.0,0.0,5304.0,0.0,0.0,0.0,0.0,0.0,0.0,median,0.8906802282842734,0.9801474737380621,0.8,0.052589291708786935,-0.3040182276017046,43.0,1.0,1.55469612182113,1.3474033055783121,cons__median,cons__median,latency,8.0,2,0
consensus,median,20,60,ring_plus,-0.31041821993124147,0.31041821993124147,0.017627755102723026,5040,0.0,0.0,8.0,8.0,5040.0,4368.0,0.8666666666666667,0.1333333333333333,139776.0,32.0,0.0,4368.0,0.0,0.0,0.0,0.0,0.0,0.0,median,0.9191423339875315,0.97101302633286,0.6166666666666667,0.3970133440906279,-0.43226967768204627,,0.0,1.2627284000071304,1.0943646133395128,cons__median,cons__median,latency,8.0,3,0
consensus,median,20,60,ring_plus,-0.020720184575011742,0.020720184575011742,0.0026450030543301428,5640,0.0,0.0,8.0,8.0,5640.0,4888.0,0.8666666666666667,0.1333333333333333,156416.0,32.0,0.0,4888.0,0.0,0.0,0.0,0.0,0.0,0.0,median,0.8829886857612985,0.9705971758584634,0.6666666666666666,0.02859200875404921,-0.25675327089990896,40.0,1.0,1.3711704029417888,1.1883476825495503,cons__median,cons__median,latency,8.0,4,0
consensus,median,20,60,ring_plus,-0.0581551273927607,0.0581551273927607,0.027833473667664876,6360,0.0,0.0,8.0,8.0,6360.0,5512.0,0.8666666666666667,0.1333333333333333,176384.0,32.0,0.0,5512.0,0.0,0.0,0.0,0.0,0.0,0.0,median,0.8977717404771247,0.9345453044396785,0.9166666666666666,0.07079592480909996,-0.25362766212130017,40.0,1.0,1.6160985120576443,1.4006187104499583,cons__median,cons__median,latency,8.0,5,0
consensus,median,20,60,ring_plus,-0.21374552745690703,0.21374552745690703,0.0671668646074147,4680,0.0,0.0,8.0,8.0,4680.0,4056.0,0.8666666666666667,0.1333333333333333,129792.0,32.0,0.0,4056.0,0.0,0.0,0.0,0.0,0.0,0.0,median,0.9128436302347083,0.9065207846205277,0.6,0.2232538665150162,-0.34652313701671317,52.0,1.0,0.9450014459069909,0.819001253119392,cons__median,cons__median,latency,8.0,6,0
consensus,median,20,60,ring_plus,-0.041115747485948234,0.041115747485948234,0.005854623119097626,6480,0.0,0.0,8.0,8.0,6480.0,5616.0,0.8666666666666667,0.1333333333333333,179712.0,32.0,0.0,5616.0,0.0,0.0,0.0,0.0,0.0,0.0,median,0.8913048139379756,0.9619939474546197,0.8666666666666667,0.05855912598781879,-0.3205331617307405,40.0,1.0,2.218617553571293,1.922801879761787,cons__median,cons__median,latency,8.0,7,0
consensus,median,20,60,ring_plus,-0.5466271279238818,0.5466271279238818,0.02786697011383695,4200,0.0,0.0,8.0,8.0,4200.0,3640.0,0.8666666666666667,0.1333333333333333,116480.0,32.0,0.0,3640.0,0.0,0.0,0.0,0.0,0.0,0.0,median,0.9378188633898739,0.84883349019211,0.5833333333333334,0.5794695665182114,-0.2162502457288966,,0.0,0.7964836768628718,0.6902858532811554,cons__median,cons__median,latency,8.0,8,0
consensus,median,20,60,ring_plus,-0.18443229447032716,0.18443229447032716,0.010070120546377523,5280,0.0,0.0,8.0,8.0,5280.0,4576.0,0.8666666666666667,0.1333333333333333,146432.0,32.0,0.0,4576.0,0.0,0.0,0.0,0.0,0.0,0.0,median,0.9247692957692717,0.9235935203956696,0.8666666666666667,0.2195725677630697,-0.24282658059191467,,0.0,0.9413291035084279,0.815818556373971,cons__median,cons__median,latency,8.0,9,0
consensus,median,20,60,ring_plus,-24.321900825968864,24.321900825968864,1.3610067066262765,5040,5.07425600071652,0.0,0.0,0.0,5040.0,5040.0,1.0,0.0,5040.0,1.0,0.0,5040.0,0.0,0.0,0.0,0.0,0.0,0.0,median,1.0,0.0,0.11666666666666667,24.321900815359815,0.2235782926013233,,0.0,1.399646125476325,1.3996461254763248,cons__median,cons__median,bandwidth,1.0,0,0
consensus,median,20,60,ring_plus,-2.0562912661270336e-21,2.0562912661270336e-21,6.770270377098704,5400,0.21561334160147322,0.0,0.0,0.0,5400.0,5400.0,1.0,0.0,5400.0,1.0,0.0,5400.0,0.0,0.0,0.0,0.0,0.0,0.0,median,0.4252297917631197,0.9996000166480771,0.9833333333333333,3.874769815977566e-18,-0.2847032157041933,7.0,1.0,1.320493917398932,1.320493917398932,cons__median,cons__median,bandwidth,1.0,1,0
consensus,median,20,60,ring_plus,-148.94999999819788,148.94999999819788,7.576579105936867,6120,1.223161401590039,0.0,0.0,0.0,6120.0,6120.0,1.0,0.0,6120.0,1.0,0.0,6120.0,0.0,0.0,0.0,0.0,0.0,0.0,median,1.0,0.0,0.016666666666666666,148.94999995124562,2.1778145804872855,,0.0,1.55469612182113,1.5546961218211295,cons__median,cons__median,bandwidth,1.0,2,0
consensus,median,20,60,ring_plus,-88.8033057842702,88.8033057842702,5.109270549149341,5040,2.2154138578918317,0.0,0.0,0.0,5040.0,5040.0,1.0,0.0,5040.0,1.0,0.0,5040.0,0.0,0.0,0.0,0.0,0.0,0.0,median,1.0,0.0,0.45,90.95103303424274,1.042611781723603,,0.0,1.2627284000071304,1.2627284000071306,cons__median,cons__median,bandwidth,1.0,3,0
consensus,median,20,60,ring_plus,-2.0247329813932139e-19,2.0247329813932139e-19,9.986001983821595,5640,0.39242390881350075,0.0,0.0,0.0,5640.0,5640.0,1.0,0.0,5640.0,1.0,0.0,5640.0,0.0,0.0,0.0,0.0,0.0,0.0,median,0.44612837955167334,0.989316153386994,0.9333333333333333,3.8152804150192866e-16,-0.2570986073094925,13.0,1.0,1.3711704029417888,1.3711704029417888,cons__median,cons__median,bandwidth,1.0,4,0
consensus,median,20,60,ring_plus,-1.7522765928956125e-21,1.7522765928956125e-21,7.3119015948003865,6360,0.20219852635554514,0.0,0.0,0.0,6360.0,6360.0,1.0,0.0,6360.0,1.0,0.0,6360.0,0.0,0.0,0.0,0.0,0.0,0.0,median,0.42510912451641125,0.9996090506023819,0.9833333333333333,3.3018441498381148e-18,-0.25459691424451286,7.0,1.0,1.6160985120576443,1.616098512057644,cons__median,cons__median,bandwidth,1.0,5,0
consensus,median,20,60,ring_plus,-3.417788001289342e-17,3.417788001289342e-17,10.38432195308917,4680,0.5362240552722058,0.0,0.0,0.0,4680.0,4680.0,1.0,0.0,4680.0,1.0,0.0,4680.0,0.0,0.0,0.0,0.0,0.0,0.0,median,0.48162058068149,0.9653121928572332,0.8833333333333333,6.440268407001281e-14,-0.3500855624743282,18.0,1.0,0.9450014459069909,0.9450014459069908,cons__median,cons__median,bandwidth,1.0,6,0
consensus,median,20,60,ring_plus,-3.0228775618140286e-20,3.0228775618140286e-20,9.013015774011262,6480,0.3721172409628992,0.0,0.0,0.0,6480.0,6480.0,1.0,0.0,6480.0,1.0,0.0,6480.0,0.0,0.0,0.0,0.0,0.0,0.0,median,0.43632800699948093,0.9953215769983381,0.95,5.696126590927777e-17,-0.3212184241888396,10.0,1.0,2.218617553571293,2.218617553571293,cons__median,cons__median,bandwidth,1.0,7,0
consensus,median,20,60,ring_plus,-126.58636363409269,126.58636363409269,6.350613364082539,4200,1.9377384875653803,0.0,0.0,0.0,4200.0,4200.0,1.0,0.0,4200.0,1.0,0.0,4200.0,0.0,0.0,0.0,0.0,0.0,0.0,median,1.0,0.0,0.4,126.20454539275893,1.8844120293739168,,0.0,0.7964836768628718,0.7964836768628717,cons__median,cons__median,bandwidth,1.0,8,0
consensus,median,20,60,ring_plus,-121.83264462655018,121.83264462655018,6.558032139287036,5280,2.0919750152029573,0.0,0.0,0.0,5280.0,5280.0,1.0,0.0,5280.0,1.0,0.0,5280.0,0.0,0.0,0.0,0.0,0.0,0.0,median,1.0,0.0,0.4166666666666667,120.44855367701939,1.7846436249427493,,0.0,0.9413291035084279,0.9413291035084281,cons__median,cons__median,bandwidth,1.0,9,0
consensus,median,20,60,ring_plus,-6.402366577976547e-21,6.402366577976547e-21,0.8661515786693867,5040,0.033602428492920854,0.0,0.0,0.0,5040.0,5040.0,1.0,0.0,10080.0,2.0,0.0,5040.0,0.0,0.0,0.0,0.0,0.0,0.0,median,0.43738190186751474,0.9962102916170199,1.0,1.2064214276562882e-17,-0.18178672116482442,9.0,1.0,1.399646125476325,1.3996461254763248,cons__median,cons__median,bandwidth,2.0,0,0
consensus,median,20,60,ring_plus,-1.010385966767006e-21,1.010385966767006e-21,0.3623730854641583,5400,0.019798179726467097,0.0,0.0,0.0,5400.0,5400.0,1.0,0.0,10800.0,2.0,0.0,5400.0,0.0,0.0,0.0,0.0,0.0,0.0,median,0.42407434523863685,0.9999196526018264,1.0,1.903898546888913e-18,-0.2847032157041933,6.0,1.0,1.320493917398932,1.320493917398932,cons__median,cons__median,bandwidth,2.0,1,0
consensus,median,20,60,ring_plus,-1.6167358187487602e-19,1.6167358187487602e-19,0.8267824944296402,6120,0.033958619039404475,0.0,0.0,0.0,6120.0,6120.0,1.0,0.0,12240.0,2.0,0.0,6120.0,0.0,0.0,0.0,0.0,0.0,0.0,median,0.4532411887916117,0.987346731071606,0.9666666666666667,3.046477189947637e-16,-0.30468541948267963,12.0,1.0,1.55469612182113,1.5546961218211295,cons__median,cons__median,bandwidth,2.0,2,0
consensus,median,20,60,ring_plus,-8.799999999987879,8.799999999987879,0.5354177495405601,5040,0.2137674024979186,0.0,0.0,0.0,5040.0,5040.0,1.0,0.0,10080.0,2.0,0.0,5040.0,0.0,0.0,0.0,0.0,0.0,0.0,median,0.8724042477950664,0.7412120738854704,0.31666666666666665,8.799999999672085,-0.29077664801443576,,0.0,1.2627284000071304,1.2627284000071306,cons__median,cons__median,bandwidth,2.0,3,0
consensus,median,20,60,ring_plus,-11.69967860411421,11.69967860411421,0.6334893348828613,5640,0.17779121201757628,0.0,0.0,0.0,5640.0,5640.0,1.0,0.0,11280.0,2.0,0.0,5640.0,0.0,0.0,0.0,0.0,0.0,0.0,median,0.661447982445435,0.8291875861238404,0.4666666666666667,11.673163449342793,-0.06210396390758897,,0.0,1.3711704029417888,1.3711704029417888,cons__median,cons__median,bandwidth,2.0,4,0
consensus,median,20,60,ring_plus,-1.1298258748863965e-21,1.1298258748863965e-21,0.49569035812466533,6360,0.015979669949512453,0.0,0.0,0.0,6360.0,6360.0,1.0,0.0,12720.0,2.0,0.0,6360.0,0.0,0.0,0.0,0.0,0.0,0.0,median,0.42582479133378154,0.9996801576567208,1.0,2.128985376363646e-18,-0.2545969142445128,7.0,1.0,1.6160985120576443,1.616098512057644,cons__median,cons__median,bandwidth,2.0,5,0
consensus,median,20,60,ring_plus,-6.892992097034125e-19,6.892992097034125e-19,1.4944363366805073,4680,0.04530760780865803,0.0,0.0,0.0,4680.0,4680.0,1.0,0.0,9360.0,2.0,0.0,4680.0,0.0,0.0,0.0,0.0,0.0,0.0,median,0.4679743380980784,0.979178798653074,0.95,1.298872750945423e-15,-0.3500855624743283,14.0,1.0,0.9450014459069909,0.9450014459069908,cons__median,cons__median,bandwidth,2.0,6,0
consensus,median,20,60,ring_plus,-2.9917625639920303e-19,2.9917625639920303e-19,0.9956676782673114,6480,0.04945875502725004,0.0,0.0,0.0,6480.0,6480.0,1.0,0.0,12960.0,2.0,0.0,6480.0,0.0,0.0,0.0,0.0,0.0,0.0,median,0.46029669003940943,0.9834164533120955,0.95,5.637494013564431e-16,-0.32121842418883956,13.0,1.0,2.218617553571293,2.218617553571293,cons__median,cons__median,bandwidth,2.0,7,0
consensus,median,20,60,ring_plus,-8.555142332290474,8.555142332290474,0.6375668288482002,4200,0.22206134383403076,0.0,0.0,0.0,4200.0,4200.0,1.0,0.0,8400.0,2.0,0.0,4200.0,0.0,0.0,0.0,0.0,0.0,0.0,median,0.5968125345145984,0.9746708737285159,0.48333333333333334,8.783172631944728,-0.08277499232278672,,0.0,0.7964836768628718,0.7964836768628717,cons__median,cons__median,bandwidth,2.0,8,0
consensus,median,20,60,ring_plus,-13.229384756395865,13.229384756395865,0.7260598830663243,5280,0.2248783437520337,0.0,0.0,0.0,5280.0,5280.0,1.0,0.0,10560.0,2.0,0.0,5280.0,0.0,0.0,0.0,0.0,0.0,0.0,median,0.6926990030683435,0.8580882084526573,0.4666666666666667,13.383172628369467,-0.025410706226489072,,0.0,0.9413291035084279,0.9413291035084281,cons__median,cons__median,bandwidth,2.0,9,0
consensus,median,20,60,ring_plus,-2.6724489795684554,2.6724489795684554,0.14013052519768246,5040,0.023332047470912165,0.0,0.0,0.0,5040.0,5040.0,1.0,0.0,15120.0,3.0,0.0,5040.0,0.0,0.0,0.0,0.0,0.0,0.0,median,0.6955305511066988,0.8168922066115434,0.25,2.6724489789593577,-0.1372459048386835,,0.0,1.399646125476325,1.3996461254763248,cons__median,cons__median,bandwidth,3.0,0,0
consensus,median,20,60,ring_plus,-1.186009944793817e-21,1.186009944793817e-21,0.0009330429349724776,5400,0.005295049240411348,0.0,0.0,0.0,5400.0,5400.0,1.0,0.0,16200.0,3.0,0.0,5400.0,0.0,0.0,0.0,0.0,0.0,0.0,median,0.4258226908234478,0.9997275369309866,1.0,2.2348422921714467e-18,-0.28470321570419327,7.0,1.0,1.320493917398932,1.320493917398932,cons__median,cons__median,bandwidth,3.0,1,0
consensus,median,20,60,ring_plus,-7.717088713922814e-20,7.717088713922814e-20,0.11414075505817248,6120,0.007173915516744164,0.0,0.0,0.0,6120.0,6120.0,1.0,0.0,18360.0,3.0,0.0,6120.0,0.0,0.0,0.0,0.0,0.0,0.0,median,0.45481788011429336,0.9889885923325151,1.0,1.4541608571768163e-16,-0.30468541948267963,11.0,1.0,1.55469612182113,1.5546961218211295,cons__median,cons__median,bandwidth,3.0,2,0
consensus,median,20,60,ring_plus,-1.6163265307063002,1.6163265307063002,0.0819695746388415,5040,0.040780655635923056,0.0,0.0,0.0,5040.0,5040.0,1.0,0.0,15120.0,3.0,0.0,5040.0,0.0,0.0,0.0,0.0,0.0,0.0,median,0.9814805196253978,0.3421104512957023,1.0,1.6163265331568308,-0.41050453916912866,,0.0,1.2627284000071304,1.2627284000071306,cons__median,cons__median,bandwidth,3.0,3,0
consensus,median,20,60,ring_plus,-1.9377551019930566,1.9377551019930566,0.110931859468794,5640,0.012740673787771512,0.0,0.0,0.0,5640.0,5640.0,1.0,0.0,16920.0,3.0,0.0,5640.0,0.0,0.0,0.0,0.0,0.0,0.0,median,0.7138341824240498,0.8514084030157205,0.26666666666666666,1.9377551007487777,-0.2248026889429415,,0.0,1.3711704029417888,1.3711704029417888,cons__median,cons__median,bandwidth,3.0,4,0
consensus,median,20,60,ring_plus,-1.3711765233317207e-21,1.3711765233317207e-21,0.017589188442360768,6360,0.004343832680598023,0.0,0.0,0.0,6360.0,6360.0,1.0,0.0,19080.0,3.0,0.0,6360.0,0.0,0.0,0.0,0.0,0.0,0.0,median,0.42673994010261335,0.9996047285795597,1.0,2.583755707924351e-18,-0.25459691424451286,7.0,1.0,1.6160985120576443,1.616098512057644,cons__median,cons__median,bandwidth,3.0,5,0
consensus,median,20,60,ring_plus,-2.387755102006135,2.387755102006135,0.3101445366473372,4680,0.017992911280810472,0.0,0.0,0.0,4680.0,4680.0,1.0,0.0,14040.0,3.0,0.0,4680.0,0.0,0.0,0.0,0.0,0.0,0.0,median,0.715435244927523,0.8020213409390883,0.31666666666666665,2.3877551011026146,-0.3102896441075593,,0.0,0.9450014459069909,0.9450014459069908,cons__median,cons__median,bandwidth,3.0,6,0
consensus,median,20,60,ring_plus,-1.7695296932998292e-19,1.7695296932998292e-19,0.18553689632533715,6480,0.008296401591565897,0.0,0.0,0.0,6480.0,6480.0,1.0,0.0,19440.0,3.0,0.0,6480.0,0.0,0.0,0.0,0.0,0.0,0.0,median,0.4633167094864279,0.9840674112098854,0.9833333333333333,3.3343926201657454e-16,-0.32121842418883956,12.0,1.0,2.218617553571293,2.218617553571293,cons__median,cons__median,bandwidth,3.0,7,0
consensus,median,20,60,ring_plus,-6.315824574280942e-21,6.315824574280942e-21,0.09383090074640218,4200,0.0077701998055438115,0.0,0.0,0.0,4200.0,4200.0,1.0,0.0,12600.0,3.0,0.0,4200.0,0.0,0.0,0.0,0.0,0.0,0.0,median,0.4407365548629493,0.9959837043139357,1.0,1.190115180491834e-17,-0.22536069786096127,9.0,1.0,0.7964836768628718,0.7964836768628717,cons__median,cons__median,bandwidth,3.0,8,0
consensus,median,20,60,ring_plus,-2.3785714285015085,2.3785714285015085,0.16381764587999526,5280,0.01337807232726916,0.0,0.0,0.0,5280.0,5280.0,1.0,0.0,15840.0,3.0,0.0,5280.0,0.0,0.0,0.0,0.0,0.0,0.0,median,0.6680218134246279,0.8992654661937786,0.21666666666666667,2.3785714266798896,-0.20625759502472832,,0.0,0.9413291035084279,0.9413291035084281,cons__median,cons__median,bandwidth,3.0,9,0
consensus,median,20,60,ring_plus,-0.5820000000040914,0.5820000000040914,0.029100452456237224,5040,0.0052922595871051584,0.0,0.0,0.0,5040.0,5040.0,1.0,0.0,20160.0,4.0,0.0,5040.0,0.0,0.0,0.0,0.0,0.0,0.0,median,0.9869220654276989,0.21514537787120402,1.0,0.5820000001106626,-0.17208672116475626,,0.0,1.399646125476325,1.3996461254763248,cons__median,cons__median,bandwidth,4.0,0,0
consensus,median,20,60,ring_plus,-0.5980000000651675,0.5980000000651675,0.030043384412813706,5400,0.009565964174471513,0.0,0.0,0.0,5400.0,5400.0,1.0,0.0,21600.0,4.0,0.0,5400.0,0.0,0.0,0.0,0.0,0.0,0.0,median,0.9774495945113731,0.35193419129945347,1.0,0.5980000017630271,-0.2747365490364405,,0.0,1.320493917398932,1.320493917398932,cons__median,cons__median,bandwidth,4.0,1,0
consensus,median,20,60,ring_plus,-1.0223194046394632e-19,1.0223194046394632e-19,0.011941202149561089,6120,0.002101191461275227,0.0,0.0,0.0,6120.0,6120.0,1.0,0.0,24480.0,4.0,0.0,6120.0,0.0,0.0,0.0,0.0,0.0,0.0,median,0.46191854600309307,0.9885166691064039,1.0,1.9263954733412278e-16,-0.3046854194826796,11.0,1.0,1.55469612182113,1.5546961218211295,cons__median,cons__median,bandwidth,4.0,2,0
consensus,median,20,60,ring_plus,-0.6880000001145585,0.6880000001145585,0.056570506019923014,5040,0.004965208916621205,0.0,0.0,0.0,5040.0,5040.0,1.0,0.0,20160.0,4.0,0.0,5040.0,0.0,0.0,0.0,0.0,0.0,0.0,median,0.9711606235032288,0.3942641836796146,1.0,0.688000003099238,-0.4259766480123244,,0.0,1.2627284000071304,1.2627284000071306,cons__median,cons__median,bandwidth,4.0,3,0
consensus,median,20,60,ring_plus,-1.1944207457310198e-21,1.1944207457310198e-21,0.0015949156871379166,5640,0.0016040128020425079,0.0,0.0,0.0,5640.0,5640.0,1.0,0.0,22560.0,4.0,0.0,5640.0,0.0,0.0,0.0,0.0,0.0,0.0,median,0.42789732668830954,0.9995306219816602,1.0,2.2506948587423705e-18,-0.25709860730949247,7.0,1.0,1.3711704029417888,1.3711704029417888,cons__median,cons__median,bandwidth,4.0,4,0
consensus,median,20,60,ring_plus,-0.7580000000190463,0.7580000000190463,0.0467459309182044,6360,0.0027256222433985657,0.0,0.0,0.0,6360.0,6360.0,1.0,0.0,25440.0,4.0,0.0,6360.0,0.0,0.0,0.0,0.0,0.0,0.0,median,0.9821604121864077,0.283224683296873,1.0,0.7580000005152844,-0.24196358091086206,,0.0,1.6160985120576443,1.616098512057644,cons__median,cons__median,bandwidth,4.0,5,0
consensus,median,20,60,ring_plus,-0.5200000000223989,0.5200000000223989,0.12998780726656006,4680,0.004086488283134867,0.0,0.0,0.0,4680.0,4680.0,1.0,0.0,18720.0,4.0,0.0,4680.0,0.0,0.0,0.0,0.0,0.0,0.0,median,0.979213826922522,0.29861608493172254,1.0,0.5200000006059464,-0.34141889580728824,,0.0,0.9450014459069909,0.9450014459069908,cons__median,cons__median,bandwidth,4.0,6,0
consensus,median,20,60,ring_plus,-2.3335216458695876e-19,2.3335216458695876e-19,0.04087210720433293,6480,0.002460616419102319,0.0,0.0,0.0,6480.0,6480.0,1.0,0.0,25920.0,4.0,0.0,6480.0,0.0,0.0,0.0,0.0,0.0,0.0,median,0.470811609461246,0.9836278819128452,1.0,4.397143991733844e-16,-0.3212184241888395,12.0,1.0,2.218617553571293,2.218617553571293,cons__median,cons__median,bandwidth,4.0,7,0
consensus,median,20,60,ring_plus,-7.014714116960902e-21,7.014714116960902e-21,0.006044575977036126,4200,0.0015436941057444594,0.0,0.0,0.0,4200.0,4200.0,1.0,0.0,16800.0,4.0,0.0,4200.0,0.0,0.0,0.0,0.0,0.0,0.0,median,0.44386363471205736,0.9960907917399886,1.0,1.321809643460655e-17,-0.22536069786096125,9.0,1.0,0.7964836768628718,0.7964836768628717,cons__median,cons__median,bandwidth,4.0,8,0
consensus,median,20,60,ring_plus,-0.6480000000047428,0.6480000000047428,0.0394297939810774,5280,0.004008082001517313,0.0,0.0,0.0,5280.0,5280.0,1.0,0.0,21120.0,4.0,0.0,5280.0,0.0,0.0,0.0,0.0,0.0,0.0,median,0.9849590298470432,0.22987735958055067,1.0,0.6480000001282799,-0.2351004521663411,,0.0,0.9413291035084279,0.9413291035084281,cons__median,cons__median,bandwidth,4.0,9,0
consensus,median,20,60,ring_plus,-0.02862287468956599,0.02862287468956599,0.002158761437717514,5040,3.563659091735515e-05,0.0,0.0,0.0,5040.0,5040.0,1.0,0.0,40320.0,8.0,0.0,5040.0,0.0,0.0,0.0,0.0,0.0,0.0,median,0.9369922768356118,0.6708736961641903,0.9833333333333333,0.02862384702380476,-0.18130967325333167,15.0,1.0,1.399646125476325,1.3996461254763248,cons__median,cons__median,bandwidth,8.0,0,0
consensus,median,20,60,ring_plus,-0.027757836198264475,0.027757836198264475,0.0026188119592047933,5400,5.258688363128872e-05,0.0,0.0,0.0,5400.0,5400.0,1.0,0.0,43200.0,8.0,0.0,5400.0,0.0,0.0,0.0,0.0,0.0,0.0,median,0.9219928734402894,0.7632689874215506,1.0,0.02775915804671068,-0.2842405851008889,17.0,1.0,1.320493917398932,1.320493917398932,cons__median,cons__median,bandwidth,8.0,1,0
consensus,median,20,60,ring_plus,-0.014228374229827402,0.014228374229827402,0.014245165132425417,6120,4.343835857758461e-05,0.0,0.0,0.0,6120.0,6120.0,1.0,0.0,48960.0,8.0,0.0,6120.0,0.0,0.0,0.0,0.0,0.0,0.0,median,0.9111455658971142,0.6780267971805869,1.0,0.01422838797069289,-0.3044482799121824,14.0,1.0,1.55469612182113,1.5546961218211295,cons__median,cons__median,bandwidth,8.0,2,0
consensus,median,20,60,ring_plus,-0.006533538982218073,0.006533538982218073,0.07390324331457486,5040,3.0428911275760547e-05,0.0,0.0,0.0,5040.0,5040.0,1.0,0.0,40320.0,8.0,0.0,5040.0,0.0,0.0,0.0,0.0,0.0,0.0,median,0.8734531573069939,0.9429577363425856,1.0,0.0065509623046111016,-0.43733442236453,22.0,1.0,1.2627284000071304,1.2627284000071306,cons__median,cons__median,bandwidth,8.0,3,0
consensus,median,20,60,ring_plus,-0.00539100355823363,0.00539100355823363,0.0009125642475985135,5640,2.5886996706327395e-05,0.0,0.0,0.0,5640.0,5640.0,1.0,0.0,45120.0,8.0,0.0,5640.0,0.0,0.0,0.0,0.0,0.0,0.0,median,0.9106419210117532,0.6281683049356714,1.0,0.005391006112175787,-0.25700875725018857,10.0,1.0,1.3711704029417888,1.3711704029417888,cons__median,cons__median,bandwidth,8.0,4,0
consensus,median,20,60,ring_plus,-0.12851903121079578,0.12851903121079578,0.028033183382775505,6360,1.4948954724998693e-05,0.0,0.0,0.0,6360.0,6360.0,1.0,0.0,50880.0,8.0,0.0,6360.0,0.0,0.0,0.0,0.0,0.0,0.0,median,0.9593094685287934,0.4316902286742009,1.0,0.12851903300661158,-0.2524549303909996,15.0,1.0,1.6160985120576443,1.616098512057644,cons__median,cons__median,bandwidth,8.0,5,0
consensus,median,20,60,ring_plus,-0.006394484667066412,0.006394484667066412,0.06859475684137861,4680,3.539171324051656e-05,0.0,0.0,0.0,4680.0,4680.0,1.0,0.0,37440.0,8.0,0.0,4680.0,0.0,0.0,0.0,0.0,0.0,0.0,median,0.8918324516509264,0.8415089858398299,1.0,0.0063950318725565095,-0.3499789877298772,16.0,1.0,0.9450014459069909,0.9450014459069908,cons__median,cons__median,bandwidth,8.0,6,0
consensus,median,20,60,ring_plus,-0.002242215649526013,0.002242215649526013,0.0004300728241898353,6480,2.117566868417508e-05,0.0,0.0,0.0,6480.0,6480.0,1.0,0.0,51840.0,8.0,0.0,6480.0,0.0,0.0,0.0,0.0,0.0,0.0,median,0.87955747167772,0.7655506587135,1.0,0.0022422447428503494,-0.3211810539280141,12.0,1.0,2.218617553571293,2.218617553571293,cons__median,cons__median,bandwidth,8.0,7,0
consensus,median,20,60,ring_plus,-0.07739792960198152,0.07739792960198152,0.005279692021681871,4200,2.7015173494496105e-05,0.0,0.0,0.0,4200.0,4200.0,1.0,0.0,33600.0,8.0,0.0,4200.0,0.0,0.0,0.0,0.0,0.0,0.0,median,0.9522315405553332,0.5916749513480529,1.0,0.07739807880117809,-0.22407073236759492,19.0,1.0,0.7964836768628718,0.7964836768628717,cons__median,cons__median,bandwidth,8.0,8,0
consensus,median,20,60,ring_plus,-0.013696272356113124,0.013696272356113124,0.0064906898427164236,5280,3.735513375255827e-05,0.0,0.0,0.0,5280.0,5280.0,1.0,0.0,42240.0,8.0,0.0,5280.0,0.0,0.0,0.0,0.0,0.0,0.0,median,0.9114816862256343,0.8893021671944213,1.0,0.013716403407165642,-0.245672180960485,23.0,1.0,0.9413291035084279,0.9413291035084281,cons__median,cons__median,bandwidth,8.0,9,0
consensus,median,20,60,ring_plus,-0.005482431650517084,0.005482431650517084,0.003174707581046336,5040,0.0,0.0,0.0,0.0,5040.0,5040.0,1.0,0.0,161280.0,32.0,0.0,5040.0,0.0,0.0,0.0,0.0,0.0,0.0,median,0.9153796126179674,0.8893141208430875,1.0,0.009240556291100158,-0.18169534730398246,16.0,1.0,1.399646125476325,1.3996461254763248,cons__median,cons__median,bandwidth,0.0,0,0
consensus,median,20,60,ring_plus,-0.0022524075034309134,0.0022524075034309134,0.0032048738570717708,5400,0.0,0.0,0.0,0.0,5400.0,5400.0,1.0,0.0,172800.0,32.0,0.0,5400.0,0.0,0.0,0.0,0.0,0.0,0.0,median,0.8868894533962743,0.948095047355784,1.0,0.004040617335849671,-0.28466567557913613,17.0,1.0,1.320493917398932,1.320493917398932,cons__median,cons__median,bandwidth,0.0,1,0
consensus,median,20,60,ring_plus,-1.0757817627825737e-05,1.0757817627825737e-05,0.0109467913575376,6120,0.0,0.0,0.0,0.0,6120.0,6120.0,1.0,0.0,195840.0,32.0,0.0,6120.0,0.0,0.0,0.0,0.0,0.0,0.0,median,0.8029072662488145,0.9951107096363998,1.0,4.5457540449862186e-05,-0.3046852401857191,14.0,1.0,1.55469612182113,1.5546961218211295,cons__median,cons__median,bandwidth,0.0,2,0
consensus,median,20,60,ring_plus,-0.00018438166122980556,0.00018438166122980556,0.07442097525631908,5040,0.0,0.0,0.0,0.0,5040.0,5040.0,1.0,0.0,161280.0,32.0,0.0,5040.0,0.0,0.0,0.0,0.0,0.0,0.0,median,0.8371772439263904,0.9929626121047088,1.0,0.000744942995449872,-0.4374402416532132,21.0,1.0,1.2627284000071304,1.2627284000071306,cons__median,cons__median,bandwidth,0.0,3,0
consensus,median,20,60,ring_plus,-1.7632338623002975e-06,1.7632338623002975e-06,0.0008740494206147484,5640,0.0,0.0,0.0,0.0,5640.0,5640.0,1.0,0.0,180480.0,32.0,0.0,5640.0,0.0,0.0,0.0,0.0,0.0,0.0,median,0.7871303711427364,0.9892653375314289,1.0,7.5488257383975825e-06,-0.25709857792226143,11.0,1.0,1.3711704029417888,1.3711704029417888,cons__median,cons__median,bandwidth,0.0,4,0
consensus,median,20,60,ring_plus,-0.13883186854417218,0.13883186854417218,0.029115833628476584,6360,0.0,0.0,0.0,0.0,6360.0,6360.0,1.0,0.0,203520.0,32.0,0.0,6360.0,0.0,0.0,0.0,0.0,0.0,0.0,median,0.9600207839121924,0.43787725467610616,1.0,0.13883230737275712,-0.25228304976877663,18.0,1.0,1.6160985120576443,1.616098512057644,cons__median,cons__median,bandwidth,0.0,5,0
consensus,median,20,60,ring_plus,-0.00025687201397392407,0.00025687201397392407,0.06772029398602353,4680,0.0,0.0,0.0,0.0,4680.0,4680.0,1.0,0.0,149760.0,32.0,0.0,4680.0,0.0,0.0,0.0,0.0,0.0,0.0,median,0.8475205063686533,0.981351379392753,1.0,0.0005194339102027597,-0.3500812812740955,16.0,1.0,0.9450014459069909,0.9450014459069908,cons__median,cons__median,bandwidth,0.0,6,0
consensus,median,20,60,ring_plus,-6.615934702086204e-06,6.615934702086204e-06,1.4997736387158007e-05,6480,0.0,0.0,0.0,0.0,6480.0,6480.0,1.0,0.0,207360.0,32.0,0.0,6480.0,0.0,0.0,0.0,0.0,0.0,0.0,median,0.800548284567372,0.9881547098203891,1.0,2.697664426169475e-05,-0.3212183139232611,11.0,1.0,2.218617553571293,2.218617553571293,cons__median,cons__median,bandwidth,0.0,7,0
consensus,median,20,60,ring_plus,-0.061134390726600735,0.061134390726600735,0.005587901765279969,4200,0.0,0.0,0.0,0.0,4200.0,4200.0,1.0,0.0,134400.0,32.0,0.0,4200.0,0.0,0.0,0.0,0.0,0.0,0.0,median,0.9476347521361681,0.6576378148377107,1.0,0.06170680693486514,-0.2243417913488512,19.0,1.0,0.7964836768628718,0.7964836768628717,cons__median,cons__median,bandwidth,0.0,8,0
consensus,median,20,60,ring_plus,-0.0005079551485993235,0.0005079551485993235,0.0069406151663735805,5280,0.0,0.0,0.0,0.0,5280.0,5280.0,1.0,0.0,168960.0,32.0,0.0,5280.0,0.0,0.0,0.0,0.0,0.0,0.0,median,0.8724697640882209,0.9714170647982108,1.0,0.0015473166584628391,-0.2458919862472769,23.0,1.0,0.9413291035084279,0.9413291035084281,cons__median,cons__median,bandwidth,0.0,9,0
consensus,median,20,60,ring_plus,-0.005482431650517084,0.005482431650517084,0.003174707581046336,5040,0.0,0.0,0.0,0.0,5040.0,5040.0,1.0,0.0,161280.0,32.0,0.0,5040.0,0.0,0.0,0.0,0.0,0.0,0.0,median,0.9153796126179674,0.8893141208430875,1.0,0.009240556291100158,-0.18169534730398246,16.0,1.0,1.399646125476325,1.3996461254763248,cons__median,cons__median,spoof,0.0,0,0
consensus,median,20,60,ring_plus,-0.0022524075034309134,0.0022524075034309134,0.0032048738570717708,5400,0.0,0.0,0.0,0.0,5400.0,5400.0,1.0,0.0,172800.0,32.0,0.0,5400.0,0.0,0.0,0.0,0.0,0.0,0.0,median,0.8868894533962743,0.948095047355784,1.0,0.004040617335849671,-0.28466567557913613,17.0,1.0,1.320493917398932,1.320493917398932,cons__median,cons__median,spoof,0.0,1,0
consensus,median,20,60,ring_plus,-1.0757817627825737e-05,1.0757817627825737e-05,0.0109467913575376,6120,0.0,0.0,0.0,0.0,6120.0,6120.0,1.0,0.0,195840.0,32.0,0.0,6120.0,0.0,0.0,0.0,0.0,0.0,0.0,median,0.8029072662488145,0.9951107096363998,1.0,4.5457540449862186e-05,-0.3046852401857191,14.0,1.0,1.55469612182113,1.5546961218211295,cons__median,cons__median,spoof,0.0,2,0
consensus,median,20,60,ring_plus,-0.00018438166122980556,0.00018438166122980556,0.07442097525631908,5040,0.0,0.0,0.0,0.0,5040.0,5040.0,1.0,0.0,161280.0,32.0,0.0,5040.0,0.0,0.0,0.0,0.0,0.0,0.0,median,0.8371772439263904,0.9929626121047088,1.0,0.000744942995449872,-0.4374402416532132,21.0,1.0,1.2627284000071304,1.2627284000071306,cons__median,cons__median,spoof,0.0,3,0
consensus,median,20,60,ring_plus,-1.7632338623002975e-06,1.7632338623002975e-06,0.0008740494206147484,5640,0.0,0.0,0.0,0.0,5640.0,5640.0,1.0,0.0,180480.0,32.0,0.0,5640.0,0.0,0.0,0.0,0.0,0.0,0.0,median,0.7871303711427364,0.9892653375314289,1.0,7.5488257383975825e-06,-0.25709857792226143,11.0,1.0,1.3711704029417888,1.3711704029417888,cons__median,cons__median,spoof,0.0,4,0
consensus,median,20,60,ring_plus,-0.13883186854417218,0.13883186854417218,0.029115833628476584,6360,0.0,0.0,0.0,0.0,6360.0,6360.0,1.0,0.0,203520.0,32.0,0.0,6360.0,0.0,0.0,0.0,0.0,0.0,0.0,median,0.9600207839121924,0.43787725467610616,1.0,0.13883230737275712,-0.25228304976877663,18.0,1.0,1.6160985120576443,1.616098512057644,cons__median,cons__median,spoof,0.0,5,0
consensus,median,20,60,ring_plus,-0.00025687201397392407,0.00025687201397392407,0.06772029398602353,4680,0.0,0.0,0.0,0.0,4680.0,4680.0,1.0,0.0,149760.0,32.0,0.0,4680.0,0.0,0.0,0.0,0.0,0.0,0.0,median,0.8475205063686533,0.981351379392753,1.0,0.0005194339102027597,-0.3500812812740955,16.0,1.0,0.9450014459069909,0.9450014459069908,cons__median,cons__median,spoof,0.0,6,0
consensus,median,20,60,ring_plus,-6.615934702086204e-06,6.615934702086204e-06,1.4997736387158007e-05,6480,0.0,0.0,0.0,0.0,6480.0,6480.0,1.0,0.0,207360.0,32.0,0.0,6480.0,0.0,0.0,0.0,0.0,0.0,0.0,median,0.800548284567372,0.9881547098203891,1.0,2.697664426169475e-05,-0.3212183139232611,11.0,1.0,2.218617553571293,2.218617553571293,cons__median,cons__median,spoof,0.0,7,0
consensus,median,20,60,ring_plus,-0.061134390726600735,0.061134390726600735,0.005587901765279969,4200,0.0,0.0,0.0,0.0,4200.0,4200.0,1.0,0.0,134400.0,32.0,0.0,4200.0,0.0,0.0,0.0,0.0,0.0,0.0,median,0.9476347521361681,0.6576378148377107,1.0,0.06170680693486514,-0.2243417913488512,19.0,1.0,0.7964836768628718,0.7964836768628717,cons__median,cons__median,spoof,0.0,8,0
consensus,median,20,60,ring_plus,-0.0005079551485993235,0.0005079551485993235,0.0069406151663735805,5280,0.0,0.0,0.0,0.0,5280.0,5280.0,1.0,0.0,168960.0,32.0,0.0,5280.0,0.0,0.0,0.0,0.0,0.0,0.0,median,0.8724697640882209,0.9714170647982108,1.0,0.0015473166584628391,-0.2458919862472769,23.0,1.0,0.9413291035084279,0.9413291035084281,cons__median,cons__median,spoof,0.0,9,0
consensus,median,20,60,ring_plus,-0.010133543899766565,0.010133543899766565,0.0009235544096003337,5040,0.10853400727823048,0.0,0.0,0.0,5040.0,5040.0,1.0,0.0,161280.0,32.0,0.0,4527.0,0.0,513.0,0.0,0.0,0.0,0.0,median,0.8955692756211859,0.7743113606654085,0.7833333333333333,0.025491936366070476,-0.181617828766495,14.0,1.0,1.399646125476325,1.3996461254763248,cons__median,cons__median,spoof,0.1,0,0
consensus,median,20,60,ring_plus,-0.0019802942009493224,0.0019802942009493224,0.010475989369527162,5400,0.11015788417355155,0.0,0.0,0.0,5400.0,5400.0,1.0,0.0,172800.0,32.0,0.0,4847.0,0.0,553.0,0.0,0.0,0.0,0.0,median,0.8756391874095258,0.8114371889666755,0.85,0.04839149328081618,-0.2846702108008442,14.0,1.0,1.320493917398932,1.320493917398932,cons__median,cons__median,spoof,0.1,1,0
consensus,median,20,60,ring_plus,-0.01092659970837415,0.01092659970837415,0.0010118058196964767,6120,0.09775313815638881,0.0,0.0,0.0,6120.0,6120.0,1.0,0.0,195840.0,32.0,0.0,5488.0,0.0,632.0,0.0,0.0,0.0,0.0,median,0.8360101305856862,0.9171654061018539,0.8166666666666667,0.06308654570124307,-0.30450330948754006,13.0,1.0,1.55469612182113,1.5546961218211295,cons__median,cons__median,spoof,0.1,2,0
consensus,median,20,60,ring_plus,-0.005403036569154158,0.005403036569154158,0.0014961899124449484,5040,0.10750458211118491,0.0,0.0,0.0,5040.0,5040.0,1.0,0.0,161280.0,32.0,0.0,4560.0,0.0,480.0,0.0,0.0,0.0,0.0,median,0.9093199988616409,0.6041812144045069,0.7333333333333333,0.022606284721082507,-0.43735326407141445,15.0,1.0,1.2627284000071304,1.2627284000071306,cons__median,cons__median,spoof,0.1,3,0
consensus,median,20,60,ring_plus,-0.13756697096811296,0.13756697096811296,0.01584892510563716,5640,0.0993663710426071,0.0,0.0,0.0,5640.0,5640.0,1.0,0.0,180480.0,32.0,0.0,5064.0,0.0,576.0,0.0,0.0,0.0,0.0,median,0.7423023460099699,0.9671819365299263,0.85,0.030610127496970285,-0.2548058244600239,9.0,1.0,1.3711704029417888,1.3711704029417888,cons__median,cons__median,spoof,0.1,4,0
consensus,median,20,60,ring_plus,-0.0006481247075879393,0.0006481247075879393,0.0038536065815969432,6360,0.11272175882089747,0.0,0.0,0.0,6360.0,6360.0,1.0,0.0,203520.0,32.0,0.0,5748.0,0.0,612.0,0.0,0.0,0.0,0.0,median,0.8514575041809579,0.9096346231865994,0.9,0.009188357768947141,-0.25458611216605304,14.0,1.0,1.6160985120576443,1.616098512057644,cons__median,cons__median,spoof,0.1,5,0
consensus,median,20,60,ring_plus,-0.020813029898387632,0.020813029898387632,0.03998181386490194,4680,0.12046986580046423,0.0,0.0,0.0,4680.0,4680.0,1.0,0.0,149760.0,32.0,0.0,4232.0,0.0,448.0,0.0,0.0,0.0,0.0,median,0.8293105127217466,0.8927885154366009,0.7833333333333333,0.08955457210203815,-0.34973867864268837,12.0,1.0,0.9450014459069909,0.9450014459069908,cons__median,cons__median,spoof,0.1,6,0
consensus,median,20,60,ring_plus,-0.0008380799901846865,0.0008380799901846865,0.0035442683781919935,6480,0.10702567046544441,0.0,0.0,0.0,6480.0,6480.0,1.0,0.0,207360.0,32.0,0.0,5840.0,0.0,640.0,0.0,0.0,0.0,0.0,median,0.7760359247218794,0.9666056616436614,0.95,0.006969379141494474,-0.3212044561890031,10.0,1.0,2.218617553571293,2.218617553571293,cons__median,cons__median,spoof,0.1,7,0
consensus,median,20,60,ring_plus,-0.011893158648228843,0.011893158648228843,0.014729764800666309,4200,0.09525525050790348,0.0,0.0,0.0,4200.0,4200.0,1.0,0.0,134400.0,32.0,0.0,3754.0,0.0,446.0,0.0,0.0,0.0,0.0,median,0.9158303467618322,0.8652973451475056,0.8333333333333334,0.04667217051759962,-0.22516247855015745,26.0,1.0,0.7964836768628718,0.7964836768628717,cons__median,cons__median,spoof,0.1,8,0
consensus,median,20,60,ring_plus,-0.0008862567573695759,0.0008862567573695759,0.0012153286603117576,5280,0.11502209676684237,0.0,0.0,0.0,5280.0,5280.0,1.0,0.0,168960.0,32.0,0.0,4734.0,0.0,546.0,0.0,0.0,0.0,0.0,median,0.9038382181551179,0.7067847923618521,0.85,0.01678749148886994,-0.245885681220464,17.0,1.0,0.9413291035084279,0.9413291035084281,cons__median,cons__median,spoof,0.1,9,0
consensus,median,20,60,ring_plus,-0.07256992729828379,0.07256992729828379,0.011010071993413643,5040,0.30715771530288594,0.0,0.0,0.0,5040.0,5040.0,1.0,0.0,161280.0,32.0,0.0,3527.0,0.0,1513.0,0.0,0.0,0.0,0.0,median,0.9537521798440453,0.34784039916091825,0.6166666666666667,0.06762908847918447,-0.18057722237651974,14.0,1.0,1.399646125476325,1.3996461254763248,cons__median,cons__median,spoof,0.3,0,0
consensus,median,20,60,ring_plus,-0.130648430858537,0.130648430858537,0.14446763449693564,5400,0.30405085875190424,0.0,0.0,0.0,5400.0,5400.0,1.0,0.0,172800.0,32.0,0.0,3807.0,0.0,1593.0,0.0,0.0,0.0,0.0,median,0.8398545915967502,0.8743687429187371,0.7166666666666667,0.12807650002486434,-0.28252574185655105,16.0,1.0,1.320493917398932,1.320493917398932,cons__median,cons__median,spoof,0.3,1,0
consensus,median,20,60,ring_plus,-0.009953103336367402,0.009953103336367402,0.008157362690885286,6120,0.29436869767225915,0.0,0.0,0.0,6120.0,6120.0,1.0,0.0,195840.0,32.0,0.0,4268.0,0.0,1852.0,0.0,0.0,0.0,0.0,median,0.7998787472831177,0.8511097147436809,0.65,0.07161448601356733,-0.3045195344270734,9.0,1.0,1.55469612182113,1.5546961218211295,cons__median,cons__median,spoof,0.3,2,0
consensus,median,20,60,ring_plus,-0.08277338099688952,0.08277338099688952,0.04330109495206089,5040,0.3237639812345054,0.0,0.0,0.0,5040.0,5040.0,1.0,0.0,161280.0,32.0,0.0,3555.0,0.0,1485.0,0.0,0.0,0.0,0.0,median,0.9239850504219155,0.4734341525654332,0.6166666666666667,0.08172725917726527,-0.43606375833095207,10.0,1.0,1.2627284000071304,1.2627284000071306,cons__median,cons__median,spoof,0.3,3,0
consensus,median,20,60,ring_plus,-0.13326792187776618,0.13326792187776618,0.02581976457417141,5640,0.2993622544336298,0.0,0.0,0.0,5640.0,5640.0,1.0,0.0,180480.0,32.0,0.0,3971.0,0.0,1669.0,0.0,0.0,0.0,0.0,median,0.7985794392272443,0.8722845167715538,0.65,0.07816925022188767,-0.2548774752781964,14.0,1.0,1.3711704029417888,1.3711704029417888,cons__median,cons__median,spoof,0.3,4,0
consensus,median,20,60,ring_plus,-0.36692126397455394,0.36692126397455394,0.037174529362448035,6360,0.31221761411298193,0.0,0.0,0.0,6360.0,6360.0,1.0,0.0,203520.0,32.0,0.0,4473.0,0.0,1887.0,0.0,0.0,0.0,0.0,median,0.7544052792287065,0.9357445750815814,0.6333333333333333,0.08534187307604181,-0.24848155984493694,13.0,1.0,1.6160985120576443,1.616098512057644,cons__median,cons__median,spoof,0.3,5,0
consensus,median,20,60,ring_plus,-0.04174011294234552,0.04174011294234552,0.054720097306961125,4680,0.3180617345902776,0.0,0.0,0.0,4680.0,4680.0,1.0,0.0,149760.0,32.0,0.0,3299.0,0.0,1381.0,0.0,0.0,0.0,0.0,median,0.9070972898113671,0.67766902725171,0.6,0.12610639032200757,-0.3493898939252891,16.0,1.0,0.9450014459069909,0.9450014459069908,cons__median,cons__median,spoof,0.3,6,0
consensus,median,20,60,ring_plus,-0.02645602138797598,0.02645602138797598,0.008613336637299603,6480,0.3118143736965373,0.0,0.0,0.0,6480.0,6480.0,1.0,0.0,207360.0,32.0,0.0,4583.0,0.0,1897.0,0.0,0.0,0.0,0.0,median,0.7399289138980146,0.8869313519223292,0.6833333333333333,0.040228077598942,-0.32077749049904003,9.0,1.0,2.218617553571293,2.218617553571293,cons__median,cons__median,spoof,0.3,7,0
consensus,median,20,60,ring_plus,-0.17640369118605023,0.17640369118605023,0.027596353224418786,4200,0.2986730614429861,0.0,0.0,0.0,4200.0,4200.0,1.0,0.0,134400.0,32.0,0.0,2901.0,0.0,1299.0,0.0,0.0,0.0,0.0,median,0.9684126793752429,0.1719982175212107,0.6333333333333333,0.10858969777921752,-0.22242063634119374,7.0,1.0,0.7964836768628718,0.7964836768628717,cons__median,cons__median,spoof,0.3,8,0
consensus,median,20,60,ring_plus,-0.12067565127227292,0.12067565127227292,0.006211899870765019,5280,0.3126718944016607,0.0,0.0,0.0,5280.0,5280.0,1.0,0.0,168960.0,32.0,0.0,3702.0,0.0,1578.0,0.0,0.0,0.0,0.0,median,0.9536488003164479,0.43868378201491076,0.5833333333333334,0.08752564972403597,-0.24388919131188228,11.0,1.0,0.9413291035084279,0.9413291035084281,cons__median,cons__median,spoof,0.3,9,0
consensus,median,20,60,ring_plus,-0.30582131586691524,0.30582131586691524,0.01606296928675043,5040,0.5280487161747526,0.0,0.0,0.0,5040.0,5040.0,1.0,0.0,161280.0,32.0,0.0,2468.0,0.0,2572.0,0.0,0.0,0.0,0.0,median,0.9573879548904114,0.33611459047882464,0.6,0.47105659875160605,-0.17668969923370917,,0.0,1.399646125476325,1.3996461254763248,cons__median,cons__median,spoof,0.5,0,0
consensus,median,20,60,ring_plus,-0.6990473147563078,0.6990473147563078,0.16235841017671687,5400,0.5264694998079024,0.0,0.0,0.0,5400.0,5400.0,1.0,0.0,172800.0,32.0,0.0,2643.0,0.0,2757.0,0.0,0.0,0.0,0.0,median,0.942703134350761,0.46132762979243835,0.5833333333333334,0.33902745416048524,-0.27305242712492156,23.0,1.0,1.320493917398932,1.320493917398932,cons__median,cons__median,spoof,0.5,1,0
consensus,median,20,60,ring_plus,-0.4273355133657136,0.4273355133657136,0.04563781909112678,6120,0.497419775679372,0.0,0.0,0.0,6120.0,6120.0,1.0,0.0,195840.0,32.0,0.0,3014.0,0.0,3106.0,0.0,0.0,0.0,0.0,median,0.954817165021202,0.33650369585167716,0.6,0.2837708139090525,-0.2975631609265843,11.0,1.0,1.55469612182113,1.5546961218211295,cons__median,cons__median,spoof,0.5,2,0
consensus,median,20,60,ring_plus,-0.3689537969992466,0.3689537969992466,0.08530863809408132,5040,0.5280977827589737,0.0,0.0,0.0,5040.0,5040.0,1.0,0.0,161280.0,32.0,0.0,2514.0,0.0,2526.0,0.0,0.0,0.0,0.0,median,0.9326038599567918,0.5239983854238559,0.55,0.45919516611180683,-0.4312940847309129,24.0,1.0,1.2627284000071304,1.2627284000071306,cons__median,cons__median,spoof,0.5,3,0
consensus,median,20,60,ring_plus,-0.16213249627620063,0.16213249627620063,0.02438150276743175,5640,0.5044915627331593,0.0,0.0,0.0,5640.0,5640.0,1.0,0.0,180480.0,32.0,0.0,2826.0,0.0,2814.0,0.0,0.0,0.0,0.0,median,0.8296581947707674,0.7950111665340263,0.6333333333333333,0.29168784226836036,-0.2543963990382225,20.0,1.0,1.3711704029417888,1.3711704029417888,cons__median,cons__median,spoof,0.5,4,0
consensus,median,20,60,ring_plus,-0.2177736560572713,0.2177736560572713,0.09031408234805524,6360,0.5310639686627331,0.0,0.0,0.0,6360.0,6360.0,1.0,0.0,203520.0,32.0,0.0,3167.0,0.0,3193.0,0.0,0.0,0.0,0.0,median,0.9431131002319288,0.45722294261619423,0.6333333333333333,0.3340991776449753,-0.25096735331022496,13.0,1.0,1.6160985120576443,1.616098512057644,cons__median,cons__median,spoof,0.5,5,0
consensus,median,20,60,ring_plus,-0.27921006454996944,0.27921006454996944,0.04413860460823482,4680,0.5573617522107467,0.0,0.0,0.0,4680.0,4680.0,1.0,0.0,149760.0,32.0,0.0,2371.0,0.0,2309.0,0.0,0.0,0.0,0.0,median,0.9575862901546357,0.4241682290434905,0.5166666666666667,0.3666416731605186,-0.34543206139849547,47.0,1.0,0.9450014459069909,0.9450014459069908,cons__median,cons__median,spoof,0.5,6,0
consensus,median,20,60,ring_plus,-0.35470865239386407,0.35470865239386407,0.021124729713989498,6480,0.5187627432612728,0.0,0.0,0.0,6480.0,6480.0,1.0,0.0,207360.0,32.0,0.0,3290.0,0.0,3190.0,0.0,0.0,0.0,0.0,median,0.9546330220345725,0.32837950879764155,0.5833333333333334,0.35459385116797265,-0.3153066133156085,9.0,1.0,2.218617553571293,2.218617553571293,cons__median,cons__median,spoof,0.5,7,0
consensus,median,20,60,ring_plus,-0.3246350665809227,0.3246350665809227,0.02877728808161089,4200,0.5214239836477739,0.0,0.0,0.0,4200.0,4200.0,1.0,0.0,134400.0,32.0,0.0,2076.0,0.0,2124.0,0.0,0.0,0.0,0.0,median,0.9736919468576982,0.28277165282339356,0.5833333333333334,0.452070911267457,-0.21995011341794588,,0.0,0.7964836768628718,0.7964836768628717,cons__median,cons__median,spoof,0.5,8,0
consensus,median,20,60,ring_plus,-0.4536894053514135,0.4536894053514135,0.02396753487139405,5280,0.5313926656609125,0.0,0.0,0.0,5280.0,5280.0,1.0,0.0,168960.0,32.0,0.0,2578.0,0.0,2702.0,0.0,0.0,0.0,0.0,median,0.9404214476483334,0.4284487879926341,0.5333333333333333,0.3883498322731745,-0.2383389620772299,28.0,1.0,0.9413291035084279,0.9413291035084281,cons__median,cons__median,spoof,0.5,9,0
consensus,median,20,60,ring_plus,-1.5404703273077085,1.5404703273077085,0.08059065970245644,5040,1.0775608968936417,0.0,0.0,0.0,5040.0,5040.0,1.0,0.0,161280.0,32.0,0.0,0.0,0.0,5040.0,0.0,0.0,0.0,0.0,median,0.9830291026946286,0.248121735282537,0.55,1.5046272189750016,-0.156112215709696,,0.0,1.399646125476325,1.3996461254763248,cons__median,cons__median,spoof,1.0,0,0
consensus,median,20,60,ring_plus,-1.3608987838763844,1.3608987838763844,0.17694451219898064,5400,1.0779764517063997,0.0,0.0,0.0,5400.0,5400.0,1.0,0.0,172800.0,32.0,0.0,0.0,0.0,5400.0,0.0,0.0,0.0,0.0,median,0.9765375304717174,0.24721771331043696,0.55,1.2076887721356315,-0.2620215693062536,,0.0,1.320493917398932,1.320493917398932,cons__median,cons__median,spoof,1.0,1,0
consensus,median,20,60,ring_plus,-0.6513027932744145,0.6513027932744145,0.03326906413354945,6120,1.0685438045747728,0.0,0.0,0.0,6120.0,6120.0,1.0,0.0,195840.0,32.0,0.0,0.0,0.0,6120.0,0.0,0.0,0.0,0.0,median,0.9895647318082701,0.09257202573757395,0.5,1.0458001253719178,-0.293830372928106,,0.0,1.55469612182113,1.5546961218211295,cons__median,cons__median,spoof,1.0,2,0
consensus,median,20,60,ring_plus,-1.480466693900844,1.480466693900844,0.16381396526462463,5040,1.0714770048898123,0.0,0.0,0.0,5040.0,5040.0,1.0,0.0,161280.0,32.0,0.0,0.0,0.0,5040.0,0.0,0.0,0.0,0.0,median,0.9832063449774843,0.1564113696974514,0.5833333333333334,1.1708668796392148,-0.41276886978255295,,0.0,1.2627284000071304,1.2627284000071306,cons__median,cons__median,spoof,1.0,3,0
consensus,median,20,60,ring_plus,-0.9274085600133208,0.9274085600133208,0.050451238767153794,5640,1.0681175610278517,0.0,0.0,0.0,5640.0,5640.0,1.0,0.0,180480.0,32.0,0.0,0.0,0.0,5640.0,0.0,0.0,0.0,0.0,median,0.9790750253530245,0.24546711635976026,0.5333333333333333,1.229313974592738,-0.24164179797593713,,0.0,1.3711704029417888,1.3711704029417888,cons__median,cons__median,spoof,1.0,4,0
consensus,median,20,60,ring_plus,-0.9283794666798573,0.9283794666798573,0.18581962171608518,6360,1.0597995094790786,0.0,0.0,0.0,6360.0,6360.0,1.0,0.0,203520.0,32.0,0.0,0.0,0.0,6360.0,0.0,0.0,0.0,0.0,median,0.9580132594381445,0.4342452513796661,0.55,0.8549158922137966,-0.2391239231331819,,0.0,1.6160985120576443,1.616098512057644,cons__median,cons__median,spoof,1.0,5,0
consensus,median,20,60,ring_plus,-1.1628740775873,1.1628740775873,0.13660674125060931,4680,1.1181718498137048,0.0,0.0,0.0,4680.0,4680.0,1.0,0.0,149760.0,32.0,0.0,0.0,0.0,4680.0,0.0,0.0,0.0,0.0,median,0.9047973820635085,0.40567379743948595,0.5333333333333333,1.5066525283153342,-0.33070432784787324,,0.0,0.9450014459069909,0.9450014459069908,cons__median,cons__median,spoof,1.0,6,0
consensus,median,20,60,ring_plus,-1.2983051979108295,1.2983051979108295,0.0660440917443061,6480,1.0907638064093221,0.0,0.0,0.0,6480.0,6480.0,1.0,0.0,207360.0,32.0,0.0,0.0,0.0,6480.0,0.0,0.0,0.0,0.0,median,0.9787779519513224,0.22527443228374333,0.5833333333333334,1.2321302896366313,-0.299580004223659,,0.0,2.218617553571293,2.218617553571293,cons__median,cons__median,spoof,1.0,7,0
consensus,median,20,60,ring_plus,-1.276930605757121,1.276930605757121,0.07492139438734392,4200,1.071394822002264,0.0,0.0,0.0,4200.0,4200.0,1.0,0.0,134400.0,32.0,0.0,0.0,0.0,4200.0,0.0,0.0,0.0,0.0,median,0.9376374751087486,0.5591855441999394,0.5833333333333334,1.6137020608249426,-0.20407852109834262,,0.0,0.7964836768628718,0.7964836768628717,cons__median,cons__median,spoof,1.0,8,0
consensus,median,20,60,ring_plus,-1.9411069891824424,1.9411069891824424,0.10288813624296078,5280,1.1048982843144932,0.0,0.0,0.0,5280.0,5280.0,1.0,0.0,168960.0,32.0,0.0,0.0,0.0,5280.0,0.0,0.0,0.0,0.0,median,0.688080786387493,0.9374927931127643,0.45,1.47496218323121,-0.2135486690133795,,0.0,0.9413291035084279,0.9413291035084281,cons__median,cons__median,spoof,1.0,9,0
consensus,median,20,60,ring_plus,-0.005482431650517084,0.005482431650517084,0.003174707581046336,5040,0.0,0.0,0.0,0.0,5040.0,5040.0,1.0,0.0,161280.0,32.0,0.0,5040.0,0.0,0.0,0.0,0.0,0.0,0.0,median,0.9153796126179674,0.8893141208430875,1.0,0.009240556291100158,-0.18169534730398246,16.0,1.0,1.399646125476325,1.3996461254763248,cons__median,cons__median,jam,0.0,0,0
consensus,median,20,60,ring_plus,-0.0022524075034309134,0.0022524075034309134,0.0032048738570717708,5400,0.0,0.0,0.0,0.0,5400.0,5400.0,1.0,0.0,172800.0,32.0,0.0,5400.0,0.0,0.0,0.0,0.0,0.0,0.0,median,0.8868894533962743,0.948095047355784,1.0,0.004040617335849671,-0.28466567557913613,17.0,1.0,1.320493917398932,1.320493917398932,cons__median,cons__median,jam,0.0,1,0
consensus,median,20,60,ring_plus,-1.0757817627825737e-05,1.0757817627825737e-05,0.0109467913575376,6120,0.0,0.0,0.0,0.0,6120.0,6120.0,1.0,0.0,195840.0,32.0,0.0,6120.0,0.0,0.0,0.0,0.0,0.0,0.0,median,0.8029072662488145,0.9951107096363998,1.0,4.5457540449862186e-05,-0.3046852401857191,14.0,1.0,1.55469612182113,1.5546961218211295,cons__median,cons__median,jam,0.0,2,0
consensus,median,20,60,ring_plus,-0.00018438166122980556,0.00018438166122980556,0.07442097525631908,5040,0.0,0.0,0.0,0.0,5040.0,5040.0,1.0,0.0,161280.0,32.0,0.0,5040.0,0.0,0.0,0.0,0.0,0.0,0.0,median,0.8371772439263904,0.9929626121047088,1.0,0.000744942995449872,-0.4374402416532132,21.0,1.0,1.2627284000071304,1.2627284000071306,cons__median,cons__median,jam,0.0,3,0
consensus,median,20,60,ring_plus,-1.7632338623002975e-06,1.7632338623002975e-06,0.0008740494206147484,5640,0.0,0.0,0.0,0.0,5640.0,5640.0,1.0,0.0,180480.0,32.0,0.0,5640.0,0.0,0.0,0.0,0.0,0.0,0.0,median,0.7871303711427364,0.9892653375314289,1.0,7.5488257383975825e-06,-0.25709857792226143,11.0,1.0,1.3711704029417888,1.3711704029417888,cons__median,cons__median,jam,0.0,4,0
consensus,median,20,60,ring_plus,-0.13883186854417218,0.13883186854417218,0.029115833628476584,6360,0.0,0.0,0.0,0.0,6360.0,6360.0,1.0,0.0,203520.0,32.0,0.0,6360.0,0.0,0.0,0.0,0.0,0.0,0.0,median,0.9600207839121924,0.43787725467610616,1.0,0.13883230737275712,-0.25228304976877663,18.0,1.0,1.6160985120576443,1.616098512057644,cons__median,cons__median,jam,0.0,5,0
consensus,median,20,60,ring_plus,-0.00025687201397392407,0.00025687201397392407,0.06772029398602353,4680,0.0,0.0,0.0,0.0,4680.0,4680.0,1.0,0.0,149760.0,32.0,0.0,4680.0,0.0,0.0,0.0,0.0,0.0,0.0,median,0.8475205063686533,0.981351379392753,1.0,0.0005194339102027597,-0.3500812812740955,16.0,1.0,0.9450014459069909,0.9450014459069908,cons__median,cons__median,jam,0.0,6,0
consensus,median,20,60,ring_plus,-6.615934702086204e-06,6.615934702086204e-06,1.4997736387158007e-05,6480,0.0,0.0,0.0,0.0,6480.0,6480.0,1.0,0.0,207360.0,32.0,0.0,6480.0,0.0,0.0,0.0,0.0,0.0,0.0,median,0.800548284567372,0.9881547098203891,1.0,2.697664426169475e-05,-0.3212183139232611,11.0,1.0,2.218617553571293,2.218617553571293,cons__median,cons__median,jam,0.0,7,0
consensus,median,20,60,ring_plus,-0.061134390726600735,0.061134390726600735,0.005587901765279969,4200,0.0,0.0,0.0,0.0,4200.0,4200.0,1.0,0.0,134400.0,32.0,0.0,4200.0,0.0,0.0,0.0,0.0,0.0,0.0,median,0.9476347521361681,0.6576378148377107,1.0,0.06170680693486514,-0.2243417913488512,19.0,1.0,0.7964836768628718,0.7964836768628717,cons__median,cons__median,jam,0.0,8,0
consensus,median,20,60,ring_plus,-0.0005079551485993235,0.0005079551485993235,0.0069406151663735805,5280,0.0,0.0,0.0,0.0,5280.0,5280.0,1.0,0.0,168960.0,32.0,0.0,5280.0,0.0,0.0,0.0,0.0,0.0,0.0,median,0.8724697640882209,0.9714170647982108,1.0,0.0015473166584628391,-0.2458919862472769,23.0,1.0,0.9413291035084279,0.9413291035084281,cons__median,cons__median,jam,0.0,9,0
consensus,median,20,60,ring_plus,-0.09050639003747596,0.09050639003747596,0.008153685517325879,5040,0.0,0.10714285714285714,0.0,0.0,5040.0,4500.0,0.8928571428571429,0.1071428571428571,144000.0,32.0,0.0,4500.0,0.0,0.0,0.0,540.0,0.0,0.0,median,0.9523274966686538,0.7542496708812406,1.0,0.09693935760269819,-0.18027828133086649,48.0,1.0,1.399646125476325,1.355753295277519,cons__median,cons__median,jam,0.1,0,0
consensus,median,20,60,ring_plus,-0.6189740509865631,0.6189740509865631,0.04458104536532855,5400,0.0,0.1,0.0,0.0,5400.0,4860.0,0.9,0.09999999999999998,155520.0,32.0,0.0,4860.0,0.0,0.0,0.0,540.0,0.0,0.0,median,0.9750637740847292,0.4893452941955304,1.0,0.6281984948689026,-0.2743869815210838,,0.0,1.320493917398932,1.3067220124547165,cons__median,cons__median,jam,0.1,1,0
consensus,median,20,60,ring_plus,-0.38097580778374307,0.38097580778374307,0.02284137845890525,6120,0.0,0.06862745098039216,0.0,0.0,6120.0,5700.0,0.9313725490196079,0.06862745098039214,182400.0,32.0,0.0,5700.0,0.0,0.0,0.0,420.0,0.0,0.0,median,0.9702624884541426,0.45686293316537907,1.0,0.3815159222481203,-0.29833582268628384,,0.0,1.55469612182113,0.8699785139899355,cons__median,cons__median,jam,0.1,2,0
consensus,median,20,60,ring_plus,-5.061845370714179,5.061845370714179,0.46017651182997427,5040,0.0,0.15476190476190477,0.0,0.0,5040.0,4260.0,0.8452380952380952,0.15476190476190477,136320.0,32.0,0.0,4260.0,0.0,0.0,0.0,780.0,0.0,0.0,median,0.9852291762473936,0.602443638780415,1.0,5.06827157843526,-0.35307922516899726,,0.0,1.2627284000071304,1.2594924649021235,cons__median,cons__median,jam,0.1,3,0
consensus,median,20,60,ring_plus,-1.8366065881227713,1.8366065881227713,0.09184943837132604,5640,0.0,0.09574468085106383,0.0,0.0,5640.0,5100.0,0.9042553191489362,0.0957446808510638,163200.0,32.0,0.0,5100.0,0.0,0.0,0.0,540.0,0.0,0.0,median,0.9671197894461598,0.4453489673431965,0.5166666666666667,1.8363498016109132,-0.22648849750744626,,0.0,1.3711704029417888,1.3555111922818643,cons__median,cons__median,jam,0.1,4,0
consensus,median,20,60,ring_plus,-6.492810368169299,6.492810368169299,0.3258595477028102,6360,0.0,0.0660377358490566,0.0,0.0,6360.0,5940.0,0.9339622641509434,0.06603773584905659,190080.0,32.0,0.0,5940.0,0.0,0.0,0.0,420.0,0.0,0.0,median,0.9830861255996933,0.4873825558356444,0.45,6.49276396627533,-0.14638340810835782,,0.0,1.6160985120576443,1.1665296618373981,cons__median,cons__median,jam,0.1,5,0
consensus,median,20,60,ring_plus,-5.084723040439122,5.084723040439122,0.31750653793972383,4680,0.0,0.10256410256410256,0.0,0.0,4680.0,4200.0,0.8974358974358975,0.10256410256410253,134400.0,32.0,0.0,4200.0,0.0,0.0,0.0,480.0,0.0,0.0,median,0.9772164485055438,0.3863443768830125,0.45,5.079779654282739,-0.2653401784670095,,0.0,0.9450014459069909,0.9269296061447677,cons__median,cons__median,jam,0.1,6,0
consensus,median,20,60,ring_plus,-0.9550893987461916,0.9550893987461916,0.09564268965391587,6480,0.0,0.14814814814814814,0.0,0.0,6480.0,5520.0,0.8518518518518519,0.14814814814814814,176640.0,32.0,0.0,5520.0,0.0,0.0,0.0,960.0,0.0,0.0,median,0.9773419188016808,0.4580665053694375,1.0,0.9569195839174216,-0.3053002675430697,,0.0,2.218617553571293,2.2131131029340265,cons__median,cons__median,jam,0.1,7,0
consensus,median,20,60,ring_plus,-3.1738823965952645,3.1738823965952645,0.1834752115288702,4200,0.0,0.12857142857142856,0.0,0.0,4200.0,3660.0,0.8714285714285714,0.12857142857142856,117120.0,32.0,0.0,3660.0,0.0,0.0,0.0,540.0,0.0,0.0,median,0.9927803818601875,0.3487301028310812,1.0,3.184253452252207,-0.17246265791770685,,0.0,0.7964836768628718,0.7756455591018226,cons__median,cons__median,jam,0.1,8,0
consensus,median,20,60,ring_plus,-1.6565035236575945,1.6565035236575945,0.14095919831420817,5280,0.0,0.10227272727272728,0.0,0.0,5280.0,4740.0,0.8977272727272727,0.10227272727272729,151680.0,32.0,0.0,4740.0,0.0,0.0,0.0,540.0,0.0,0.0,median,0.9871936770989348,0.3425068917276758,1.0,1.6652044152198389,-0.2182920601054602,,0.0,0.9413291035084279,0.8042031991139494,cons__median,cons__median,jam,0.1,9,0
consensus,median,20,60,ring_plus,-2.1940997322510327,2.1940997322510327,0.13862974522827007,5040,0.0,0.25,0.0,0.0,5040.0,3780.0,0.75,0.25,120960.0,32.0,0.0,3780.0,0.0,0.0,0.0,1260.0,0.0,0.0,median,0.9834770336261484,0.4477801316681048,0.7,2.1940503477462237,-0.14521839229397385,,0.0,1.399646125476325,0.7328759072995557,cons__median,cons__median,jam,0.25,0,0
consensus,median,20,60,ring_plus,-1.6129240970129182,1.6129240970129182,0.08680694868374053,5400,0.0,0.2777777777777778,0.0,0.0,5400.0,3900.0,0.7222222222222222,0.2777777777777778,124800.0,32.0,0.0,3900.0,0.0,0.0,0.0,1500.0,0.0,0.0,median,0.9872112233130793,0.28688450175061686,1.0,1.6129306203525315,-0.25782114742064466,,0.0,1.320493917398932,0.70949080031589,cons__median,cons__median,jam,0.25,1,0
consensus,median,20,60,ring_plus,-4.611569753659953,4.611569753659953,0.24415836397246737,6120,0.0,0.21568627450980393,0.0,0.0,6120.0,4800.0,0.7843137254901961,0.21568627450980393,153600.0,32.0,0.0,4800.0,0.0,0.0,0.0,1320.0,0.0,0.0,median,0.9882275468907655,0.33600171786559263,0.7166666666666667,4.611495551518974,-0.227825923588347,,0.0,1.55469612182113,0.8590938956011059,cons__median,cons__median,jam,0.25,2,0
consensus,median,20,60,ring_plus,-12.641763306692724,12.641763306692724,0.7359821211377928,5040,0.0,0.30952380952380953,0.0,0.0,5040.0,3480.0,0.6904761904761905,0.30952380952380953,111360.0,32.0,0.0,3480.0,0.0,0.0,0.0,1560.0,0.0,0.0,median,0.9945348693850983,0.5013147398823251,1.0,12.658577547591372,-0.22674725956935493,,0.0,1.2627284000071304,0.7034053746014614,cons__median,cons__median,jam,0.25,3,0
consensus,median,20,60,ring_plus,-3.136717726485527,3.136717726485527,0.1576081381445402,5640,0.0,0.24468085106382978,0.0,0.0,5640.0,4260.0,0.7553191489361702,0.24468085106382975,136320.0,32.0,0.0,4260.0,0.0,0.0,0.0,1380.0,0.0,0.0,median,0.9932981915820208,0.23236421176454092,1.0,3.1372491446915496,-0.2048199785347337,,0.0,1.3711704029417888,0.6932116477645714,cons__median,cons__median,jam,0.25,4,0
consensus,median,20,60,ring_plus,-7.850933947170329,7.850933947170329,0.3953308683018655,6360,0.0,0.20754716981132076,0.0,0.0,6360.0,5040.0,0.7924528301886793,0.2075471698113207,161280.0,32.0,0.0,5040.0,0.0,0.0,0.0,1320.0,0.0,0.0,median,0.9888157502916486,0.40858010881171614,0.45,7.850902938698691,-0.12374801512500735,,0.0,1.6160985120576443,8.788681123263577e-16,cons__median,cons__median,jam,0.25,5,0
consensus,median,20,60,ring_plus,-6.247072639748238,6.247072639748238,0.3878361689395265,4680,0.0,0.23076923076923078,0.0,0.0,4680.0,3600.0,0.7692307692307693,0.23076923076923073,115200.0,32.0,0.0,3600.0,0.0,0.0,0.0,1080.0,0.0,0.0,median,0.9893952227487778,0.3213273491664054,0.65,6.2456279302505004,-0.24596768514519088,,0.0,0.9450014459069909,0.6516227104008937,cons__median,cons__median,jam,0.25,6,0
consensus,median,20,60,ring_plus,-5.331264187298364,5.331264187298364,0.34522616897569275,6480,0.0,0.2962962962962963,0.0,0.0,6480.0,4560.0,0.7037037037037037,0.2962962962962963,145920.0,32.0,0.0,4560.0,0.0,0.0,0.0,1920.0,0.0,0.0,median,0.9914888684997644,0.4195939047135453,0.9333333333333333,5.331465538378275,-0.2323640210672001,,0.0,2.218617553571293,1.6234402002584751,cons__median,cons__median,jam,0.25,7,0
consensus,median,20,60,ring_plus,-4.908525923030533,4.908525923030533,0.26279912266492533,4200,0.0,0.3142857142857143,0.0,0.0,4200.0,2880.0,0.6857142857142857,0.3142857142857143,92160.0,32.0,0.0,2880.0,0.0,0.0,0.0,1320.0,0.0,0.0,median,0.9868206323534581,0.38224408118624664,0.5,4.9082127745394635,-0.14355193247711906,,0.0,0.7964836768628718,0.48285695744342,cons__median,cons__median,jam,0.25,8,0
consensus,median,20,60,ring_plus,-2.2990415752711875,2.2990415752711875,0.1648898877661493,5280,0.0,0.20454545454545456,0.0,0.0,5280.0,4200.0,0.7954545454545454,0.20454545454545459,134400.0,32.0,0.0,4200.0,0.0,0.0,0.0,1080.0,0.0,0.0,median,0.9900699581773508,0.2892480613724179,1.0,2.2991714338501605,-0.20758309257856702,,0.0,0.9413291035084279,0.5410467703440894,cons__median,cons__median,jam,0.25,9,0
consensus,median,20,60,ring_plus,-7.3166061614723965,7.3166061614723965,0.3663397510922289,5040,0.0,0.5238095238095238,0.0,0.0,5040.0,2400.0,0.47619047619047616,0.5238095238095238,76800.0,32.0,0.0,2400.0,0.0,0.0,0.0,2640.0,0.0,0.0,median,0.9985083748514855,0.20788414206350536,1.0,7.316635414906923,-0.059843285140284495,,0.0,1.399646125476325,2.0101208904909568e-16,cons__median,cons__median,jam,0.5,0,0
consensus,median,20,60,ring_plus,-5.074791556280657,5.074791556280657,0.25501921156344814,5400,0.0,0.5222222222222223,0.0,0.0,5400.0,2580.0,0.4777777777777778,0.5222222222222221,82560.0,32.0,0.0,2580.0,0.0,0.0,0.0,2820.0,0.0,0.0,median,0.9937714843938261,0.3065758421761374,1.0,5.080411030942812,-0.20012335643284906,,0.0,1.320493917398932,-2.0216336746729997e-16,cons__median,cons__median,jam,0.5,1,0
consensus,median,20,60,ring_plus,-9.50759620087932,9.50759620087932,0.5458396158122255,6120,0.0,0.46078431372549017,0.0,0.0,6120.0,3300.0,0.5392156862745098,0.4607843137254902,105600.0,32.0,0.0,3300.0,0.0,0.0,0.0,2820.0,0.0,0.0,median,0.9964465422587409,0.3283641931119262,1.0,9.509128855231213,-0.14622548280135755,,0.0,1.55469612182113,7.185689075917253e-16,cons__median,cons__median,jam,0.5,2,0
consensus,median,20,60,ring_plus,-14.990721698076058,14.990721698076058,0.7512632615965497,5040,0.0,0.5833333333333334,0.0,0.0,5040.0,2100.0,0.4166666666666667,0.5833333333333333,67200.0,32.0,0.0,2100.0,0.0,0.0,0.0,2940.0,0.0,0.0,median,0.9833088424078943,0.685061860924608,0.38333333333333336,14.990528332673312,-0.18759795304629936,,0.0,1.2627284000071304,-2.3898125381316e-16,cons__median,cons__median,jam,0.5,3,0
consensus,median,20,60,ring_plus,-10.154215530539464,10.154215530539464,0.5079334982894156,5640,0.0,0.48936170212765956,0.0,0.0,5640.0,2880.0,0.5106382978723404,0.4893617021276596,92160.0,32.0,0.0,2880.0,0.0,0.0,0.0,2760.0,0.0,0.0,median,0.9908526151951057,0.3290231124459212,0.31666666666666665,10.15394922105484,-0.0878616818005014,,0.0,1.3711704029417888,9.22679146182269e-17,cons__median,cons__median,jam,0.5,4,0
consensus,median,20,60,ring_plus,-10.886270927569077,10.886270927569077,0.5530140826624852,6360,0.0,0.42452830188679247,0.0,0.0,6360.0,3660.0,0.5754716981132075,0.42452830188679247,117120.0,32.0,0.0,3660.0,0.0,0.0,0.0,2700.0,0.0,0.0,median,0.9990009822547795,0.13889179033632604,1.0,10.886270927757051,-0.07315906545169489,,0.0,1.6160985120576443,5.533258796772204e-16,cons__median,cons__median,jam,0.5,5,0
consensus,median,20,60,ring_plus,-9.42176363397393,9.42176363397393,0.4816491350197182,4680,0.0,0.5256410256410257,0.0,0.0,4680.0,2220.0,0.47435897435897434,0.5256410256410257,71040.0,32.0,0.0,2220.0,0.0,0.0,0.0,2460.0,0.0,0.0,median,0.9937294562889403,0.23600315464246813,0.6166666666666667,9.41860293425043,-0.19305616857476277,,0.0,0.9450014459069909,3.928730535098917e-17,cons__median,cons__median,jam,0.5,6,0
consensus,median,20,60,ring_plus,-8.035105902773118,8.035105902773118,0.44251373307881836,6480,0.0,0.49074074074074076,0.0,0.0,6480.0,3300.0,0.5092592592592593,0.4907407407407407,105600.0,32.0,0.0,3300.0,0.0,0.0,0.0,3180.0,0.0,0.0,median,0.9746630019267543,0.5383381070821474,0.3333333333333333,8.033314258935137,-0.18729999247595425,,0.0,2.218617553571293,4.442157626793808e-16,cons__median,cons__median,jam,0.5,7,0
consensus,median,20,60,ring_plus,-8.285951168589268,8.285951168589268,0.4144209042963672,4200,0.0,0.5285714285714286,0.0,0.0,4200.0,1980.0,0.4714285714285714,0.5285714285714286,63360.0,32.0,0.0,1980.0,0.0,0.0,0.0,2220.0,0.0,0.0,median,0.9985734854430921,0.1552574033929417,1.0,8.289111995152016,-0.08726151171780681,,0.0,0.7964836768628718,7.218723564701772e-17,cons__median,cons__median,jam,0.5,8,0
consensus,median,20,60,ring_plus,-3.8408431243900507,3.8408431243900507,0.2467363956195415,5280,0.0,0.4772727272727273,0.0,0.0,5280.0,2760.0,0.5227272727272727,0.4772727272727273,88320.0,32.0,0.0,2760.0,0.0,0.0,0.0,2520.0,0.0,0.0,median,0.9935384118420993,0.27051792878291814,1.0,3.8461631636590585,-0.18188640009325263,,0.0,0.9413291035084279,4.227176087568643e-16,cons__median,cons__median,jam,0.5,9,0
consensus,median,20,60,ring_plus,-8.769295752318204,8.769295752318204,0.4388767858390305,5040,0.0,0.7619047619047619,0.0,0.0,5040.0,1200.0,0.23809523809523808,0.7619047619047619,38400.0,32.0,0.0,1200.0,0.0,0.0,0.0,3840.0,0.0,0.0,median,0.9993159319190749,0.15877460167017787,1.0,8.769302208328133,-0.03563179195952104,,0.0,1.399646125476325,-2.470145101219242e-16,cons__median,cons__median,jam,0.75,0,0
consensus,median,20,60,ring_plus,-10.407862207075269,10.407862207075269,0.5336357847752807,5400,0.0,0.7555555555555555,0.0,0.0,5400.0,1320.0,0.24444444444444444,0.7555555555555555,42240.0,32.0,0.0,1320.0,0.0,0.0,0.0,4080.0,0.0,0.0,median,0.9910769326367111,0.35690199218949514,0.65,10.407862206897125,-0.11123884558627216,,0.0,1.320493917398932,-2.73585982193477e-16,cons__median,cons__median,jam,0.75,1,0
consensus,median,20,60,ring_plus,-14.738991549301268,14.738991549301268,0.7476542151768841,6120,0.0,0.7352941176470589,0.0,0.0,6120.0,1620.0,0.2647058823529412,0.7352941176470589,51840.0,32.0,0.0,1620.0,0.0,0.0,0.0,4500.0,0.0,0.0,median,0.9834312778153467,0.5347891033429271,0.15,14.738467266152151,-0.05903556032765843,,0.0,1.55469612182113,-1.0293380571099687e-17,cons__median,cons__median,jam,0.75,2,0
consensus,median,20,60,ring_plus,-21.74264957422334,21.74264957422334,1.0871707174201606,5040,0.0,0.7738095238095238,0.0,0.0,5040.0,1140.0,0.2261904761904762,0.7738095238095238,36480.0,32.0,0.0,1140.0,0.0,0.0,0.0,3900.0,0.0,0.0,median,0.9992110634020959,0.2815086577710839,1.0,21.75235297124297,-0.07506582177717801,,0.0,1.2627284000071304,-4.3411469630379086e-16,cons__median,cons__median,jam,0.75,3,0
consensus,median,20,60,ring_plus,-15.015426202932087,15.015426202932087,0.7523069853185025,5640,0.0,0.723404255319149,0.0,0.0,5640.0,1560.0,0.2765957446808511,0.7234042553191489,49920.0,32.0,0.0,1560.0,0.0,0.0,0.0,4080.0,0.0,0.0,median,0.9892892705349382,0.7994210134210593,0.08333333333333333,15.015426172143753,-0.006841503927291015,,0.0,1.3711704029417888,-1.6685486281983725e-16,cons__median,cons__median,jam,0.75,4,0
consensus,median,20,60,ring_plus,-13.253536273175158,13.253536273175158,0.6639696269075128,6360,0.0,0.7169811320754716,0.0,0.0,6360.0,1800.0,0.2830188679245283,0.7169811320754718,57600.0,32.0,0.0,1800.0,0.0,0.0,0.0,4560.0,0.0,0.0,median,0.9761642965094575,0.6203790120311482,0.08333333333333333,13.253422375786565,-0.03370464302492688,,0.0,1.6160985120576443,3.4135284035789766e-16,cons__median,cons__median,jam,0.75,5,0
consensus,median,20,60,ring_plus,-14.69782612940863,14.69782612940863,0.7359208242335961,4680,0.0,0.8076923076923077,0.0,0.0,4680.0,900.0,0.19230769230769232,0.8076923076923077,28800.0,32.0,0.0,900.0,0.0,0.0,0.0,3780.0,0.0,0.0,median,0.9991820964603066,0.0939953612620521,1.0,14.697827739456706,-0.10512179365085107,,0.0,0.9450014459069909,-3.5551152606263237e-16,cons__median,cons__median,jam,0.75,6,0
consensus,median,20,60,ring_plus,-16.230397675022118,16.230397675022118,0.8558048799496311,6480,0.0,0.7222222222222222,0.0,0.0,6480.0,1800.0,0.2777777777777778,0.7222222222222222,57600.0,32.0,0.0,1800.0,0.0,0.0,0.0,4680.0,0.0,0.0,median,0.9728254962138945,0.7097589573824723,0.1,16.229376023033236,-0.05071179627180425,,0.0,2.218617553571293,-7.007142901653366e-16,cons__median,cons__median,jam,0.75,7,0
consensus,median,20,60,ring_plus,-12.881312907886615,12.881312907886615,0.6440662969990332,4200,0.0,0.7571428571428571,0.0,0.0,4200.0,1020.0,0.24285714285714285,0.7571428571428571,32640.0,32.0,0.0,1020.0,0.0,0.0,0.0,3180.0,0.0,0.0,median,0.999827545107433,0.2024912946624049,1.0,12.881316893800344,-0.010672149396184357,,0.0,0.7964836768628718,-1.3346272666746056e-17,cons__median,cons__median,jam,0.75,8,0
consensus,median,20,60,ring_plus,-9.908242893739814,9.908242893739814,0.4973469105806164,5280,0.0,0.75,0.0,0.0,5280.0,1320.0,0.25,0.75,42240.0,32.0,0.0,1320.0,0.0,0.0,0.0,3960.0,0.0,0.0,median,0.998708531561429,0.1578402410999168,1.0,9.908243427478167,-0.08076307060408991,,0.0,0.9413291035084279,-5.307638482904972e-16,cons__median,cons__median,jam,0.75,9,0
consensus,median,20,60,ring_plus,-0.005482431650517084,0.005482431650517084,0.003174707581046336,5040,0.0,0.0,0.0,0.0,5040.0,5040.0,1.0,0.0,161280.0,32.0,0.0,5040.0,0.0,0.0,0.0,0.0,0.0,0.0,median,0.9153796126179674,0.8893141208430875,1.0,0.009240556291100158,-0.18169534730398246,16.0,1.0,1.399646125476325,1.3996461254763248,cons__median,cons__median,byzantine,0.0,0,0
consensus,median,20,60,ring_plus,-0.0022524075034309134,0.0022524075034309134,0.0032048738570717708,5400,0.0,0.0,0.0,0.0,5400.0,5400.0,1.0,0.0,172800.0,32.0,0.0,5400.0,0.0,0.0,0.0,0.0,0.0,0.0,median,0.8868894533962743,0.948095047355784,1.0,0.004040617335849671,-0.28466567557913613,17.0,1.0,1.320493917398932,1.320493917398932,cons__median,cons__median,byzantine,0.0,1,0
consensus,median,20,60,ring_plus,-1.0757817627825737e-05,1.0757817627825737e-05,0.0109467913575376,6120,0.0,0.0,0.0,0.0,6120.0,6120.0,1.0,0.0,195840.0,32.0,0.0,6120.0,0.0,0.0,0.0,0.0,0.0,0.0,median,0.8029072662488145,0.9951107096363998,1.0,4.5457540449862186e-05,-0.3046852401857191,14.0,1.0,1.55469612182113,1.5546961218211295,cons__median,cons__median,byzantine,0.0,2,0
consensus,median,20,60,ring_plus,-0.00018438166122980556,0.00018438166122980556,0.07442097525631908,5040,0.0,0.0,0.0,0.0,5040.0,5040.0,1.0,0.0,161280.0,32.0,0.0,5040.0,0.0,0.0,0.0,0.0,0.0,0.0,median,0.8371772439263904,0.9929626121047088,1.0,0.000744942995449872,-0.4374402416532132,21.0,1.0,1.2627284000071304,1.2627284000071306,cons__median,cons__median,byzantine,0.0,3,0
consensus,median,20,60,ring_plus,-1.7632338623002975e-06,1.7632338623002975e-06,0.0008740494206147484,5640,0.0,0.0,0.0,0.0,5640.0,5640.0,1.0,0.0,180480.0,32.0,0.0,5640.0,0.0,0.0,0.0,0.0,0.0,0.0,median,0.7871303711427364,0.9892653375314289,1.0,7.5488257383975825e-06,-0.25709857792226143,11.0,1.0,1.3711704029417888,1.3711704029417888,cons__median,cons__median,byzantine,0.0,4,0
consensus,median,20,60,ring_plus,-0.13883186854417218,0.13883186854417218,0.029115833628476584,6360,0.0,0.0,0.0,0.0,6360.0,6360.0,1.0,0.0,203520.0,32.0,0.0,6360.0,0.0,0.0,0.0,0.0,0.0,0.0,median,0.9600207839121924,0.43787725467610616,1.0,0.13883230737275712,-0.25228304976877663,18.0,1.0,1.6160985120576443,1.616098512057644,cons__median,cons__median,byzantine,0.0,5,0
consensus,median,20,60,ring_plus,-0.00025687201397392407,0.00025687201397392407,0.06772029398602353,4680,0.0,0.0,0.0,0.0,4680.0,4680.0,1.0,0.0,149760.0,32.0,0.0,4680.0,0.0,0.0,0.0,0.0,0.0,0.0,median,0.8475205063686533,0.981351379392753,1.0,0.0005194339102027597,-0.3500812812740955,16.0,1.0,0.9450014459069909,0.9450014459069908,cons__median,cons__median,byzantine,0.0,6,0
consensus,median,20,60,ring_plus,-6.615934702086204e-06,6.615934702086204e-06,1.4997736387158007e-05,6480,0.0,0.0,0.0,0.0,6480.0,6480.0,1.0,0.0,207360.0,32.0,0.0,6480.0,0.0,0.0,0.0,0.0,0.0,0.0,median,0.800548284567372,0.9881547098203891,1.0,2.697664426169475e-05,-0.3212183139232611,11.0,1.0,2.218617553571293,2.218617553571293,cons__median,cons__median,byzantine,0.0,7,0
consensus,median,20,60,ring_plus,-0.061134390726600735,0.061134390726600735,0.005587901765279969,4200,0.0,0.0,0.0,0.0,4200.0,4200.0,1.0,0.0,134400.0,32.0,0.0,4200.0,0.0,0.0,0.0,0.0,0.0,0.0,median,0.9476347521361681,0.6576378148377107,1.0,0.06170680693486514,-0.2243417913488512,19.0,1.0,0.7964836768628718,0.7964836768628717,cons__median,cons__median,byzantine,0.0,8,0
consensus,median,20,60,ring_plus,-0.0005079551485993235,0.0005079551485993235,0.0069406151663735805,5280,0.0,0.0,0.0,0.0,5280.0,5280.0,1.0,0.0,168960.0,32.0,0.0,5280.0,0.0,0.0,0.0,0.0,0.0,0.0,median,0.8724697640882209,0.9714170647982108,1.0,0.0015473166584628391,-0.2458919862472769,23.0,1.0,0.9413291035084279,0.9413291035084281,cons__median,cons__median,byzantine,0.0,9,0
consensus,median,20,60,ring_plus,-0.00021911735156364412,0.00021911735156364412,0.013901562267962141,5040,0.0,0.0,0.0,0.0,5040.0,5040.0,1.0,0.0,161280.0,32.0,0.0,5040.0,0.0,0.0,0.0,0.0,0.0,0.0,median,0.8593626960808955,0.9281110948372274,1.0,0.0003951576232591577,-0.18178306920896503,12.0,1.0,1.399646125476325,1.3996461254763248,cons__median,cons__median,byzantine,0.1,0,0
consensus,median,20,60,ring_plus,-0.01241919005486582,0.01241919005486582,0.007122713819572417,5400,0.0,0.0,0.0,0.0,5400.0,5400.0,1.0,0.0,172800.0,32.0,0.0,5400.0,0.0,0.0,0.0,0.0,0.0,0.0,median,0.9187486990787774,0.3549485152859333,0.7666666666666667,0.04327062945768318,-0.2844962292032788,9.0,1.0,1.320493917398932,1.320493917398932,cons__median,cons__median,byzantine,0.1,1,0
consensus,median,20,60,ring_plus,-0.1570502516119502,0.1570502516119502,0.02510065198020909,6120,0.0,0.0,0.0,0.0,6120.0,6120.0,1.0,0.0,195840.0,32.0,0.0,6120.0,0.0,0.0,0.0,0.0,0.0,0.0,median,0.9315534605951967,0.2760028612157529,0.5833333333333334,0.5033423150271203,-0.30206791528914706,20.0,1.0,1.55469612182113,1.5546961218211295,cons__median,cons__median,byzantine,0.1,2,0
consensus,median,20,60,ring_plus,-1.1289692660067007e-06,1.1289692660067007e-06,0.0037786565614136578,5040,0.0,0.0,0.0,0.0,5040.0,5040.0,1.0,0.0,161280.0,32.0,0.0,5040.0,0.0,0.0,0.0,0.0,0.0,0.0,median,0.7590933469431357,0.9954371670445762,1.0,4.875784873436276e-06,-0.4374432958647459,13.0,1.0,1.2627284000071304,1.2627284000071306,cons__median,cons__median,byzantine,0.1,3,0
consensus,median,20,60,ring_plus,-7.0534254437463e-06,7.0534254437463e-06,0.0025224648630824235,5640,0.0,0.0,0.0,0.0,5640.0,5640.0,1.0,0.0,180480.0,32.0,0.0,5640.0,0.0,0.0,0.0,0.0,0.0,0.0,median,0.8067613415019517,0.9935477409975206,1.0,3.5584452878465046e-05,-0.2570984897524017,14.0,1.0,1.3711704029417888,1.3711704029417888,cons__median,cons__median,byzantine,0.1,4,0
consensus,median,20,60,ring_plus,-0.10447725536376554,0.10447725536376554,0.006022463646916538,6360,0.0,0.0,0.0,0.0,6360.0,6360.0,1.0,0.0,203520.0,32.0,0.0,6360.0,0.0,0.0,0.0,0.0,0.0,0.0,median,0.9549471561375402,0.5709417301370351,0.8666666666666667,0.11180120358324375,-0.2528556266551168,39.0,1.0,1.6160985120576443,1.616098512057644,cons__median,cons__median,byzantine,0.1,5,0
consensus,median,20,60,ring_plus,-0.010720603947504506,0.010720603947504506,0.04777336781586155,4680,0.0,0.0,0.0,0.0,4680.0,4680.0,1.0,0.0,149760.0,32.0,0.0,4680.0,0.0,0.0,0.0,0.0,0.0,0.0,median,0.9118897532820328,0.9206441016740639,1.0,0.016890221898127816,-0.34990688574186984,20.0,1.0,0.9450014459069909,0.9450014459069908,cons__median,cons__median,byzantine,0.1,6,0
consensus,median,20,60,ring_plus,-0.01913587415419836,0.01913587415419836,0.14044450109268108,6480,0.0,0.0,0.0,0.0,6480.0,6480.0,1.0,0.0,207360.0,32.0,0.0,6480.0,0.0,0.0,0.0,0.0,0.0,0.0,median,0.8112621336939897,0.8111183060269778,0.7,0.06289166686764294,-0.3208994929529361,11.0,1.0,2.218617553571293,2.218617553571293,cons__median,cons__median,byzantine,0.1,7,0
consensus,median,20,60,ring_plus,-0.001399043809008692,0.001399043809008692,0.004522463959977394,4200,0.0,0.0,0.0,0.0,4200.0,4200.0,1.0,0.0,134400.0,32.0,0.0,4200.0,0.0,0.0,0.0,0.0,0.0,0.0,median,0.8910971144317763,0.9449896446609996,1.0,0.002353076210100408,-0.22533738046414442,13.0,1.0,0.7964836768628718,0.7964836768628717,cons__median,cons__median,byzantine,0.1,8,0
consensus,median,20,60,ring_plus,-0.0016521450486090758,0.0016521450486090758,0.0013702209542425432,5280,0.0,0.0,0.0,0.0,5280.0,5280.0,1.0,0.0,168960.0,32.0,0.0,5280.0,0.0,0.0,0.0,0.0,0.0,0.0,median,0.8734488429278032,0.9726662408247841,1.0,0.0026824204974098043,-0.24587291641561,21.0,1.0,0.9413291035084279,0.9413291035084281,cons__median,cons__median,byzantine,0.1,9,0
consensus,median,20,60,ring_plus,-0.3626075171919752,0.3626075171919752,0.02961297007480492,5040,0.0,0.0,0.0,0.0,5040.0,5040.0,1.0,0.0,161280.0,32.0,0.0,5040.0,0.0,0.0,0.0,0.0,0.0,0.0,median,0.9289762645817139,0.2993728954587498,0.5833333333333334,0.9734260215084368,-0.17574326254495815,25.0,1.0,1.399646125476325,1.3996461254763248,cons__median,cons__median,byzantine,0.25,0,0
consensus,median,20,60,ring_plus,-0.0714287355170254,0.0714287355170254,0.05480951845958382,5400,0.0,0.0,0.0,0.0,5400.0,5400.0,1.0,0.0,172800.0,32.0,0.0,5400.0,0.0,0.0,0.0,0.0,0.0,0.0,median,0.943234241293425,0.4396757906751383,0.65,1.323894074422816,-0.2835127367789096,43.0,1.0,1.320493917398932,1.320493917398932,cons__median,cons__median,byzantine,0.25,1,0
consensus,median,20,60,ring_plus,-0.04455727545252162,0.04455727545252162,0.0029972891538117717,6120,0.0,0.0,0.0,0.0,6120.0,6120.0,1.0,0.0,195840.0,32.0,0.0,6120.0,0.0,0.0,0.0,0.0,0.0,0.0,median,0.8919009401641589,0.4431268259618829,0.6,0.40125955099879823,-0.30394279822513753,11.0,1.0,1.55469612182113,1.5546961218211295,cons__median,cons__median,byzantine,0.25,2,0
consensus,median,20,60,ring_plus,-1.2535833440773407,1.2535833440773407,0.12245770103267453,5040,0.0,0.0,0.0,0.0,5040.0,5040.0,1.0,0.0,161280.0,32.0,0.0,5040.0,0.0,0.0,0.0,0.0,0.0,0.0,median,0.9004717147207296,0.48316908486478705,0.6333333333333333,0.5829209659677478,-0.416550258946278,17.0,1.0,1.2627284000071304,1.2627284000071306,cons__median,cons__median,byzantine,0.25,3,0
consensus,median,20,60,ring_plus,-0.2989915605026876,0.2989915605026876,0.014960243563456637,5640,0.0,0.0,0.0,0.0,5640.0,5640.0,1.0,0.0,180480.0,32.0,0.0,5640.0,0.0,0.0,0.0,0.0,0.0,0.0,median,0.9426239778419427,0.4785525521759053,0.65,0.14193665995329913,-0.25211541463444764,20.0,1.0,1.3711704029417888,1.3711704029417888,cons__median,cons__median,byzantine,0.25,4,0
consensus,median,20,60,ring_plus,-0.008126080358715185,0.008126080358715185,0.0005477121468311096,6360,0.0,0.0,0.0,0.0,6360.0,6360.0,1.0,0.0,203520.0,32.0,0.0,6360.0,0.0,0.0,0.0,0.0,0.0,0.0,median,0.9508440128780287,0.17124047332068915,0.5166666666666667,1.6674177222687678,-0.25446147957186754,20.0,1.0,1.6160985120576443,1.616098512057644,cons__median,cons__median,byzantine,0.25,5,0
consensus,median,20,60,ring_plus,-0.26269772628950266,0.26269772628950266,0.0698814392730104,4680,0.0,0.0,0.0,0.0,4680.0,4680.0,1.0,0.0,149760.0,32.0,0.0,4680.0,0.0,0.0,0.0,0.0,0.0,0.0,median,0.9344280799205362,0.532141628704821,0.6333333333333333,0.5604481791925026,-0.34570726703616983,36.0,1.0,0.9450014459069909,0.9450014459069908,cons__median,cons__median,byzantine,0.25,6,0
consensus,median,20,60,ring_plus,-0.10459550378735782,0.10459550378735782,0.17561888758622232,6480,0.0,0.0,0.0,0.0,6480.0,6480.0,1.0,0.0,207360.0,32.0,0.0,6480.0,0.0,0.0,0.0,0.0,0.0,0.0,median,0.8322161127987329,0.6928051617896736,0.6166666666666667,0.7868608324460228,-0.3194751657923836,15.0,1.0,2.218617553571293,2.218617553571293,cons__median,cons__median,byzantine,0.25,7,0
consensus,median,20,60,ring_plus,-0.14740999657294684,0.14740999657294684,0.019718235402976025,4200,0.0,0.0,0.0,0.0,4200.0,4200.0,1.0,0.0,134400.0,32.0,0.0,4200.0,0.0,0.0,0.0,0.0,0.0,0.0,median,0.9458211502631091,0.4048989633494995,0.5666666666666667,0.6902490049403175,-0.22290386458474554,43.0,1.0,0.7964836768628718,0.7964836768628717,cons__median,cons__median,byzantine,0.25,8,0
consensus,median,20,60,ring_plus,-0.5665681662765673,0.5665681662765673,0.04043135980805747,5280,0.0,0.0,0.0,0.0,5280.0,5280.0,1.0,0.0,168960.0,32.0,0.0,5280.0,0.0,0.0,0.0,0.0,0.0,0.0,median,0.9881179064026571,0.039315831161925274,0.6166666666666667,0.9332890470459242,-0.23645764939514402,,0.0,0.9413291035084279,0.9413291035084281,cons__median,cons__median,byzantine,0.25,9,0
consensus,median,20,60,ring_plus,-2.86451409433269,2.86451409433269,0.17135568044420332,5040,0.0,0.0,0.0,0.0,5040.0,5040.0,1.0,0.0,161280.0,32.0,0.0,5040.0,0.0,0.0,0.0,0.0,0.0,0.0,median,0.9833613025399152,0.19046765598853432,0.4666666666666667,2.2504584000157215,-0.1340448195926129,,0.0,1.399646125476325,1.3996461254763248,cons__median,cons__median,byzantine,0.5,0,0
consensus,median,20,60,ring_plus,-3.1443217775977397,3.1443217775977397,0.19141036417030066,5400,0.0,0.0,0.0,0.0,5400.0,5400.0,1.0,0.0,172800.0,32.0,0.0,5400.0,0.0,0.0,0.0,0.0,0.0,0.0,median,0.9353219638779984,0.4866913438248269,0.5,1.8425474174063383,-0.23229785274423095,,0.0,1.320493917398932,1.320493917398932,cons__median,cons__median,byzantine,0.5,1,0
consensus,median,20,60,ring_plus,-1.509590369053794,1.509590369053794,0.1110128774207531,6120,0.0,0.0,0.0,0.0,6120.0,6120.0,1.0,0.0,195840.0,32.0,0.0,6120.0,0.0,0.0,0.0,0.0,0.0,0.0,median,0.9060271413568903,0.3489830344493865,0.55,1.6614421471723044,-0.2795255799984497,19.0,1.0,1.55469612182113,1.5546961218211295,cons__median,cons__median,byzantine,0.5,2,0
consensus,median,20,60,ring_plus,-3.490869726404883,3.490869726404883,0.1763485354913338,5040,0.0,0.0,0.0,0.0,5040.0,5040.0,1.0,0.0,161280.0,32.0,0.0,5040.0,0.0,0.0,0.0,0.0,0.0,0.0,median,0.8382238845390568,0.8428151664057615,0.55,3.7840957395183152,-0.37926215257415224,,0.0,1.2627284000071304,1.2627284000071306,cons__median,cons__median,byzantine,0.5,3,0
consensus,median,20,60,ring_plus,-5.09879455304926,5.09879455304926,0.2553133980657064,5640,0.0,0.0,0.0,0.0,5640.0,5640.0,1.0,0.0,180480.0,32.0,0.0,5640.0,0.0,0.0,0.0,0.0,0.0,0.0,median,0.9480054844915711,0.2789683320118016,0.5666666666666667,2.294013290031042,-0.1721186980920048,33.0,1.0,1.3711704029417888,1.3711704029417888,cons__median,cons__median,byzantine,0.5,4,0
consensus,median,20,60,ring_plus,-2.98899111434961,2.98899111434961,0.3632787006342418,6360,0.0,0.0,0.0,0.0,6360.0,6360.0,1.0,0.0,203520.0,32.0,0.0,6360.0,0.0,0.0,0.0,0.0,0.0,0.0,median,0.8130450707457544,0.7201450812957264,0.6,1.8630886482686118,-0.20478039567201928,,0.0,1.6160985120576443,1.616098512057644,cons__median,cons__median,byzantine,0.5,5,0
consensus,median,20,60,ring_plus,-0.39932171986504045,0.39932171986504045,0.0233952699128199,4680,0.0,0.0,0.0,0.0,4680.0,4680.0,1.0,0.0,149760.0,32.0,0.0,4680.0,0.0,0.0,0.0,0.0,0.0,0.0,median,0.9932767784386151,0.02068775265727263,0.6333333333333333,3.400543707521576,-0.3434302004765776,,0.0,0.9450014459069909,0.9450014459069908,cons__median,cons__median,byzantine,0.5,6,0
consensus,median,20,60,ring_plus,-1.3674903263651146,1.3674903263651146,0.13588225265017673,6480,0.0,0.0,0.0,0.0,6480.0,6480.0,1.0,0.0,207360.0,32.0,0.0,6480.0,0.0,0.0,0.0,0.0,0.0,0.0,median,0.977671486384765,0.21067310726454924,0.5666666666666667,1.7359398142394316,-0.2984269187494211,,0.0,2.218617553571293,2.218617553571293,cons__median,cons__median,byzantine,0.5,7,0
consensus,median,20,60,ring_plus,-1.1667697605026566,1.1667697605026566,0.15393453148932307,4200,0.0,0.0,0.0,0.0,4200.0,4200.0,1.0,0.0,134400.0,32.0,0.0,4200.0,0.0,0.0,0.0,0.0,0.0,0.0,median,0.9281125564520546,0.3327847375581786,0.55,3.1772294521499056,-0.2059145351859171,,0.0,0.7964836768628718,0.7964836768628717,cons__median,cons__median,byzantine,0.5,8,0
consensus,median,20,60,ring_plus,-2.7901120580438254,2.7901120580438254,0.13950856741725906,5280,0.0,0.0,0.0,0.0,5280.0,5280.0,1.0,0.0,168960.0,32.0,0.0,5280.0,0.0,0.0,0.0,0.0,0.0,0.0,median,0.9842153465226925,0.15775346275566204,0.5666666666666667,2.348265066457236,-0.1993985845323564,,0.0,0.9413291035084279,0.9413291035084281,cons__median,cons__median,byzantine,0.5,9,0
consensus,trimmed,20,60,ring_plus,-6.28818414554885e-06,6.28818414554885e-06,0.002857296110050542,5040,0.0,0.0,0.0,0.0,5040.0,5040.0,1.0,0.0,161280.0,32.0,0.0,5040.0,0.0,0.0,0.0,0.0,0.0,0.0,trimmed,0.8039716808919491,0.9834495329401921,1.0,2.0105175505070337e-05,-0.18178661636175533,12.0,1.0,1.399646125476325,1.3996461254763248,cons__trimmed,cons__trimmed,msg_drop,0.0,0,0
consensus,trimmed,20,60,ring_plus,-1.8944704479782337e-05,1.8944704479782337e-05,0.0013177922597973752,5400,0.0,0.0,0.0,0.0,5400.0,5400.0,1.0,0.0,172800.0,32.0,0.0,5400.0,0.0,0.0,0.0,0.0,0.0,0.0,trimmed,0.8077466241390061,0.992096683945328,1.0,6.254360476096896e-05,-0.2847028999591186,15.0,1.0,1.320493917398932,1.320493917398932,cons__trimmed,cons__trimmed,msg_drop,0.0,1,0
consensus,trimmed,20,60,ring_plus,-3.4833629353866156e-08,3.4833629353866156e-08,0.00035887651848144826,6120,0.0,0.0,0.0,0.0,6120.0,6120.0,1.0,0.0,195840.0,32.0,0.0,6120.0,0.0,0.0,0.0,0.0,0.0,0.0,trimmed,0.7282034530484361,0.9989928671538942,1.0,3.513799835983495e-07,-0.30468541890211903,11.0,1.0,1.55469612182113,1.5546961218211295,cons__trimmed,cons__trimmed,msg_drop,0.0,2,0
consensus,trimmed,20,60,ring_plus,-1.833065035825461e-06,1.833065035825461e-06,0.007174937343838228,5040,0.0,0.0,0.0,0.0,5040.0,5040.0,1.0,0.0,161280.0,32.0,0.0,5040.0,0.0,0.0,0.0,0.0,0.0,0.0,trimmed,0.7658056209537516,0.9989998098686504,1.0,1.0884906608192929e-05,-0.4374432841298164,15.0,1.0,1.2627284000071304,1.2627284000071306,cons__trimmed,cons__trimmed,msg_drop,0.0,3,0
consensus,trimmed,20,60,ring_plus,-3.3006243618791413e-07,3.3006243618791413e-07,0.00029502411897459294,5640,0.0,0.0,0.0,0.0,5640.0,5640.0,1.0,0.0,180480.0,32.0,0.0,5640.0,0.0,0.0,0.0,0.0,0.0,0.0,trimmed,0.7626841175107806,0.9769948422407622,1.0,1.192736579937804e-06,-0.2570986018084519,9.0,1.0,1.3711704029417888,1.3711704029417888,cons__trimmed,cons__trimmed,msg_drop,0.0,4,0
consensus,trimmed,20,60,ring_plus,-4.986010407718023e-07,4.986010407718023e-07,0.015035469072286131,6360,0.0,0.0,0.0,0.0,6360.0,6360.0,1.0,0.0,203520.0,32.0,0.0,6360.0,0.0,0.0,0.0,0.0,0.0,0.0,trimmed,0.7658983758636837,0.9931947664918263,1.0,3.022442589800201e-06,-0.25459690593449547,11.0,1.0,1.6160985120576443,1.616098512057644,cons__trimmed,cons__trimmed,msg_drop,0.0,5,0
consensus,trimmed,20,60,ring_plus,-1.5514119972799072e-06,1.5514119972799072e-06,0.051564255816551906,4680,0.0,0.0,0.0,0.0,4680.0,4680.0,1.0,0.0,149760.0,32.0,0.0,4680.0,0.0,0.0,0.0,0.0,0.0,0.0,trimmed,0.780196985857132,0.9958593992075357,1.0,8.287072127737848e-06,-0.35008553661746167,12.0,1.0,0.9450014459069909,0.9450014459069908,cons__trimmed,cons__trimmed,msg_drop,0.0,6,0
consensus,trimmed,20,60,ring_plus,-5.6247169910680225e-08,5.6247169910680225e-08,8.277763670965443e-07,6480,0.0,0.0,0.0,0.0,6480.0,6480.0,1.0,0.0,207360.0,32.0,0.0,6480.0,0.0,0.0,0.0,0.0,0.0,0.0,trimmed,0.7378253692409176,0.9757614470350727,1.0,2.792965367543365e-07,-0.3212184232513867,9.0,1.0,2.218617553571293,2.218617553571293,cons__trimmed,cons__trimmed,msg_drop,0.0,7,0
consensus,trimmed,20,60,ring_plus,-0.0002251020653163997,0.0002251020653163997,0.010978249612222199,4200,0.0,0.0,0.0,0.0,4200.0,4200.0,1.0,0.0,134400.0,32.0,0.0,4200.0,0.0,0.0,0.0,0.0,0.0,0.0,trimmed,0.8547593290810412,0.9856938144900125,1.0,0.0005217862119971232,-0.22535694615987265,16.0,1.0,0.7964836768628718,0.7964836768628717,cons__trimmed,cons__trimmed,msg_drop,0.0,8,0
consensus,trimmed,20,60,ring_plus,-0.0012001212929787172,0.0012001212929787172,0.0006960759565348294,5280,0.0,0.0,0.0,0.0,5280.0,5280.0,1.0,0.0,168960.0,32.0,0.0,5280.0,0.0,0.0,0.0,0.0,0.0,0.0,trimmed,0.8835971298453388,0.9559029033283781,1.0,0.0023077404780692066,-0.24588045014487053,15.0,1.0,0.9413291035084279,0.9413291035084281,cons__trimmed,cons__trimmed,msg_drop,0.0,9,0
consensus,trimmed,20,60,ring_plus,-3.1515486366867134e-06,3.1515486366867134e-06,0.0018830158836462818,5040,0.0,0.10277777777777777,0.0,0.0,5040.0,4522.0,0.8972222222222223,0.10277777777777775,144704.0,32.0,0.0,4522.0,0.0,0.0,518.0,0.0,0.0,0.0,trimmed,0.7974054206427289,0.9870059329786646,1.0,1.1961119673523066e-05,-0.1817866686390138,11.0,1.0,1.399646125476325,1.3458235410014037,cons__trimmed,cons__trimmed,msg_drop,0.1,0,0
consensus,trimmed,20,60,ring_plus,-1.5570922460595768e-05,1.5570922460595768e-05,2.2305809578289807e-06,5400,0.0,0.1037037037037037,0.0,0.0,5400.0,4840.0,0.8962962962962963,0.10370370370370374,154880.0,32.0,0.0,4840.0,0.0,0.0,560.0,0.0,0.0,0.0,trimmed,0.8062928940749218,0.995369113898877,1.0,5.5346931221254704e-05,-0.28470295618881897,15.0,1.0,1.320493917398932,1.2572950674741608,cons__trimmed,cons__trimmed,msg_drop,0.1,1,0
consensus,trimmed,20,60,ring_plus,-1.1967843357904929e-08,1.1967843357904929e-08,0.001770903652006154,6120,0.0,0.10326797385620914,0.0,0.0,6120.0,5488.0,0.8967320261437909,0.10326797385620912,175616.0,32.0,0.0,5488.0,0.0,0.0,632.0,0.0,0.0,0.0,trimmed,0.7157451600855215,0.999068751101247,1.0,1.4998626923381789e-07,-0.3046854192832154,10.0,1.0,1.55469612182113,1.5299830364930147,cons__trimmed,cons__trimmed,msg_drop,0.1,2,0
consensus,trimmed,20,60,ring_plus,-1.9508564460437647e-07,1.9508564460437647e-07,0.009432107423765894,5040,0.0,0.09345238095238095,0.0,0.0,5040.0,4569.0,0.906547619047619,0.09345238095238095,146208.0,32.0,0.0,4569.0,0.0,0.0,471.0,0.0,0.0,0.0,trimmed,0.7387367751158855,0.9984802958167797,1.0,1.3887690241558734e-06,-0.43744331142947296,13.0,1.0,1.2627284000071304,1.2353733719202542,cons__trimmed,cons__trimmed,msg_drop,0.1,3,0
consensus,trimmed,20,60,ring_plus,-2.2575446879819568e-07,2.2575446879819568e-07,7.5206803510746865e-06,5640,0.0,0.1026595744680851,0.0,0.0,5640.0,5061.0,0.8973404255319148,0.10265957446808516,161952.0,32.0,0.0,5061.0,0.0,0.0,579.0,0.0,0.0,0.0,trimmed,0.7578588051344849,0.9751907022030013,1.0,7.439319581958126e-07,-0.257098603546918,8.0,1.0,1.3711704029417888,1.3207138697044611,cons__trimmed,cons__trimmed,msg_drop,0.1,4,0
consensus,trimmed,20,60,ring_plus,-1.5896876078528695e-07,1.5896876078528695e-07,0.012814389927438,6360,0.0,0.09827044025157233,0.0,0.0,6360.0,5735.0,0.9017295597484277,0.09827044025157228,183520.0,32.0,0.0,5735.0,0.0,0.0,625.0,0.0,0.0,0.0,trimmed,0.7509935455178505,0.9950922894455133,1.0,1.2333020145045479e-06,-0.25459691159503345,11.0,1.0,1.6160985120576443,1.583621832579197,cons__trimmed,cons__trimmed,msg_drop,0.1,5,0
consensus,trimmed,20,60,ring_plus,-3.8159145356630464e-06,3.8159145356630464e-06,0.028281913554985876,4680,0.0,0.09658119658119659,0.0,0.0,4680.0,4228.0,0.9034188034188034,0.09658119658119657,135296.0,32.0,0.0,4228.0,0.0,0.0,452.0,0.0,0.0,0.0,trimmed,0.7941297790468044,0.9811237965788695,1.0,1.3209396190945328e-05,-0.35008549887575263,9.0,1.0,0.9450014459069909,0.8957994866615863,cons__trimmed,cons__trimmed,msg_drop,0.1,6,0
consensus,trimmed,20,60,ring_plus,-2.4264224711975317e-10,2.4264224711975317e-10,0.0007716218123715629,6480,0.0,0.10030864197530864,0.0,0.0,6480.0,5830.0,0.8996913580246914,0.10030864197530864,186560.0,32.0,0.0,5830.0,0.0,0.0,650.0,0.0,0.0,0.0,trimmed,0.6544392768296441,0.9825131794705381,1.0,1.3033000304981498e-09,-0.3212184241847955,9.0,1.0,2.218617553571293,2.1395397467772024,cons__trimmed,cons__trimmed,msg_drop,0.1,7,0
consensus,trimmed,20,60,ring_plus,-0.00017663600694569224,0.00017663600694569224,0.009465594900950591,4200,0.0,0.10809523809523809,0.0,0.0,4200.0,3746.0,0.8919047619047619,0.10809523809523813,119872.0,32.0,0.0,3746.0,0.0,0.0,454.0,0.0,0.0,0.0,trimmed,0.8539167449367467,0.9793257605189869,1.0,0.00043509511178873927,-0.22535775392751223,14.0,1.0,0.7964836768628718,0.7332449500908755,cons__trimmed,cons__trimmed,msg_drop,0.1,8,0
consensus,trimmed,20,60,ring_plus,-0.0004507201344437643,0.0004507201344437643,0.0015691931340239354,5280,0.0,0.10340909090909091,0.0,0.0,5280.0,4734.0,0.8965909090909091,0.1034090909090909,151488.0,32.0,0.0,4734.0,0.0,0.0,546.0,0.0,0.0,0.0,trimmed,0.8705240362666186,0.9583060933742278,1.0,0.0009524612970109292,-0.2458929401641794,13.0,1.0,0.9413291035084279,0.9246306127261071,cons__trimmed,cons__trimmed,msg_drop,0.1,9,0
consensus,trimmed,20,60,ring_plus,-3.298968788645065e-07,3.298968788645065e-07,0.002270493597154959,5040,0.0,0.29543650793650794,0.0,0.0,5040.0,3551.0,0.7045634920634921,0.2954365079365079,113632.0,32.0,0.0,3551.0,0.0,0.0,1489.0,0.0,0.0,0.0,trimmed,0.763803526313445,0.9939936919578902,1.0,1.6136662901855364e-06,-0.18178671566654317,10.0,1.0,1.399646125476325,0.9593085927552825,cons__trimmed,cons__trimmed,msg_drop,0.3,0,0
consensus,trimmed,20,60,ring_plus,-5.703627375167612e-07,5.703627375167612e-07,8.110358643572744e-05,5400,0.0,0.3042592592592593,0.0,0.0,5400.0,3757.0,0.6957407407407408,0.30425925925925923,120224.0,32.0,0.0,3757.0,0.0,0.0,1643.0,0.0,0.0,0.0,trimmed,0.7612465864724768,0.9936262388396961,1.0,2.7829499505310793e-06,-0.28470320619814765,12.0,1.0,1.320493917398932,0.8757031879896017,cons__trimmed,cons__trimmed,msg_drop,0.3,1,0
consensus,trimmed,20,60,ring_plus,-2.298269649291249e-09,2.298269649291249e-09,0.001391431052781685,6120,0.0,0.30637254901960786,0.0,0.0,6120.0,4245.0,0.6936274509803921,0.30637254901960786,135840.0,32.0,0.0,4245.0,0.0,0.0,1875.0,0.0,0.0,0.0,trimmed,0.695887980176975,0.9987504641281408,1.0,3.2544796402717374e-08,-0.3046854194443751,9.0,1.0,1.55469612182113,1.2029979528235235,cons__trimmed,cons__trimmed,msg_drop,0.3,2,0
consensus,trimmed,20,60,ring_plus,-1.2481826773500894e-07,1.2481826773500894e-07,0.021704853956384117,5040,0.0,0.2871031746031746,0.0,0.0,5040.0,3593.0,0.7128968253968254,0.2871031746031746,114976.0,32.0,0.0,3593.0,0.0,0.0,1447.0,0.0,0.0,0.0,trimmed,0.7335100044436841,0.9985478398283676,1.0,7.900398691576156e-07,-0.4374433126005959,12.0,1.0,1.2627284000071304,0.9577050629098172,cons__trimmed,cons__trimmed,msg_drop,0.3,3,0
consensus,trimmed,20,60,ring_plus,-8.836551797172866e-08,8.836551797172866e-08,0.0036743970560289994,5640,0.0,0.299822695035461,0.0,0.0,5640.0,3949.0,0.700177304964539,0.299822695035461,126368.0,32.0,0.0,3949.0,0.0,0.0,1691.0,0.0,0.0,0.0,trimmed,0.7494642728477225,0.9904022203937325,1.0,4.489734784133559e-07,-0.2570986058367338,8.0,1.0,1.3711704029417888,1.0148743174324646,cons__trimmed,cons__trimmed,msg_drop,0.3,4,0
consensus,trimmed,20,60,ring_plus,-2.1219222083537828e-08,2.1219222083537828e-08,0.007554657284802357,6360,0.0,0.3007861635220126,0.0,0.0,6360.0,4447.0,0.6992138364779874,0.3007861635220126,142304.0,32.0,0.0,4447.0,0.0,0.0,1913.0,0.0,0.0,0.0,trimmed,0.719093998092765,0.9901806083156248,1.0,1.8161453612721155e-07,-0.25459691389085914,12.0,1.0,1.6160985120576443,1.2695270368522074,cons__trimmed,cons__trimmed,msg_drop,0.3,5,0
consensus,trimmed,20,60,ring_plus,-1.4089495214322696e-06,1.4089495214322696e-06,0.004996925559750524,4680,0.0,0.29423076923076924,0.0,0.0,4680.0,3303.0,0.7057692307692308,0.2942307692307692,105696.0,32.0,0.0,3303.0,0.0,0.0,1377.0,0.0,0.0,0.0,trimmed,0.7775382796145283,0.9924974004988999,1.0,7.224297212245742e-06,-0.3500855389918362,11.0,1.0,0.9450014459069909,0.6385712146617054,cons__trimmed,cons__trimmed,msg_drop,0.3,6,0
consensus,trimmed,20,60,ring_plus,-2.593178816698363e-10,2.593178816698363e-10,5.215938331602659e-05,6480,0.0,0.2983024691358025,0.0,0.0,6480.0,4547.0,0.7016975308641975,0.2983024691358025,145504.0,32.0,0.0,4547.0,0.0,0.0,1933.0,0.0,0.0,0.0,trimmed,0.6638037058655063,0.9882228628074837,1.0,2.1652323820182217e-09,-0.3212184241845176,8.0,1.0,2.218617553571293,1.6531050140173542,cons__trimmed,cons__trimmed,msg_drop,0.3,7,0
consensus,trimmed,20,60,ring_plus,-0.00011411889311991687,0.00011411889311991687,0.005150491521039717,4200,0.0,0.31642857142857145,0.0,0.0,4200.0,2871.0,0.6835714285714286,0.3164285714285714,91872.0,32.0,0.0,2871.0,0.0,0.0,1329.0,0.0,0.0,0.0,trimmed,0.8420509737881601,0.9831561090075427,1.0,0.00030834205128303015,-0.22535879587940927,15.0,1.0,0.7964836768628718,0.4991524113307339,cons__trimmed,cons__trimmed,msg_drop,0.3,8,0
consensus,trimmed,20,60,ring_plus,-5.434373877038319e-05,5.434373877038319e-05,0.0018116161354506243,5280,0.0,0.29848484848484846,0.0,0.0,5280.0,3704.0,0.7015151515151515,0.29848484848484846,118528.0,32.0,0.0,3704.0,0.0,0.0,1576.0,0.0,0.0,0.0,trimmed,0.8380031393455604,0.9726756566744283,1.0,0.0001489214275368464,-0.2458995464374407,11.0,1.0,0.9413291035084279,0.7112043835761201,cons__trimmed,cons__trimmed,msg_drop,0.3,9,0
consensus,trimmed,20,60,ring_plus,-2.018820557981826e-08,2.018820557981826e-08,0.005046004186718656,5040,0.0,0.49484126984126986,0.0,0.0,5040.0,2546.0,0.5051587301587301,0.49484126984126986,81472.0,32.0,0.0,2546.0,0.0,0.0,2494.0,0.0,0.0,0.0,trimmed,0.7204791623628898,0.9959224275061889,1.0,1.6147452151896773e-07,-0.18178672082835431,11.0,1.0,1.399646125476325,0.46572623705989064,cons__trimmed,cons__trimmed,msg_drop,0.5,0,0
consensus,trimmed,20,60,ring_plus,-3.8689322993317435e-07,3.8689322993317435e-07,0.000291617327351205,5400,0.0,0.5125925925925926,0.0,0.0,5400.0,2632.0,0.4874074074074074,0.5125925925925926,84224.0,32.0,0.0,2632.0,0.0,0.0,2768.0,0.0,0.0,0.0,trimmed,0.757485061329097,0.9828092226646116,1.0,1.7742504435511815e-06,-0.2847032092559728,10.0,1.0,1.320493917398932,0.4429876743775902,cons__trimmed,cons__trimmed,msg_drop,0.5,1,0
consensus,trimmed,20,60,ring_plus,-4.967854780246469e-09,4.967854780246469e-09,0.0029309854654296173,6120,0.0,0.4980392156862745,0.0,0.0,6120.0,3072.0,0.5019607843137255,0.4980392156862745,98304.0,32.0,0.0,3072.0,0.0,0.0,3048.0,0.0,0.0,0.0,trimmed,0.7012164774045563,0.9982109086505163,1.0,4.546954048438291e-08,-0.3046854193998819,10.0,1.0,1.55469612182113,0.6509571682410304,cons__trimmed,cons__trimmed,msg_drop,0.5,2,0
consensus,trimmed,20,60,ring_plus,-4.105837631525425e-07,4.105837631525425e-07,0.01334133794292083,5040,0.0,0.49126984126984125,0.0,0.0,5040.0,2564.0,0.5087301587301587,0.4912698412698413,82048.0,32.0,0.0,2564.0,0.0,0.0,2476.0,0.0,0.0,0.0,trimmed,0.7461155989153369,0.9980937341043631,1.0,2.597419937572191e-06,-0.43744330783783764,13.0,1.0,1.2627284000071304,0.4408661274809896,cons__trimmed,cons__trimmed,msg_drop,0.5,3,0
consensus,trimmed,20,60,ring_plus,-9.27549763122248e-08,9.27549763122248e-08,0.0062241791411929755,5640,0.0,0.4929078014184397,0.0,0.0,5640.0,2860.0,0.5070921985815603,0.4929078014184397,91520.0,32.0,0.0,2860.0,0.0,0.0,2780.0,0.0,0.0,0.0,trimmed,0.7413841435244498,0.9943571631467855,1.0,4.886208739126606e-07,-0.2570986057635761,11.0,1.0,1.3711704029417888,0.5340062463253034,cons__trimmed,cons__trimmed,msg_drop,0.5,4,0
consensus,trimmed,20,60,ring_plus,-3.5831972940109094e-08,3.5831972940109094e-08,0.020580081766815556,6360,0.0,0.4982704402515723,0.0,0.0,6360.0,3191.0,0.5017295597484277,0.4982704402515723,102112.0,32.0,0.0,3191.0,0.0,0.0,3169.0,0.0,0.0,0.0,trimmed,0.7197616730335982,0.9976078024328869,1.0,2.582978574244104e-07,-0.25459691364731335,13.0,1.0,1.6160985120576443,0.6971942483963592,cons__trimmed,cons__trimmed,msg_drop,0.5,5,0
consensus,trimmed,20,60,ring_plus,-2.8527761209211593e-05,2.8527761209211593e-05,0.007663302203799927,4680,0.0,0.49572649572649574,0.0,0.0,4680.0,2360.0,0.5042735042735043,0.49572649572649574,75520.0,32.0,0.0,2360.0,0.0,0.0,2320.0,0.0,0.0,0.0,trimmed,0.8244637992168803,0.9822606704027071,0.9833333333333333,0.00017066726333200876,-0.3500850870116414,14.0,1.0,0.9450014459069909,0.27277121403268756,cons__trimmed,cons__trimmed,msg_drop,0.5,6,0
consensus,trimmed,20,60,ring_plus,-2.2337700612153116e-09,2.2337700612153116e-09,5.879436463089313e-05,6480,0.0,0.49382716049382713,0.0,0.0,6480.0,3280.0,0.5061728395061729,0.49382716049382713,104960.0,32.0,0.0,3280.0,0.0,0.0,3200.0,0.0,0.0,0.0,trimmed,0.6925265584111431,0.9930076811364317,1.0,2.1595462185996177e-08,-0.32121842415161006,9.0,1.0,2.218617553571293,0.9086323039632471,cons__trimmed,cons__trimmed,msg_drop,0.5,7,0
consensus,trimmed,20,60,ring_plus,-2.1088002783445473e-05,2.1088002783445473e-05,0.009387722457587962,4200,0.0,0.5102380952380953,0.0,0.0,4200.0,2057.0,0.4897619047619048,0.5102380952380952,65824.0,32.0,0.0,2057.0,0.0,0.0,2143.0,0.0,0.0,0.0,trimmed,0.813013541591068,0.9957845639051989,1.0,6.747136294243306e-05,-0.22536034639424823,16.0,1.0,0.7964836768628718,0.16321375206624472,cons__trimmed,cons__trimmed,msg_drop,0.5,8,0
consensus,trimmed,20,60,ring_plus,-0.0001238039357576556,0.0001238039357576556,0.0006490690680889513,5280,0.0,0.5085227272727273,0.0,0.0,5280.0,2595.0,0.4914772727272727,0.5085227272727273,83040.0,32.0,0.0,2595.0,0.0,0.0,2685.0,0.0,0.0,0.0,trimmed,0.842035461455362,0.9801079068805102,0.9833333333333333,0.0002657997184634193,-0.24589838876749087,13.0,1.0,0.9413291035084279,0.3273502839712116,cons__trimmed,cons__trimmed,msg_drop,0.5,9,0
consensus,trimmed,20,60,ring_plus,-6.454288598975792e-06,6.454288598975792e-06,0.00044504749261425934,5040,0.0,0.7055555555555556,0.0,0.0,5040.0,1484.0,0.29444444444444445,0.7055555555555555,47488.0,32.0,0.0,1484.0,0.0,0.0,3556.0,0.0,0.0,0.0,trimmed,0.800219220091299,0.9921960084274412,0.9833333333333333,4.0812720044454326e-05,-0.18178661359334783,17.0,1.0,1.399646125476325,0.046566637152139295,cons__trimmed,cons__trimmed,msg_drop,0.7,0,0
consensus,trimmed,20,60,ring_plus,-5.0770899157256304e-05,5.0770899157256304e-05,0.0013191455850420915,5400,0.0,0.7096296296296296,0.0,0.0,5400.0,1568.0,0.2903703703703704,0.7096296296296296,50176.0,32.0,0.0,1568.0,0.0,0.0,3832.0,0.0,0.0,0.0,trimmed,0.8242298310405531,0.9850050131367026,0.9833333333333333,0.0001615259997656971,-0.2847023695225407,14.0,1.0,1.320493917398932,0.06452021598943526,cons__trimmed,cons__trimmed,msg_drop,0.7,1,0
consensus,trimmed,20,60,ring_plus,-1.4755019981969552e-07,1.4755019981969552e-07,0.00017237601790691496,6120,0.0,0.6962418300653594,0.0,0.0,6120.0,1859.0,0.3037581699346405,0.6962418300653594,59488.0,32.0,0.0,1859.0,0.0,0.0,4261.0,0.0,0.0,0.0,trimmed,0.752550254023955,0.9917911323225792,0.9833333333333333,1.0256096704730235e-06,-0.30468541702350965,9.0,1.0,1.55469612182113,0.14922604732916292,cons__trimmed,cons__trimmed,msg_drop,0.7,2,0
consensus,trimmed,20,60,ring_plus,-3.479662038920446e-05,3.479662038920446e-05,0.0022325517688191036,5040,0.0,0.694047619047619,0.0,0.0,5040.0,1542.0,0.305952380952381,0.694047619047619,49344.0,32.0,0.0,1542.0,0.0,0.0,3498.0,0.0,0.0,0.0,trimmed,0.7955371919202789,0.9942989390965169,0.9833333333333333,8.587238207508454e-05,-0.43744273473722717,18.0,1.0,1.2627284000071304,0.041855558823667136,cons__trimmed,cons__trimmed,msg_drop,0.7,3,0
consensus,trimmed,20,60,ring_plus,-1.5239641662879395e-06,1.5239641662879395e-06,0.0007397019810530451,5640,0.0,0.6948581560283688,0.0,0.0,5640.0,1721.0,0.3051418439716312,0.6948581560283689,55072.0,32.0,0.0,1721.0,0.0,0.0,3919.0,0.0,0.0,0.0,trimmed,0.7775326829847689,0.9955006224777012,1.0,8.453584888857592e-06,-0.25709858191008966,12.0,1.0,1.3711704029417888,0.09066820728530764,cons__trimmed,cons__trimmed,msg_drop,0.7,4,0
consensus,trimmed,20,60,ring_plus,-1.0649607591571213e-06,1.0649607591571213e-06,0.005683229553280853,6360,0.0,0.7067610062893082,0.0,0.0,6360.0,1865.0,0.29323899371069184,0.7067610062893082,59680.0,32.0,0.0,1865.0,0.0,0.0,4495.0,0.0,0.0,0.0,trimmed,0.7602458563992249,0.9939223826677602,1.0,4.228801018733128e-06,-0.2545968964951668,15.0,1.0,1.6160985120576443,0.09930048061124386,cons__trimmed,cons__trimmed,msg_drop,0.7,5,0
consensus,trimmed,20,60,ring_plus,-0.00026216832894079026,0.00026216832894079026,0.0018046518652521323,4680,0.0,0.701068376068376,0.0,0.0,4680.0,1399.0,0.2989316239316239,0.701068376068376,44768.0,32.0,0.0,1399.0,0.0,0.0,3281.0,0.0,0.0,0.0,trimmed,0.8535176233074203,0.9773042383238268,0.95,0.0011405441941740927,-0.35008119300217916,16.0,1.0,0.9450014459069909,0.022828728296464252,cons__trimmed,cons__trimmed,msg_drop,0.7,6,0
consensus,trimmed,20,60,ring_plus,-4.464828970352347e-08,4.464828970352347e-08,0.006654524419171875,6480,0.0,0.691358024691358,0.0,0.0,6480.0,2000.0,0.30864197530864196,0.691358024691358,64000.0,32.0,0.0,2000.0,0.0,0.0,4480.0,0.0,0.0,0.0,trimmed,0.7346610275507839,0.9887270411155792,0.9833333333333333,2.3047513243743506e-07,-0.3212184234447014,9.0,1.0,2.218617553571293,0.1984154580251666,cons__trimmed,cons__trimmed,msg_drop,0.7,7,0
consensus,trimmed,20,60,ring_plus,-0.0009677437386531858,0.0009677437386531858,0.00017665732355883656,4200,0.0,0.7014285714285714,0.0,0.0,4200.0,1254.0,0.2985714285714286,0.7014285714285714,40128.0,32.0,0.0,1254.0,0.0,0.0,2946.0,0.0,0.0,0.0,trimmed,0.8604194838471196,0.9940256300087509,0.9833333333333333,0.0019140936834441656,-0.22534456879865042,25.0,1.0,0.7964836768628718,0.00760520127541535,cons__trimmed,cons__trimmed,msg_drop,0.7,8,0
consensus,trimmed,20,60,ring_plus,-0.004913283096662043,0.004913283096662043,0.023611026925608777,5280,0.0,0.709280303030303,0.0,0.0,5280.0,1535.0,0.29071969696969696,0.709280303030303,49120.0,32.0,0.0,1535.0,0.0,0.0,3745.0,0.0,0.0,0.0,trimmed,0.890992774583128,0.9727627047327398,0.9833333333333333,0.007978600521783981,-0.24581856411480907,27.0,1.0,0.9413291035084279,0.02235317116297634,cons__trimmed,cons__trimmed,msg_drop,0.7,9,0
consensus,trimmed,20,60,ring_plus,-10.907203269889466,10.907203269889466,0.5453601634944734,5040,0.0,1.0,0.0,0.0,5040.0,0.0,0.0,1.0,0.0,0.0,0.0,0.0,0.0,0.0,5040.0,0.0,0.0,0.0,trimmed,1.0,0.0,1.0,10.907203269889466,0.0,,0.0,1.399646125476325,0.0,cons__trimmed,cons__trimmed,msg_drop,1.0,0,0
consensus,trimmed,20,60,ring_plus,-17.0821929422516,17.0821929422516,0.85410964711258,5400,0.0,1.0,0.0,0.0,5400.0,0.0,0.0,1.0,0.0,0.0,0.0,0.0,0.0,0.0,5400.0,0.0,0.0,0.0,trimmed,1.0,0.0,1.0,17.0821929422516,0.0,,0.0,1.320493917398932,0.0,cons__trimmed,cons__trimmed,msg_drop,1.0,1,0
consensus,trimmed,20,60,ring_plus,-18.281125168960774,18.281125168960774,0.9140562584480387,6120,0.0,1.0,0.0,0.0,6120.0,0.0,0.0,1.0,0.0,0.0,0.0,0.0,0.0,0.0,6120.0,0.0,0.0,0.0,trimmed,1.0,0.0,1.0,18.281125168960777,0.0,,0.0,1.55469612182113,0.0,cons__trimmed,cons__trimmed,msg_drop,1.0,2,0
consensus,trimmed,20,60,ring_plus,-26.24659888085402,26.24659888085402,1.312329944042701,5040,0.0,1.0,0.0,0.0,5040.0,0.0,0.0,1.0,0.0,0.0,0.0,0.0,0.0,0.0,5040.0,0.0,0.0,0.0,trimmed,1.0,0.0,1.0,26.246598880854023,0.0,,0.0,1.2627284000071304,0.0,cons__trimmed,cons__trimmed,msg_drop,1.0,3,0
consensus,trimmed,20,60,ring_plus,-15.425916438569548,15.425916438569548,0.7712958219284773,5640,0.0,1.0,0.0,0.0,5640.0,0.0,0.0,1.0,0.0,0.0,0.0,0.0,0.0,0.0,5640.0,0.0,0.0,0.0,trimmed,1.0,0.0,1.0,15.425916438569546,0.0,,0.0,1.3711704029417888,0.0,cons__trimmed,cons__trimmed,msg_drop,1.0,4,0
consensus,trimmed,20,60,ring_plus,-15.27581485467077,15.27581485467077,0.7637907427335385,6360,0.0,1.0,0.0,0.0,6360.0,0.0,0.0,1.0,0.0,0.0,0.0,0.0,0.0,0.0,6360.0,0.0,0.0,0.0,trimmed,1.0,0.0,1.0,15.275814854670775,0.0,,0.0,1.6160985120576443,0.0,cons__trimmed,cons__trimmed,msg_drop,1.0,5,0
consensus,trimmed,20,60,ring_plus,-21.005133748459695,21.005133748459695,1.0502566874229848,4680,0.0,1.0,0.0,0.0,4680.0,0.0,0.0,1.0,0.0,0.0,0.0,0.0,0.0,0.0,4680.0,0.0,0.0,0.0,trimmed,1.0,0.0,1.0,21.00513374845969,0.0,,0.0,0.9450014459069909,0.0,cons__trimmed,cons__trimmed,msg_drop,1.0,6,0
consensus,trimmed,20,60,ring_plus,-19.273105451330373,19.273105451330373,0.9636552725665186,6480,0.0,1.0,0.0,0.0,6480.0,0.0,0.0,1.0,0.0,0.0,0.0,0.0,0.0,0.0,6480.0,0.0,0.0,0.0,trimmed,1.0,0.0,1.0,19.27310545133037,0.0,,0.0,2.218617553571293,0.0,cons__trimmed,cons__trimmed,msg_drop,1.0,7,0
consensus,trimmed,20,60,ring_plus,-13.521641871657677,13.521641871657677,0.6760820935828838,4200,0.0,1.0,0.0,0.0,4200.0,0.0,0.0,1.0,0.0,0.0,0.0,0.0,0.0,0.0,4200.0,0.0,0.0,0.0,trimmed,1.0,0.0,1.0,13.521641871657673,0.0,,0.0,0.7964836768628718,0.0,cons__trimmed,cons__trimmed,msg_drop,1.0,8,0
consensus,trimmed,20,60,ring_plus,-14.754027129985209,14.754027129985209,0.7377013564992605,5280,0.0,1.0,0.0,0.0,5280.0,0.0,0.0,1.0,0.0,0.0,0.0,0.0,0.0,0.0,5280.0,0.0,0.0,0.0,trimmed,1.0,0.0,1.0,14.75402712998521,0.0,,0.0,0.9413291035084279,0.0,cons__trimmed,cons__trimmed,msg_drop,1.0,9,0
consensus,trimmed,20,60,ring_plus,-6.28818414554885e-06,6.28818414554885e-06,0.002857296110050542,5040,0.0,0.0,0.0,0.0,5040.0,5040.0,1.0,0.0,161280.0,32.0,0.0,5040.0,0.0,0.0,0.0,0.0,0.0,0.0,trimmed,0.8039716808919491,0.9834495329401921,1.0,2.0105175505070337e-05,-0.18178661636175533,12.0,1.0,1.399646125476325,1.3996461254763248,cons__trimmed,cons__trimmed,latency,0.0,0,0
consensus,trimmed,20,60,ring_plus,-1.8944704479782337e-05,1.8944704479782337e-05,0.0013177922597973752,5400,0.0,0.0,0.0,0.0,5400.0,5400.0,1.0,0.0,172800.0,32.0,0.0,5400.0,0.0,0.0,0.0,0.0,0.0,0.0,trimmed,0.8077466241390061,0.992096683945328,1.0,6.254360476096896e-05,-0.2847028999591186,15.0,1.0,1.320493917398932,1.320493917398932,cons__trimmed,cons__trimmed,latency,0.0,1,0
consensus,trimmed,20,60,ring_plus,-3.4833629353866156e-08,3.4833629353866156e-08,0.00035887651848144826,6120,0.0,0.0,0.0,0.0,6120.0,6120.0,1.0,0.0,195840.0,32.0,0.0,6120.0,0.0,0.0,0.0,0.0,0.0,0.0,trimmed,0.7282034530484361,0.9989928671538942,1.0,3.513799835983495e-07,-0.30468541890211903,11.0,1.0,1.55469612182113,1.5546961218211295,cons__trimmed,cons__trimmed,latency,0.0,2,0
consensus,trimmed,20,60,ring_plus,-1.833065035825461e-06,1.833065035825461e-06,0.007174937343838228,5040,0.0,0.0,0.0,0.0,5040.0,5040.0,1.0,0.0,161280.0,32.0,0.0,5040.0,0.0,0.0,0.0,0.0,0.0,0.0,trimmed,0.7658056209537516,0.9989998098686504,1.0,1.0884906608192929e-05,-0.4374432841298164,15.0,1.0,1.2627284000071304,1.2627284000071306,cons__trimmed,cons__trimmed,latency,0.0,3,0
consensus,trimmed,20,60,ring_plus,-3.3006243618791413e-07,3.3006243618791413e-07,0.00029502411897459294,5640,0.0,0.0,0.0,0.0,5640.0,5640.0,1.0,0.0,180480.0,32.0,0.0,5640.0,0.0,0.0,0.0,0.0,0.0,0.0,trimmed,0.7626841175107806,0.9769948422407622,1.0,1.192736579937804e-06,-0.2570986018084519,9.0,1.0,1.3711704029417888,1.3711704029417888,cons__trimmed,cons__trimmed,latency,0.0,4,0
consensus,trimmed,20,60,ring_plus,-4.986010407718023e-07,4.986010407718023e-07,0.015035469072286131,6360,0.0,0.0,0.0,0.0,6360.0,6360.0,1.0,0.0,203520.0,32.0,0.0,6360.0,0.0,0.0,0.0,0.0,0.0,0.0,trimmed,0.7658983758636837,0.9931947664918263,1.0,3.022442589800201e-06,-0.25459690593449547,11.0,1.0,1.6160985120576443,1.616098512057644,cons__trimmed,cons__trimmed,latency,0.0,5,0
consensus,trimmed,20,60,ring_plus,-1.5514119972799072e-06,1.5514119972799072e-06,0.051564255816551906,4680,0.0,0.0,0.0,0.0,4680.0,4680.0,1.0,0.0,149760.0,32.0,0.0,4680.0,0.0,0.0,0.0,0.0,0.0,0.0,trimmed,0.780196985857132,0.9958593992075357,1.0,8.287072127737848e-06,-0.35008553661746167,12.0,1.0,0.9450014459069909,0.9450014459069908,cons__trimmed,cons__trimmed,latency,0.0,6,0
consensus,trimmed,20,60,ring_plus,-5.6247169910680225e-08,5.6247169910680225e-08,8.277763670965443e-07,6480,0.0,0.0,0.0,0.0,6480.0,6480.0,1.0,0.0,207360.0,32.0,0.0,6480.0,0.0,0.0,0.0,0.0,0.0,0.0,trimmed,0.7378253692409176,0.9757614470350727,1.0,2.792965367543365e-07,-0.3212184232513867,9.0,1.0,2.218617553571293,2.218617553571293,cons__trimmed,cons__trimmed,latency,0.0,7,0
consensus,trimmed,20,60,ring_plus,-0.0002251020653163997,0.0002251020653163997,0.010978249612222199,4200,0.0,0.0,0.0,0.0,4200.0,4200.0,1.0,0.0,134400.0,32.0,0.0,4200.0,0.0,0.0,0.0,0.0,0.0,0.0,trimmed,0.8547593290810412,0.9856938144900125,1.0,0.0005217862119971232,-0.22535694615987265,16.0,1.0,0.7964836768628718,0.7964836768628717,cons__trimmed,cons__trimmed,latency,0.0,8,0
consensus,trimmed,20,60,ring_plus,-0.0012001212929787172,0.0012001212929787172,0.0006960759565348294,5280,0.0,0.0,0.0,0.0,5280.0,5280.0,1.0,0.0,168960.0,32.0,0.0,5280.0,0.0,0.0,0.0,0.0,0.0,0.0,trimmed,0.8835971298453388,0.9559029033283781,1.0,0.0023077404780692066,-0.24588045014487053,15.0,1.0,0.9413291035084279,0.9413291035084281,cons__trimmed,cons__trimmed,latency,0.0,9,0
consensus,trimmed,20,60,ring_plus,-6.845856109318862e-05,6.845856109318862e-05,0.0032610837866153737,5040,0.0,0.0,1.0,1.0,5040.0,4956.0,0.9833333333333333,0.01666666666666672,158592.0,32.0,0.0,4956.0,0.0,0.0,0.0,0.0,0.0,0.0,trimmed,0.8298235080293059,0.9780256515617886,1.0,0.0001642501582900435,-0.18178558018880622,16.0,1.0,1.399646125476325,1.3763186900517193,cons__trimmed,cons__trimmed,latency,1.0,0,0
consensus,trimmed,20,60,ring_plus,-0.0002653720910535882,0.0002653720910535882,0.0016025143278198043,5400,0.0,0.0,1.0,1.0,5400.0,5310.0,0.9833333333333333,0.01666666666666672,169920.0,32.0,0.0,5310.0,0.0,0.0,0.0,0.0,0.0,0.0,trimmed,0.8393388247257139,0.9893147569935036,1.0,0.0006547341265784002,-0.2846987928360091,20.0,1.0,1.320493917398932,1.2984856854422833,cons__trimmed,cons__trimmed,latency,1.0,1,0
consensus,trimmed,20,60,ring_plus,-1.920587569128003e-06,1.920587569128003e-06,0.0004196071385208219,6120,0.0,0.0,1.0,1.0,6120.0,6018.0,0.9833333333333333,0.01666666666666672,192576.0,32.0,0.0,6018.0,0.0,0.0,0.0,0.0,0.0,0.0,trimmed,0.7751527908283279,0.9977334594949124,1.0,1.1395863699169037e-05,-0.3046853874728868,15.0,1.0,1.55469612182113,1.528784519790777,cons__trimmed,cons__trimmed,latency,1.0,2,0
consensus,trimmed,20,60,ring_plus,-5.536585961427901e-05,5.536585961427901e-05,0.006484504603203446,5040,0.0,0.0,1.0,1.0,5040.0,4956.0,0.9833333333333333,0.01666666666666672,158592.0,32.0,0.0,4956.0,0.0,0.0,0.0,0.0,0.0,0.0,trimmed,0.8067731737962905,0.9986023555407382,1.0,0.0002082281100104954,-0.4374423919165734,20.0,1.0,1.2627284000071304,1.2416829266736784,cons__trimmed,cons__trimmed,latency,1.0,3,0
consensus,trimmed,20,60,ring_plus,-7.567763987757518e-06,7.567763987757518e-06,0.00012753573342526759,5640,0.0,0.0,1.0,1.0,5640.0,5546.0,0.9833333333333333,0.01666666666666672,177472.0,32.0,0.0,5546.0,0.0,0.0,0.0,0.0,0.0,0.0,trimmed,0.7966797050766397,0.9746824893585588,1.0,1.981166547432629e-05,-0.25709848118009265,12.0,1.0,1.3711704029417888,1.348317562892759,cons__trimmed,cons__trimmed,latency,1.0,4,0
consensus,trimmed,20,60,ring_plus,-1.4710072171008461e-05,1.4710072171008461e-05,0.01557181369049199,6360,0.0,0.0,1.0,1.0,6360.0,6254.0,0.9833333333333333,0.01666666666666672,200128.0,32.0,0.0,6254.0,0.0,0.0,0.0,0.0,0.0,0.0,trimmed,0.8047073573296567,0.9867322172282325,1.0,5.6053503998362284e-05,-0.2545966690766433,14.0,1.0,1.6160985120576443,1.5891635368566834,cons__trimmed,cons__trimmed,latency,1.0,5,0
consensus,trimmed,20,60,ring_plus,-3.069494678039669e-05,3.069494678039669e-05,0.048369487545011365,4680,0.0,0.0,1.0,1.0,4680.0,4602.0,0.9833333333333333,0.01666666666666672,147264.0,32.0,0.0,4602.0,0.0,0.0,0.0,0.0,0.0,0.0,trimmed,0.8160034974489058,0.991648444279482,1.0,0.00011774925273820001,-0.35008505089188185,15.0,1.0,0.9450014459069909,0.9292514218085409,cons__trimmed,cons__trimmed,latency,1.0,6,0
consensus,trimmed,20,60,ring_plus,-1.9251287439024337e-06,1.9251287439024337e-06,2.7084277863271763e-05,6480,0.0,0.0,1.0,1.0,6480.0,6372.0,0.9833333333333333,0.01666666666666672,203904.0,32.0,0.0,6372.0,0.0,0.0,0.0,0.0,0.0,0.0,trimmed,0.7756322182022265,0.9685065189558741,1.0,6.447332578248666e-06,-0.3212183921033604,11.0,1.0,2.218617553571293,2.1816405943451045,cons__trimmed,cons__trimmed,latency,1.0,7,0
consensus,trimmed,20,60,ring_plus,-0.0017467501481455137,0.0017467501481455137,0.011905041984993562,4200,0.0,0.0,1.0,1.0,4200.0,4130.0,0.9833333333333333,0.01666666666666672,132160.0,32.0,0.0,4130.0,0.0,0.0,0.0,0.0,0.0,0.0,trimmed,0.8805947358196803,0.972699194607883,1.0,0.0034263236216904927,-0.22533158535849213,22.0,1.0,0.7964836768628718,0.7832089489151571,cons__trimmed,cons__trimmed,latency,1.0,8,0
consensus,trimmed,20,60,ring_plus,-0.005575725395820098,0.005575725395820098,0.0003081084003776112,5280,0.0,0.0,1.0,1.0,5280.0,5192.0,0.9833333333333333,0.01666666666666672,166144.0,32.0,0.0,5192.0,0.0,0.0,0.0,0.0,0.0,0.0,trimmed,0.9000755056718219,0.9236907129146039,1.0,0.008953406978141726,-0.24580752340982318,20.0,1.0,0.9413291035084279,0.925640285116621,cons__trimmed,cons__trimmed,latency,1.0,9,0
consensus,trimmed,20,60,ring_plus,-0.00032979042312390765,0.00032979042312390765,0.0026173183092428882,5040,0.0,0.0,2.0,2.0,5040.0,4872.0,0.9666666666666667,0.033333333333333326,155904.0,32.0,0.0,4872.0,0.0,0.0,0.0,0.0,0.0,0.0,trimmed,0.8474096193540218,0.9736077264432674,1.0,0.000672381204882139,-0.18178122465777238,19.0,1.0,1.399646125476325,1.352991254627114,cons__trimmed,cons__trimmed,latency,2.0,0,0
consensus,trimmed,20,60,ring_plus,-0.0014940798042897608,0.0014940798042897608,0.001801626097896519,5400,0.0,0.0,2.0,2.0,5400.0,5220.0,0.9666666666666667,0.033333333333333326,167040.0,32.0,0.0,5220.0,0.0,0.0,0.0,0.0,0.0,0.0,trimmed,0.860665480333906,0.9871220525818375,1.0,0.003105973169336144,-0.28467831437412183,24.0,1.0,1.320493917398932,1.2764774534856342,cons__trimmed,cons__trimmed,latency,2.0,1,0
consensus,trimmed,20,60,ring_plus,-3.078431421618267e-05,3.078431421618267e-05,0.00017498110635323793,6120,0.0,0.0,2.0,2.0,6120.0,5916.0,0.9666666666666667,0.033333333333333326,189312.0,32.0,0.0,5916.0,0.0,0.0,0.0,0.0,0.0,0.0,trimmed,0.8094046504647793,0.9953407568646883,1.0,0.00012743223491398393,-0.30468490641077595,18.0,1.0,1.55469612182113,1.502872917760425,cons__trimmed,cons__trimmed,latency,2.0,2,0
consensus,trimmed,20,60,ring_plus,-0.0005540417711560333,0.0005540417711560333,0.006654592441347358,5040,0.0,0.0,2.0,2.0,5040.0,4872.0,0.9666666666666667,0.033333333333333326,155904.0,32.0,0.0,4872.0,0.0,0.0,0.0,0.0,0.0,0.0,trimmed,0.8363144465800624,0.9981793281056905,1.0,0.0015615929980173134,-0.43743408065138106,24.0,1.0,1.2627284000071304,1.2206374533402264,cons__trimmed,cons__trimmed,latency,2.0,3,0
consensus,trimmed,20,60,ring_plus,-5.0317779525300944e-05,5.0317779525300944e-05,3.215441634922301e-05,5640,0.0,0.0,2.0,2.0,5640.0,5452.0,0.9666666666666667,0.033333333333333326,174464.0,32.0,0.0,5452.0,0.0,0.0,0.0,0.0,0.0,0.0,trimmed,0.8168941805683163,0.9754935365938422,1.0,0.00011204951497754808,-0.2570977686798337,15.0,1.0,1.3711704029417888,1.3254647228437293,cons__trimmed,cons__trimmed,latency,2.0,4,0
consensus,trimmed,20,60,ring_plus,-0.00014044173793820313,0.00014044173793820313,0.015960337987193603,6360,0.0,0.0,2.0,2.0,6360.0,6148.0,0.9666666666666667,0.033333333333333326,196736.0,32.0,0.0,6148.0,0.0,0.0,0.0,0.0,0.0,0.0,trimmed,0.8303436595754702,0.9798527421097678,1.0,0.0003962368470020361,-0.25459457354888054,17.0,1.0,1.6160985120576443,1.5622285616557225,cons__trimmed,cons__trimmed,latency,2.0,5,0
consensus,trimmed,20,60,ring_plus,-0.0003307292528015036,0.0003307292528015036,0.048753375259784196,4680,0.0,0.0,2.0,2.0,4680.0,4524.0,0.9666666666666667,0.033333333333333326,144768.0,32.0,0.0,4524.0,0.0,0.0,0.0,0.0,0.0,0.0,trimmed,0.8450606371805359,0.9844081438290869,1.0,0.0009289818739776319,-0.35008005032011497,19.0,1.0,0.9450014459069909,0.9135013977100911,cons__trimmed,cons__trimmed,latency,2.0,6,0
consensus,trimmed,20,60,ring_plus,-1.7820851566558156e-05,1.7820851566558156e-05,0.0002492873706928849,6480,0.0,0.0,2.0,2.0,6480.0,6264.0,0.9666666666666667,0.033333333333333326,200448.0,32.0,0.0,6264.0,0.0,0.0,0.0,0.0,0.0,0.0,trimmed,0.7983775082823552,0.9637179079740498,1.0,4.688025186831725e-05,-0.3212181271746468,13.0,1.0,2.218617553571293,2.144663635118916,cons__trimmed,cons__trimmed,latency,2.0,7,0
consensus,trimmed,20,60,ring_plus,-0.006819775373721699,0.006819775373721699,0.01230398682671496,4200,0.0,0.0,2.0,2.0,4200.0,4060.0,0.9666666666666667,0.033333333333333326,129920.0,32.0,0.0,4060.0,0.0,0.0,0.0,0.0,0.0,0.0,trimmed,0.8967460423512245,0.9559788772863883,1.0,0.011994205154942995,-0.2252470349380659,28.0,1.0,0.7964836768628718,0.7699342209674427,cons__trimmed,cons__trimmed,latency,2.0,8,0
consensus,trimmed,20,60,ring_plus,-0.013333191488690893,0.013333191488690893,0.0007855458248837762,5280,0.0,0.0,2.0,2.0,5280.0,5104.0,0.9666666666666667,0.033333333333333326,163328.0,32.0,0.0,5104.0,0.0,0.0,0.0,0.0,0.0,0.0,trimmed,0.9071412219494462,0.9025838698105068,1.0,0.01921076689634079,-0.24567823230827532,25.0,1.0,0.9413291035084279,0.909951466724814,cons__trimmed,cons__trimmed,latency,2.0,9,0
consensus,trimmed,20,60,ring_plus,-0.0027952865197720554,0.0027952865197720554,0.0015645028717478197,5040,0.0,0.0,4.0,4.0,5040.0,4704.0,0.9333333333333333,0.06666666666666665,150528.0,32.0,0.0,4704.0,0.0,0.0,0.0,0.0,0.0,0.0,trimmed,0.8709460855478656,0.968396940374698,0.9833333333333333,0.004731607803550742,-0.1817401330561616,25.0,1.0,1.399646125476325,1.3063363837779032,cons__trimmed,cons__trimmed,latency,4.0,0,0
consensus,trimmed,20,60,ring_plus,-0.012582204536795264,0.012582204536795264,0.0019530046672585819,5400,0.0,0.0,4.0,4.0,5400.0,5040.0,0.9333333333333333,0.06666666666666665,161280.0,32.0,0.0,5040.0,0.0,0.0,0.0,0.0,0.0,0.0,trimmed,0.8876295666455489,0.9827890076563728,1.0,0.022051679560354975,-0.28449351229524666,34.0,1.0,1.320493917398932,1.2324609895723369,cons__trimmed,cons__trimmed,latency,4.0,1,0
consensus,trimmed,20,60,ring_plus,-0.0008325436621911791,0.0008325436621911791,4.891679474251816e-05,6120,0.0,0.0,4.0,4.0,6120.0,5712.0,0.9333333333333333,0.06666666666666665,182784.0,32.0,0.0,5712.0,0.0,0.0,0.0,0.0,0.0,0.0,trimmed,0.8487966501342211,0.9885202132715741,0.9833333333333333,0.0022228091805177714,-0.3046715437549764,25.0,1.0,1.55469612182113,1.4510497136997207,cons__trimmed,cons__trimmed,latency,4.0,2,0
consensus,trimmed,20,60,ring_plus,-0.009491610715894104,0.009491610715894104,0.007006582084434307,5040,0.0,0.0,4.0,4.0,5040.0,4704.0,0.9333333333333333,0.06666666666666665,150528.0,32.0,0.0,4704.0,0.0,0.0,0.0,0.0,0.0,0.0,trimmed,0.8746483074640135,0.9962917168558054,1.0,0.01963697730479935,-0.43728512116896867,34.0,1.0,1.2627284000071304,1.1785465066733218,cons__trimmed,cons__trimmed,latency,4.0,3,0
consensus,trimmed,20,60,ring_plus,-0.0005825360408182024,0.0005825360408182024,7.777461827299296e-05,5640,0.0,0.0,4.0,4.0,5640.0,5264.0,0.9333333333333333,0.06666666666666665,168448.0,32.0,0.0,5264.0,0.0,0.0,0.0,0.0,0.0,0.0,trimmed,0.8440973565672468,0.9791602880130077,0.95,0.0012197931175735217,-0.2570888983754788,21.0,1.0,1.3711704029417888,1.2797590427456695,cons__trimmed,cons__trimmed,latency,4.0,4,0
consensus,trimmed,20,60,ring_plus,-0.0019064751028715432,0.0019064751028715432,0.015714143811304128,6360,0.0,0.0,4.0,4.0,6360.0,5936.0,0.9333333333333333,0.06666666666666665,189952.0,32.0,0.0,5936.0,0.0,0.0,0.0,0.0,0.0,0.0,trimmed,0.8577862767332189,0.9727557563802062,1.0,0.0038008227137748315,-0.2545651396594649,24.0,1.0,1.6160985120576443,1.5083586112538012,cons__trimmed,cons__trimmed,latency,4.0,5,0
consensus,trimmed,20,60,ring_plus,-0.005596914890034719,0.005596914890034719,0.04723848563266975,4680,0.0,0.0,4.0,4.0,4680.0,4368.0,0.9333333333333333,0.06666666666666665,139776.0,32.0,0.0,4368.0,0.0,0.0,0.0,0.0,0.0,0.0,trimmed,0.8784903398039535,0.9727096800786142,0.9166666666666666,0.011510959623872616,-0.34999228055949433,29.0,1.0,0.9450014459069909,0.8820013495131913,cons__trimmed,cons__trimmed,latency,4.0,6,0
consensus,trimmed,20,60,ring_plus,-0.00019850548136472604,0.00019850548136472604,0.0012795265135816703,6480,0.0,0.0,4.0,4.0,6480.0,6048.0,0.9333333333333333,0.06666666666666665,193536.0,32.0,0.0,6048.0,0.0,0.0,0.0,0.0,0.0,0.0,trimmed,0.8193385742798865,0.9688056630044503,1.0,0.0004047362920992327,-0.3212151157641501,18.0,1.0,2.218617553571293,2.07070971666654,cons__trimmed,cons__trimmed,latency,4.0,7,0
consensus,trimmed,20,60,ring_plus,-0.03440763017831296,0.03440763017831296,0.012995019683831016,4200,0.0,0.0,4.0,4.0,4200.0,3920.0,0.9333333333333333,0.06666666666666665,125440.0,32.0,0.0,3920.0,0.0,0.0,0.0,0.0,0.0,0.0,trimmed,0.9114650630743438,0.9367688101229256,0.9166666666666666,0.05105030520423343,-0.22478723735798942,40.0,1.0,0.7964836768628718,0.7433847650720136,cons__trimmed,cons__trimmed,latency,4.0,8,0
consensus,trimmed,20,60,ring_plus,-0.03318734501239714,0.03318734501239714,0.002717319758162453,5280,0.0,0.0,4.0,4.0,5280.0,4928.0,0.9333333333333333,0.06666666666666665,157696.0,32.0,0.0,4928.0,0.0,0.0,0.0,0.0,0.0,0.0,trimmed,0.9109113439507693,0.9054670894515779,0.9833333333333333,0.04437438202215319,-0.2453473297495469,34.0,1.0,0.9413291035084279,0.8785738299411996,cons__trimmed,cons__trimmed,latency,4.0,9,0
consensus,trimmed,20,60,ring_plus,-0.03170249766626628,0.03170249766626628,0.002992814205880182,5040,0.0,0.0,8.0,8.0,5040.0,4368.0,0.8666666666666667,0.1333333333333333,139776.0,32.0,0.0,4368.0,0.0,0.0,0.0,0.0,0.0,0.0,trimmed,0.8953912469720775,0.9614577439951631,0.6666666666666666,0.04384317980431854,-0.18125834620372,41.0,1.0,1.399646125476325,1.2130266420794815,cons__trimmed,cons__trimmed,latency,8.0,0,0
consensus,trimmed,20,60,ring_plus,-0.11305664767920634,0.11305664767920634,0.006302300654187268,5400,0.0,0.0,8.0,8.0,5400.0,4680.0,0.8666666666666667,0.1333333333333333,149760.0,32.0,0.0,4680.0,0.0,0.0,0.0,0.0,0.0,0.0,trimmed,0.9156882631238866,0.9755875963716096,0.9666666666666667,0.16990352464965364,-0.28281893824287324,54.0,1.0,1.320493917398932,1.1444280617457412,cons__trimmed,cons__trimmed,latency,8.0,1,0
consensus,trimmed,20,60,ring_plus,-0.029527027572855073,0.029527027572855073,0.001546821285120264,6120,0.0,0.0,8.0,8.0,6120.0,5304.0,0.8666666666666667,0.1333333333333333,169728.0,32.0,0.0,5304.0,0.0,0.0,0.0,0.0,0.0,0.0,trimmed,0.8829694487713626,0.9750591019707391,0.7,0.03863994196602531,-0.3041933023564653,41.0,1.0,1.55469612182113,1.3474033055783121,cons__trimmed,cons__trimmed,latency,8.0,2,0
consensus,trimmed,20,60,ring_plus,-0.14190207735455979,0.14190207735455979,0.01387115014443869,5040,0.0,0.0,8.0,8.0,5040.0,4368.0,0.8666666666666667,0.1333333333333333,139776.0,32.0,0.0,4368.0,0.0,0.0,0.0,0.0,0.0,0.0,trimmed,0.9126354463966263,0.988738260307564,0.95,0.2385719111962551,-0.4350782800583243,53.0,1.0,1.2627284000071304,1.0943646133395128,cons__trimmed,cons__trimmed,latency,8.0,3,0
consensus,trimmed,20,60,ring_plus,-0.010854953887294043,0.010854953887294043,0.0007159459284740459,5640,0.0,0.0,8.0,8.0,5640.0,4888.0,0.8666666666666667,0.1333333333333333,156416.0,32.0,0.0,4888.0,0.0,0.0,0.0,0.0,0.0,0.0,trimmed,0.8805549400819803,0.9699611427216797,0.7166666666666667,0.022389987240550552,-0.25691769141137094,32.0,1.0,1.3711704029417888,1.1883476825495503,cons__trimmed,cons__trimmed,latency,8.0,4,0
consensus,trimmed,20,60,ring_plus,-0.019450284988780108,0.019450284988780108,0.01549446362789345,6360,0.0,0.0,8.0,8.0,6360.0,5512.0,0.8666666666666667,0.1333333333333333,176384.0,32.0,0.0,5512.0,0.0,0.0,0.0,0.0,0.0,0.0,trimmed,0.8831578309715058,0.9853505679910469,0.9833333333333333,0.030304594889510716,-0.2542727428280332,40.0,1.0,1.6160985120576443,1.4006187104499583,cons__trimmed,cons__trimmed,latency,8.0,5,0
consensus,trimmed,20,60,ring_plus,-0.17034874033877437,0.17034874033877437,0.04989062014589798,4680,0.0,0.0,8.0,8.0,4680.0,4056.0,0.8666666666666667,0.1333333333333333,129792.0,32.0,0.0,4056.0,0.0,0.0,0.0,0.0,0.0,0.0,trimmed,0.9122299786859097,0.9058302404213452,0.5833333333333334,0.19384403125023295,-0.3472464168020153,52.0,1.0,0.9450014459069909,0.819001253119392,cons__trimmed,cons__trimmed,latency,8.0,6,0
consensus,trimmed,20,60,ring_plus,-0.0036542058202187135,0.0036542058202187135,0.004600035254689881,6480,0.0,0.0,8.0,8.0,6480.0,5616.0,0.8666666666666667,0.1333333333333333,179712.0,32.0,0.0,5616.0,0.0,0.0,0.0,0.0,0.0,0.0,trimmed,0.851450950451948,0.9832956823323613,0.8833333333333333,0.005911043394120299,-0.3211575207585026,30.0,1.0,2.218617553571293,1.922801879761787,cons__trimmed,cons__trimmed,latency,8.0,7,0
consensus,trimmed,20,60,ring_plus,-0.19606778295794436,0.19606778295794436,0.01796015576052875,4200,0.0,0.0,8.0,8.0,4200.0,3640.0,0.8666666666666667,0.1333333333333333,116480.0,32.0,0.0,3640.0,0.0,0.0,0.0,0.0,0.0,0.0,trimmed,0.92369785673804,0.9114371486430403,0.6166666666666667,0.23963387719385496,-0.22209290147832883,,0.0,0.7964836768628718,0.6902858532811554,cons__trimmed,cons__trimmed,latency,8.0,8,0
consensus,trimmed,20,60,ring_plus,-0.11017842887006407,0.11017842887006407,0.008044608685158617,5280,0.0,0.0,8.0,8.0,5280.0,4576.0,0.8666666666666667,0.1333333333333333,146432.0,32.0,0.0,4576.0,0.0,0.0,0.0,0.0,0.0,0.0,trimmed,0.9195797734703323,0.9203946539528463,0.7666666666666667,0.14462080425259446,-0.24406414501858573,53.0,1.0,0.9413291035084279,0.815818556373971,cons__trimmed,cons__trimmed,latency,8.0,9,0
consensus,trimmed,20,60,ring_plus,-119.07199999720478,119.07199999720478,5.956167717168581,5040,2.538967172578822,0.0,0.0,0.0,5040.0,5040.0,1.0,0.0,5040.0,1.0,0.0,5040.0,0.0,0.0,0.0,0.0,0.0,0.0,trimmed,1.0,0.0,0.0,119.07199992437995,1.802746612121922,,0.0,1.399646125476325,1.3996461254763248,cons__trimmed,cons__trimmed,bandwidth,1.0,0,0
consensus,trimmed,20,60,ring_plus,-2.1831978476574934e-21,2.1831978476574934e-21,6.770270377089446,5400,0.23716075622060062,0.0,0.0,0.0,5400.0,5400.0,1.0,0.0,5400.0,1.0,0.0,5400.0,0.0,0.0,0.0,0.0,0.0,0.0,trimmed,0.4256443204278317,0.9995378905431506,1.0,4.113857533669399e-18,-0.2847032157041934,7.0,1.0,1.320493917398932,1.320493917398932,cons__trimmed,cons__trimmed,bandwidth,1.0,1,0
consensus,trimmed,20,60,ring_plus,-3.349362924586299e-18,3.349362924586299e-18,8.46388572324835,6120,0.6346338621101083,0.0,0.0,0.0,6120.0,6120.0,1.0,0.0,6120.0,1.0,0.0,6120.0,0.0,0.0,0.0,0.0,0.0,0.0,trimmed,0.465814221005072,0.9758527873633853,0.9166666666666666,6.31133379099454e-15,-0.3046854194826795,16.0,1.0,1.55469612182113,1.5546961218211295,cons__trimmed,cons__trimmed,bandwidth,1.0,2,0
consensus,trimmed,20,60,ring_plus,-62.19999999944729,62.19999999944729,5.094992548739952,5040,2.4215185484648996,0.0,0.0,0.0,5040.0,5040.0,1.0,0.0,5040.0,1.0,0.0,5040.0,0.0,0.0,0.0,0.0,0.0,0.0,trimmed,1.0,0.0,0.06666666666666667,62.19999998504721,0.5992233519765546,,0.0,1.2627284000071304,1.2627284000071306,cons__trimmed,cons__trimmed,bandwidth,1.0,3,0
consensus,trimmed,20,60,ring_plus,-46.95000000066264,46.95000000066264,5.9193595789341575,5640,1.5614297306197016,0.0,0.0,0.0,5640.0,5640.0,1.0,0.0,5640.0,1.0,0.0,5640.0,0.0,0.0,0.0,0.0,0.0,0.0,trimmed,1.0,0.0,0.9166666666666666,46.95000001792669,0.5254013927015515,,0.0,1.3711704029417888,1.3711704029417888,cons__trimmed,cons__trimmed,bandwidth,1.0,4,0
consensus,trimmed,20,60,ring_plus,-4.559830602343668e-21,4.559830602343668e-21,7.311901594769441,6360,0.25212142927218467,0.0,0.0,0.0,6360.0,6360.0,1.0,0.0,6360.0,1.0,0.0,6360.0,0.0,0.0,0.0,0.0,0.0,0.0,trimmed,0.4290171818273857,0.9985961348585481,0.9833333333333333,8.592283162680524e-18,-0.25459691424451286,8.0,1.0,1.6160985120576443,1.616098512057644,cons__trimmed,cons__trimmed,bandwidth,1.0,5,0
consensus,trimmed,20,60,ring_plus,-85.19999999838348,85.19999999838348,4.438482088263192,4680,3.726100627164772,0.0,0.0,0.0,4680.0,4680.0,1.0,0.0,4680.0,1.0,0.0,4680.0,0.0,0.0,0.0,0.0,0.0,0.0,trimmed,1.0,0.0,0.03333333333333333,85.1999999562674,1.0699144374987297,,0.0,0.9450014459069909,0.9450014459069908,cons__trimmed,cons__trimmed,bandwidth,1.0,6,0
consensus,trimmed,20,60,ring_plus,-8.962978069879338e-19,8.962978069879338e-19,9.013015772985316,6480,0.6068399999189527,0.0,0.0,0.0,6480.0,6480.0,1.0,0.0,6480.0,1.0,0.0,6480.0,0.0,0.0,0.0,0.0,0.0,0.0,trimmed,0.45728833772202326,0.9813457314153283,0.9333333333333333,1.6889279546706466e-15,-0.3212184241888395,14.0,1.0,2.218617553571293,2.218617553571293,cons__trimmed,cons__trimmed,bandwidth,1.0,7,0
consensus,trimmed,20,60,ring_plus,-103.23749999653666,103.23749999653666,5.976826913227629,4200,1.947790319033481,0.0,0.0,0.0,4200.0,4200.0,1.0,0.0,4200.0,1.0,0.0,4200.0,0.0,0.0,0.0,0.0,0.0,0.0,trimmed,1.0,0.0,0.016666666666666666,103.23749990630405,1.4952643020813163,,0.0,0.7964836768628718,0.7964836768628717,cons__trimmed,cons__trimmed,bandwidth,1.0,8,0
consensus,trimmed,20,60,ring_plus,-64.95000000004495,64.95000000004495,5.724484516168764,5280,2.644722876656212,0.0,0.0,0.0,5280.0,5280.0,1.0,0.0,5280.0,1.0,0.0,5280.0,0.0,0.0,0.0,0.0,0.0,0.0,trimmed,1.0,0.0,0.85,64.95000000121608,0.836599547834329,,0.0,0.9413291035084279,0.9413291035084281,cons__trimmed,cons__trimmed,bandwidth,1.0,9,0
consensus,trimmed,20,60,ring_plus,-8.011333333261963,8.011333333261963,0.5258869018478451,5040,0.2833341749045048,0.0,0.0,0.0,5040.0,5040.0,1.0,0.0,10080.0,2.0,0.0,5040.0,0.0,0.0,0.0,0.0,0.0,0.0,trimmed,1.0,0.0,0.15,8.011333331402485,-0.04826449894379173,,0.0,1.399646125476325,1.3996461254763248,cons__trimmed,cons__trimmed,bandwidth,2.0,0,0
consensus,trimmed,20,60,ring_plus,-1.8928161607873287e-21,1.8928161607873287e-21,0.36237308546077207,5400,0.0244151221489599,0.0,0.0,0.0,5400.0,5400.0,1.0,0.0,10800.0,2.0,0.0,5400.0,0.0,0.0,0.0,0.0,0.0,0.0,trimmed,0.4273375416488762,0.9995061665066638,1.0,3.5666951348584825e-18,-0.2847032157041933,7.0,1.0,1.320493917398932,1.320493917398932,cons__trimmed,cons__trimmed,bandwidth,2.0,1,0
consensus,trimmed,20,60,ring_plus,-8.342444444300872,8.342444444300872,0.4269779082180902,6120,0.34722327560353894,0.0,0.0,0.0,6120.0,6120.0,1.0,0.0,12240.0,2.0,0.0,6120.0,0.0,0.0,0.0,0.0,0.0,0.0,trimmed,0.7404007962683461,0.8545212900130396,0.16666666666666666,8.342444440560316,-0.16564467874433167,,0.0,1.55469612182113,1.5546961218211295,cons__trimmed,cons__trimmed,bandwidth,2.0,2,0
consensus,trimmed,20,60,ring_plus,-6.9111111111335894,6.9111111111335894,0.42149124047378955,5040,0.2602226624561693,0.0,0.0,0.0,5040.0,5040.0,1.0,0.0,10080.0,2.0,0.0,5040.0,0.0,0.0,0.0,0.0,0.0,0.0,trimmed,0.9947507435843964,0.19471689556425553,1.0,6.911111111719237,-0.32225812949534055,,0.0,1.2627284000071304,1.2627284000071306,cons__trimmed,cons__trimmed,bandwidth,2.0,3,0
consensus,trimmed,20,60,ring_plus,-5.21666666681151,5.21666666681151,0.5346445424535535,5640,0.16249954445937934,0.0,0.0,0.0,5640.0,5640.0,1.0,0.0,11280.0,2.0,0.0,5640.0,0.0,0.0,0.0,0.0,0.0,0.0,trimmed,0.4997093346141108,0.9669649141946607,0.9166666666666666,5.216666670585208,-0.17015416286263405,,0.0,1.3711704029417888,1.3711704029417888,cons__trimmed,cons__trimmed,bandwidth,2.0,4,0
consensus,trimmed,20,60,ring_plus,-1.7470734336279385e-21,1.7470734336279385e-21,0.495690358121195,6360,0.02040413332850964,0.0,0.0,0.0,6360.0,6360.0,1.0,0.0,12720.0,2.0,0.0,6360.0,0.0,0.0,0.0,0.0,0.0,0.0,trimmed,0.42729341506691443,0.9994304669617573,1.0,3.2920753879676425e-18,-0.25459691424451286,7.0,1.0,1.6160985120576443,1.616098512057644,cons__trimmed,cons__trimmed,bandwidth,2.0,5,0
consensus,trimmed,20,60,ring_plus,-1.2226783245148511e-18,1.2226783245148511e-18,1.4944363365746003,4680,0.05447039845736914,0.0,0.0,0.0,4680.0,4680.0,1.0,0.0,9360.0,2.0,0.0,4680.0,0.0,0.0,0.0,0.0,0.0,0.0,trimmed,0.4770773741186657,0.9741997011008222,0.9333333333333333,2.3039394658300834e-15,-0.3500855624743282,14.0,1.0,0.9450014459069909,0.9450014459069908,cons__trimmed,cons__trimmed,bandwidth,2.0,6,0
consensus,trimmed,20,60,ring_plus,-7.561055555375007,7.561055555375007,0.5279522343977263,6480,0.2835740182085226,0.0,0.0,0.0,6480.0,6480.0,1.0,0.0,12960.0,2.0,0.0,6480.0,0.0,0.0,0.0,0.0,0.0,0.0,trimmed,0.68494816842619,0.8947494627293725,0.2,7.561055550671057,-0.19520083159925608,,0.0,2.218617553571293,2.218617553571293,cons__trimmed,cons__trimmed,bandwidth,2.0,7,0
consensus,trimmed,20,60,ring_plus,-11.470833333083304,11.470833333083304,0.6216839672393197,4200,0.2013092184384573,0.0,0.0,0.0,4200.0,4200.0,1.0,0.0,8400.0,2.0,0.0,4200.0,0.0,0.0,0.0,0.0,0.0,0.0,trimmed,0.55499665233067,0.9216457052040535,0.11666666666666667,11.47083332656909,-0.03418014230957289,,0.0,0.7964836768628718,0.7964836768628717,cons__trimmed,cons__trimmed,bandwidth,2.0,8,0
consensus,trimmed,20,60,ring_plus,-7.2166666667921096,7.2166666667921096,0.6529849698583459,5280,0.2854463934561474,0.0,0.0,0.0,5280.0,5280.0,1.0,0.0,10560.0,2.0,0.0,5280.0,0.0,0.0,0.0,0.0,0.0,0.0,trimmed,0.7091918233153366,0.8653251842180796,0.8833333333333333,7.21666667006036,-0.12562267438655167,,0.0,0.9413291035084279,0.9413291035084281,cons__trimmed,cons__trimmed,bandwidth,2.0,9,0
consensus,trimmed,20,60,ring_plus,-1.471469387758154,1.471469387758154,0.08614015290146912,5040,0.05028723952614702,0.0,0.0,0.0,5040.0,5040.0,1.0,0.0,15120.0,3.0,0.0,5040.0,0.0,0.0,0.0,0.0,0.0,0.0,trimmed,0.9922584339905818,0.19296660282668132,1.0,1.4714693878376988,-0.15726223136885517,,0.0,1.399646125476325,1.3996461254763248,cons__trimmed,cons__trimmed,bandwidth,3.0,0,0
consensus,trimmed,20,60,ring_plus,-2.962450550839364e-21,2.962450550839364e-21,0.0009330429348685836,5400,0.0067088482685436586,0.0,0.0,0.0,5400.0,5400.0,1.0,0.0,16200.0,3.0,0.0,5400.0,0.0,0.0,0.0,0.0,0.0,0.0,trimmed,0.43082807042121346,0.9988883120748363,1.0,5.582263740952605e-18,-0.2847032157041934,8.0,1.0,1.320493917398932,1.320493917398932,cons__trimmed,cons__trimmed,bandwidth,3.0,1,0
consensus,trimmed,20,60,ring_plus,-4.0422801200029224e-19,4.0422801200029224e-19,0.11414075499861116,6120,0.011034323490725452,0.0,0.0,0.0,6120.0,6120.0,1.0,0.0,18360.0,3.0,0.0,6120.0,0.0,0.0,0.0,0.0,0.0,0.0,trimmed,0.4746867056231253,0.978287732710048,1.0,7.617022607808191e-16,-0.3046854194826795,13.0,1.0,1.55469612182113,1.5546961218211295,cons__trimmed,cons__trimmed,bandwidth,3.0,2,0
consensus,trimmed,20,60,ring_plus,-1.2693877552813047,1.2693877552813047,0.06579698912168705,5040,0.049937681047831306,0.0,0.0,0.0,5040.0,5040.0,1.0,0.0,15120.0,3.0,0.0,5040.0,0.0,0.0,0.0,0.0,0.0,0.0,trimmed,0.9773059593244695,0.40117727385917,1.0,1.269387759951827,-0.4162868520928785,,0.0,1.2627284000071304,1.2627284000071306,cons__trimmed,cons__trimmed,bandwidth,3.0,3,0
consensus,trimmed,20,60,ring_plus,-2.840349116154965e-20,2.840349116154965e-20,0.07209645158440199,5640,0.008481223118029069,0.0,0.0,0.0,5640.0,5640.0,1.0,0.0,16920.0,3.0,0.0,5640.0,0.0,0.0,0.0,0.0,0.0,0.0,trimmed,0.45395998565262907,0.9904559338079542,1.0,5.352180290747272e-17,-0.25709860730949247,10.0,1.0,1.3711704029417888,1.3711704029417888,cons__trimmed,cons__trimmed,bandwidth,3.0,4,0
consensus,trimmed,20,60,ring_plus,-2.6485894238783258e-21,2.6485894238783258e-21,0.017589188442191508,6360,0.005429426098974961,0.0,0.0,0.0,6360.0,6360.0,1.0,0.0,19080.0,3.0,0.0,6360.0,0.0,0.0,0.0,0.0,0.0,0.0,trimmed,0.4306329827105782,0.9988721815254366,1.0,4.9908392933065395e-18,-0.25459691424451286,8.0,1.0,1.6160985120576443,1.616098512057644,cons__trimmed,cons__trimmed,bandwidth,3.0,5,0
consensus,trimmed,20,60,ring_plus,-1.473469387743995,1.473469387743995,0.2902041271633354,4680,0.03216097727344966,0.0,0.0,0.0,4680.0,4680.0,1.0,0.0,14040.0,3.0,0.0,4680.0,0.0,0.0,0.0,0.0,0.0,0.0,trimmed,0.8200907214039012,0.7171976308382142,0.38333333333333336,1.473469387454653,-0.32552773934526175,,0.0,0.9450014459069909,0.9450014459069908,cons__trimmed,cons__trimmed,bandwidth,3.0,6,0
consensus,trimmed,20,60,ring_plus,-1.280277393851923e-18,1.280277393851923e-18,0.18553689619313074,6480,0.013296738072286566,0.0,0.0,0.0,6480.0,6480.0,1.0,0.0,19440.0,3.0,0.0,6480.0,0.0,0.0,0.0,0.0,0.0,0.0,trimmed,0.48511098372986233,0.9717320382776307,0.9666666666666667,2.4124757098792365e-15,-0.32121842418883956,15.0,1.0,2.218617553571293,2.218617553571293,cons__trimmed,cons__trimmed,bandwidth,3.0,7,0
consensus,trimmed,20,60,ring_plus,-2.1068877550612504,2.1068877550612504,0.10592883977781391,4200,0.03642767837094769,0.0,0.0,0.0,4200.0,4200.0,1.0,0.0,12600.0,3.0,0.0,4200.0,0.0,0.0,0.0,0.0,0.0,0.0,trimmed,0.5896729277754597,0.9221893811731883,0.21666666666666667,2.1068877539985587,-0.1902459019432738,,0.0,0.7964836768628718,0.7964836768628717,cons__trimmed,cons__trimmed,bandwidth,3.0,8,0
consensus,trimmed,20,60,ring_plus,-2.239795918273248,2.239795918273248,0.1189285177230716,5280,0.05316512880848832,0.0,0.0,0.0,5280.0,5280.0,1.0,0.0,15840.0,3.0,0.0,5280.0,0.0,0.0,0.0,0.0,0.0,0.0,trimmed,0.626337946064663,0.9208193525906713,0.2,2.2397959158216816,-0.20857052019519937,,0.0,0.9413291035084279,0.9413291035084281,cons__trimmed,cons__trimmed,bandwidth,3.0,9,0
consensus,trimmed,20,60,ring_plus,-0.3204533333465041,0.3204533333465041,0.016257961257716835,5040,0.011051299237528485,0.0,0.0,0.0,5040.0,5040.0,1.0,0.0,20160.0,4.0,0.0,5040.0,0.0,0.0,0.0,0.0,0.0,0.0,trimmed,0.9798091861152206,0.29193307465258567,1.0,0.3204533336896377,-0.176445832275716,,0.0,1.399646125476325,1.3996461254763248,cons__trimmed,cons__trimmed,bandwidth,4.0,0,0
consensus,trimmed,20,60,ring_plus,-0.4523644445286572,0.4523644445286572,0.022795315941349734,5400,0.013639875343097513,0.0,0.0,0.0,5400.0,5400.0,1.0,0.0,21600.0,4.0,0.0,5400.0,0.0,0.0,0.0,0.0,0.0,0.0,trimmed,0.9727068094821925,0.39354432594855326,1.0,0.4523644467227153,-0.2771638082953824,,0.0,1.320493917398932,1.320493917398932,cons__trimmed,cons__trimmed,bandwidth,4.0,1,0
consensus,trimmed,20,60,ring_plus,-4.74305924140372e-19,4.74305924140372e-19,0.011941202130287883,6120,0.002699429667344865,0.0,0.0,0.0,6120.0,6120.0,1.0,0.0,24480.0,4.0,0.0,6120.0,0.0,0.0,0.0,0.0,0.0,0.0,trimmed,0.4825338162253918,0.9789247364614715,1.0,8.93752855068615e-16,-0.3046854194826795,13.0,1.0,1.55469612182113,1.5546961218211295,cons__trimmed,cons__trimmed,bandwidth,4.0,2,0
consensus,trimmed,20,60,ring_plus,-0.4961666667655159,0.4961666667655159,0.043640672283480245,5040,0.009181764489662854,0.0,0.0,0.0,5040.0,5040.0,1.0,0.0,20160.0,4.0,0.0,5040.0,0.0,0.0,0.0,0.0,0.0,0.0,trimmed,0.9661453507663034,0.426855162784474,1.0,0.49616666934090975,-0.42917387023480835,,0.0,1.2627284000071304,1.2627284000071306,cons__trimmed,cons__trimmed,bandwidth,4.0,3,0
consensus,trimmed,20,60,ring_plus,-6.784052535571667e-21,6.784052535571667e-21,0.0015949156875895813,5640,0.0018307329418471845,0.0,0.0,0.0,5640.0,5640.0,1.0,0.0,22560.0,4.0,0.0,5640.0,0.0,0.0,0.0,0.0,0.0,0.0,trimmed,0.44408828765062225,0.9963336401943644,1.0,1.2783455665995789e-17,-0.25709860730949247,8.0,1.0,1.3711704029417888,1.3711704029417888,cons__trimmed,cons__trimmed,bandwidth,4.0,4,0
consensus,trimmed,20,60,ring_plus,-0.31755333336123637,0.31755333336123637,0.017014669720435395,6360,0.013334211275561529,0.0,0.0,0.0,6360.0,6360.0,1.0,0.0,25440.0,4.0,0.0,6360.0,0.0,0.0,0.0,0.0,0.0,0.0,trimmed,0.9731784541640952,0.33623664689982113,1.0,0.3175533340882197,-0.24930435868849227,,0.0,1.6160985120576443,1.616098512057644,cons__trimmed,cons__trimmed,bandwidth,4.0,5,0
consensus,trimmed,20,60,ring_plus,-0.32088888890865286,0.32088888890865286,0.12880926695345268,4680,0.006835639017981778,0.0,0.0,0.0,4680.0,4680.0,1.0,0.0,18720.0,4.0,0.0,4680.0,0.0,0.0,0.0,0.0,0.0,0.0,trimmed,0.9738684778441625,0.3348043635935565,1.0,0.32088888942356236,-0.34473741432585064,,0.0,0.9450014459069909,0.9450014459069908,cons__trimmed,cons__trimmed,bandwidth,4.0,6,0
consensus,trimmed,20,60,ring_plus,-0.3024422222011409,0.3024422222011409,0.02138976438849689,6480,0.011361745021230604,0.0,0.0,0.0,6480.0,6480.0,1.0,0.0,25920.0,4.0,0.0,6480.0,0.0,0.0,0.0,0.0,0.0,0.0,trimmed,0.8104346658882958,0.7516509889847891,0.43333333333333335,0.302442221651882,-0.31617772048548715,,0.0,2.218617553571293,2.218617553571293,cons__trimmed,cons__trimmed,bandwidth,4.0,7,0
consensus,trimmed,20,60,ring_plus,-0.5108888888852599,0.5108888888852599,0.039686362204381834,4200,0.00843708710988715,0.0,0.0,0.0,4200.0,4200.0,1.0,0.0,16800.0,4.0,0.0,4200.0,0.0,0.0,0.0,0.0,0.0,0.0,trimmed,0.7855369119799052,0.805755811566842,0.45,0.5108888887906889,-0.216845883046207,,0.0,0.7964836768628718,0.7964836768628717,cons__trimmed,cons__trimmed,bandwidth,4.0,8,0
consensus,trimmed,20,60,ring_plus,-0.4677777777788285,0.4677777777788285,0.02884180553607412,5280,0.008372815794594306,0.0,0.0,0.0,5280.0,5280.0,1.0,0.0,21120.0,4.0,0.0,5280.0,0.0,0.0,0.0,0.0,0.0,0.0,trimmed,0.9831585394765929,0.2344655421458215,1.0,0.46777777780618107,-0.23810415587010636,,0.0,0.9413291035084279,0.9413291035084281,cons__trimmed,cons__trimmed,bandwidth,4.0,9,0
consensus,trimmed,20,60,ring_plus,-0.0016976888038356865,0.0016976888038356865,0.0025037989113184814,5040,4.2347269215087885e-05,0.0,0.0,0.0,5040.0,5040.0,1.0,0.0,40320.0,8.0,0.0,5040.0,0.0,0.0,0.0,0.0,0.0,0.0,trimmed,0.8843216923081777,0.7802672087040778,1.0,0.0016977747419293341,-0.1817584263514271,12.0,1.0,1.399646125476325,1.3996461254763248,cons__trimmed,cons__trimmed,bandwidth,8.0,0,0
consensus,trimmed,20,60,ring_plus,-0.0047207354497523744,0.0047207354497523744,0.0017642194531754557,5400,5.0958019939492896e-05,0.0,0.0,0.0,5400.0,5400.0,1.0,0.0,43200.0,8.0,0.0,5400.0,0.0,0.0,0.0,0.0,0.0,0.0,trimmed,0.8860529127966962,0.7936057901041783,1.0,0.004720864720861406,-0.28462453678003086,15.0,1.0,1.320493917398932,1.320493917398932,cons__trimmed,cons__trimmed,bandwidth,8.0,1,0
consensus,trimmed,20,60,ring_plus,-0.0008951867723763863,0.0008951867723763863,0.00047030467456364935,6120,4.208178549847971e-05,0.0,0.0,0.0,6120.0,6120.0,1.0,0.0,48960.0,8.0,0.0,6120.0,0.0,0.0,0.0,0.0,0.0,0.0,trimmed,0.8658810201003866,0.771201954685333,1.0,0.0008951947355284989,-0.30467049970314,11.0,1.0,1.55469612182113,1.5546961218211295,cons__trimmed,cons__trimmed,bandwidth,8.0,2,0
consensus,trimmed,20,60,ring_plus,-0.001716846417273909,0.001716846417273909,0.007660915613221698,5040,3.913706724182469e-05,0.0,0.0,0.0,5040.0,5040.0,1.0,0.0,40320.0,8.0,0.0,5040.0,0.0,0.0,0.0,0.0,0.0,0.0,trimmed,0.852855793246679,0.8526801757782707,1.0,0.0017170220534102887,-0.43741470057394577,15.0,1.0,1.2627284000071304,1.2627284000071306,cons__trimmed,cons__trimmed,bandwidth,8.0,3,0
consensus,trimmed,20,60,ring_plus,-0.0007220300043857171,0.0007220300043857171,0.0001969217889283381,5640,2.8085694925129793e-05,0.0,0.0,0.0,5640.0,5640.0,1.0,0.0,45120.0,8.0,0.0,5640.0,0.0,0.0,0.0,0.0,0.0,0.0,trimmed,0.8789051388825048,0.6863106675641425,1.0,0.0007220304191781006,-0.25708657347608604,9.0,1.0,1.3711704029417888,1.3711704029417888,cons__trimmed,cons__trimmed,bandwidth,8.0,4,0
consensus,trimmed,20,60,ring_plus,-0.0015767787841949915,0.0015767787841949915,0.01620631093208592,6360,3.191924186926482e-05,0.0,0.0,0.0,6360.0,6360.0,1.0,0.0,50880.0,8.0,0.0,6360.0,0.0,0.0,0.0,0.0,0.0,0.0,trimmed,0.8783343136365347,0.7364863399600923,1.0,0.001576794988538347,-0.25457063459810964,11.0,1.0,1.6160985120576443,1.616098512057644,cons__trimmed,cons__trimmed,bandwidth,8.0,5,0
consensus,trimmed,20,60,ring_plus,-0.0011718711991387286,0.0011718711991387286,0.04833822518624988,4680,5.488300798469508e-05,0.0,0.0,0.0,4680.0,4680.0,1.0,0.0,37440.0,8.0,0.0,4680.0,0.0,0.0,0.0,0.0,0.0,0.0,trimmed,0.8672995820672477,0.8457106954029349,1.0,0.0011722420278834007,-0.35006603128767594,11.0,1.0,0.9450014459069909,0.9450014459069908,cons__trimmed,cons__trimmed,bandwidth,8.0,6,0
consensus,trimmed,20,60,ring_plus,-1.5620398809441692e-18,1.5620398809441692e-18,9.208693453264907e-05,6480,1.7655943957321576e-05,0.0,0.0,0.0,6480.0,6480.0,1.0,0.0,51840.0,8.0,0.0,6480.0,0.0,0.0,0.0,0.0,0.0,0.0,trimmed,0.5061064304757555,0.9798567529465523,1.0,2.9434115229225525e-15,-0.32121842418883956,9.0,1.0,2.218617553571293,2.218617553571293,cons__trimmed,cons__trimmed,bandwidth,8.0,7,0
consensus,trimmed,20,60,ring_plus,-0.00979316787931583,0.00979316787931583,0.010706147475055662,4200,5.3272007087987363e-05,0.0,0.0,0.0,4200.0,4200.0,1.0,0.0,33600.0,8.0,0.0,4200.0,0.0,0.0,0.0,0.0,0.0,0.0,trimmed,0.9076880468387403,0.8099853544740191,1.0,0.009793464927577456,-0.22519747839630597,17.0,1.0,0.7964836768628718,0.7964836768628717,cons__trimmed,cons__trimmed,bandwidth,8.0,8,0
consensus,trimmed,20,60,ring_plus,-0.016170784156147415,0.016170784156147415,0.0010448305814073438,5280,4.377831386841757e-05,0.0,0.0,0.0,5280.0,5280.0,1.0,0.0,42240.0,8.0,0.0,5280.0,0.0,0.0,0.0,0.0,0.0,0.0,trimmed,0.9188985194676073,0.7851981311954104,1.0,0.01617288386090643,-0.24563093909715106,16.0,1.0,0.9413291035084279,0.9413291035084281,cons__trimmed,cons__trimmed,bandwidth,8.0,9,0
consensus,trimmed,20,60,ring_plus,-6.28818414554885e-06,6.28818414554885e-06,0.002857296110050542,5040,0.0,0.0,0.0,0.0,5040.0,5040.0,1.0,0.0,161280.0,32.0,0.0,5040.0,0.0,0.0,0.0,0.0,0.0,0.0,trimmed,0.8039716808919491,0.9834495329401921,1.0,2.0105175505070337e-05,-0.18178661636175533,12.0,1.0,1.399646125476325,1.3996461254763248,cons__trimmed,cons__trimmed,bandwidth,0.0,0,0
consensus,trimmed,20,60,ring_plus,-1.8944704479782337e-05,1.8944704479782337e-05,0.0013177922597973752,5400,0.0,0.0,0.0,0.0,5400.0,5400.0,1.0,0.0,172800.0,32.0,0.0,5400.0,0.0,0.0,0.0,0.0,0.0,0.0,trimmed,0.8077466241390061,0.992096683945328,1.0,6.254360476096896e-05,-0.2847028999591186,15.0,1.0,1.320493917398932,1.320493917398932,cons__trimmed,cons__trimmed,bandwidth,0.0,1,0
consensus,trimmed,20,60,ring_plus,-3.4833629353866156e-08,3.4833629353866156e-08,0.00035887651848144826,6120,0.0,0.0,0.0,0.0,6120.0,6120.0,1.0,0.0,195840.0,32.0,0.0,6120.0,0.0,0.0,0.0,0.0,0.0,0.0,trimmed,0.7282034530484361,0.9989928671538942,1.0,3.513799835983495e-07,-0.30468541890211903,11.0,1.0,1.55469612182113,1.5546961218211295,cons__trimmed,cons__trimmed,bandwidth,0.0,2,0
consensus,trimmed,20,60,ring_plus,-1.833065035825461e-06,1.833065035825461e-06,0.007174937343838228,5040,0.0,0.0,0.0,0.0,5040.0,5040.0,1.0,0.0,161280.0,32.0,0.0,5040.0,0.0,0.0,0.0,0.0,0.0,0.0,trimmed,0.7658056209537516,0.9989998098686504,1.0,1.0884906608192929e-05,-0.4374432841298164,15.0,1.0,1.2627284000071304,1.2627284000071306,cons__trimmed,cons__trimmed,bandwidth,0.0,3,0
consensus,trimmed,20,60,ring_plus,-3.3006243618791413e-07,3.3006243618791413e-07,0.00029502411897459294,5640,0.0,0.0,0.0,0.0,5640.0,5640.0,1.0,0.0,180480.0,32.0,0.0,5640.0,0.0,0.0,0.0,0.0,0.0,0.0,trimmed,0.7626841175107806,0.9769948422407622,1.0,1.192736579937804e-06,-0.2570986018084519,9.0,1.0,1.3711704029417888,1.3711704029417888,cons__trimmed,cons__trimmed,bandwidth,0.0,4,0
consensus,trimmed,20,60,ring_plus,-4.986010407718023e-07,4.986010407718023e-07,0.015035469072286131,6360,0.0,0.0,0.0,0.0,6360.0,6360.0,1.0,0.0,203520.0,32.0,0.0,6360.0,0.0,0.0,0.0,0.0,0.0,0.0,trimmed,0.7658983758636837,0.9931947664918263,1.0,3.022442589800201e-06,-0.25459690593449547,11.0,1.0,1.6160985120576443,1.616098512057644,cons__trimmed,cons__trimmed,bandwidth,0.0,5,0
consensus,trimmed,20,60,ring_plus,-1.5514119972799072e-06,1.5514119972799072e-06,0.051564255816551906,4680,0.0,0.0,0.0,0.0,4680.0,4680.0,1.0,0.0,149760.0,32.0,0.0,4680.0,0.0,0.0,0.0,0.0,0.0,0.0,trimmed,0.780196985857132,0.9958593992075357,1.0,8.287072127737848e-06,-0.35008553661746167,12.0,1.0,0.9450014459069909,0.9450014459069908,cons__trimmed,cons__trimmed,bandwidth,0.0,6,0
consensus,trimmed,20,60,ring_plus,-5.6247169910680225e-08,5.6247169910680225e-08,8.277763670965443e-07,6480,0.0,0.0,0.0,0.0,6480.0,6480.0,1.0,0.0,207360.0,32.0,0.0,6480.0,0.0,0.0,0.0,0.0,0.0,0.0,trimmed,0.7378253692409176,0.9757614470350727,1.0,2.792965367543365e-07,-0.3212184232513867,9.0,1.0,2.218617553571293,2.218617553571293,cons__trimmed,cons__trimmed,bandwidth,0.0,7,0
consensus,trimmed,20,60,ring_plus,-0.0002251020653163997,0.0002251020653163997,0.010978249612222199,4200,0.0,0.0,0.0,0.0,4200.0,4200.0,1.0,0.0,134400.0,32.0,0.0,4200.0,0.0,0.0,0.0,0.0,0.0,0.0,trimmed,0.8547593290810412,0.9856938144900125,1.0,0.0005217862119971232,-0.22535694615987265,16.0,1.0,0.7964836768628718,0.7964836768628717,cons__trimmed,cons__trimmed,bandwidth,0.0,8,0
consensus,trimmed,20,60,ring_plus,-0.0012001212929787172,0.0012001212929787172,0.0006960759565348294,5280,0.0,0.0,0.0,0.0,5280.0,5280.0,1.0,0.0,168960.0,32.0,0.0,5280.0,0.0,0.0,0.0,0.0,0.0,0.0,trimmed,0.8835971298453388,0.9559029033283781,1.0,0.0023077404780692066,-0.24588045014487053,15.0,1.0,0.9413291035084279,0.9413291035084281,cons__trimmed,cons__trimmed,bandwidth,0.0,9,0
consensus,trimmed,20,60,ring_plus,-6.28818414554885e-06,6.28818414554885e-06,0.002857296110050542,5040,0.0,0.0,0.0,0.0,5040.0,5040.0,1.0,0.0,161280.0,32.0,0.0,5040.0,0.0,0.0,0.0,0.0,0.0,0.0,trimmed,0.8039716808919491,0.9834495329401921,1.0,2.0105175505070337e-05,-0.18178661636175533,12.0,1.0,1.399646125476325,1.3996461254763248,cons__trimmed,cons__trimmed,spoof,0.0,0,0
consensus,trimmed,20,60,ring_plus,-1.8944704479782337e-05,1.8944704479782337e-05,0.0013177922597973752,5400,0.0,0.0,0.0,0.0,5400.0,5400.0,1.0,0.0,172800.0,32.0,0.0,5400.0,0.0,0.0,0.0,0.0,0.0,0.0,trimmed,0.8077466241390061,0.992096683945328,1.0,6.254360476096896e-05,-0.2847028999591186,15.0,1.0,1.320493917398932,1.320493917398932,cons__trimmed,cons__trimmed,spoof,0.0,1,0
consensus,trimmed,20,60,ring_plus,-3.4833629353866156e-08,3.4833629353866156e-08,0.00035887651848144826,6120,0.0,0.0,0.0,0.0,6120.0,6120.0,1.0,0.0,195840.0,32.0,0.0,6120.0,0.0,0.0,0.0,0.0,0.0,0.0,trimmed,0.7282034530484361,0.9989928671538942,1.0,3.513799835983495e-07,-0.30468541890211903,11.0,1.0,1.55469612182113,1.5546961218211295,cons__trimmed,cons__trimmed,spoof,0.0,2,0
consensus,trimmed,20,60,ring_plus,-1.833065035825461e-06,1.833065035825461e-06,0.007174937343838228,5040,0.0,0.0,0.0,0.0,5040.0,5040.0,1.0,0.0,161280.0,32.0,0.0,5040.0,0.0,0.0,0.0,0.0,0.0,0.0,trimmed,0.7658056209537516,0.9989998098686504,1.0,1.0884906608192929e-05,-0.4374432841298164,15.0,1.0,1.2627284000071304,1.2627284000071306,cons__trimmed,cons__trimmed,spoof,0.0,3,0
consensus,trimmed,20,60,ring_plus,-3.3006243618791413e-07,3.3006243618791413e-07,0.00029502411897459294,5640,0.0,0.0,0.0,0.0,5640.0,5640.0,1.0,0.0,180480.0,32.0,0.0,5640.0,0.0,0.0,0.0,0.0,0.0,0.0,trimmed,0.7626841175107806,0.9769948422407622,1.0,1.192736579937804e-06,-0.2570986018084519,9.0,1.0,1.3711704029417888,1.3711704029417888,cons__trimmed,cons__trimmed,spoof,0.0,4,0
consensus,trimmed,20,60,ring_plus,-4.986010407718023e-07,4.986010407718023e-07,0.015035469072286131,6360,0.0,0.0,0.0,0.0,6360.0,6360.0,1.0,0.0,203520.0,32.0,0.0,6360.0,0.0,0.0,0.0,0.0,0.0,0.0,trimmed,0.7658983758636837,0.9931947664918263,1.0,3.022442589800201e-06,-0.25459690593449547,11.0,1.0,1.6160985120576443,1.616098512057644,cons__trimmed,cons__trimmed,spoof,0.0,5,0
consensus,trimmed,20,60,ring_plus,-1.5514119972799072e-06,1.5514119972799072e-06,0.051564255816551906,4680,0.0,0.0,0.0,0.0,4680.0,4680.0,1.0,0.0,149760.0,32.0,0.0,4680.0,0.0,0.0,0.0,0.0,0.0,0.0,trimmed,0.780196985857132,0.9958593992075357,1.0,8.287072127737848e-06,-0.35008553661746167,12.0,1.0,0.9450014459069909,0.9450014459069908,cons__trimmed,cons__trimmed,spoof,0.0,6,0
consensus,trimmed,20,60,ring_plus,-5.6247169910680225e-08,5.6247169910680225e-08,8.277763670965443e-07,6480,0.0,0.0,0.0,0.0,6480.0,6480.0,1.0,0.0,207360.0,32.0,0.0,6480.0,0.0,0.0,0.0,0.0,0.0,0.0,trimmed,0.7378253692409176,0.9757614470350727,1.0,2.792965367543365e-07,-0.3212184232513867,9.0,1.0,2.218617553571293,2.218617553571293,cons__trimmed,cons__trimmed,spoof,0.0,7,0
consensus,trimmed,20,60,ring_plus,-0.0002251020653163997,0.0002251020653163997,0.010978249612222199,4200,0.0,0.0,0.0,0.0,4200.0,4200.0,1.0,0.0,134400.0,32.0,0.0,4200.0,0.0,0.0,0.0,0.0,0.0,0.0,trimmed,0.8547593290810412,0.9856938144900125,1.0,0.0005217862119971232,-0.22535694615987265,16.0,1.0,0.7964836768628718,0.7964836768628717,cons__trimmed,cons__trimmed,spoof,0.0,8,0
consensus,trimmed,20,60,ring_plus,-0.0012001212929787172,0.0012001212929787172,0.0006960759565348294,5280,0.0,0.0,0.0,0.0,5280.0,5280.0,1.0,0.0,168960.0,32.0,0.0,5280.0,0.0,0.0,0.0,0.0,0.0,0.0,trimmed,0.8835971298453388,0.9559029033283781,1.0,0.0023077404780692066,-0.24588045014487053,15.0,1.0,0.9413291035084279,0.9413291035084281,cons__trimmed,cons__trimmed,spoof,0.0,9,0
consensus,trimmed,20,60,ring_plus,-0.01324984660714329,0.01324984660714329,0.000769521543319001,5040,0.1081386022928052,0.0,0.0,0.0,5040.0,5040.0,1.0,0.0,161280.0,32.0,0.0,4527.0,0.0,513.0,0.0,0.0,0.0,0.0,trimmed,0.8719825284612118,0.6930613237920268,0.7166666666666667,0.05102026224459346,-0.1815658903880387,12.0,1.0,1.399646125476325,1.3996461254763248,cons__trimmed,cons__trimmed,spoof,0.1,0,0
consensus,trimmed,20,60,ring_plus,-0.016805743358691783,0.016805743358691783,0.016972201688358775,5400,0.11066206435983811,0.0,0.0,0.0,5400.0,5400.0,1.0,0.0,172800.0,32.0,0.0,4847.0,0.0,553.0,0.0,0.0,0.0,0.0,trimmed,0.8836400596159788,0.762673599429729,0.7333333333333333,0.060716034821173354,-0.28442311998154846,14.0,1.0,1.320493917398932,1.320493917398932,cons__trimmed,cons__trimmed,spoof,0.1,1,0
consensus,trimmed,20,60,ring_plus,-0.011799381414225854,0.011799381414225854,0.002651106238053371,6120,0.09708144729232662,0.0,0.0,0.0,6120.0,6120.0,1.0,0.0,195840.0,32.0,0.0,5488.0,0.0,632.0,0.0,0.0,0.0,0.0,trimmed,0.8696218379020898,0.6915323363632833,0.7166666666666667,0.07701308398020283,-0.30448876312577583,10.0,1.0,1.55469612182113,1.5546961218211295,cons__trimmed,cons__trimmed,spoof,0.1,2,0
consensus,trimmed,20,60,ring_plus,-0.028649388973307648,0.028649388973307648,0.00628872060938514,5040,0.10472786606917958,0.0,0.0,0.0,5040.0,5040.0,1.0,0.0,161280.0,32.0,0.0,4560.0,0.0,480.0,0.0,0.0,0.0,0.0,trimmed,0.9180115460915276,0.5195742381776771,0.75,0.041594957822746616,-0.4369658248646785,13.0,1.0,1.2627284000071304,1.2627284000071306,cons__trimmed,cons__trimmed,spoof,0.1,3,0
consensus,trimmed,20,60,ring_plus,-0.15331426173560797,0.15331426173560797,0.010928048315082126,5640,0.10011418973231655,0.0,0.0,0.0,5640.0,5640.0,1.0,0.0,180480.0,32.0,0.0,5064.0,0.0,576.0,0.0,0.0,0.0,0.0,trimmed,0.7901775969390253,0.8885222787938544,0.6666666666666666,0.0654291303208836,-0.254543369613899,10.0,1.0,1.3711704029417888,1.3711704029417888,cons__trimmed,cons__trimmed,spoof,0.1,4,0
consensus,trimmed,20,60,ring_plus,-0.015131346944067347,0.015131346944067347,0.001889793090594148,6360,0.10792128003832627,0.0,0.0,0.0,6360.0,6360.0,1.0,0.0,203520.0,32.0,0.0,5748.0,0.0,612.0,0.0,0.0,0.0,0.0,trimmed,0.8667704643620605,0.8129810519992741,0.7166666666666667,0.04890228517993114,-0.25434472512877837,13.0,1.0,1.6160985120576443,1.616098512057644,cons__trimmed,cons__trimmed,spoof,0.1,5,0
consensus,trimmed,20,60,ring_plus,-0.04011385149255493,0.04011385149255493,0.02657447678323433,4680,0.12025619575597414,0.0,0.0,0.0,4680.0,4680.0,1.0,0.0,149760.0,32.0,0.0,4232.0,0.0,448.0,0.0,0.0,0.0,0.0,trimmed,0.8938790152780826,0.5841377352579162,0.6833333333333333,0.1331965754866695,-0.3494169982827857,9.0,1.0,0.9450014459069909,0.9450014459069908,cons__trimmed,cons__trimmed,spoof,0.1,6,0
consensus,trimmed,20,60,ring_plus,-0.0018330881832391076,0.0018330881832391076,0.005304393830669656,6480,0.10739443415374277,0.0,0.0,0.0,6480.0,6480.0,1.0,0.0,207360.0,32.0,0.0,5840.0,0.0,640.0,0.0,0.0,0.0,0.0,trimmed,0.8438062586019268,0.6586086605465737,0.75,0.008852561064811594,-0.3211878727191189,9.0,1.0,2.218617553571293,2.218617553571293,cons__trimmed,cons__trimmed,spoof,0.1,7,0
consensus,trimmed,20,60,ring_plus,-0.08477889597710124,0.08477889597710124,0.02391903035508583,4200,0.0947279486095283,0.0,0.0,0.0,4200.0,4200.0,1.0,0.0,134400.0,32.0,0.0,3754.0,0.0,446.0,0.0,0.0,0.0,0.0,trimmed,0.9009253737209474,0.8688361090378566,0.6333333333333333,0.12748886510098262,-0.22394771626134294,29.0,1.0,0.7964836768628718,0.7964836768628717,cons__trimmed,cons__trimmed,spoof,0.1,8,0
consensus,trimmed,20,60,ring_plus,-0.004243895288674654,0.004243895288674654,0.002175921319595942,5280,0.11445368381322447,0.0,0.0,0.0,5280.0,5280.0,1.0,0.0,168960.0,32.0,0.0,4734.0,0.0,546.0,0.0,0.0,0.0,0.0,trimmed,0.8625615015783252,0.8980925806426704,0.75,0.02800151030633125,-0.2458297205782756,17.0,1.0,0.9413291035084279,0.9413291035084281,cons__trimmed,cons__trimmed,spoof,0.1,9,0
consensus,trimmed,20,60,ring_plus,-0.09849758820458486,0.09849758820458486,0.011781959993608582,5040,0.30929382770190345,0.0,0.0,0.0,5040.0,5040.0,1.0,0.0,161280.0,32.0,0.0,3527.0,0.0,1513.0,0.0,0.0,0.0,0.0,trimmed,0.9597466653237322,0.3959618474175286,0.6166666666666667,0.08578484952237593,-0.18014509469474804,15.0,1.0,1.399646125476325,1.3996461254763248,cons__trimmed,cons__trimmed,spoof,0.3,0,0
consensus,trimmed,20,60,ring_plus,-0.1403554227663629,0.1403554227663629,0.1828462700010528,5400,0.3028972290673965,0.0,0.0,0.0,5400.0,5400.0,1.0,0.0,172800.0,32.0,0.0,3807.0,0.0,1593.0,0.0,0.0,0.0,0.0,trimmed,0.8599875407084814,0.7384280691067635,0.6166666666666667,0.1646683469007316,-0.2823639586580873,13.0,1.0,1.320493917398932,1.320493917398932,cons__trimmed,cons__trimmed,spoof,0.3,1,0
consensus,trimmed,20,60,ring_plus,-0.046736043251329795,0.046736043251329795,0.01414721929225736,6120,0.2939002673517873,0.0,0.0,0.0,6120.0,6120.0,1.0,0.0,195840.0,32.0,0.0,4268.0,0.0,1852.0,0.0,0.0,0.0,0.0,trimmed,0.8756805993253882,0.7246831531552032,0.5833333333333334,0.11767226249234213,-0.3039064854284907,12.0,1.0,1.55469612182113,1.5546961218211295,cons__trimmed,cons__trimmed,spoof,0.3,2,0
consensus,trimmed,20,60,ring_plus,-0.12009257656615595,0.12009257656615595,0.0825262619237318,5040,0.3202600066936321,0.0,0.0,0.0,5040.0,5040.0,1.0,0.0,161280.0,32.0,0.0,3555.0,0.0,1485.0,0.0,0.0,0.0,0.0,trimmed,0.9420819816957513,0.4426760867889564,0.5666666666666667,0.12173094047356699,-0.43544177173813103,9.0,1.0,1.2627284000071304,1.2627284000071306,cons__trimmed,cons__trimmed,spoof,0.3,3,0
consensus,trimmed,20,60,ring_plus,-0.09563680826030516,0.09563680826030516,0.018552644688864747,5640,0.29939165740307605,0.0,0.0,0.0,5640.0,5640.0,1.0,0.0,180480.0,32.0,0.0,3971.0,0.0,1669.0,0.0,0.0,0.0,0.0,trimmed,0.9691452655652824,0.32289701052237296,0.5333333333333333,0.13811161122252028,-0.255504660505154,9.0,1.0,1.3711704029417888,1.3711704029417888,cons__trimmed,cons__trimmed,spoof,0.3,4,0
consensus,trimmed,20,60,ring_plus,-0.33416012334333073,0.33416012334333073,0.09482473116858395,6360,0.306616071729764,0.0,0.0,0.0,6360.0,6360.0,1.0,0.0,203520.0,32.0,0.0,4473.0,0.0,1887.0,0.0,0.0,0.0,0.0,trimmed,0.9258141256690218,0.5947703649329353,0.6,0.1634179039832245,-0.2490275788554573,14.0,1.0,1.6160985120576443,1.616098512057644,cons__trimmed,cons__trimmed,spoof,0.3,5,0
consensus,trimmed,20,60,ring_plus,-0.20510671741878742,0.20510671741878742,0.05915937401233799,4680,0.3197468372448734,0.0,0.0,0.0,4680.0,4680.0,1.0,0.0,149760.0,32.0,0.0,3299.0,0.0,1381.0,0.0,0.0,0.0,0.0,trimmed,0.9660487246812925,0.3194116870105822,0.6333333333333333,0.22877841367338195,-0.3466671171840151,8.0,1.0,0.9450014459069909,0.9450014459069908,cons__trimmed,cons__trimmed,spoof,0.3,6,0
consensus,trimmed,20,60,ring_plus,-0.03358649567373845,0.03358649567373845,0.008146538763013156,6480,0.3099329371337558,0.0,0.0,0.0,6480.0,6480.0,1.0,0.0,207360.0,32.0,0.0,4583.0,0.0,1897.0,0.0,0.0,0.0,0.0,trimmed,0.946329119106601,0.35158863507117943,0.5833333333333334,0.06062844280885906,-0.3206586492609439,9.0,1.0,2.218617553571293,2.218617553571293,cons__trimmed,cons__trimmed,spoof,0.3,7,0
consensus,trimmed,20,60,ring_plus,-0.4557812728058077,0.4557812728058077,0.030380189705918124,4200,0.30263188626520654,0.0,0.0,0.0,4200.0,4200.0,1.0,0.0,134400.0,32.0,0.0,2901.0,0.0,1299.0,0.0,0.0,0.0,0.0,trimmed,0.9424164490816475,0.33648992937662425,0.5666666666666667,0.34399039215777066,-0.21776434331419783,32.0,1.0,0.7964836768628718,0.7964836768628717,cons__trimmed,cons__trimmed,spoof,0.3,8,0
consensus,trimmed,20,60,ring_plus,-0.15894021915250287,0.15894021915250287,0.008377795400864741,5280,0.3134143935001683,0.0,0.0,0.0,5280.0,5280.0,1.0,0.0,168960.0,32.0,0.0,3702.0,0.0,1578.0,0.0,0.0,0.0,0.0,trimmed,0.962917139106288,0.3224404493307993,0.5833333333333334,0.1433873897586187,-0.24325144851387842,11.0,1.0,0.9413291035084279,0.9413291035084281,cons__trimmed,cons__trimmed,spoof,0.3,9,0
consensus,trimmed,20,60,ring_plus,-0.370316364718483,0.370316364718483,0.01955318314930732,5040,0.5283364857760657,0.0,0.0,0.0,5040.0,5040.0,1.0,0.0,161280.0,32.0,0.0,2468.0,0.0,2572.0,0.0,0.0,0.0,0.0,trimmed,0.9507947967234899,0.36874408326915253,0.5333333333333333,0.5037537967514834,-0.17561478175284967,,0.0,1.399646125476325,1.3996461254763248,cons__trimmed,cons__trimmed,spoof,0.5,0,0
consensus,trimmed,20,60,ring_plus,-0.5684532218427332,0.5684532218427332,0.1509665514989898,5400,0.5248757369408171,0.0,0.0,0.0,5400.0,5400.0,1.0,0.0,172800.0,32.0,0.0,2643.0,0.0,2757.0,0.0,0.0,0.0,0.0,trimmed,0.9481150312508716,0.4441841437355394,0.5666666666666667,0.35048154661744074,-0.2752289953401478,39.0,1.0,1.320493917398932,1.320493917398932,cons__trimmed,cons__trimmed,spoof,0.5,1,0
consensus,trimmed,20,60,ring_plus,-0.49735801724631046,0.49735801724631046,0.0534953707709583,6120,0.49786376540886307,0.0,0.0,0.0,6120.0,6120.0,1.0,0.0,195840.0,32.0,0.0,3014.0,0.0,3106.0,0.0,0.0,0.0,0.0,trimmed,0.95875478723979,0.32120131916502603,0.5666666666666667,0.3638432411419816,-0.29639611919524106,13.0,1.0,1.55469612182113,1.5546961218211295,cons__trimmed,cons__trimmed,spoof,0.5,2,0
consensus,trimmed,20,60,ring_plus,-0.5082150099368394,0.5082150099368394,0.08724940503518049,5040,0.5287944431147233,0.0,0.0,0.0,5040.0,5040.0,1.0,0.0,161280.0,32.0,0.0,2514.0,0.0,2526.0,0.0,0.0,0.0,0.0,trimmed,0.9435363220235335,0.46397051402032974,0.55,0.5127571480756662,-0.42897306451528633,24.0,1.0,1.2627284000071304,1.2627284000071306,cons__trimmed,cons__trimmed,spoof,0.5,3,0
consensus,trimmed,20,60,ring_plus,-0.30416561266059927,0.30416561266059927,0.04530877257125922,5640,0.5047796858070337,0.0,0.0,0.0,5640.0,5640.0,1.0,0.0,180480.0,32.0,0.0,2826.0,0.0,2814.0,0.0,0.0,0.0,0.0,trimmed,0.9762266028406609,0.20371498979404568,0.5666666666666667,0.28354756548869636,-0.2520291804318158,21.0,1.0,1.3711704029417888,1.3711704029417888,cons__trimmed,cons__trimmed,spoof,0.5,4,0
consensus,trimmed,20,60,ring_plus,-0.38549688164947316,0.38549688164947316,0.09915073305592582,6360,0.5310213937567414,0.0,0.0,0.0,6360.0,6360.0,1.0,0.0,203520.0,32.0,0.0,3167.0,0.0,3193.0,0.0,0.0,0.0,0.0,trimmed,0.9518705043818116,0.41156571843634726,0.55,0.34482052213882236,-0.24817196621702162,34.0,1.0,1.6160985120576443,1.616098512057644,cons__trimmed,cons__trimmed,spoof,0.5,5,0
consensus,trimmed,20,60,ring_plus,-0.3167823566083523,0.3167823566083523,0.05867946931843428,4680,0.5572936809268999,0.0,0.0,0.0,4680.0,4680.0,1.0,0.0,149760.0,32.0,0.0,2371.0,0.0,2309.0,0.0,0.0,0.0,0.0,trimmed,0.9669751005941557,0.3182130664524494,0.48333333333333334,0.6193649803926334,-0.34480585653085577,48.0,1.0,0.9450014459069909,0.9450014459069908,cons__trimmed,cons__trimmed,spoof,0.5,6,0
consensus,trimmed,20,60,ring_plus,-0.3394527903635714,0.3394527903635714,0.0199091125500687,6480,0.5179757440160023,0.0,0.0,0.0,6480.0,6480.0,1.0,0.0,207360.0,32.0,0.0,3290.0,0.0,3190.0,0.0,0.0,0.0,0.0,trimmed,0.9611644281226791,0.3086801820638183,0.5833333333333334,0.35527457566302223,-0.31556087768278,7.0,1.0,2.218617553571293,2.218617553571293,cons__trimmed,cons__trimmed,spoof,0.5,7,0
consensus,trimmed,20,60,ring_plus,-0.613061592442924,0.613061592442924,0.043953155399901786,4200,0.5209161993717004,0.0,0.0,0.0,4200.0,4200.0,1.0,0.0,134400.0,32.0,0.0,2076.0,0.0,2124.0,0.0,0.0,0.0,0.0,trimmed,0.9783988579817464,0.1911551496595878,0.5333333333333333,0.5522174014153555,-0.2151430046535792,,0.0,0.7964836768628718,0.7964836768628717,cons__trimmed,cons__trimmed,spoof,0.5,8,0
consensus,trimmed,20,60,ring_plus,-0.45193496068089983,0.45193496068089983,0.02403595314997397,5280,0.5322709380100598,0.0,0.0,0.0,5280.0,5280.0,1.0,0.0,168960.0,32.0,0.0,2578.0,0.0,2702.0,0.0,0.0,0.0,0.0,trimmed,0.9219861964647185,0.4666253292016802,0.6,0.48160870280425905,-0.23836820282173846,,0.0,0.9413291035084279,0.9413291035084281,cons__trimmed,cons__trimmed,spoof,0.5,9,0
consensus,trimmed,20,60,ring_plus,-1.6310476091916437,1.6310476091916437,0.0875616937343148,5040,1.0714218228997126,0.0,0.0,0.0,5040.0,5040.0,1.0,0.0,161280.0,32.0,0.0,0.0,0.0,5040.0,0.0,0.0,0.0,0.0,trimmed,0.9849985896947215,0.16321162832521185,0.5333333333333333,1.3450907624343629,-0.15460259434496376,,0.0,1.399646125476325,1.3996461254763248,cons__trimmed,cons__trimmed,spoof,1.0,0,0
consensus,trimmed,20,60,ring_plus,-1.2011583227773934,1.2011583227773934,0.18136352579176457,5400,1.073895559265755,0.0,0.0,0.0,5400.0,5400.0,1.0,0.0,172800.0,32.0,0.0,0.0,0.0,5400.0,0.0,0.0,0.0,0.0,trimmed,0.9742894179302234,0.26302083779120444,0.5,1.1153889212914359,-0.26468391032457,,0.0,1.320493917398932,1.320493917398932,cons__trimmed,cons__trimmed,spoof,1.0,1,0
consensus,trimmed,20,60,ring_plus,-0.6590402278039043,0.6590402278039043,0.03308281579153308,6120,1.058250267279996,0.0,0.0,0.0,6120.0,6120.0,1.0,0.0,195840.0,32.0,0.0,0.0,0.0,6120.0,0.0,0.0,0.0,0.0,trimmed,0.9900290907039402,0.02938419556138694,0.5833333333333334,0.9509313992969051,-0.2937014156859478,,0.0,1.55469612182113,1.5546961218211295,cons__trimmed,cons__trimmed,spoof,1.0,2,0
consensus,trimmed,20,60,ring_plus,-1.1505264991400033,1.1505264991400033,0.16698870206064081,5040,1.0648098566659066,0.0,0.0,0.0,5040.0,5040.0,1.0,0.0,161280.0,32.0,0.0,0.0,0.0,5040.0,0.0,0.0,0.0,0.0,trimmed,0.8675777880537562,0.6454400893951212,0.5,1.1358689841094158,-0.41826787302856694,,0.0,1.2627284000071304,1.2627284000071306,cons__trimmed,cons__trimmed,spoof,1.0,3,0
consensus,trimmed,20,60,ring_plus,-0.7672897755506197,0.7672897755506197,0.04443566324324967,5640,1.0581145978629902,0.0,0.0,0.0,5640.0,5640.0,1.0,0.0,180480.0,32.0,0.0,0.0,0.0,5640.0,0.0,0.0,0.0,0.0,trimmed,0.9868614705178624,0.1421052294587426,0.5833333333333334,1.0371479521932994,-0.24431044438364877,,0.0,1.3711704029417888,1.3711704029417888,cons__trimmed,cons__trimmed,spoof,1.0,4,0
consensus,trimmed,20,60,ring_plus,-0.8948079932739593,0.8948079932739593,0.15330099033323882,6360,1.0547090279260074,0.0,0.0,0.0,6360.0,6360.0,1.0,0.0,203520.0,32.0,0.0,0.0,0.0,6360.0,0.0,0.0,0.0,0.0,trimmed,0.9748649801524063,0.30641459518630954,0.5166666666666667,0.659440975579342,-0.23968344768994682,,0.0,1.6160985120576443,1.616098512057644,cons__trimmed,cons__trimmed,spoof,1.0,5,0
consensus,trimmed,20,60,ring_plus,-1.0998122319086063,1.0998122319086063,0.15002840196478032,4680,1.1057042467222762,0.0,0.0,0.0,4680.0,4680.0,1.0,0.0,149760.0,32.0,0.0,0.0,0.0,4680.0,0.0,0.0,0.0,0.0,trimmed,0.9027687877649726,0.37246155418942073,0.55,1.3677356709030146,-0.3317553586091849,,0.0,0.9450014459069909,0.9450014459069908,cons__trimmed,cons__trimmed,spoof,1.0,6,0
consensus,trimmed,20,60,ring_plus,-1.3393043728530676,1.3393043728530676,0.06908449803307168,6480,1.0808260064356228,0.0,0.0,0.0,6480.0,6480.0,1.0,0.0,207360.0,32.0,0.0,0.0,0.0,6480.0,0.0,0.0,0.0,0.0,trimmed,0.9296627315349589,0.4078179090698817,0.55,1.06553854555801,-0.29889668464128855,,0.0,2.218617553571293,2.218617553571293,cons__trimmed,cons__trimmed,spoof,1.0,7,0
consensus,trimmed,20,60,ring_plus,-0.9440249772513112,0.9440249772513112,0.058648782266656194,4200,1.0541031180566167,0.0,0.0,0.0,4200.0,4200.0,1.0,0.0,134400.0,32.0,0.0,0.0,0.0,4200.0,0.0,0.0,0.0,0.0,trimmed,0.9742131076608144,0.3406800545503611,0.5166666666666667,1.0759520493982095,-0.2096269482401061,,0.0,0.7964836768628718,0.7964836768628717,cons__trimmed,cons__trimmed,spoof,1.0,8,0
consensus,trimmed,20,60,ring_plus,-1.544564861598127,1.544564861598127,0.08337400337472413,5280,1.0981258016037545,0.0,0.0,0.0,5280.0,5280.0,1.0,0.0,168960.0,32.0,0.0,0.0,0.0,5280.0,0.0,0.0,0.0,0.0,trimmed,0.6642606743853828,0.936867649764908,0.4166666666666667,1.3271126725570574,-0.220157704473118,,0.0,0.9413291035084279,0.9413291035084281,cons__trimmed,cons__trimmed,spoof,1.0,9,0
consensus,trimmed,20,60,ring_plus,-6.28818414554885e-06,6.28818414554885e-06,0.002857296110050542,5040,0.0,0.0,0.0,0.0,5040.0,5040.0,1.0,0.0,161280.0,32.0,0.0,5040.0,0.0,0.0,0.0,0.0,0.0,0.0,trimmed,0.8039716808919491,0.9834495329401921,1.0,2.0105175505070337e-05,-0.18178661636175533,12.0,1.0,1.399646125476325,1.3996461254763248,cons__trimmed,cons__trimmed,jam,0.0,0,0
consensus,trimmed,20,60,ring_plus,-1.8944704479782337e-05,1.8944704479782337e-05,0.0013177922597973752,5400,0.0,0.0,0.0,0.0,5400.0,5400.0,1.0,0.0,172800.0,32.0,0.0,5400.0,0.0,0.0,0.0,0.0,0.0,0.0,trimmed,0.8077466241390061,0.992096683945328,1.0,6.254360476096896e-05,-0.2847028999591186,15.0,1.0,1.320493917398932,1.320493917398932,cons__trimmed,cons__trimmed,jam,0.0,1,0
consensus,trimmed,20,60,ring_plus,-3.4833629353866156e-08,3.4833629353866156e-08,0.00035887651848144826,6120,0.0,0.0,0.0,0.0,6120.0,6120.0,1.0,0.0,195840.0,32.0,0.0,6120.0,0.0,0.0,0.0,0.0,0.0,0.0,trimmed,0.7282034530484361,0.9989928671538942,1.0,3.513799835983495e-07,-0.30468541890211903,11.0,1.0,1.55469612182113,1.5546961218211295,cons__trimmed,cons__trimmed,jam,0.0,2,0
consensus,trimmed,20,60,ring_plus,-1.833065035825461e-06,1.833065035825461e-06,0.007174937343838228,5040,0.0,0.0,0.0,0.0,5040.0,5040.0,1.0,0.0,161280.0,32.0,0.0,5040.0,0.0,0.0,0.0,0.0,0.0,0.0,trimmed,0.7658056209537516,0.9989998098686504,1.0,1.0884906608192929e-05,-0.4374432841298164,15.0,1.0,1.2627284000071304,1.2627284000071306,cons__trimmed,cons__trimmed,jam,0.0,3,0
consensus,trimmed,20,60,ring_plus,-3.3006243618791413e-07,3.3006243618791413e-07,0.00029502411897459294,5640,0.0,0.0,0.0,0.0,5640.0,5640.0,1.0,0.0,180480.0,32.0,0.0,5640.0,0.0,0.0,0.0,0.0,0.0,0.0,trimmed,0.7626841175107806,0.9769948422407622,1.0,1.192736579937804e-06,-0.2570986018084519,9.0,1.0,1.3711704029417888,1.3711704029417888,cons__trimmed,cons__trimmed,jam,0.0,4,0
consensus,trimmed,20,60,ring_plus,-4.986010407718023e-07,4.986010407718023e-07,0.015035469072286131,6360,0.0,0.0,0.0,0.0,6360.0,6360.0,1.0,0.0,203520.0,32.0,0.0,6360.0,0.0,0.0,0.0,0.0,0.0,0.0,trimmed,0.7658983758636837,0.9931947664918263,1.0,3.022442589800201e-06,-0.25459690593449547,11.0,1.0,1.6160985120576443,1.616098512057644,cons__trimmed,cons__trimmed,jam,0.0,5,0
consensus,trimmed,20,60,ring_plus,-1.5514119972799072e-06,1.5514119972799072e-06,0.051564255816551906,4680,0.0,0.0,0.0,0.0,4680.0,4680.0,1.0,0.0,149760.0,32.0,0.0,4680.0,0.0,0.0,0.0,0.0,0.0,0.0,trimmed,0.780196985857132,0.9958593992075357,1.0,8.287072127737848e-06,-0.35008553661746167,12.0,1.0,0.9450014459069909,0.9450014459069908,cons__trimmed,cons__trimmed,jam,0.0,6,0
consensus,trimmed,20,60,ring_plus,-5.6247169910680225e-08,5.6247169910680225e-08,8.277763670965443e-07,6480,0.0,0.0,0.0,0.0,6480.0,6480.0,1.0,0.0,207360.0,32.0,0.0,6480.0,0.0,0.0,0.0,0.0,0.0,0.0,trimmed,0.7378253692409176,0.9757614470350727,1.0,2.792965367543365e-07,-0.3212184232513867,9.0,1.0,2.218617553571293,2.218617553571293,cons__trimmed,cons__trimmed,jam,0.0,7,0
consensus,trimmed,20,60,ring_plus,-0.0002251020653163997,0.0002251020653163997,0.010978249612222199,4200,0.0,0.0,0.0,0.0,4200.0,4200.0,1.0,0.0,134400.0,32.0,0.0,4200.0,0.0,0.0,0.0,0.0,0.0,0.0,trimmed,0.8547593290810412,0.9856938144900125,1.0,0.0005217862119971232,-0.22535694615987265,16.0,1.0,0.7964836768628718,0.7964836768628717,cons__trimmed,cons__trimmed,jam,0.0,8,0
consensus,trimmed,20,60,ring_plus,-0.0012001212929787172,0.0012001212929787172,0.0006960759565348294,5280,0.0,0.0,0.0,0.0,5280.0,5280.0,1.0,0.0,168960.0,32.0,0.0,5280.0,0.0,0.0,0.0,0.0,0.0,0.0,trimmed,0.8835971298453388,0.9559029033283781,1.0,0.0023077404780692066,-0.24588045014487053,15.0,1.0,0.9413291035084279,0.9413291035084281,cons__trimmed,cons__trimmed,jam,0.0,9,0
consensus,trimmed,20,60,ring_plus,-0.1090030130789564,0.1090030130789564,0.0063097295110142474,5040,0.0,0.10714285714285714,0.0,0.0,5040.0,4500.0,0.8928571428571429,0.1071428571428571,144000.0,32.0,0.0,4500.0,0.0,0.0,0.0,540.0,0.0,0.0,trimmed,0.9582412947725352,0.5697594412293248,1.0,0.10995672267777806,-0.17997000428017518,60.0,1.0,1.399646125476325,1.355753295277519,cons__trimmed,cons__trimmed,jam,0.1,0,0
consensus,trimmed,20,60,ring_plus,-0.8043836385771576,0.8043836385771576,0.04236509251452113,5400,0.0,0.1,0.0,0.0,5400.0,4860.0,0.9,0.09999999999999998,155520.0,32.0,0.0,4860.0,0.0,0.0,0.0,540.0,0.0,0.0,trimmed,0.977925274450273,0.41143619709666723,1.0,0.8045407687911897,-0.27129682172790726,,0.0,1.320493917398932,1.3067220124547165,cons__trimmed,cons__trimmed,jam,0.1,1,0
consensus,trimmed,20,60,ring_plus,-0.2752733304213502,0.2752733304213502,0.013794162256700054,6120,0.0,0.06862745098039216,0.0,0.0,6120.0,5700.0,0.9313725490196079,0.06862745098039214,182400.0,32.0,0.0,5700.0,0.0,0.0,0.0,420.0,0.0,0.0,trimmed,0.9706117722035358,0.38968218120331843,1.0,0.27529811646617675,-0.30009753064232375,,0.0,1.55469612182113,0.8699785139899355,cons__trimmed,cons__trimmed,jam,0.1,2,0
consensus,trimmed,20,60,ring_plus,-2.691146810828983,2.691146810828983,1.4585555829075751,5040,0.0,0.15476190476190477,0.0,0.0,5040.0,4260.0,0.8452380952380952,0.15476190476190477,136320.0,32.0,0.0,4260.0,0.0,0.0,0.0,780.0,0.0,0.0,trimmed,0.9728730479821285,0.898186598835207,1.0,2.8887296399202618,-0.3925908678337507,,0.0,1.2627284000071304,1.2594924649021235,cons__trimmed,cons__trimmed,jam,0.1,3,0
consensus,trimmed,20,60,ring_plus,-1.7678428528890642,1.7678428528890642,0.09147287255120493,5640,0.0,0.09574468085106383,0.0,0.0,5640.0,5100.0,0.9042553191489362,0.0957446808510638,163200.0,32.0,0.0,5100.0,0.0,0.0,0.0,540.0,0.0,0.0,trimmed,0.9901792089046125,0.243800047599265,1.0,1.7681204655110625,-0.2276345597613414,,0.0,1.3711704029417888,1.3555111922818643,cons__trimmed,cons__trimmed,jam,0.1,4,0
consensus,trimmed,20,60,ring_plus,-6.114916596815174,6.114916596815174,0.31035656569764897,6360,0.0,0.0660377358490566,0.0,0.0,6360.0,5940.0,0.9339622641509434,0.06603773584905659,190080.0,32.0,0.0,5940.0,0.0,0.0,0.0,420.0,0.0,0.0,trimmed,0.9827096580598229,0.48170123951286936,0.4666666666666667,6.114791210584415,-0.15268163763092657,,0.0,1.6160985120576443,1.1665296618373981,cons__trimmed,cons__trimmed,jam,0.1,5,0
consensus,trimmed,20,60,ring_plus,-4.795841441699571,4.795841441699571,0.25522119800098625,4680,0.0,0.10256410256410256,0.0,0.0,4680.0,4200.0,0.8974358974358975,0.10256410256410253,134400.0,32.0,0.0,4200.0,0.0,0.0,0.0,480.0,0.0,0.0,trimmed,0.9849794219094337,0.34552258911622713,0.6166666666666667,4.795598310141837,-0.2701548717793354,,0.0,0.9450014459069909,0.9269296061447677,cons__trimmed,cons__trimmed,jam,0.1,6,0
consensus,trimmed,20,60,ring_plus,-0.8403611358696479,0.8403611358696479,0.11506371167069547,6480,0.0,0.14814814814814814,0.0,0.0,6480.0,5520.0,0.8518518518518519,0.14814814814814814,176640.0,32.0,0.0,5520.0,0.0,0.0,0.0,960.0,0.0,0.0,trimmed,0.9781585456571996,0.4458129734301961,1.0,0.8576805771450892,-0.3072124052576788,,0.0,2.218617553571293,2.2131131029340265,cons__trimmed,cons__trimmed,jam,0.1,7,0
consensus,trimmed,20,60,ring_plus,-1.9520680990991135,1.9520680990991135,0.4331489875271711,4200,0.0,0.12857142857142856,0.0,0.0,4200.0,3660.0,0.8714285714285714,0.12857142857142856,117120.0,32.0,0.0,3660.0,0.0,0.0,0.0,540.0,0.0,0.0,trimmed,0.9834535976304603,0.7963711199596314,1.0,2.0581613804201804,-0.19282622954264272,,0.0,0.7964836768628718,0.7756455591018226,cons__trimmed,cons__trimmed,jam,0.1,8,0
consensus,trimmed,20,60,ring_plus,-1.799133959354681,1.799133959354681,0.1295374864012488,5280,0.0,0.10227272727272728,0.0,0.0,5280.0,4740.0,0.8977272727272727,0.10227272727272729,151680.0,32.0,0.0,4740.0,0.0,0.0,0.0,540.0,0.0,0.0,trimmed,0.9889485691969845,0.29204170173467925,1.0,1.7998685820075648,-0.21591488617717547,,0.0,0.9413291035084279,0.8042031991139494,cons__trimmed,cons__trimmed,jam,0.1,9,0
consensus,trimmed,20,60,ring_plus,-2.219421402396753,2.219421402396753,0.13380341308560426,5040,0.0,0.25,0.0,0.0,5040.0,3780.0,0.75,0.25,120960.0,32.0,0.0,3780.0,0.0,0.0,0.0,1260.0,0.0,0.0,trimmed,0.9913659135143139,0.32049362812659954,1.0,2.219517741089632,-0.1447963644582119,,0.0,1.399646125476325,0.7328759072995557,cons__trimmed,cons__trimmed,jam,0.25,0,0
consensus,trimmed,20,60,ring_plus,-1.6833294554399356,1.6833294554399356,0.09205228419382333,5400,0.0,0.2777777777777778,0.0,0.0,5400.0,3900.0,0.7222222222222222,0.2777777777777778,124800.0,32.0,0.0,3900.0,0.0,0.0,0.0,1500.0,0.0,0.0,trimmed,0.9861565649926882,0.3280129420545994,1.0,1.6836726361530558,-0.2566477247801944,,0.0,1.320493917398932,0.70949080031589,cons__trimmed,cons__trimmed,jam,0.25,1,0
consensus,trimmed,20,60,ring_plus,-4.887715142514109,4.887715142514109,0.253175818779949,6120,0.0,0.21568627450980393,0.0,0.0,6120.0,4800.0,0.7843137254901961,0.21568627450980393,153600.0,32.0,0.0,4800.0,0.0,0.0,0.0,1320.0,0.0,0.0,trimmed,0.9833330346712107,0.3562376934035033,0.5333333333333333,4.885791357870211,-0.22322350044077774,,0.0,1.55469612182113,0.8590938956011059,cons__trimmed,cons__trimmed,jam,0.25,2,0
consensus,trimmed,20,60,ring_plus,-13.823456708405617,13.823456708405617,1.5456790351250387,5040,0.0,0.30952380952380953,0.0,0.0,5040.0,3480.0,0.6904761904761905,0.30952380952380953,111360.0,32.0,0.0,3480.0,0.0,0.0,0.0,1560.0,0.0,0.0,trimmed,0.9902800442493515,0.6103783668674938,0.6333333333333333,13.69334705462665,-0.20705236954080672,,0.0,1.2627284000071304,0.7034053746014614,cons__trimmed,cons__trimmed,jam,0.25,3,0
consensus,trimmed,20,60,ring_plus,-2.941630776853565,2.941630776853565,0.1471959420104791,5640,0.0,0.24468085106382978,0.0,0.0,5640.0,4260.0,0.7553191489361702,0.24468085106382975,136320.0,32.0,0.0,4260.0,0.0,0.0,0.0,1380.0,0.0,0.0,trimmed,0.9688566709564661,0.4520509278782603,0.43333333333333335,2.9380692586007204,-0.20807142769526632,,0.0,1.3711704029417888,0.6932116477645714,cons__trimmed,cons__trimmed,jam,0.25,4,0
consensus,trimmed,20,60,ring_plus,-7.016956027153841,7.016956027153841,0.37954358939052696,6360,0.0,0.20754716981132076,0.0,0.0,6360.0,5040.0,0.7924528301886793,0.2075471698113207,161280.0,32.0,0.0,5040.0,0.0,0.0,0.0,1320.0,0.0,0.0,trimmed,0.995660450805817,0.412370447713737,1.0,7.075082286607351,-0.13764764712528213,,0.0,1.6160985120576443,8.788681123263577e-16,cons__trimmed,cons__trimmed,jam,0.25,5,0
consensus,trimmed,20,60,ring_plus,-6.729180406978358,6.729180406978358,0.4453585521435456,4680,0.0,0.23076923076923078,0.0,0.0,4680.0,3600.0,0.7692307692307693,0.23076923076923073,115200.0,32.0,0.0,3600.0,0.0,0.0,0.0,1080.0,0.0,0.0,trimmed,0.9379571246029469,0.5977713640264213,0.21666666666666667,6.715518013229487,-0.23793255569135557,,0.0,0.9450014459069909,0.6516227104008937,cons__trimmed,cons__trimmed,jam,0.25,6,0
consensus,trimmed,20,60,ring_plus,-5.755865248456545,5.755865248456545,0.4704013543014067,6480,0.0,0.2962962962962963,0.0,0.0,6480.0,4560.0,0.7037037037037037,0.2962962962962963,145920.0,32.0,0.0,4560.0,0.0,0.0,0.0,1920.0,0.0,0.0,trimmed,0.9806326451551566,0.41189419655862136,0.48333333333333334,5.709896340384421,-0.22528733671456383,,0.0,2.218617553571293,1.6234402002584751,cons__trimmed,cons__trimmed,jam,0.25,7,0
consensus,trimmed,20,60,ring_plus,-4.111545318065178,4.111545318065178,0.2919823226741876,4200,0.0,0.3142857142857143,0.0,0.0,4200.0,2880.0,0.6857142857142857,0.3142857142857143,92160.0,32.0,0.0,2880.0,0.0,0.0,0.0,1320.0,0.0,0.0,trimmed,0.9935446642403649,0.4513083420325915,1.0,4.1658801115825534,-0.15683494255987493,,0.0,0.7964836768628718,0.48285695744342,cons__trimmed,cons__trimmed,jam,0.25,8,0
consensus,trimmed,20,60,ring_plus,-2.320859899829462,2.320859899829462,0.1620422576655856,5280,0.0,0.20454545454545456,0.0,0.0,5280.0,4200.0,0.7954545454545454,0.20454545454545459,134400.0,32.0,0.0,4200.0,0.0,0.0,0.0,1080.0,0.0,0.0,trimmed,0.9909572723035244,0.2660995813391728,1.0,2.3225456994845595,-0.20721945383592913,,0.0,0.9413291035084279,0.5410467703440894,cons__trimmed,cons__trimmed,jam,0.25,9,0
consensus,trimmed,20,60,ring_plus,-7.408664432945915,7.408664432945915,0.3705902552055666,5040,0.0,0.5238095238095238,0.0,0.0,5040.0,2400.0,0.47619047619047616,0.5238095238095238,76800.0,32.0,0.0,2400.0,0.0,0.0,0.0,2640.0,0.0,0.0,trimmed,0.9984195484219762,0.24725846369578475,1.0,7.409829217052745,-0.05830898061572586,,0.0,1.399646125476325,2.0101208904909568e-16,cons__trimmed,cons__trimmed,jam,0.5,0,0
consensus,trimmed,20,60,ring_plus,-5.023318855343259,5.023318855343259,0.25133206801890984,5400,0.0,0.5222222222222223,0.0,0.0,5400.0,2580.0,0.4777777777777778,0.5222222222222221,82560.0,32.0,0.0,2580.0,0.0,0.0,0.0,2820.0,0.0,0.0,trimmed,0.9938479539997592,0.26937866649062414,1.0,5.023364633856905,-0.2009812347818056,,0.0,1.320493917398932,-2.0216336746729997e-16,cons__trimmed,cons__trimmed,jam,0.5,1,0
consensus,trimmed,20,60,ring_plus,-9.722787711698302,9.722787711698302,0.770549324469014,6120,0.0,0.46078431372549017,0.0,0.0,6120.0,3300.0,0.5392156862745098,0.4607843137254902,105600.0,32.0,0.0,3300.0,0.0,0.0,0.0,2820.0,0.0,0.0,trimmed,0.9871441081471617,0.5338973437435961,0.45,9.684757324922932,-0.1426389576210412,,0.0,1.55469612182113,7.185689075917253e-16,cons__trimmed,cons__trimmed,jam,0.5,2,0
consensus,trimmed,20,60,ring_plus,-16.896195470341034,16.896195470341034,0.9932210329140829,5040,0.0,0.5833333333333334,0.0,0.0,5040.0,2100.0,0.4166666666666667,0.5833333333333333,67200.0,32.0,0.0,2100.0,0.0,0.0,0.0,2940.0,0.0,0.0,trimmed,0.9864431958577761,0.6113447006423671,0.36666666666666664,16.792496710115667,-0.1558400568418831,,0.0,1.2627284000071304,-2.3898125381316e-16,cons__trimmed,cons__trimmed,jam,0.5,3,0
consensus,trimmed,20,60,ring_plus,-10.533644328941104,10.533644328941104,0.527528426392333,5640,0.0,0.48936170212765956,0.0,0.0,5640.0,2880.0,0.5106382978723404,0.4893617021276596,92160.0,32.0,0.0,2880.0,0.0,0.0,0.0,2760.0,0.0,0.0,trimmed,0.9371260814959508,0.6426759788587844,0.7833333333333333,10.537676397987198,-0.08153786849380738,,0.0,1.3711704029417888,9.22679146182269e-17,cons__trimmed,cons__trimmed,jam,0.5,4,0
consensus,trimmed,20,60,ring_plus,-9.383554821462669,9.383554821462669,0.5783116037487359,6360,0.0,0.42452830188679247,0.0,0.0,6360.0,3660.0,0.5754716981132075,0.42452830188679247,117120.0,32.0,0.0,3660.0,0.0,0.0,0.0,2700.0,0.0,0.0,trimmed,0.9969181691581248,0.46440511652967986,1.0,9.39125372751625,-0.09820433388680169,,0.0,1.6160985120576443,5.533258796772204e-16,cons__trimmed,cons__trimmed,jam,0.5,5,0
consensus,trimmed,20,60,ring_plus,-10.139469206504508,10.139469206504508,0.5111677334130319,4680,0.0,0.5256410256410257,0.0,0.0,4680.0,2220.0,0.47435897435897434,0.5256410256410257,71040.0,32.0,0.0,2220.0,0.0,0.0,0.0,2460.0,0.0,0.0,trimmed,0.9475197110307847,0.5942616592302604,0.16666666666666666,10.137738616750719,-0.18109440903258645,,0.0,0.9450014459069909,3.928730535098917e-17,cons__trimmed,cons__trimmed,jam,0.5,6,0
consensus,trimmed,20,60,ring_plus,-8.557702170648955,8.557702170648955,0.47924125956955593,6480,0.0,0.49074074074074076,0.0,0.0,6480.0,3300.0,0.5092592592592593,0.4907407407407407,105600.0,32.0,0.0,3300.0,0.0,0.0,0.0,3180.0,0.0,0.0,trimmed,0.9628624849215554,0.5167220878396236,0.23333333333333334,8.54360508105671,-0.17859005467802364,,0.0,2.218617553571293,4.442157626793808e-16,cons__trimmed,cons__trimmed,jam,0.5,7,0
consensus,trimmed,20,60,ring_plus,-8.634863496481808,8.634863496481808,0.43414789233431517,4200,0.0,0.5285714285714286,0.0,0.0,4200.0,1980.0,0.4714285714285714,0.5285714285714286,63360.0,32.0,0.0,1980.0,0.0,0.0,0.0,2220.0,0.0,0.0,trimmed,0.8973918648962244,0.7109132526605073,0.06666666666666667,8.633886228499803,-0.08144630625293114,,0.0,0.7964836768628718,7.218723564701772e-17,cons__trimmed,cons__trimmed,jam,0.5,8,0
consensus,trimmed,20,60,ring_plus,-3.774883699661724,3.774883699661724,0.2512826654507738,5280,0.0,0.4772727272727273,0.0,0.0,5280.0,2760.0,0.5227272727272727,0.4772727272727273,88320.0,32.0,0.0,2760.0,0.0,0.0,0.0,2520.0,0.0,0.0,trimmed,0.9934236659833348,0.2926782303118125,1.0,3.7836371587854463,-0.18298572383872475,,0.0,0.9413291035084279,4.227176087568643e-16,cons__trimmed,cons__trimmed,jam,0.5,9,0
consensus,trimmed,20,60,ring_plus,-8.711881636786384,8.711881636786384,0.4357004491703858,5040,0.0,0.7619047619047619,0.0,0.0,5040.0,1200.0,0.23809523809523808,0.7619047619047619,38400.0,32.0,0.0,1200.0,0.0,0.0,0.0,3840.0,0.0,0.0,trimmed,0.9992301315586302,0.1835876107700366,1.0,8.712004205392276,-0.03658869388505138,,0.0,1.399646125476325,-2.470145101219242e-16,cons__trimmed,cons__trimmed,jam,0.75,0,0
consensus,trimmed,20,60,ring_plus,-10.56709146446965,10.56709146446965,0.5374678934001561,5400,0.0,0.7555555555555555,0.0,0.0,5400.0,1320.0,0.24444444444444444,0.7555555555555555,42240.0,32.0,0.0,1320.0,0.0,0.0,0.0,4080.0,0.0,0.0,trimmed,0.9977912508423112,0.2647866206087921,1.0,10.567612406594623,-0.10858502462969914,,0.0,1.320493917398932,-2.73585982193477e-16,cons__trimmed,cons__trimmed,jam,0.75,1,0
consensus,trimmed,20,60,ring_plus,-15.40537756434168,15.40537756434168,0.7927815485782658,6120,0.0,0.7352941176470589,0.0,0.0,6120.0,1620.0,0.2647058823529412,0.7352941176470589,51840.0,32.0,0.0,1620.0,0.0,0.0,0.0,4500.0,0.0,0.0,trimmed,0.9565086207295119,0.733065966326889,0.06666666666666667,15.405364552456383,-0.04792912674365155,,0.0,1.55469612182113,-1.0293380571099687e-17,cons__trimmed,cons__trimmed,jam,0.75,2,0
consensus,trimmed,20,60,ring_plus,-21.142084010479778,21.142084010479778,1.061037985946549,5040,0.0,0.7738095238095238,0.0,0.0,5040.0,1140.0,0.2261904761904762,0.7738095238095238,36480.0,32.0,0.0,1140.0,0.0,0.0,0.0,3900.0,0.0,0.0,trimmed,0.9990738528069583,0.27099755140860615,1.0,21.1438558371872,-0.0850752478395707,,0.0,1.2627284000071304,-4.3411469630379086e-16,cons__trimmed,cons__trimmed,jam,0.75,3,0
consensus,trimmed,20,60,ring_plus,-14.611463879841434,14.611463879841434,0.7313256453200512,5640,0.0,0.723404255319149,0.0,0.0,5640.0,1560.0,0.2765957446808511,0.7234042553191489,49920.0,32.0,0.0,1560.0,0.0,0.0,0.0,4080.0,0.0,0.0,trimmed,0.9815046236873907,0.814365181053716,0.85,14.611517609519106,-0.01357420931213523,,0.0,1.3711704029417888,-1.6685486281983725e-16,cons__trimmed,cons__trimmed,jam,0.75,4,0
consensus,trimmed,20,60,ring_plus,-13.100494872485353,13.100494872485353,0.6576220661235592,6360,0.0,0.7169811320754716,0.0,0.0,6360.0,1800.0,0.2830188679245283,0.7169811320754718,57600.0,32.0,0.0,1800.0,0.0,0.0,0.0,4560.0,0.0,0.0,trimmed,0.9996199464175364,0.10706624365754847,1.0,13.100495232369143,-0.03625533303642362,,0.0,1.6160985120576443,3.4135284035789766e-16,cons__trimmed,cons__trimmed,jam,0.75,5,0
consensus,trimmed,20,60,ring_plus,-14.873434526374076,14.873434526374076,0.7436816290722053,4680,0.0,0.8076923076923077,0.0,0.0,4680.0,900.0,0.19230769230769232,0.8076923076923077,28800.0,32.0,0.0,900.0,0.0,0.0,0.0,3780.0,0.0,0.0,trimmed,0.954193059504296,0.6255042972252114,0.1,14.873223081872148,-0.1021949870347603,,0.0,0.9450014459069909,-3.5551152606263237e-16,cons__trimmed,cons__trimmed,jam,0.75,6,0
consensus,trimmed,20,60,ring_plus,-16.438494785784858,16.438494785784858,0.8694954518068926,6480,0.0,0.7222222222222222,0.0,0.0,6480.0,1800.0,0.2777777777777778,0.7222222222222222,57600.0,32.0,0.0,1800.0,0.0,0.0,0.0,4680.0,0.0,0.0,trimmed,0.9655157731313263,0.79876760125438,0.08333333333333333,16.438467355700105,-0.04724351109242526,,0.0,2.218617553571293,-7.007142901653366e-16,cons__trimmed,cons__trimmed,jam,0.75,7,0
consensus,trimmed,20,60,ring_plus,-12.708847392453773,12.708847392453773,0.6361031645797456,4200,0.0,0.7571428571428571,0.0,0.0,4200.0,1020.0,0.24285714285714285,0.7571428571428571,32640.0,32.0,0.0,1020.0,0.0,0.0,0.0,3180.0,0.0,0.0,trimmed,0.999704947995069,0.31250969865598255,1.0,12.709097981798655,-0.013546574653398391,,0.0,0.7964836768628718,-1.3346272666746056e-17,cons__trimmed,cons__trimmed,jam,0.75,8,0
consensus,trimmed,20,60,ring_plus,-10.023108270165,10.023108270165,0.5083749624237053,5280,0.0,0.75,0.0,0.0,5280.0,1320.0,0.25,0.75,42240.0,32.0,0.0,1320.0,0.0,0.0,0.0,3960.0,0.0,0.0,trimmed,0.9738042388424337,0.5377048794600114,0.16666666666666666,10.022232951353205,-0.07884864766367014,,0.0,0.9413291035084279,-5.307638482904972e-16,cons__trimmed,cons__trimmed,jam,0.75,9,0
consensus,trimmed,20,60,ring_plus,-6.28818414554885e-06,6.28818414554885e-06,0.002857296110050542,5040,0.0,0.0,0.0,0.0,5040.0,5040.0,1.0,0.0,161280.0,32.0,0.0,5040.0,0.0,0.0,0.0,0.0,0.0,0.0,trimmed,0.8039716808919491,0.9834495329401921,1.0,2.0105175505070337e-05,-0.18178661636175533,12.0,1.0,1.399646125476325,1.3996461254763248,cons__trimmed,cons__trimmed,byzantine,0.0,0,0
consensus,trimmed,20,60,ring_plus,-1.8944704479782337e-05,1.8944704479782337e-05,0.0013177922597973752,5400,0.0,0.0,0.0,0.0,5400.0,5400.0,1.0,0.0,172800.0,32.0,0.0,5400.0,0.0,0.0,0.0,0.0,0.0,0.0,trimmed,0.8077466241390061,0.992096683945328,1.0,6.254360476096896e-05,-0.2847028999591186,15.0,1.0,1.320493917398932,1.320493917398932,cons__trimmed,cons__trimmed,byzantine,0.0,1,0
consensus,trimmed,20,60,ring_plus,-3.4833629353866156e-08,3.4833629353866156e-08,0.00035887651848144826,6120,0.0,0.0,0.0,0.0,6120.0,6120.0,1.0,0.0,195840.0,32.0,0.0,6120.0,0.0,0.0,0.0,0.0,0.0,0.0,trimmed,0.7282034530484361,0.9989928671538942,1.0,3.513799835983495e-07,-0.30468541890211903,11.0,1.0,1.55469612182113,1.5546961218211295,cons__trimmed,cons__trimmed,byzantine,0.0,2,0
consensus,trimmed,20,60,ring_plus,-1.833065035825461e-06,1.833065035825461e-06,0.007174937343838228,5040,0.0,0.0,0.0,0.0,5040.0,5040.0,1.0,0.0,161280.0,32.0,0.0,5040.0,0.0,0.0,0.0,0.0,0.0,0.0,trimmed,0.7658056209537516,0.9989998098686504,1.0,1.0884906608192929e-05,-0.4374432841298164,15.0,1.0,1.2627284000071304,1.2627284000071306,cons__trimmed,cons__trimmed,byzantine,0.0,3,0
consensus,trimmed,20,60,ring_plus,-3.3006243618791413e-07,3.3006243618791413e-07,0.00029502411897459294,5640,0.0,0.0,0.0,0.0,5640.0,5640.0,1.0,0.0,180480.0,32.0,0.0,5640.0,0.0,0.0,0.0,0.0,0.0,0.0,trimmed,0.7626841175107806,0.9769948422407622,1.0,1.192736579937804e-06,-0.2570986018084519,9.0,1.0,1.3711704029417888,1.3711704029417888,cons__trimmed,cons__trimmed,byzantine,0.0,4,0
consensus,trimmed,20,60,ring_plus,-4.986010407718023e-07,4.986010407718023e-07,0.015035469072286131,6360,0.0,0.0,0.0,0.0,6360.0,6360.0,1.0,0.0,203520.0,32.0,0.0,6360.0,0.0,0.0,0.0,0.0,0.0,0.0,trimmed,0.7658983758636837,0.9931947664918263,1.0,3.022442589800201e-06,-0.25459690593449547,11.0,1.0,1.6160985120576443,1.616098512057644,cons__trimmed,cons__trimmed,byzantine,0.0,5,0
consensus,trimmed,20,60,ring_plus,-1.5514119972799072e-06,1.5514119972799072e-06,0.051564255816551906,4680,0.0,0.0,0.0,0.0,4680.0,4680.0,1.0,0.0,149760.0,32.0,0.0,4680.0,0.0,0.0,0.0,0.0,0.0,0.0,trimmed,0.780196985857132,0.9958593992075357,1.0,8.287072127737848e-06,-0.35008553661746167,12.0,1.0,0.9450014459069909,0.9450014459069908,cons__trimmed,cons__trimmed,byzantine,0.0,6,0
consensus,trimmed,20,60,ring_plus,-5.6247169910680225e-08,5.6247169910680225e-08,8.277763670965443e-07,6480,0.0,0.0,0.0,0.0,6480.0,6480.0,1.0,0.0,207360.0,32.0,0.0,6480.0,0.0,0.0,0.0,0.0,0.0,0.0,trimmed,0.7378253692409176,0.9757614470350727,1.0,2.792965367543365e-07,-0.3212184232513867,9.0,1.0,2.218617553571293,2.218617553571293,cons__trimmed,cons__trimmed,byzantine,0.0,7,0
consensus,trimmed,20,60,ring_plus,-0.0002251020653163997,0.0002251020653163997,0.010978249612222199,4200,0.0,0.0,0.0,0.0,4200.0,4200.0,1.0,0.0,134400.0,32.0,0.0,4200.0,0.0,0.0,0.0,0.0,0.0,0.0,trimmed,0.8547593290810412,0.9856938144900125,1.0,0.0005217862119971232,-0.22535694615987265,16.0,1.0,0.7964836768628718,0.7964836768628717,cons__trimmed,cons__trimmed,byzantine,0.0,8,0
consensus,trimmed,20,60,ring_plus,-0.0012001212929787172,0.0012001212929787172,0.0006960759565348294,5280,0.0,0.0,0.0,0.0,5280.0,5280.0,1.0,0.0,168960.0,32.0,0.0,5280.0,0.0,0.0,0.0,0.0,0.0,0.0,trimmed,0.8835971298453388,0.9559029033283781,1.0,0.0023077404780692066,-0.24588045014487053,15.0,1.0,0.9413291035084279,0.9413291035084281,cons__trimmed,cons__trimmed,byzantine,0.0,9,0
consensus,trimmed,20,60,ring_plus,-0.15781516913190463,0.15781516913190463,0.017186015451993466,5040,0.0,0.0,0.0,0.0,5040.0,5040.0,1.0,0.0,161280.0,32.0,0.0,5040.0,0.0,0.0,0.0,0.0,0.0,0.0,trimmed,0.8446414885803454,0.6734314657374529,0.6166666666666667,0.360128677703498,-0.17915646834595936,12.0,1.0,1.399646125476325,1.3996461254763248,cons__trimmed,cons__trimmed,byzantine,0.1,0,0
consensus,trimmed,20,60,ring_plus,-0.030253548422419715,0.030253548422419715,0.020411738856503065,5400,0.0,0.0,0.0,0.0,5400.0,5400.0,1.0,0.0,172800.0,32.0,0.0,5400.0,0.0,0.0,0.0,0.0,0.0,0.0,trimmed,0.9114789948995907,0.36149279210708607,0.7666666666666667,0.06501516949327905,-0.28419898989715303,10.0,1.0,1.320493917398932,1.320493917398932,cons__trimmed,cons__trimmed,byzantine,0.1,1,0
consensus,trimmed,20,60,ring_plus,-0.19661949923430946,0.19661949923430946,0.01121528414729989,6120,0.0,0.0,0.0,0.0,6120.0,6120.0,1.0,0.0,195840.0,32.0,0.0,6120.0,0.0,0.0,0.0,0.0,0.0,0.0,trimmed,0.8612905996358488,0.49586326281236803,0.5666666666666667,0.4677192989281034,-0.30140842782877436,12.0,1.0,1.55469612182113,1.5546961218211295,cons__trimmed,cons__trimmed,byzantine,0.1,2,0
consensus,trimmed,20,60,ring_plus,-0.19919767522552895,0.19919767522552895,0.053148946282093046,5040,0.0,0.0,0.0,0.0,5040.0,5040.0,1.0,0.0,161280.0,32.0,0.0,5040.0,0.0,0.0,0.0,0.0,0.0,0.0,trimmed,0.8425018073771247,0.7399536418463822,0.55,0.18979146807571304,-0.4341233534271415,14.0,1.0,1.2627284000071304,1.2627284000071306,cons__trimmed,cons__trimmed,byzantine,0.1,3,0
consensus,trimmed,20,60,ring_plus,-0.08850503669934606,0.08850503669934606,0.00895776874335048,5640,0.0,0.0,0.0,0.0,5640.0,5640.0,1.0,0.0,180480.0,32.0,0.0,5640.0,0.0,0.0,0.0,0.0,0.0,0.0,trimmed,0.873721412870666,0.5782975408619762,0.6166666666666667,0.2891801705630053,-0.25562352336450334,13.0,1.0,1.3711704029417888,1.3711704029417888,cons__trimmed,cons__trimmed,byzantine,0.1,4,0
consensus,trimmed,20,60,ring_plus,-0.0046128787899515165,0.0046128787899515165,0.0008056210736647454,6360,0.0,0.0,0.0,0.0,6360.0,6360.0,1.0,0.0,203520.0,32.0,0.0,6360.0,0.0,0.0,0.0,0.0,0.0,0.0,trimmed,0.9140970466093977,0.45001278583256277,0.5833333333333334,0.20983317983333374,-0.25452003293134695,10.0,1.0,1.6160985120576443,1.616098512057644,cons__trimmed,cons__trimmed,byzantine,0.1,5,0
consensus,trimmed,20,60,ring_plus,-5.583316524370107e-05,5.583316524370107e-05,0.009608645100013458,4680,0.0,0.0,0.0,0.0,4680.0,4680.0,1.0,0.0,149760.0,32.0,0.0,4680.0,0.0,0.0,0.0,0.0,0.0,0.0,trimmed,0.8319268665740814,0.9741003419501474,1.0,0.00015304421440835483,-0.3500846319215743,12.0,1.0,0.9450014459069909,0.9450014459069908,cons__trimmed,cons__trimmed,byzantine,0.1,6,0
consensus,trimmed,20,60,ring_plus,-0.04375998901955584,0.04375998901955584,0.029608163771748096,6480,0.0,0.0,0.0,0.0,6480.0,6480.0,1.0,0.0,207360.0,32.0,0.0,6480.0,0.0,0.0,0.0,0.0,0.0,0.0,trimmed,0.7378495688355313,0.7868960021830266,0.7,0.09791798600519684,-0.3204890910385137,9.0,1.0,2.218617553571293,2.218617553571293,cons__trimmed,cons__trimmed,byzantine,0.1,7,0
consensus,trimmed,20,60,ring_plus,-0.04001240395137748,0.04001240395137748,0.02407223159849564,4200,0.0,0.0,0.0,0.0,4200.0,4200.0,1.0,0.0,134400.0,32.0,0.0,4200.0,0.0,0.0,0.0,0.0,0.0,0.0,trimmed,0.8879591622456016,0.5388564516807796,0.5833333333333334,0.35048439921787367,-0.22469382446177164,16.0,1.0,0.7964836768628718,0.7964836768628717,cons__trimmed,cons__trimmed,byzantine,0.1,8,0
consensus,trimmed,20,60,ring_plus,-7.77915339569991e-05,7.77915339569991e-05,0.00610060400624199,5280,0.0,0.0,0.0,0.0,5280.0,5280.0,1.0,0.0,168960.0,32.0,0.0,5280.0,0.0,0.0,0.0,0.0,0.0,0.0,trimmed,0.8370041518047606,0.9784305816755565,1.0,0.00023854754655167307,-0.24589915564085418,14.0,1.0,0.9413291035084279,0.9413291035084281,cons__trimmed,cons__trimmed,byzantine,0.1,9,0
consensus,trimmed,20,60,ring_plus,-0.7874754886980653,0.7874754886980653,0.04068976507854317,5040,0.0,0.0,0.0,0.0,5040.0,5040.0,1.0,0.0,161280.0,32.0,0.0,5040.0,0.0,0.0,0.0,0.0,0.0,0.0,trimmed,0.9310815172987233,0.30996574699183976,0.5666666666666667,0.8824151393135412,-0.16866212968652333,25.0,1.0,1.399646125476325,1.3996461254763248,cons__trimmed,cons__trimmed,byzantine,0.25,0,0
consensus,trimmed,20,60,ring_plus,-0.08533288957102443,0.08533288957102443,0.004455162307453316,5400,0.0,0.0,0.0,0.0,5400.0,5400.0,1.0,0.0,172800.0,32.0,0.0,5400.0,0.0,0.0,0.0,0.0,0.0,0.0,trimmed,0.9430735148291307,0.5033570862916665,0.6166666666666667,1.0768498383652478,-0.2832810008780096,43.0,1.0,1.320493917398932,1.320493917398932,cons__trimmed,cons__trimmed,byzantine,0.25,1,0
consensus,trimmed,20,60,ring_plus,-0.800331284986369,0.800331284986369,0.04622715041453472,6120,0.0,0.0,0.0,0.0,6120.0,6120.0,1.0,0.0,195840.0,32.0,0.0,6120.0,0.0,0.0,0.0,0.0,0.0,0.0,trimmed,0.958893645111516,0.25750570447130205,0.5666666666666667,0.7484412882177219,-0.2913465647329067,14.0,1.0,1.55469612182113,1.5546961218211295,cons__trimmed,cons__trimmed,byzantine,0.25,2,0
consensus,trimmed,20,60,ring_plus,-1.7491400108032418,1.7491400108032418,0.15360843660678664,5040,0.0,0.0,0.0,0.0,5040.0,5040.0,1.0,0.0,161280.0,32.0,0.0,5040.0,0.0,0.0,0.0,0.0,0.0,0.0,trimmed,0.9457176746085728,0.3336633865880928,0.6,1.2535421279673213,-0.4082909811675129,24.0,1.0,1.2627284000071304,1.2627284000071306,cons__trimmed,cons__trimmed,byzantine,0.25,3,0
consensus,trimmed,20,60,ring_plus,-0.520998159866963,0.520998159866963,0.02605551548205402,5640,0.0,0.0,0.0,0.0,5640.0,5640.0,1.0,0.0,180480.0,32.0,0.0,5640.0,0.0,0.0,0.0,0.0,0.0,0.0,trimmed,0.9333641340723235,0.4126722949005983,0.6,0.6526681151744035,-0.2484153046450431,31.0,1.0,1.3711704029417888,1.3711704029417888,cons__trimmed,cons__trimmed,byzantine,0.25,4,0
consensus,trimmed,20,60,ring_plus,-0.49010251583556985,0.49010251583556985,0.06171106887597823,6360,0.0,0.0,0.0,0.0,6360.0,6360.0,1.0,0.0,203520.0,32.0,0.0,6360.0,0.0,0.0,0.0,0.0,0.0,0.0,trimmed,0.9728439631660125,0.11815724715033882,0.5333333333333333,1.462912953389088,-0.24642853898058664,48.0,1.0,1.6160985120576443,1.616098512057644,cons__trimmed,cons__trimmed,byzantine,0.25,5,0
consensus,trimmed,20,60,ring_plus,-0.39564065950973354,0.39564065950973354,0.044748953557941805,4680,0.0,0.0,0.0,0.0,4680.0,4680.0,1.0,0.0,149760.0,32.0,0.0,4680.0,0.0,0.0,0.0,0.0,0.0,0.0,trimmed,0.9533908790718104,0.32092860038284554,0.6,0.7153254112751998,-0.34349155148249927,,0.0,0.9450014459069909,0.9450014459069908,cons__trimmed,cons__trimmed,byzantine,0.25,6,0
consensus,trimmed,20,60,ring_plus,-0.34238868002779055,0.34238868002779055,0.09732187354821502,6480,0.0,0.0,0.0,0.0,6480.0,6480.0,1.0,0.0,207360.0,32.0,0.0,6480.0,0.0,0.0,0.0,0.0,0.0,0.0,trimmed,0.899903750743926,0.5348014559338258,0.6,0.789372075624974,-0.3155119461883764,22.0,1.0,2.218617553571293,2.218617553571293,cons__trimmed,cons__trimmed,byzantine,0.25,7,0
consensus,trimmed,20,60,ring_plus,-0.6370286016355302,0.6370286016355302,0.22937037244867856,4200,0.0,0.0,0.0,0.0,4200.0,4200.0,1.0,0.0,134400.0,32.0,0.0,4200.0,0.0,0.0,0.0,0.0,0.0,0.0,trimmed,0.9608233966940942,0.3534882534146738,0.5333333333333333,1.1135774589072633,-0.21474355450036914,,0.0,0.7964836768628718,0.7964836768628717,cons__trimmed,cons__trimmed,byzantine,0.25,8,0
consensus,trimmed,20,60,ring_plus,-0.6494613684268721,0.6494613684268721,0.04231468153681207,5280,0.0,0.0,0.0,0.0,5280.0,5280.0,1.0,0.0,168960.0,32.0,0.0,5280.0,0.0,0.0,0.0,0.0,0.0,0.0,trimmed,0.950733074441631,0.26688828692763056,0.6166666666666667,1.063996543929774,-0.23507609602597232,35.0,1.0,0.9413291035084279,0.9413291035084281,cons__trimmed,cons__trimmed,byzantine,0.25,9,0
consensus,trimmed,20,60,ring_plus,-3.6036256865163447,3.6036256865163447,0.2027352179260186,5040,0.0,0.0,0.0,0.0,5040.0,5040.0,1.0,0.0,161280.0,32.0,0.0,5040.0,0.0,0.0,0.0,0.0,0.0,0.0,trimmed,0.989033642835762,0.0932754007360892,0.43333333333333335,2.1933981366171755,-0.1217262930562187,,0.0,1.399646125476325,1.3996461254763248,cons__trimmed,cons__trimmed,byzantine,0.5,0,0
consensus,trimmed,20,60,ring_plus,-4.704306476291846,4.704306476291846,0.3097284832056485,5400,0.0,0.0,0.0,0.0,5400.0,5400.0,1.0,0.0,172800.0,32.0,0.0,5400.0,0.0,0.0,0.0,0.0,0.0,0.0,trimmed,0.9632795774298959,0.3675986454746094,0.4666666666666667,2.2741253719466017,-0.20629810776599591,,0.0,1.320493917398932,1.320493917398932,cons__trimmed,cons__trimmed,byzantine,0.5,1,0
consensus,trimmed,20,60,ring_plus,-2.296715240840008,2.296715240840008,0.19294514222305875,6120,0.0,0.0,0.0,0.0,6120.0,6120.0,1.0,0.0,195840.0,32.0,0.0,6120.0,0.0,0.0,0.0,0.0,0.0,0.0,trimmed,0.9428252730535344,0.3635733089972113,0.5833333333333334,2.4051918272983692,-0.2664068321353461,,0.0,1.55469612182113,1.5546961218211295,cons__trimmed,cons__trimmed,byzantine,0.5,2,0
consensus,trimmed,20,60,ring_plus,-5.866797019567046,5.866797019567046,0.31122920219123634,5040,0.0,0.0,0.0,0.0,5040.0,5040.0,1.0,0.0,161280.0,32.0,0.0,5040.0,0.0,0.0,0.0,0.0,0.0,0.0,trimmed,0.8466732887566641,0.7341498454882098,0.4666666666666667,4.4828688287504965,-0.3396633643547829,,0.0,1.2627284000071304,1.2627284000071306,cons__trimmed,cons__trimmed,byzantine,0.5,3,0
consensus,trimmed,20,60,ring_plus,-3.8668693245680554,3.8668693245680554,0.24047344379084218,5640,0.0,0.0,0.0,0.0,5640.0,5640.0,1.0,0.0,180480.0,32.0,0.0,5640.0,0.0,0.0,0.0,0.0,0.0,0.0,trimmed,0.9905940919680122,0.09131491397282354,0.5833333333333334,2.213848008008838,-0.19265078523335818,,0.0,1.3711704029417888,1.3711704029417888,cons__trimmed,cons__trimmed,byzantine,0.5,4,0
consensus,trimmed,20,60,ring_plus,-1.8632355806784766,1.8632355806784766,0.5304037742447014,6360,0.0,0.0,0.0,0.0,6360.0,6360.0,1.0,0.0,203520.0,32.0,0.0,6360.0,0.0,0.0,0.0,0.0,0.0,0.0,trimmed,0.8343998409674829,0.6627485135998583,0.6,2.5182676697804545,-0.22354298789987154,,0.0,1.6160985120576443,1.616098512057644,cons__trimmed,cons__trimmed,byzantine,0.5,5,0
consensus,trimmed,20,60,ring_plus,-0.3569495255996446,0.3569495255996446,0.19614351669864982,4680,0.0,0.0,0.0,0.0,4680.0,4680.0,1.0,0.0,149760.0,32.0,0.0,4680.0,0.0,0.0,0.0,0.0,0.0,0.0,trimmed,0.9905009550619522,0.05622517909554492,0.5333333333333333,3.2130944969695165,-0.3441364037143341,,0.0,0.9450014459069909,0.9450014459069908,cons__trimmed,cons__trimmed,byzantine,0.5,6,0
consensus,trimmed,20,60,ring_plus,-1.2476850730400173,1.2476850730400173,0.06784828465472255,6480,0.0,0.0,0.0,0.0,6480.0,6480.0,1.0,0.0,207360.0,32.0,0.0,6480.0,0.0,0.0,0.0,0.0,0.0,0.0,trimmed,0.9800446645194211,0.21525612202558853,0.5166666666666667,1.5357039853821801,-0.3004236729715059,,0.0,2.218617553571293,2.218617553571293,cons__trimmed,cons__trimmed,byzantine,0.5,7,0
consensus,trimmed,20,60,ring_plus,-1.0909982192302867,1.0909982192302867,0.3020534771306128,4200,0.0,0.0,0.0,0.0,4200.0,4200.0,1.0,0.0,134400.0,32.0,0.0,4200.0,0.0,0.0,0.0,0.0,0.0,0.0,trimmed,0.9535231283994471,0.20141040076487882,0.55,4.062908503336259,-0.20717739420712322,,0.0,0.7964836768628718,0.7964836768628717,cons__trimmed,cons__trimmed,byzantine,0.5,8,0
consensus,trimmed,20,60,ring_plus,-3.0541609399059015,3.0541609399059015,0.15600847496594347,5280,0.0,0.0,0.0,0.0,5280.0,5280.0,1.0,0.0,168960.0,32.0,0.0,5280.0,0.0,0.0,0.0,0.0,0.0,0.0,trimmed,0.9732973467274454,0.3166894080216657,0.5833333333333334,3.1876710069844756,-0.1949977698346551,,0.0,0.9413291035084279,0.9413291035084281,cons__trimmed,cons__trimmed,byzantine,0.5,9,0
consensus,oracle,20,60,ring_plus,-3.8664844106342306e-22,3.8664844106342306e-22,1.9332422053171154e-23,1200,0.0,0.0,0.0,0.0,1200.0,0.0,0.0,1.0,0.0,0.0,0.0,0.0,0.0,0.0,0.0,0.0,0.0,0.0,oracle,0.4227557842711919,0.9999943995870424,1.0,7.285763518965964e-19,-0.18178672116482444,6.0,1.0,1.399646125476325,0.0,cons__oracle,cons__oracle,msg_drop,0.0,0,0
consensus,oracle,20,60,ring_plus,-6.055460459984619e-22,6.055460459984619e-22,3.0277302297766055e-23,1200,0.0,0.0,0.0,0.0,1200.0,0.0,0.0,1.0,0.0,0.0,0.0,0.0,0.0,0.0,0.0,0.0,0.0,0.0,oracle,0.42348795030259173,0.9999138029311893,1.0,1.1410516130286538e-18,-0.2847032157041933,6.0,1.0,1.320493917398932,0.0,cons__oracle,cons__oracle,msg_drop,0.0,1,0
consensus,oracle,20,60,ring_plus,-6.480460387581728e-22,6.480460387581728e-22,3.240230193917976e-23,1200,0.0,0.0,0.0,0.0,1200.0,0.0,0.0,1.0,0.0,0.0,0.0,0.0,0.0,0.0,0.0,0.0,0.0,0.0,oracle,0.42336538085374786,0.9999338882313078,1.0,1.221137547196742e-18,-0.3046854194826796,6.0,1.0,1.55469612182113,0.0,cons__oracle,cons__oracle,msg_drop,0.0,2,0
consensus,oracle,20,60,ring_plus,-9.30414073457891e-22,9.30414073457891e-22,4.6520703672894553e-23,1200,0.0,0.0,0.0,0.0,1200.0,0.0,0.0,1.0,0.0,0.0,0.0,0.0,0.0,0.0,0.0,0.0,0.0,0.0,oracle,0.4227124677056445,0.9999960226921669,1.0,1.7532130658455097e-18,-0.43744331468090025,6.0,1.0,1.2627284000071304,0.0,cons__oracle,cons__oracle,msg_drop,0.0,3,0
consensus,oracle,20,60,ring_plus,-5.468320841049145e-22,5.468320841049145e-22,2.7341604205245725e-23,1200,0.0,0.0,0.0,0.0,1200.0,0.0,0.0,1.0,0.0,0.0,0.0,0.0,0.0,0.0,0.0,0.0,0.0,0.0,oracle,0.42367230271989975,0.9998785667771415,1.0,1.0304161093649226e-18,-0.25709860730949247,6.0,1.0,1.3711704029417888,0.0,cons__oracle,cons__oracle,msg_drop,0.0,4,0
consensus,oracle,20,60,ring_plus,-5.415111608532736e-22,5.415111608532736e-22,2.707555804759406e-23,1200,0.0,0.0,0.0,0.0,1200.0,0.0,0.0,1.0,0.0,0.0,0.0,0.0,0.0,0.0,0.0,0.0,0.0,0.0,oracle,0.42368998185147133,0.9998748700933872,1.0,1.0203896391088902e-18,-0.25459691424451286,6.0,1.0,1.6160985120576443,0.0,cons__oracle,cons__oracle,msg_drop,0.0,5,0
consensus,oracle,20,60,ring_plus,-7.446090726775165e-22,7.446090726775165e-22,3.7230453633875824e-23,1200,0.0,0.0,0.0,0.0,1200.0,0.0,0.0,1.0,0.0,0.0,0.0,0.0,0.0,0.0,0.0,0.0,0.0,0.0,oracle,0.423114511392679,0.9999666882807303,1.0,1.4030951287744478e-18,-0.35008556247432826,6.0,1.0,0.9450014459069909,0.0,cons__oracle,cons__oracle,msg_drop,0.0,6,0
consensus,oracle,20,60,ring_plus,-6.83210456341137e-22,6.83210456341137e-22,3.4160522817107104e-23,1200,0.0,0.0,0.0,0.0,1200.0,0.0,0.0,1.0,0.0,0.0,0.0,0.0,0.0,0.0,0.0,0.0,0.0,0.0,oracle,0.42326992391320073,0.9999476838305884,1.0,1.2873995791278102e-18,-0.32121842418883956,6.0,1.0,2.218617553571293,0.0,cons__oracle,cons__oracle,msg_drop,0.0,7,0
consensus,oracle,20,60,ring_plus,-4.793271062728291e-22,4.793271062728291e-22,2.3966355314623678e-23,1200,0.0,0.0,0.0,0.0,1200.0,0.0,0.0,1.0,0.0,0.0,0.0,0.0,0.0,0.0,0.0,0.0,0.0,0.0,oracle,0.42391058589216357,0.9998240626992432,1.0,9.032149127074082e-19,-0.22536069786096127,6.0,1.0,0.7964836768628718,0.0,cons__oracle,cons__oracle,msg_drop,0.0,8,0
consensus,oracle,20,60,ring_plus,-5.230140125304282e-22,5.230140125304282e-22,2.615070062681632e-23,1200,0.0,0.0,0.0,0.0,1200.0,0.0,0.0,1.0,0.0,0.0,0.0,0.0,0.0,0.0,0.0,0.0,0.0,0.0,oracle,0.4237528254215684,0.9998612793106549,1.0,9.855354321495351e-19,-0.24590045216642012,6.0,1.0,0.9413291035084279,0.0,cons__oracle,cons__oracle,msg_drop,0.0,9,0
consensus,oracle,20,60,ring_plus,-5.246573585940449e-19,5.246573585940449e-19,0.003606856758964319,1200,0.0,0.0,0.0,0.0,1200.0,0.0,0.0,1.0,0.0,0.0,0.0,0.0,0.0,0.0,0.0,0.0,0.0,0.0,oracle,0.47215368066256413,0.9992702880298909,1.0,2.2507315940824674e-16,-0.18178672116482444,7.0,1.0,1.399646125476325,0.0,cons__oracle,cons__oracle,msg_drop,0.1,0,0
consensus,oracle,20,60,ring_plus,-1.0316653804210631e-18,1.0316653804210631e-18,0.0006346517788781323,1200,0.0,0.0,0.0,0.0,1200.0,0.0,0.0,1.0,0.0,0.0,0.0,0.0,0.0,0.0,0.0,0.0,0.0,0.0,oracle,0.47688699523195555,0.9989929866366272,1.0,7.455241548756604e-16,-0.2847032157041933,6.0,1.0,1.320493917398932,0.0,cons__oracle,cons__oracle,msg_drop,0.1,1,0
consensus,oracle,20,60,ring_plus,-1.671297381708898e-17,1.671297381708898e-17,0.00034471071244371245,1200,0.0,0.0,0.0,0.0,1200.0,0.0,0.0,1.0,0.0,0.0,0.0,0.0,0.0,0.0,0.0,0.0,0.0,0.0,oracle,0.5122733204623202,0.9975599902937862,1.0,1.3302614240069742e-14,-0.30468541948267963,7.0,1.0,1.55469612182113,0.0,cons__oracle,cons__oracle,msg_drop,0.1,2,0
consensus,oracle,20,60,ring_plus,-3.578215720721663e-18,3.578215720721663e-18,0.000492773815100625,1200,0.0,0.0,0.0,0.0,1200.0,0.0,0.0,1.0,0.0,0.0,0.0,0.0,0.0,0.0,0.0,0.0,0.0,0.0,oracle,0.48139028643910464,0.9994435830048369,1.0,1.5914050495946908e-15,-0.43744331468090025,6.0,1.0,1.2627284000071304,0.0,cons__oracle,cons__oracle,msg_drop,0.1,3,0
consensus,oracle,20,60,ring_plus,-1.9188704800311737e-19,1.9188704800311737e-19,0.005039659553429944,1200,0.0,0.0,0.0,0.0,1200.0,0.0,0.0,1.0,0.0,0.0,0.0,0.0,0.0,0.0,0.0,0.0,0.0,0.0,oracle,0.4643478461484469,0.9994933154027996,1.0,1.4501107752405554e-16,-0.2570986073094924,7.0,1.0,1.3711704029417888,0.0,cons__oracle,cons__oracle,msg_drop,0.1,4,0
consensus,oracle,20,60,ring_plus,-2.274366208828293e-18,2.274366208828293e-18,0.00017831516407013095,1200,0.0,0.0,0.0,0.0,1200.0,0.0,0.0,1.0,0.0,0.0,0.0,0.0,0.0,0.0,0.0,0.0,0.0,0.0,oracle,0.493181355531126,0.9988125636166543,1.0,2.2203668994389097e-15,-0.25459691424451286,6.0,1.0,1.6160985120576443,0.0,cons__oracle,cons__oracle,msg_drop,0.1,5,0
consensus,oracle,20,60,ring_plus,-2.0758023533595512e-18,2.0758023533595512e-18,0.00022827874673259102,1200,0.0,0.0,0.0,0.0,1200.0,0.0,0.0,1.0,0.0,0.0,0.0,0.0,0.0,0.0,0.0,0.0,0.0,0.0,oracle,0.48963492005878295,0.9992974311994979,1.0,4.613015520045573e-16,-0.3500855624743283,6.0,1.0,0.9450014459069909,0.0,cons__oracle,cons__oracle,msg_drop,0.1,6,0
consensus,oracle,20,60,ring_plus,-4.758510322975778e-19,4.758510322975778e-19,0.0007000594047540229,1200,0.0,0.0,0.0,0.0,1200.0,0.0,0.0,1.0,0.0,0.0,0.0,0.0,0.0,0.0,0.0,0.0,0.0,0.0,oracle,0.4811251758113219,0.9995766061084814,1.0,3.666452679545614e-16,-0.32121842418883956,7.0,1.0,2.218617553571293,0.0,cons__oracle,cons__oracle,msg_drop,0.1,7,0
consensus,oracle,20,60,ring_plus,-1.9394564488828896e-19,1.9394564488828896e-19,0.0011908260948048067,1200,0.0,0.0,0.0,0.0,1200.0,0.0,0.0,1.0,0.0,0.0,0.0,0.0,0.0,0.0,0.0,0.0,0.0,0.0,oracle,0.4675004110238025,0.9992408922274393,1.0,1.7965002184514417e-16,-0.22536069786096127,7.0,1.0,0.7964836768628718,0.0,cons__oracle,cons__oracle,msg_drop,0.1,8,0
consensus,oracle,20,60,ring_plus,-1.4424907969955343e-19,1.4424907969955343e-19,0.0002009554134249255,1200,0.0,0.0,0.0,0.0,1200.0,0.0,0.0,1.0,0.0,0.0,0.0,0.0,0.0,0.0,0.0,0.0,0.0,0.0,oracle,0.46741268160688876,0.9997622454738845,1.0,1.5525196527299786e-16,-0.24590045216642017,6.0,1.0,0.9413291035084279,0.0,cons__oracle,cons__oracle,msg_drop,0.1,9,0
consensus,oracle,20,60,ring_plus,-1.6302961984657388e-14,1.6302961984657388e-14,0.005856485845330874,1200,0.0,0.0,0.0,0.0,1200.0,0.0,0.0,1.0,0.0,0.0,0.0,0.0,0.0,0.0,0.0,0.0,0.0,0.0,oracle,0.5663411763933711,0.9983743748373795,1.0,1.7251985763797225e-12,-0.18178672116482414,9.0,1.0,1.399646125476325,0.0,cons__oracle,cons__oracle,msg_drop,0.3,0,0
consensus,oracle,20,60,ring_plus,-1.9678543473142286e-13,1.9678543473142286e-13,0.0019249054315686835,1200,0.0,0.0,0.0,0.0,1200.0,0.0,0.0,1.0,0.0,0.0,0.0,0.0,0.0,0.0,0.0,0.0,0.0,0.0,oracle,0.5803551101183162,0.9962752604135399,1.0,5.545197908375251e-12,-0.28470321570419005,9.0,1.0,1.320493917398932,0.0,cons__oracle,cons__oracle,msg_drop,0.3,1,0
consensus,oracle,20,60,ring_plus,-1.194299399828695e-13,1.194299399828695e-13,0.00394032279880552,1200,0.0,0.0,0.0,0.0,1200.0,0.0,0.0,1.0,0.0,0.0,0.0,0.0,0.0,0.0,0.0,0.0,0.0,0.0,oracle,0.5719650467057836,0.9983305338817343,1.0,8.030616348556423e-12,-0.30468541948267763,9.0,1.0,1.55469612182113,0.0,cons__oracle,cons__oracle,msg_drop,0.3,2,0
consensus,oracle,20,60,ring_plus,-6.700304929191396e-13,6.700304929191396e-13,7.595449155171371e-06,1200,0.0,0.0,0.0,0.0,1200.0,0.0,0.0,1.0,0.0,0.0,0.0,0.0,0.0,0.0,0.0,0.0,0.0,0.0,oracle,0.596060003026885,0.9973331879110123,1.0,3.7232317027448157e-11,-0.4374433146808892,8.0,1.0,1.2627284000071304,0.0,cons__oracle,cons__oracle,msg_drop,0.3,3,0
consensus,oracle,20,60,ring_plus,-6.476292023687011e-13,6.476292023687011e-13,0.0041504505536234014,1200,0.0,0.0,0.0,0.0,1200.0,0.0,0.0,1.0,0.0,0.0,0.0,0.0,0.0,0.0,0.0,0.0,0.0,0.0,oracle,0.5899005041949692,0.9971036707417235,1.0,7.037366845949857e-12,-0.25709860730948164,9.0,1.0,1.3711704029417888,0.0,cons__oracle,cons__oracle,msg_drop,0.3,4,0
consensus,oracle,20,60,ring_plus,-9.772128356865194e-14,9.772128356865194e-14,0.011928534689131005,1200,0.0,0.0,0.0,0.0,1200.0,0.0,0.0,1.0,0.0,0.0,0.0,0.0,0.0,0.0,0.0,0.0,0.0,0.0,oracle,0.5917087622912077,0.9970884644153106,1.0,4.986367950527954e-11,-0.25459691424451125,9.0,1.0,1.6160985120576443,0.0,cons__oracle,cons__oracle,msg_drop,0.3,5,0
consensus,oracle,20,60,ring_plus,-2.431678009028741e-13,2.431678009028741e-13,0.001517796204671337,1200,0.0,0.0,0.0,0.0,1200.0,0.0,0.0,1.0,0.0,0.0,0.0,0.0,0.0,0.0,0.0,0.0,0.0,0.0,oracle,0.5974489230437753,0.997464495610809,1.0,3.350264957706743e-11,-0.35008556247432415,8.0,1.0,0.9450014459069909,0.0,cons__oracle,cons__oracle,msg_drop,0.3,6,0
consensus,oracle,20,60,ring_plus,-1.0330130213300531e-13,1.0330130213300531e-13,0.0033205279596317952,1200,0.0,0.0,0.0,0.0,1200.0,0.0,0.0,1.0,0.0,0.0,0.0,0.0,0.0,0.0,0.0,0.0,0.0,0.0,oracle,0.5761930922005624,0.9974851043347057,1.0,3.9644330725222645e-12,-0.3212184241888378,8.0,1.0,2.218617553571293,0.0,cons__oracle,cons__oracle,msg_drop,0.3,7,0
consensus,oracle,20,60,ring_plus,-4.0917357115088916e-13,4.0917357115088916e-13,0.0037275785487350397,1200,0.0,0.0,0.0,0.0,1200.0,0.0,0.0,1.0,0.0,0.0,0.0,0.0,0.0,0.0,0.0,0.0,0.0,0.0,oracle,0.6002042614075329,0.9967875191877831,1.0,7.395983573950131e-11,-0.22536069786095447,11.0,1.0,0.7964836768628718,0.0,cons__oracle,cons__oracle,msg_drop,0.3,8,0
consensus,oracle,20,60,ring_plus,-2.250832823559908e-14,2.250832823559908e-14,0.001058821840001128,1200,0.0,0.0,0.0,0.0,1200.0,0.0,0.0,1.0,0.0,0.0,0.0,0.0,0.0,0.0,0.0,0.0,0.0,0.0,oracle,0.5734314347173747,0.9985901052247922,1.0,4.4240832479091186e-12,-0.24590045216641976,8.0,1.0,0.9413291035084279,0.0,cons__oracle,cons__oracle,msg_drop,0.3,9,0
consensus,oracle,20,60,ring_plus,-3.732646060945639e-10,3.732646060945639e-10,0.007170824422246272,1200,0.0,0.0,0.0,0.0,1200.0,0.0,0.0,1.0,0.0,0.0,0.0,0.0,0.0,0.0,0.0,0.0,0.0,0.0,oracle,0.6675170359872862,0.9959491841236393,1.0,9.576864722230628e-09,-0.18178672115860334,14.0,1.0,1.399646125476325,0.0,cons__oracle,cons__oracle,msg_drop,0.5,0,0
consensus,oracle,20,60,ring_plus,-7.155826415592553e-09,7.155826415592553e-09,0.00443221079567529,1200,0.0,0.0,0.0,0.0,1200.0,0.0,0.0,1.0,0.0,0.0,0.0,0.0,0.0,0.0,0.0,0.0,0.0,0.0,oracle,0.6944985163389246,0.9958501230832943,1.0,9.770298212986047e-08,-0.2847032155849296,13.0,1.0,1.320493917398932,0.0,cons__oracle,cons__oracle,msg_drop,0.5,1,0
consensus,oracle,20,60,ring_plus,-1.0675798844154901e-09,1.0675798844154901e-09,0.011738538322973526,1200,0.0,0.0,0.0,0.0,1200.0,0.0,0.0,1.0,0.0,0.0,0.0,0.0,0.0,0.0,0.0,0.0,0.0,0.0,oracle,0.6752485256880799,0.997468794344806,1.0,2.298745032073473e-08,-0.30468541946488653,13.0,1.0,1.55469612182113,0.0,cons__oracle,cons__oracle,msg_drop,0.5,2,0
consensus,oracle,20,60,ring_plus,-1.985897462300953e-09,1.985897462300953e-09,0.001494713014961488,1200,0.0,0.0,0.0,0.0,1200.0,0.0,0.0,1.0,0.0,0.0,0.0,0.0,0.0,0.0,0.0,0.0,0.0,0.0,oracle,0.6885970057333266,0.9946755670386577,1.0,3.9273326809180946e-08,-0.437443314647802,12.0,1.0,1.2627284000071304,0.0,cons__oracle,cons__oracle,msg_drop,0.5,3,0
consensus,oracle,20,60,ring_plus,-4.959631598798448e-09,4.959631598798448e-09,0.0016951370452802591,1200,0.0,0.0,0.0,0.0,1200.0,0.0,0.0,1.0,0.0,0.0,0.0,0.0,0.0,0.0,0.0,0.0,0.0,0.0,oracle,0.7048936838508446,0.9965718269458789,1.0,7.872750270691944e-08,-0.2570986072268319,13.0,1.0,1.3711704029417888,0.0,cons__oracle,cons__oracle,msg_drop,0.5,4,0
consensus,oracle,20,60,ring_plus,-6.427534626004987e-08,6.427534626004987e-08,0.009475049604623701,1200,0.0,0.0,0.0,0.0,1200.0,0.0,0.0,1.0,0.0,0.0,0.0,0.0,0.0,0.0,0.0,0.0,0.0,0.0,oracle,0.7342539927713266,0.9848137214766871,1.0,1.7489460568029505e-06,-0.2545969131732571,14.0,1.0,1.6160985120576443,0.0,cons__oracle,cons__oracle,msg_drop,0.5,5,0
consensus,oracle,20,60,ring_plus,-1.0777408014108092e-08,1.0777408014108092e-08,0.0022489511394126692,1200,0.0,0.0,0.0,0.0,1200.0,0.0,0.0,1.0,0.0,0.0,0.0,0.0,0.0,0.0,0.0,0.0,0.0,0.0,oracle,0.7120551351434831,0.9936922472310844,1.0,3.1516887866521096e-07,-0.35008556229470483,13.0,1.0,0.9450014459069909,0.0,cons__oracle,cons__oracle,msg_drop,0.5,6,0
consensus,oracle,20,60,ring_plus,-2.7747971864468044e-08,2.7747971864468044e-08,0.005194206536880939,1200,0.0,0.0,0.0,0.0,1200.0,0.0,0.0,1.0,0.0,0.0,0.0,0.0,0.0,0.0,0.0,0.0,0.0,0.0,oracle,0.7206601755270122,0.9870072608360719,1.0,2.367847690935505e-07,-0.32121842372637327,12.0,1.0,2.218617553571293,0.0,cons__oracle,cons__oracle,msg_drop,0.5,7,0
consensus,oracle,20,60,ring_plus,-2.2459655890987224e-08,2.2459655890987224e-08,0.02175443401726671,1200,0.0,0.0,0.0,0.0,1200.0,0.0,0.0,1.0,0.0,0.0,0.0,0.0,0.0,0.0,0.0,0.0,0.0,0.0,oracle,0.7066197865287527,0.9957045437075276,1.0,2.1570447598063181e-07,-0.22536069748663368,16.0,1.0,0.7964836768628718,0.0,cons__oracle,cons__oracle,msg_drop,0.5,8,0
consensus,oracle,20,60,ring_plus,-3.448634791133477e-09,3.448634791133477e-09,2.8713412933669274e-05,1200,0.0,0.0,0.0,0.0,1200.0,0.0,0.0,1.0,0.0,0.0,0.0,0.0,0.0,0.0,0.0,0.0,0.0,0.0,oracle,0.699636475441737,0.9923701751868939,1.0,2.0295507720221495e-07,-0.2459004521089429,17.0,1.0,0.9413291035084279,0.0,cons__oracle,cons__oracle,msg_drop,0.5,9,0
consensus,oracle,20,60,ring_plus,-4.236395562880384e-06,4.236395562880384e-06,0.007051305304649445,1200,0.0,0.0,0.0,0.0,1200.0,0.0,0.0,1.0,0.0,0.0,0.0,0.0,0.0,0.0,0.0,0.0,0.0,0.0,oracle,0.785896253698903,0.9925140673018379,1.0,2.5817591937232344e-05,-0.18178665055823176,22.0,1.0,1.399646125476325,0.0,cons__oracle,cons__oracle,msg_drop,0.7,0,0
consensus,oracle,20,60,ring_plus,-1.7660456695076786e-05,1.7660456695076786e-05,0.002035339627862212,1200,0.0,0.0,0.0,0.0,1200.0,0.0,0.0,1.0,0.0,0.0,0.0,0.0,0.0,0.0,0.0,0.0,0.0,0.0,oracle,0.7906366640255215,0.9919147630369994,1.0,8.360420979150484e-05,-0.2847029213632483,22.0,1.0,1.320493917398932,0.0,cons__oracle,cons__oracle,msg_drop,0.7,1,0
consensus,oracle,20,60,ring_plus,-0.0002004637511266027,0.0002004637511266027,0.0013505708335068269,1200,0.0,0.0,0.0,0.0,1200.0,0.0,0.0,1.0,0.0,0.0,0.0,0.0,0.0,0.0,0.0,0.0,0.0,0.0,oracle,0.8277645495258312,0.9882157750762892,1.0,0.000685681518370956,-0.30468207842016076,26.0,1.0,1.55469612182113,0.0,cons__oracle,cons__oracle,msg_drop,0.7,2,0
consensus,oracle,20,60,ring_plus,-7.529114370679491e-05,7.529114370679491e-05,0.013358509889799414,1200,0.0,0.0,0.0,0.0,1200.0,0.0,0.0,1.0,0.0,0.0,0.0,0.0,0.0,0.0,0.0,0.0,0.0,0.0,oracle,0.8177270135425274,0.9912399462195838,1.0,0.0004485060347648589,-0.43744205982850526,19.0,1.0,1.2627284000071304,0.0,cons__oracle,cons__oracle,msg_drop,0.7,3,0
consensus,oracle,20,60,ring_plus,-0.00030932177106955135,0.00030932177106955135,0.055639169540035435,1200,0.0,0.0,0.0,0.0,1200.0,0.0,0.0,1.0,0.0,0.0,0.0,0.0,0.0,0.0,0.0,0.0,0.0,0.0,oracle,0.8381873007875442,0.9924120752142022,1.0,0.0014108318951260468,-0.2570934519466413,30.0,1.0,1.3711704029417888,0.0,cons__oracle,cons__oracle,msg_drop,0.7,4,0
consensus,oracle,20,60,ring_plus,-0.0001381914676893014,0.0001381914676893014,0.02103447207891365,1200,0.0,0.0,0.0,0.0,1200.0,0.0,0.0,1.0,0.0,0.0,0.0,0.0,0.0,0.0,0.0,0.0,0.0,0.0,oracle,0.8201497801840595,0.9921958406780497,1.0,0.0007327181420029649,-0.25459461105338466,30.0,1.0,1.6160985120576443,0.0,cons__oracle,cons__oracle,msg_drop,0.7,5,0
consensus,oracle,20,60,ring_plus,-6.215259602365075e-05,6.215259602365075e-05,0.010841791056849298,1200,0.0,0.0,0.0,0.0,1200.0,0.0,0.0,1.0,0.0,0.0,0.0,0.0,0.0,0.0,0.0,0.0,0.0,0.0,oracle,0.8174107759113206,0.9928824154311475,1.0,0.0003649457638025442,-0.3500845265977279,21.0,1.0,0.9450014459069909,0.0,cons__oracle,cons__oracle,msg_drop,0.7,6,0
consensus,oracle,20,60,ring_plus,-0.0013436760641153901,0.0013436760641153901,8.874449045158988e-05,1200,0.0,0.0,0.0,0.0,1200.0,0.0,0.0,1.0,0.0,0.0,0.0,0.0,0.0,0.0,0.0,0.0,0.0,0.0,oracle,0.856083354411769,0.9757884085278575,1.0,0.0026832508182572695,-0.321196029587771,20.0,1.0,2.218617553571293,0.0,cons__oracle,cons__oracle,msg_drop,0.7,7,0
consensus,oracle,20,60,ring_plus,-0.0017574301625067888,0.0017574301625067888,0.046040615436057114,1200,0.0,0.0,0.0,0.0,1200.0,0.0,0.0,1.0,0.0,0.0,0.0,0.0,0.0,0.0,0.0,0.0,0.0,0.0,oracle,0.8516193243684494,0.9781315832565269,1.0,0.00328128739239084,-0.22533140735825283,32.0,1.0,0.7964836768628718,0.0,cons__oracle,cons__oracle,msg_drop,0.7,8,0
consensus,oracle,20,60,ring_plus,-0.00026762332932724406,0.00026762332932724406,0.01548159563270321,1200,0.0,0.0,0.0,0.0,1200.0,0.0,0.0,1.0,0.0,0.0,0.0,0.0,0.0,0.0,0.0,0.0,0.0,0.0,oracle,0.8264828143525832,0.9804093665705451,1.0,0.0009381754336561077,-0.24589599177759805,31.0,1.0,0.9413291035084279,0.0,cons__oracle,cons__oracle,msg_drop,0.7,9,0
consensus,oracle,20,60,ring_plus,-10.907203269889466,10.907203269889466,0.5453601634944734,1200,0.0,0.0,0.0,0.0,1200.0,0.0,0.0,1.0,0.0,0.0,0.0,0.0,0.0,0.0,0.0,0.0,0.0,0.0,oracle,1.0,0.0,1.0,10.907203269889466,0.0,,0.0,1.399646125476325,0.0,cons__oracle,cons__oracle,msg_drop,1.0,0,0
consensus,oracle,20,60,ring_plus,-17.0821929422516,17.0821929422516,0.85410964711258,1200,0.0,0.0,0.0,0.0,1200.0,0.0,0.0,1.0,0.0,0.0,0.0,0.0,0.0,0.0,0.0,0.0,0.0,0.0,oracle,1.0,0.0,1.0,17.0821929422516,0.0,,0.0,1.320493917398932,0.0,cons__oracle,cons__oracle,msg_drop,1.0,1,0
consensus,oracle,20,60,ring_plus,-18.281125168960774,18.281125168960774,0.9140562584480387,1200,0.0,0.0,0.0,0.0,1200.0,0.0,0.0,1.0,0.0,0.0,0.0,0.0,0.0,0.0,0.0,0.0,0.0,0.0,oracle,1.0,0.0,1.0,18.281125168960777,0.0,,0.0,1.55469612182113,0.0,cons__oracle,cons__oracle,msg_drop,1.0,2,0
consensus,oracle,20,60,ring_plus,-26.24659888085402,26.24659888085402,1.312329944042701,1200,0.0,0.0,0.0,0.0,1200.0,0.0,0.0,1.0,0.0,0.0,0.0,0.0,0.0,0.0,0.0,0.0,0.0,0.0,oracle,1.0,0.0,1.0,26.246598880854023,0.0,,0.0,1.2627284000071304,0.0,cons__oracle,cons__oracle,msg_drop,1.0,3,0
consensus,oracle,20,60,ring_plus,-15.425916438569548,15.425916438569548,0.7712958219284773,1200,0.0,0.0,0.0,0.0,1200.0,0.0,0.0,1.0,0.0,0.0,0.0,0.0,0.0,0.0,0.0,0.0,0.0,0.0,oracle,1.0,0.0,1.0,15.425916438569546,0.0,,0.0,1.3711704029417888,0.0,cons__oracle,cons__oracle,msg_drop,1.0,4,0
consensus,oracle,20,60,ring_plus,-15.27581485467077,15.27581485467077,0.7637907427335385,1200,0.0,0.0,0.0,0.0,1200.0,0.0,0.0,1.0,0.0,0.0,0.0,0.0,0.0,0.0,0.0,0.0,0.0,0.0,oracle,1.0,0.0,1.0,15.275814854670775,0.0,,0.0,1.6160985120576443,0.0,cons__oracle,cons__oracle,msg_drop,1.0,5,0
consensus,oracle,20,60,ring_plus,-21.005133748459695,21.005133748459695,1.0502566874229848,1200,0.0,0.0,0.0,0.0,1200.0,0.0,0.0,1.0,0.0,0.0,0.0,0.0,0.0,0.0,0.0,0.0,0.0,0.0,oracle,1.0,0.0,1.0,21.00513374845969,0.0,,0.0,0.9450014459069909,0.0,cons__oracle,cons__oracle,msg_drop,1.0,6,0
consensus,oracle,20,60,ring_plus,-19.273105451330373,19.273105451330373,0.9636552725665186,1200,0.0,0.0,0.0,0.0,1200.0,0.0,0.0,1.0,0.0,0.0,0.0,0.0,0.0,0.0,0.0,0.0,0.0,0.0,oracle,1.0,0.0,1.0,19.27310545133037,0.0,,0.0,2.218617553571293,0.0,cons__oracle,cons__oracle,msg_drop,1.0,7,0
consensus,oracle,20,60,ring_plus,-13.521641871657677,13.521641871657677,0.6760820935828838,1200,0.0,0.0,0.0,0.0,1200.0,0.0,0.0,1.0,0.0,0.0,0.0,0.0,0.0,0.0,0.0,0.0,0.0,0.0,oracle,1.0,0.0,1.0,13.521641871657673,0.0,,0.0,0.7964836768628718,0.0,cons__oracle,cons__oracle,msg_drop,1.0,8,0
consensus,oracle,20,60,ring_plus,-14.754027129985209,14.754027129985209,0.7377013564992605,1200,0.0,0.0,0.0,0.0,1200.0,0.0,0.0,1.0,0.0,0.0,0.0,0.0,0.0,0.0,0.0,0.0,0.0,0.0,oracle,1.0,0.0,1.0,14.75402712998521,0.0,,0.0,0.9413291035084279,0.0,cons__oracle,cons__oracle,msg_drop,1.0,9,0
consensus,oracle,20,60,ring_plus,-3.8664844106342306e-22,3.8664844106342306e-22,1.9332422053171154e-23,1200,0.0,0.0,0.0,0.0,1200.0,0.0,0.0,1.0,0.0,0.0,0.0,0.0,0.0,0.0,0.0,0.0,0.0,0.0,oracle,0.4227557842711919,0.9999943995870424,1.0,7.285763518965964e-19,-0.18178672116482444,6.0,1.0,1.399646125476325,0.0,cons__oracle,cons__oracle,latency,0.0,0,0
consensus,oracle,20,60,ring_plus,-6.055460459984619e-22,6.055460459984619e-22,3.0277302297766055e-23,1200,0.0,0.0,0.0,0.0,1200.0,0.0,0.0,1.0,0.0,0.0,0.0,0.0,0.0,0.0,0.0,0.0,0.0,0.0,oracle,0.42348795030259173,0.9999138029311893,1.0,1.1410516130286538e-18,-0.2847032157041933,6.0,1.0,1.320493917398932,0.0,cons__oracle,cons__oracle,latency,0.0,1,0
consensus,oracle,20,60,ring_plus,-6.480460387581728e-22,6.480460387581728e-22,3.240230193917976e-23,1200,0.0,0.0,0.0,0.0,1200.0,0.0,0.0,1.0,0.0,0.0,0.0,0.0,0.0,0.0,0.0,0.0,0.0,0.0,oracle,0.42336538085374786,0.9999338882313078,1.0,1.221137547196742e-18,-0.3046854194826796,6.0,1.0,1.55469612182113,0.0,cons__oracle,cons__oracle,latency,0.0,2,0
consensus,oracle,20,60,ring_plus,-9.30414073457891e-22,9.30414073457891e-22,4.6520703672894553e-23,1200,0.0,0.0,0.0,0.0,1200.0,0.0,0.0,1.0,0.0,0.0,0.0,0.0,0.0,0.0,0.0,0.0,0.0,0.0,oracle,0.4227124677056445,0.9999960226921669,1.0,1.7532130658455097e-18,-0.43744331468090025,6.0,1.0,1.2627284000071304,0.0,cons__oracle,cons__oracle,latency,0.0,3,0
consensus,oracle,20,60,ring_plus,-5.468320841049145e-22,5.468320841049145e-22,2.7341604205245725e-23,1200,0.0,0.0,0.0,0.0,1200.0,0.0,0.0,1.0,0.0,0.0,0.0,0.0,0.0,0.0,0.0,0.0,0.0,0.0,oracle,0.42367230271989975,0.9998785667771415,1.0,1.0304161093649226e-18,-0.25709860730949247,6.0,1.0,1.3711704029417888,0.0,cons__oracle,cons__oracle,latency,0.0,4,0
consensus,oracle,20,60,ring_plus,-5.415111608532736e-22,5.415111608532736e-22,2.707555804759406e-23,1200,0.0,0.0,0.0,0.0,1200.0,0.0,0.0,1.0,0.0,0.0,0.0,0.0,0.0,0.0,0.0,0.0,0.0,0.0,oracle,0.42368998185147133,0.9998748700933872,1.0,1.0203896391088902e-18,-0.25459691424451286,6.0,1.0,1.6160985120576443,0.0,cons__oracle,cons__oracle,latency,0.0,5,0
consensus,oracle,20,60,ring_plus,-7.446090726775165e-22,7.446090726775165e-22,3.7230453633875824e-23,1200,0.0,0.0,0.0,0.0,1200.0,0.0,0.0,1.0,0.0,0.0,0.0,0.0,0.0,0.0,0.0,0.0,0.0,0.0,oracle,0.423114511392679,0.9999666882807303,1.0,1.4030951287744478e-18,-0.35008556247432826,6.0,1.0,0.9450014459069909,0.0,cons__oracle,cons__oracle,latency,0.0,6,0
consensus,oracle,20,60,ring_plus,-6.83210456341137e-22,6.83210456341137e-22,3.4160522817107104e-23,1200,0.0,0.0,0.0,0.0,1200.0,0.0,0.0,1.0,0.0,0.0,0.0,0.0,0.0,0.0,0.0,0.0,0.0,0.0,oracle,0.42326992391320073,0.9999476838305884,1.0,1.2873995791278102e-18,-0.32121842418883956,6.0,1.0,2.218617553571293,0.0,cons__oracle,cons__oracle,latency,0.0,7,0
consensus,oracle,20,60,ring_plus,-4.793271062728291e-22,4.793271062728291e-22,2.3966355314623678e-23,1200,0.0,0.0,0.0,0.0,1200.0,0.0,0.0,1.0,0.0,0.0,0.0,0.0,0.0,0.0,0.0,0.0,0.0,0.0,oracle,0.42391058589216357,0.9998240626992432,1.0,9.032149127074082e-19,-0.22536069786096127,6.0,1.0,0.7964836768628718,0.0,cons__oracle,cons__oracle,latency,0.0,8,0
consensus,oracle,20,60,ring_plus,-5.230140125304282e-22,5.230140125304282e-22,2.615070062681632e-23,1200,0.0,0.0,0.0,0.0,1200.0,0.0,0.0,1.0,0.0,0.0,0.0,0.0,0.0,0.0,0.0,0.0,0.0,0.0,oracle,0.4237528254215684,0.9998612793106549,1.0,9.855354321495351e-19,-0.24590045216642012,6.0,1.0,0.9413291035084279,0.0,cons__oracle,cons__oracle,latency,0.0,9,0
consensus,oracle,20,60,ring_plus,-3.866485185170069e-22,3.866485185170069e-22,1.9332425925850343e-23,1200,0.0,0.0,0.0,0.0,1200.0,0.0,0.0,1.0,0.0,0.0,0.0,0.0,0.0,0.0,0.0,0.0,0.0,0.0,oracle,0.42275578427123345,0.9999943995870426,1.0,7.285763575375107e-19,-0.18178672116482447,6.0,1.0,1.399646125476325,0.0,cons__oracle,cons__oracle,latency,1.0,0,0
consensus,oracle,20,60,ring_plus,-6.055459388150679e-22,6.055459388150679e-22,3.027729694198599e-23,1200,0.0,0.0,0.0,0.0,1200.0,0.0,0.0,1.0,0.0,0.0,0.0,0.0,0.0,0.0,0.0,0.0,0.0,0.0,oracle,0.4234879503026255,0.99991380293119,1.0,1.141051637420253e-18,-0.2847032157041933,6.0,1.0,1.320493917398932,0.0,cons__oracle,cons__oracle,latency,1.0,1,0
consensus,oracle,20,60,ring_plus,-6.480458499642678e-22,6.480458499642678e-22,3.2402292499831174e-23,1200,0.0,0.0,0.0,0.0,1200.0,0.0,0.0,1.0,0.0,0.0,0.0,0.0,0.0,0.0,0.0,0.0,0.0,0.0,oracle,0.4233653808537979,0.9999338882313087,1.0,1.2211375550984995e-18,-0.3046854194826795,6.0,1.0,1.55469612182113,0.0,cons__oracle,cons__oracle,latency,1.0,2,0
consensus,oracle,20,60,ring_plus,-9.304135179703913e-22,9.304135179703913e-22,4.652067589851956e-23,1200,0.0,0.0,0.0,0.0,1200.0,0.0,0.0,1.0,0.0,0.0,0.0,0.0,0.0,0.0,0.0,0.0,0.0,0.0,oracle,0.42271246770556736,0.9999960226921666,1.0,1.753213087824333e-18,-0.43744331468090025,6.0,1.0,1.2627284000071304,0.0,cons__oracle,cons__oracle,latency,1.0,3,0
consensus,oracle,20,60,ring_plus,-5.468319436191102e-22,5.468319436191102e-22,2.734159718095551e-23,1200,0.0,0.0,0.0,0.0,1200.0,0.0,0.0,1.0,0.0,0.0,0.0,0.0,0.0,0.0,0.0,0.0,0.0,0.0,oracle,0.4236723027198454,0.99987856677714,1.0,1.0304161274011302e-18,-0.25709860730949247,6.0,1.0,1.3711704029417888,0.0,cons__oracle,cons__oracle,latency,1.0,4,0
consensus,oracle,20,60,ring_plus,-5.415103764790147e-22,5.415103764790147e-22,2.707551882764852e-23,1200,0.0,0.0,0.0,0.0,1200.0,0.0,0.0,1.0,0.0,0.0,0.0,0.0,0.0,0.0,0.0,0.0,0.0,0.0,oracle,0.4236899818514724,0.9998748700933873,1.0,1.0203896859853423e-18,-0.25459691424451286,6.0,1.0,1.6160985120576443,0.0,cons__oracle,cons__oracle,latency,1.0,5,0
consensus,oracle,20,60,ring_plus,-7.446102651817528e-22,7.446102651817528e-22,3.723051326032024e-23,1200,0.0,0.0,0.0,0.0,1200.0,0.0,0.0,1.0,0.0,0.0,0.0,0.0,0.0,0.0,0.0,0.0,0.0,0.0,oracle,0.42311451139268225,0.9999666882807303,1.0,1.403095140801615e-18,-0.35008556247432826,6.0,1.0,0.9450014459069909,0.0,cons__oracle,cons__oracle,latency,1.0,6,0
consensus,oracle,20,60,ring_plus,-6.832104528314473e-22,6.832104528314473e-22,3.416052264164669e-23,1200,0.0,0.0,0.0,0.0,1200.0,0.0,0.0,1.0,0.0,0.0,0.0,0.0,0.0,0.0,0.0,0.0,0.0,0.0,oracle,0.42326992391320073,0.9999476838305884,1.0,1.2873995793217423e-18,-0.32121842418883956,6.0,1.0,2.218617553571293,0.0,cons__oracle,cons__oracle,latency,1.0,7,0
consensus,oracle,20,60,ring_plus,-4.793273766456599e-22,4.793273766456599e-22,2.3966368832957072e-23,1200,0.0,0.0,0.0,0.0,1200.0,0.0,0.0,1.0,0.0,0.0,0.0,0.0,0.0,0.0,0.0,0.0,0.0,0.0,oracle,0.42391058589215314,0.9998240626992428,1.0,9.032148985821493e-19,-0.22536069786096127,6.0,1.0,0.7964836768628718,0.0,cons__oracle,cons__oracle,latency,1.0,8,0
consensus,oracle,20,60,ring_plus,-5.230140832651647e-22,5.230140832651647e-22,2.6150704163577218e-23,1200,0.0,0.0,0.0,0.0,1200.0,0.0,0.0,1.0,0.0,0.0,0.0,0.0,0.0,0.0,0.0,0.0,0.0,0.0,oracle,0.4237528254215797,0.9998612793106553,1.0,9.855354314987542e-19,-0.24590045216642012,6.0,1.0,0.9413291035084279,0.0,cons__oracle,cons__oracle,latency,1.0,9,0
consensus,oracle,20,60,ring_plus,-3.8664827611850112e-22,3.8664827611850112e-22,1.9332413805925055e-23,1200,0.0,0.0,0.0,0.0,1200.0,0.0,0.0,1.0,0.0,0.0,0.0,0.0,0.0,0.0,0.0,0.0,0.0,0.0,oracle,0.4227557842712281,0.9999943995870426,1.0,7.285763528126981e-19,-0.18178672116482447,6.0,1.0,1.399646125476325,0.0,cons__oracle,cons__oracle,latency,2.0,0,0
consensus,oracle,20,60,ring_plus,-6.055459626565399e-22,6.055459626565399e-22,3.0277298133135143e-23,1200,0.0,0.0,0.0,0.0,1200.0,0.0,0.0,1.0,0.0,0.0,0.0,0.0,0.0,0.0,0.0,0.0,0.0,0.0,oracle,0.4234879503026253,0.99991380293119,1.0,1.1410516198382537e-18,-0.2847032157041933,6.0,1.0,1.320493917398932,0.0,cons__oracle,cons__oracle,latency,2.0,1,0
consensus,oracle,20,60,ring_plus,-6.480458185402171e-22,6.480458185402171e-22,3.240229092833974e-23,1200,0.0,0.0,0.0,0.0,1200.0,0.0,0.0,1.0,0.0,0.0,0.0,0.0,0.0,0.0,0.0,0.0,0.0,0.0,oracle,0.42336538085378617,0.9999338882313085,1.0,1.221137549973993e-18,-0.3046854194826795,6.0,1.0,1.55469612182113,0.0,cons__oracle,cons__oracle,latency,2.0,2,0
consensus,oracle,20,60,ring_plus,-9.304136999445784e-22,9.304136999445784e-22,4.652068499722892e-23,1200,0.0,0.0,0.0,0.0,1200.0,0.0,0.0,1.0,0.0,0.0,0.0,0.0,0.0,0.0,0.0,0.0,0.0,0.0,oracle,0.4227124677054364,0.999996022692166,1.0,1.7532131220058834e-18,-0.43744331468090025,6.0,1.0,1.2627284000071304,0.0,cons__oracle,cons__oracle,latency,2.0,3,0
consensus,oracle,20,60,ring_plus,-5.468317468984627e-22,5.468317468984627e-22,2.7341587344923135e-23,1200,0.0,0.0,0.0,0.0,1200.0,0.0,0.0,1.0,0.0,0.0,0.0,0.0,0.0,0.0,0.0,0.0,0.0,0.0,oracle,0.4236723027198572,0.9998785667771404,1.0,1.03041610105528e-18,-0.25709860730949247,6.0,1.0,1.3711704029417888,0.0,cons__oracle,cons__oracle,latency,2.0,4,0
consensus,oracle,20,60,ring_plus,-5.415125214842607e-22,5.415125214842607e-22,2.7075626074213033e-23,1200,0.0,0.0,0.0,0.0,1200.0,0.0,0.0,1.0,0.0,0.0,0.0,0.0,0.0,0.0,0.0,0.0,0.0,0.0,oracle,0.4236899818513863,0.999874870093385,1.0,1.0203897236325736e-18,-0.25459691424451286,6.0,1.0,1.6160985120576443,0.0,cons__oracle,cons__oracle,latency,2.0,5,0
consensus,oracle,20,60,ring_plus,-7.446085948566084e-22,7.446085948566084e-22,3.723042974036523e-23,1200,0.0,0.0,0.0,0.0,1200.0,0.0,0.0,1.0,0.0,0.0,0.0,0.0,0.0,0.0,0.0,0.0,0.0,0.0,oracle,0.42311451139266676,0.9999666882807301,1.0,1.4030951100696186e-18,-0.35008556247432826,6.0,1.0,0.9450014459069909,0.0,cons__oracle,cons__oracle,latency,2.0,6,0
consensus,oracle,20,60,ring_plus,-6.8321044576401735e-22,6.8321044576401735e-22,3.416052228824798e-23,1200,0.0,0.0,0.0,0.0,1200.0,0.0,0.0,1.0,0.0,0.0,0.0,0.0,0.0,0.0,0.0,0.0,0.0,0.0,oracle,0.42326992391320084,0.9999476838305884,1.0,1.2873995792416034e-18,-0.32121842418883956,6.0,1.0,2.218617553571293,0.0,cons__oracle,cons__oracle,latency,2.0,7,0
consensus,oracle,20,60,ring_plus,-4.793278491028531e-22,4.793278491028531e-22,2.3966392455431544e-23,1200,0.0,0.0,0.0,0.0,1200.0,0.0,0.0,1.0,0.0,0.0,0.0,0.0,0.0,0.0,0.0,0.0,0.0,0.0,oracle,0.4239105858921408,0.9998240626992425,1.0,9.032148968875494e-19,-0.22536069786096127,6.0,1.0,0.7964836768628718,0.0,cons__oracle,cons__oracle,latency,2.0,8,0
consensus,oracle,20,60,ring_plus,-5.230140125304282e-22,5.230140125304282e-22,2.6150700626532246e-23,1200,0.0,0.0,0.0,0.0,1200.0,0.0,0.0,1.0,0.0,0.0,0.0,0.0,0.0,0.0,0.0,0.0,0.0,0.0,oracle,0.42375282542157866,0.9998612793106552,1.0,9.85535432743085e-19,-0.24590045216642012,6.0,1.0,0.9413291035084279,0.0,cons__oracle,cons__oracle,latency,2.0,9,0
consensus,oracle,20,60,ring_plus,-3.866482496966682e-22,3.866482496966682e-22,1.933241248483341e-23,1200,0.0,0.0,0.0,0.0,1200.0,0.0,0.0,1.0,0.0,0.0,0.0,0.0,0.0,0.0,0.0,0.0,0.0,0.0,oracle,0.42275578427118515,0.9999943995870423,1.0,7.285763477229613e-19,-0.18178672116482447,6.0,1.0,1.399646125476325,0.0,cons__oracle,cons__oracle,latency,4.0,0,0
consensus,oracle,20,60,ring_plus,-6.05545443401175e-22,6.05545443401175e-22,3.0277272168518005e-23,1200,0.0,0.0,0.0,0.0,1200.0,0.0,0.0,1.0,0.0,0.0,0.0,0.0,0.0,0.0,0.0,0.0,0.0,0.0,oracle,0.4234879503026342,0.9999138029311901,1.0,1.1410516262890657e-18,-0.2847032157041933,6.0,1.0,1.320493917398932,0.0,cons__oracle,cons__oracle,latency,4.0,1,0
consensus,oracle,20,60,ring_plus,-6.4804630757543e-22,6.4804630757543e-22,3.2402315379811505e-23,1200,0.0,0.0,0.0,0.0,1200.0,0.0,0.0,1.0,0.0,0.0,0.0,0.0,0.0,0.0,0.0,0.0,0.0,0.0,oracle,0.4233653808537208,0.9999338882313072,1.0,1.2211375498528753e-18,-0.3046854194826795,6.0,1.0,1.55469612182113,0.0,cons__oracle,cons__oracle,latency,4.0,2,0
consensus,oracle,20,60,ring_plus,-9.30411933965427e-22,9.30411933965427e-22,4.652059669827135e-23,1200,0.0,0.0,0.0,0.0,1200.0,0.0,0.0,1.0,0.0,0.0,0.0,0.0,0.0,0.0,0.0,0.0,0.0,0.0,oracle,0.4227124677056306,0.9999960226921669,1.0,1.7532130839050496e-18,-0.43744331468090025,6.0,1.0,1.2627284000071304,0.0,cons__oracle,cons__oracle,latency,4.0,3,0
consensus,oracle,20,60,ring_plus,-5.468318216954188e-22,5.468318216954188e-22,2.734159108477094e-23,1200,0.0,0.0,0.0,0.0,1200.0,0.0,0.0,1.0,0.0,0.0,0.0,0.0,0.0,0.0,0.0,0.0,0.0,0.0,oracle,0.42367230271984285,0.99987856677714,1.0,1.0304161200905424e-18,-0.25709860730949247,6.0,1.0,1.3711704029417888,0.0,cons__oracle,cons__oracle,latency,4.0,4,0
consensus,oracle,20,60,ring_plus,-5.415102483630733e-22,5.415102483630733e-22,2.7075512421235155e-23,1200,0.0,0.0,0.0,0.0,1200.0,0.0,0.0,1.0,0.0,0.0,0.0,0.0,0.0,0.0,0.0,0.0,0.0,0.0,oracle,0.42368998185150947,0.9998748700933882,1.0,1.020389683797889e-18,-0.25459691424451286,6.0,1.0,1.6160985120576443,0.0,cons__oracle,cons__oracle,latency,4.0,5,0
consensus,oracle,20,60,ring_plus,-7.446096439206639e-22,7.446096439206639e-22,3.723048219680357e-23,1200,0.0,0.0,0.0,0.0,1200.0,0.0,0.0,1.0,0.0,0.0,0.0,0.0,0.0,0.0,0.0,0.0,0.0,0.0,oracle,0.423114511392622,0.9999666882807295,1.0,1.4030951345531849e-18,-0.35008556247432826,6.0,1.0,0.9450014459069909,0.0,cons__oracle,cons__oracle,latency,4.0,6,0
consensus,oracle,20,60,ring_plus,-6.8321044576401735e-22,6.8321044576401735e-22,3.416052228824798e-23,1200,0.0,0.0,0.0,0.0,1200.0,0.0,0.0,1.0,0.0,0.0,0.0,0.0,0.0,0.0,0.0,0.0,0.0,0.0,oracle,0.4232699239132009,0.9999476838305884,1.0,1.2873995792603534e-18,-0.32121842418883956,6.0,1.0,2.218617553571293,0.0,cons__oracle,cons__oracle,latency,4.0,7,0
consensus,oracle,20,60,ring_plus,-4.793273884100104e-22,4.793273884100104e-22,2.3966369420558298e-23,1200,0.0,0.0,0.0,0.0,1200.0,0.0,0.0,1.0,0.0,0.0,0.0,0.0,0.0,0.0,0.0,0.0,0.0,0.0,oracle,0.42391058589213676,0.9998240626992424,1.0,9.03214909675955e-19,-0.22536069786096127,6.0,1.0,0.7964836768628718,0.0,cons__oracle,cons__oracle,latency,4.0,8,0
consensus,oracle,20,60,ring_plus,-5.230140832651647e-22,5.230140832651647e-22,2.6150704163273884e-23,1200,0.0,0.0,0.0,0.0,1200.0,0.0,0.0,1.0,0.0,0.0,0.0,0.0,0.0,0.0,0.0,0.0,0.0,0.0,oracle,0.42375282542159015,0.9998612793106555,1.0,9.855354321067348e-19,-0.24590045216642012,6.0,1.0,0.9413291035084279,0.0,cons__oracle,cons__oracle,latency,4.0,9,0
consensus,oracle,20,60,ring_plus,-3.8664820732389832e-22,3.8664820732389832e-22,1.9332410366194917e-23,1200,0.0,0.0,0.0,0.0,1200.0,0.0,0.0,1.0,0.0,0.0,0.0,0.0,0.0,0.0,0.0,0.0,0.0,0.0,oracle,0.4227557842711773,0.9999943995870423,1.0,7.285763603289557e-19,-0.18178672116482447,6.0,1.0,1.399646125476325,0.0,cons__oracle,cons__oracle,latency,8.0,0,0
consensus,oracle,20,60,ring_plus,-6.055455668948845e-22,6.055455668948845e-22,3.0277278342587185e-23,1200,0.0,0.0,0.0,0.0,1200.0,0.0,0.0,1.0,0.0,0.0,0.0,0.0,0.0,0.0,0.0,0.0,0.0,0.0,oracle,0.4234879503027718,0.9999138029311929,1.0,1.1410515908117097e-18,-0.2847032157041933,6.0,1.0,1.320493917398932,0.0,cons__oracle,cons__oracle,latency,8.0,1,0
consensus,oracle,20,60,ring_plus,-6.480456908895803e-22,6.480456908895803e-22,3.2402284544479016e-23,1200,0.0,0.0,0.0,0.0,1200.0,0.0,0.0,1.0,0.0,0.0,0.0,0.0,0.0,0.0,0.0,0.0,0.0,0.0,oracle,0.4233653808537202,0.9999338882313072,1.0,1.2211375455859303e-18,-0.3046854194826795,6.0,1.0,1.55469612182113,0.0,cons__oracle,cons__oracle,latency,8.0,2,0
consensus,oracle,20,60,ring_plus,-9.30413825940456e-22,9.30413825940456e-22,4.65206912970228e-23,1200,0.0,0.0,0.0,0.0,1200.0,0.0,0.0,1.0,0.0,0.0,0.0,0.0,0.0,0.0,0.0,0.0,0.0,0.0,oracle,0.42271246770543025,0.999996022692166,1.0,1.753213076418285e-18,-0.43744331468090025,6.0,1.0,1.2627284000071304,0.0,cons__oracle,cons__oracle,latency,8.0,3,0
consensus,oracle,20,60,ring_plus,-5.468323288536325e-22,5.468323288536325e-22,2.734161644268163e-23,1200,0.0,0.0,0.0,0.0,1200.0,0.0,0.0,1.0,0.0,0.0,0.0,0.0,0.0,0.0,0.0,0.0,0.0,0.0,oracle,0.42367230271975936,0.999878566777138,1.0,1.0304160952504708e-18,-0.25709860730949247,6.0,1.0,1.3711704029417888,0.0,cons__oracle,cons__oracle,latency,8.0,4,0
consensus,oracle,20,60,ring_plus,-5.415109336397624e-22,5.415109336397624e-22,2.707554668198812e-23,1200,0.0,0.0,0.0,0.0,1200.0,0.0,0.0,1.0,0.0,0.0,0.0,0.0,0.0,0.0,0.0,0.0,0.0,0.0,oracle,0.4236899818513817,0.9998748700933849,1.0,1.020389665014516e-18,-0.25459691424451286,6.0,1.0,1.6160985120576443,0.0,cons__oracle,cons__oracle,latency,8.0,5,0
consensus,oracle,20,60,ring_plus,-7.446088468730157e-22,7.446088468730157e-22,3.7230442343650783e-23,1200,0.0,0.0,0.0,0.0,1200.0,0.0,0.0,1.0,0.0,0.0,0.0,0.0,0.0,0.0,0.0,0.0,0.0,0.0,oracle,0.42311451139265516,0.99996668828073,1.0,1.4030951320633251e-18,-0.35008556247432826,6.0,1.0,0.9450014459069909,0.0,cons__oracle,cons__oracle,latency,8.0,6,0
consensus,oracle,20,60,ring_plus,-6.832104305304673e-22,6.832104305304673e-22,3.4160521526540667e-23,1200,0.0,0.0,0.0,0.0,1200.0,0.0,0.0,1.0,0.0,0.0,0.0,0.0,0.0,0.0,0.0,0.0,0.0,0.0,oracle,0.4232699239132003,0.9999476838305883,1.0,1.2873995793886098e-18,-0.32121842418883956,6.0,1.0,2.218617553571293,0.0,cons__oracle,cons__oracle,latency,8.0,7,0
consensus,oracle,20,60,ring_plus,-4.79327647130002e-22,4.79327647130002e-22,2.3966382356153435e-23,1200,0.0,0.0,0.0,0.0,1200.0,0.0,0.0,1.0,0.0,0.0,0.0,0.0,0.0,0.0,0.0,0.0,0.0,0.0,oracle,0.42391058589217295,0.9998240626992435,1.0,9.03214906719754e-19,-0.22536069786096127,6.0,1.0,0.7964836768628718,0.0,cons__oracle,cons__oracle,latency,8.0,8,0
consensus,oracle,20,60,ring_plus,-5.230140320910996e-22,5.230140320910996e-22,2.6150701604569424e-23,1200,0.0,0.0,0.0,0.0,1200.0,0.0,0.0,1.0,0.0,0.0,0.0,0.0,0.0,0.0,0.0,0.0,0.0,0.0,oracle,0.42375282542158094,0.9998612793106553,1.0,9.855354339092775e-19,-0.24590045216642012,6.0,1.0,0.9413291035084279,0.0,cons__oracle,cons__oracle,latency,8.0,9,0
consensus,oracle,20,60,ring_plus,-3.8665335042775536e-22,3.8665335042775536e-22,8.588842172685688,1200,0.0,0.0,0.0,0.0,1200.0,0.0,0.0,1.0,0.0,0.0,0.0,0.0,0.0,0.0,0.0,0.0,0.0,0.0,oracle,0.42275578427099014,0.9999943995870413,1.0,7.285763779134908e-19,-0.18178672116482447,6.0,1.0,1.399646125476325,0.0,cons__oracle,cons__oracle,bandwidth,1.0,0,0
consensus,oracle,20,60,ring_plus,-6.055468873771656e-22,6.055468873771656e-22,6.770270377122574,1200,0.0,0.0,0.0,0.0,1200.0,0.0,0.0,1.0,0.0,0.0,0.0,0.0,0.0,0.0,0.0,0.0,0.0,0.0,oracle,0.4234879503036417,0.9999138029312113,1.0,1.1410517411240224e-18,-0.2847032157041933,6.0,1.0,1.320493917398932,0.0,cons__oracle,cons__oracle,bandwidth,1.0,1,0
consensus,oracle,20,60,ring_plus,-6.480544876499052e-22,6.480544876499052e-22,8.463885725423522,1200,0.0,0.0,0.0,0.0,1200.0,0.0,0.0,1.0,0.0,0.0,0.0,0.0,0.0,0.0,0.0,0.0,0.0,0.0,oracle,0.42336538085427744,0.9999338882313178,1.0,1.2211375940443063e-18,-0.3046854194826795,6.0,1.0,1.55469612182113,0.0,cons__oracle,cons__oracle,bandwidth,1.0,2,0
consensus,oracle,20,60,ring_plus,-9.30420349887935e-22,9.30420349887935e-22,7.338126402381637,1200,0.0,0.0,0.0,0.0,1200.0,0.0,0.0,1.0,0.0,0.0,0.0,0.0,0.0,0.0,0.0,0.0,0.0,0.0,oracle,0.4227124677060939,0.9999960226921689,1.0,1.7532131048089168e-18,-0.4374433146809003,6.0,1.0,1.2627284000071304,0.0,cons__oracle,cons__oracle,bandwidth,1.0,3,0
consensus,oracle,20,60,ring_plus,-5.468367822530875e-22,5.468367822530875e-22,8.06523873050878,1200,0.0,0.0,0.0,0.0,1200.0,0.0,0.0,1.0,0.0,0.0,0.0,0.0,0.0,0.0,0.0,0.0,0.0,0.0,oracle,0.4236723027187906,0.9998785667771143,1.0,1.0304159858825778e-18,-0.25709860730949247,6.0,1.0,1.3711704029417888,0.0,cons__oracle,cons__oracle,bandwidth,1.0,4,0
consensus,oracle,20,60,ring_plus,-5.415004139361538e-22,5.415004139361538e-22,7.3119015948185915,1200,0.0,0.0,0.0,0.0,1200.0,0.0,0.0,1.0,0.0,0.0,0.0,0.0,0.0,0.0,0.0,0.0,0.0,0.0,oracle,0.4236899818519535,0.9998748700933987,1.0,1.0203896069530223e-18,-0.25459691424451286,6.0,1.0,1.6160985120576443,0.0,cons__oracle,cons__oracle,bandwidth,1.0,5,0
consensus,oracle,20,60,ring_plus,-7.445970749590313e-22,7.445970749590313e-22,7.714665093947853,1200,0.0,0.0,0.0,0.0,1200.0,0.0,0.0,1.0,0.0,0.0,0.0,0.0,0.0,0.0,0.0,0.0,0.0,0.0,oracle,0.423114511392513,0.9999666882807279,1.0,1.4030955267384515e-18,-0.35008556247432826,6.0,1.0,0.9450014459069909,0.0,cons__oracle,cons__oracle,bandwidth,1.0,6,0
consensus,oracle,20,60,ring_plus,-6.832130676182149e-22,6.832130676182149e-22,8.98699363044203,1200,0.0,0.0,0.0,0.0,1200.0,0.0,0.0,1.0,0.0,0.0,0.0,0.0,0.0,0.0,0.0,0.0,0.0,0.0,oracle,0.42326992391317936,0.9999476838305879,1.0,1.2873997026388082e-18,-0.3212184241888396,6.0,1.0,2.218617553571293,0.0,cons__oracle,cons__oracle,bandwidth,1.0,7,0
consensus,oracle,20,60,ring_plus,-4.793281024287002e-22,4.793281024287002e-22,8.28142705442028,1200,0.0,0.0,0.0,0.0,1200.0,0.0,0.0,1.0,0.0,0.0,0.0,0.0,0.0,0.0,0.0,0.0,0.0,0.0,oracle,0.42391058589124264,0.9998240626992159,1.0,9.032147748819133e-19,-0.22536069786096127,6.0,1.0,0.7964836768628718,0.0,cons__oracle,cons__oracle,bandwidth,1.0,8,0
consensus,oracle,20,60,ring_plus,-5.230104313685756e-22,5.230104313685756e-22,8.857505329742628,1200,0.0,0.0,0.0,0.0,1200.0,0.0,0.0,1.0,0.0,0.0,0.0,0.0,0.0,0.0,0.0,0.0,0.0,0.0,oracle,0.4237528254222272,0.9998612793106721,1.0,9.855354916479688e-19,-0.24590045216642012,6.0,1.0,0.9413291035084279,0.0,cons__oracle,cons__oracle,bandwidth,1.0,9,0
consensus,oracle,20,60,ring_plus,-3.8664816376591114e-22,3.8664816376591114e-22,0.8661515786944204,1200,0.0,0.0,0.0,0.0,1200.0,0.0,0.0,1.0,0.0,0.0,0.0,0.0,0.0,0.0,0.0,0.0,0.0,0.0,oracle,0.4227557842709549,0.9999943995870411,1.0,7.285763251347108e-19,-0.18178672116482444,6.0,1.0,1.399646125476325,0.0,cons__oracle,cons__oracle,bandwidth,2.0,0,0
consensus,oracle,20,60,ring_plus,-6.055494337092341e-22,6.055494337092341e-22,0.3623730854664559,1200,0.0,0.0,0.0,0.0,1200.0,0.0,0.0,1.0,0.0,0.0,0.0,0.0,0.0,0.0,0.0,0.0,0.0,0.0,oracle,0.4234879503022408,0.999913802931182,1.0,1.141051568071765e-18,-0.2847032157041933,6.0,1.0,1.320493917398932,0.0,cons__oracle,cons__oracle,bandwidth,2.0,1,0
consensus,oracle,20,60,ring_plus,-6.480447160668501e-22,6.480447160668501e-22,0.8267824945385979,1200,0.0,0.0,0.0,0.0,1200.0,0.0,0.0,1.0,0.0,0.0,0.0,0.0,0.0,0.0,0.0,0.0,0.0,0.0,oracle,0.4233653808537576,0.999933888231308,1.0,1.2211376558077313e-18,-0.3046854194826796,6.0,1.0,1.55469612182113,0.0,cons__oracle,cons__oracle,bandwidth,2.0,2,0
consensus,oracle,20,60,ring_plus,-9.304088129081297e-22,9.304088129081297e-22,0.5025358583577297,1200,0.0,0.0,0.0,0.0,1200.0,0.0,0.0,1.0,0.0,0.0,0.0,0.0,0.0,0.0,0.0,0.0,0.0,0.0,oracle,0.4227124677063116,0.99999602269217,1.0,1.7532131431904364e-18,-0.4374433146809003,6.0,1.0,1.2627284000071304,0.0,cons__oracle,cons__oracle,bandwidth,2.0,3,0
consensus,oracle,20,60,ring_plus,-5.468307825961248e-22,5.468307825961248e-22,0.7054931485124116,1200,0.0,0.0,0.0,0.0,1200.0,0.0,0.0,1.0,0.0,0.0,0.0,0.0,0.0,0.0,0.0,0.0,0.0,0.0,oracle,0.423672302719488,0.9998785667771313,1.0,1.0304160772803197e-18,-0.25709860730949247,6.0,1.0,1.3711704029417888,0.0,cons__oracle,cons__oracle,bandwidth,2.0,4,0
consensus,oracle,20,60,ring_plus,-5.415072595108519e-22,5.415072595108519e-22,0.49569035812693985,1200,0.0,0.0,0.0,0.0,1200.0,0.0,0.0,1.0,0.0,0.0,0.0,0.0,0.0,0.0,0.0,0.0,0.0,0.0,oracle,0.4236899818515407,0.9998748700933888,1.0,1.0203896882662211e-18,-0.25459691424451286,6.0,1.0,1.6160985120576443,0.0,cons__oracle,cons__oracle,bandwidth,2.0,5,0
consensus,oracle,20,60,ring_plus,-7.4460944497595255e-22,7.4460944497595255e-22,0.6045507154747772,1200,0.0,0.0,0.0,0.0,1200.0,0.0,0.0,1.0,0.0,0.0,0.0,0.0,0.0,0.0,0.0,0.0,0.0,0.0,oracle,0.4231145113926742,0.9999666882807303,1.0,1.4030952698429722e-18,-0.35008556247432826,6.0,1.0,0.9450014459069909,0.0,cons__oracle,cons__oracle,bandwidth,2.0,6,0
consensus,oracle,20,60,ring_plus,-6.8320547373499245e-22,6.8320547373499245e-22,0.995667678467304,1200,0.0,0.0,0.0,0.0,1200.0,0.0,0.0,1.0,0.0,0.0,0.0,0.0,0.0,0.0,0.0,0.0,0.0,0.0,oracle,0.42326992391318646,0.9999476838305882,1.0,1.2873994865758633e-18,-0.32121842418883956,6.0,1.0,2.218617553571293,0.0,cons__oracle,cons__oracle,bandwidth,2.0,7,0
consensus,oracle,20,60,ring_plus,-4.793289043427882e-22,4.793289043427882e-22,0.7704395698365516,1200,0.0,0.0,0.0,0.0,1200.0,0.0,0.0,1.0,0.0,0.0,0.0,0.0,0.0,0.0,0.0,0.0,0.0,0.0,oracle,0.42391058589208874,0.9998240626992411,1.0,9.032149266354853e-19,-0.2253606978609613,6.0,1.0,0.7964836768628718,0.0,cons__oracle,cons__oracle,bandwidth,2.0,8,0
consensus,oracle,20,60,ring_plus,-5.230152178560737e-22,5.230152178560737e-22,0.9528807965904577,1200,0.0,0.0,0.0,0.0,1200.0,0.0,0.0,1.0,0.0,0.0,0.0,0.0,0.0,0.0,0.0,0.0,0.0,0.0,oracle,0.42375282542180914,0.9998612793106614,1.0,9.855354358656555e-19,-0.24590045216642012,6.0,1.0,0.9413291035084279,0.0,cons__oracle,cons__oracle,bandwidth,2.0,9,0
consensus,oracle,20,60,ring_plus,-3.866493428726084e-22,3.866493428726084e-22,0.1290563069243154,1200,0.0,0.0,0.0,0.0,1200.0,0.0,0.0,1.0,0.0,0.0,0.0,0.0,0.0,0.0,0.0,0.0,0.0,0.0,oracle,0.4227557842712744,0.9999943995870428,1.0,7.285763605242182e-19,-0.18178672116482444,6.0,1.0,1.399646125476325,0.0,cons__oracle,cons__oracle,bandwidth,3.0,0,0
consensus,oracle,20,60,ring_plus,-6.055447143735205e-22,6.055447143735205e-22,0.0009330429349656329,1200,0.0,0.0,0.0,0.0,1200.0,0.0,0.0,1.0,0.0,0.0,0.0,0.0,0.0,0.0,0.0,0.0,0.0,0.0,oracle,0.4234879503026594,0.9999138029311907,1.0,1.1410516438687911e-18,-0.28470321570419327,6.0,1.0,1.320493917398932,0.0,cons__oracle,cons__oracle,bandwidth,3.0,1,0
consensus,oracle,20,60,ring_plus,-6.480473274552913e-22,6.480473274552913e-22,0.11414075508459112,1200,0.0,0.0,0.0,0.0,1200.0,0.0,0.0,1.0,0.0,0.0,0.0,0.0,0.0,0.0,0.0,0.0,0.0,0.0,oracle,0.4233653808538067,0.9999338882313088,1.0,1.2211375800004775e-18,-0.3046854194826795,6.0,1.0,1.55469612182113,0.0,cons__oracle,cons__oracle,bandwidth,3.0,2,0
consensus,oracle,20,60,ring_plus,-9.30410615094764e-22,9.30410615094764e-22,0.018897743721156615,1200,0.0,0.0,0.0,0.0,1200.0,0.0,0.0,1.0,0.0,0.0,0.0,0.0,0.0,0.0,0.0,0.0,0.0,0.0,oracle,0.42271246770554133,0.9999960226921665,1.0,1.7532130683517628e-18,-0.4374433146809003,6.0,1.0,1.2627284000071304,0.0,cons__oracle,cons__oracle,bandwidth,3.0,3,0
consensus,oracle,20,60,ring_plus,-5.4683217362290865e-22,5.4683217362290865e-22,0.0720964515979928,1200,0.0,0.0,0.0,0.0,1200.0,0.0,0.0,1.0,0.0,0.0,0.0,0.0,0.0,0.0,0.0,0.0,0.0,0.0,oracle,0.42367230271987993,0.9998785667771409,1.0,1.0304160796525178e-18,-0.25709860730949247,6.0,1.0,1.3711704029417888,0.0,cons__oracle,cons__oracle,bandwidth,3.0,4,0
consensus,oracle,20,60,ring_plus,-5.4151185122674365e-22,5.4151185122674365e-22,0.01758918844244034,1200,0.0,0.0,0.0,0.0,1200.0,0.0,0.0,1.0,0.0,0.0,0.0,0.0,0.0,0.0,0.0,0.0,0.0,0.0,oracle,0.4236899818514255,0.999874870093386,1.0,1.0203896972240882e-18,-0.25459691424451286,6.0,1.0,1.6160985120576443,0.0,cons__oracle,cons__oracle,bandwidth,3.0,5,0
consensus,oracle,20,60,ring_plus,-7.446097797272288e-22,7.446097797272288e-22,0.04247721956701293,1200,0.0,0.0,0.0,0.0,1200.0,0.0,0.0,1.0,0.0,0.0,0.0,0.0,0.0,0.0,0.0,0.0,0.0,0.0,oracle,0.42311451139255546,0.9999666882807287,1.0,1.4030951627276941e-18,-0.35008556247432826,6.0,1.0,0.9450014459069909,0.0,cons__oracle,cons__oracle,bandwidth,3.0,6,0
consensus,oracle,20,60,ring_plus,-6.832096090363023e-22,6.832096090363023e-22,0.1818194472733547,1200,0.0,0.0,0.0,0.0,1200.0,0.0,0.0,1.0,0.0,0.0,0.0,0.0,0.0,0.0,0.0,0.0,0.0,0.0,oracle,0.42326992391302837,0.9999476838305855,1.0,1.2873995925847002e-18,-0.32121842418883956,6.0,1.0,2.218617553571293,0.0,cons__oracle,cons__oracle,bandwidth,3.0,7,0
consensus,oracle,20,60,ring_plus,-4.793284327395523e-22,4.793284327395523e-22,0.09383090075431576,1200,0.0,0.0,0.0,0.0,1200.0,0.0,0.0,1.0,0.0,0.0,0.0,0.0,0.0,0.0,0.0,0.0,0.0,0.0,oracle,0.42391058589207914,0.9998240626992408,1.0,9.032148995055043e-19,-0.22536069786096127,6.0,1.0,0.7964836768628718,0.0,cons__oracle,cons__oracle,bandwidth,3.0,8,0
consensus,oracle,20,60,ring_plus,-5.230138310386023e-22,5.230138310386023e-22,0.16380439934580932,1200,0.0,0.0,0.0,0.0,1200.0,0.0,0.0,1.0,0.0,0.0,0.0,0.0,0.0,0.0,0.0,0.0,0.0,0.0,oracle,0.4237528254219195,0.999861279310664,1.0,9.855354527580205e-19,-0.24590045216642012,6.0,1.0,0.9413291035084279,0.0,cons__oracle,cons__oracle,bandwidth,3.0,9,0
consensus,oracle,20,60,ring_plus,-3.8664808131607985e-22,3.8664808131607985e-22,0.01707534107123916,1200,0.0,0.0,0.0,0.0,1200.0,0.0,0.0,1.0,0.0,0.0,0.0,0.0,0.0,0.0,0.0,0.0,0.0,0.0,oracle,0.4227557842712422,0.9999943995870426,1.0,7.28576362118007e-19,-0.18178672116482447,6.0,1.0,1.399646125476325,0.0,cons__oracle,cons__oracle,bandwidth,4.0,0,0
consensus,oracle,20,60,ring_plus,-6.055442694937182e-22,6.055442694937182e-22,0.0392141687773349,1200,0.0,0.0,0.0,0.0,1200.0,0.0,0.0,1.0,0.0,0.0,0.0,0.0,0.0,0.0,0.0,0.0,0.0,0.0,oracle,0.4234879503026147,0.9999138029311898,1.0,1.1410516150115487e-18,-0.28470321570419327,6.0,1.0,1.320493917398932,0.0,cons__oracle,cons__oracle,bandwidth,4.0,1,0
consensus,oracle,20,60,ring_plus,-6.48046418185246e-22,6.48046418185246e-22,0.011941202157954172,1200,0.0,0.0,0.0,0.0,1200.0,0.0,0.0,1.0,0.0,0.0,0.0,0.0,0.0,0.0,0.0,0.0,0.0,0.0,oracle,0.42336538085381564,0.999933888231309,1.0,1.2211375612223183e-18,-0.3046854194826795,6.0,1.0,1.55469612182113,0.0,cons__oracle,cons__oracle,bandwidth,4.0,2,0
consensus,oracle,20,60,ring_plus,-9.304131334307445e-22,9.304131334307445e-22,0.008299640721492862,1200,0.0,0.0,0.0,0.0,1200.0,0.0,0.0,1.0,0.0,0.0,0.0,0.0,0.0,0.0,0.0,0.0,0.0,0.0,oracle,0.42271246770562565,0.9999960226921669,1.0,1.753213063189593e-18,-0.4374433146809003,6.0,1.0,1.2627284000071304,0.0,cons__oracle,cons__oracle,bandwidth,4.0,3,0
consensus,oracle,20,60,ring_plus,-5.468321199803671e-22,5.468321199803671e-22,0.0015949156871908968,1200,0.0,0.0,0.0,0.0,1200.0,0.0,0.0,1.0,0.0,0.0,0.0,0.0,0.0,0.0,0.0,0.0,0.0,0.0,oracle,0.42367230271974915,0.9998785667771378,1.0,1.0304161150559801e-18,-0.25709860730949247,6.0,1.0,1.3711704029417888,0.0,cons__oracle,cons__oracle,bandwidth,4.0,4,0
consensus,oracle,20,60,ring_plus,-5.415104302748603e-22,5.415104302748603e-22,0.00920586342360603,1200,0.0,0.0,0.0,0.0,1200.0,0.0,0.0,1.0,0.0,0.0,0.0,0.0,0.0,0.0,0.0,0.0,0.0,0.0,oracle,0.4236899818515022,0.9998748700933879,1.0,1.0203896588951185e-18,-0.25459691424451286,6.0,1.0,1.6160985120576443,0.0,cons__oracle,cons__oracle,bandwidth,4.0,5,0
consensus,oracle,20,60,ring_plus,-7.446086754344358e-22,7.446086754344358e-22,0.0005049640588727737,1200,0.0,0.0,0.0,0.0,1200.0,0.0,0.0,1.0,0.0,0.0,0.0,0.0,0.0,0.0,0.0,0.0,0.0,0.0,oracle,0.42311451139252637,0.9999666882807283,1.0,1.4030951091183535e-18,-0.35008556247432826,6.0,1.0,0.9450014459069909,0.0,cons__oracle,cons__oracle,bandwidth,4.0,6,0
consensus,oracle,20,60,ring_plus,-6.832105023349958e-22,6.832105023349958e-22,0.03913729765074077,1200,0.0,0.0,0.0,0.0,1200.0,0.0,0.0,1.0,0.0,0.0,0.0,0.0,0.0,0.0,0.0,0.0,0.0,0.0,oracle,0.42326992391317686,0.999947683830588,1.0,1.2873995753408996e-18,-0.32121842418883956,6.0,1.0,2.218617553571293,0.0,cons__oracle,cons__oracle,bandwidth,4.0,7,0
consensus,oracle,20,60,ring_plus,-4.7932667366062275e-22,4.7932667366062275e-22,0.006044575976387023,1200,0.0,0.0,0.0,0.0,1200.0,0.0,0.0,1.0,0.0,0.0,0.0,0.0,0.0,0.0,0.0,0.0,0.0,0.0,oracle,0.42391058589215996,0.9998240626992431,1.0,9.032148995735692e-19,-0.22536069786096127,6.0,1.0,0.7964836768628718,0.0,cons__oracle,cons__oracle,bandwidth,4.0,8,0
consensus,oracle,20,60,ring_plus,-5.230141400047581e-22,5.230141400047581e-22,0.031030983302915725,1200,0.0,0.0,0.0,0.0,1200.0,0.0,0.0,1.0,0.0,0.0,0.0,0.0,0.0,0.0,0.0,0.0,0.0,0.0,oracle,0.4237528254215831,0.9998612793106554,1.0,9.855354237724035e-19,-0.24590045216642012,6.0,1.0,0.9413291035084279,0.0,cons__oracle,cons__oracle,bandwidth,4.0,9,0
consensus,oracle,20,60,ring_plus,-3.866483803427519e-22,3.866483803427519e-22,0.00011033027802287781,1200,0.0,0.0,0.0,0.0,1200.0,0.0,0.0,1.0,0.0,0.0,0.0,0.0,0.0,0.0,0.0,0.0,0.0,0.0,oracle,0.422755784271205,0.9999943995870424,1.0,7.285763542641941e-19,-0.18178672116482444,6.0,1.0,1.399646125476325,0.0,cons__oracle,cons__oracle,bandwidth,8.0,0,0
consensus,oracle,20,60,ring_plus,-6.055444408914684e-22,6.055444408914684e-22,9.58515982917715e-05,1200,0.0,0.0,0.0,0.0,1200.0,0.0,0.0,1.0,0.0,0.0,0.0,0.0,0.0,0.0,0.0,0.0,0.0,0.0,oracle,0.42348795030256203,0.9999138029311887,1.0,1.1410515930116774e-18,-0.2847032157041933,6.0,1.0,1.320493917398932,0.0,cons__oracle,cons__oracle,bandwidth,8.0,1,0
consensus,oracle,20,60,ring_plus,-6.480460280347875e-22,6.480460280347875e-22,7.007784463624613e-05,1200,0.0,0.0,0.0,0.0,1200.0,0.0,0.0,1.0,0.0,0.0,0.0,0.0,0.0,0.0,0.0,0.0,0.0,0.0,oracle,0.4233653808537338,0.9999338882313075,1.0,1.2211375618345213e-18,-0.3046854194826795,6.0,1.0,1.55469612182113,0.0,cons__oracle,cons__oracle,bandwidth,8.0,2,0
consensus,oracle,20,60,ring_plus,-9.30413760958039e-22,9.30413760958039e-22,9.091932083481366e-06,1200,0.0,0.0,0.0,0.0,1200.0,0.0,0.0,1.0,0.0,0.0,0.0,0.0,0.0,0.0,0.0,0.0,0.0,0.0,oracle,0.42271246770573756,0.9999960226921674,1.0,1.753213092776866e-18,-0.4374433146809003,6.0,1.0,1.2627284000071304,0.0,cons__oracle,cons__oracle,bandwidth,8.0,3,0
consensus,oracle,20,60,ring_plus,-5.468315148716675e-22,5.468315148716675e-22,5.0728980734383224e-05,1200,0.0,0.0,0.0,0.0,1200.0,0.0,0.0,1.0,0.0,0.0,0.0,0.0,0.0,0.0,0.0,0.0,0.0,0.0,oracle,0.42367230271980943,0.9998785667771392,1.0,1.0304161026577316e-18,-0.25709860730949247,6.0,1.0,1.3711704029417888,0.0,cons__oracle,cons__oracle,bandwidth,8.0,4,0
consensus,oracle,20,60,ring_plus,-5.4151194870036925e-22,5.4151194870036925e-22,3.3472303257052397e-06,1200,0.0,0.0,0.0,0.0,1200.0,0.0,0.0,1.0,0.0,0.0,0.0,0.0,0.0,0.0,0.0,0.0,0.0,0.0,oracle,0.42368998185128715,0.9998748700933827,1.0,1.0203896456006513e-18,-0.25459691424451286,6.0,1.0,1.6160985120576443,0.0,cons__oracle,cons__oracle,bandwidth,8.0,5,0
consensus,oracle,20,60,ring_plus,-7.446100807046271e-22,7.446100807046271e-22,1.119377551191617e-06,1200,0.0,0.0,0.0,0.0,1200.0,0.0,0.0,1.0,0.0,0.0,0.0,0.0,0.0,0.0,0.0,0.0,0.0,0.0,oracle,0.423114511392659,0.99996668828073,1.0,1.40309513576472e-18,-0.35008556247432826,6.0,1.0,0.9450014459069909,0.0,cons__oracle,cons__oracle,bandwidth,8.0,6,0
consensus,oracle,20,60,ring_plus,-6.832104294806681e-22,6.832104294806681e-22,9.208693736191866e-05,1200,0.0,0.0,0.0,0.0,1200.0,0.0,0.0,1.0,0.0,0.0,0.0,0.0,0.0,0.0,0.0,0.0,0.0,0.0,oracle,0.4232699239131975,0.9999476838305883,1.0,1.287399579695958e-18,-0.32121842418883956,6.0,1.0,2.218617553571293,0.0,cons__oracle,cons__oracle,bandwidth,8.0,7,0
consensus,oracle,20,60,ring_plus,-4.793275386889758e-22,4.793275386889758e-22,5.124606757840361e-05,1200,0.0,0.0,0.0,0.0,1200.0,0.0,0.0,1.0,0.0,0.0,0.0,0.0,0.0,0.0,0.0,0.0,0.0,0.0,oracle,0.4239105858921285,0.9998240626992422,1.0,9.032149027036496e-19,-0.22536069786096127,6.0,1.0,0.7964836768628718,0.0,cons__oracle,cons__oracle,bandwidth,8.0,8,0
consensus,oracle,20,60,ring_plus,-5.230139919150936e-22,5.230139919150936e-22,0.00013110824701411704,1200,0.0,0.0,0.0,0.0,1200.0,0.0,0.0,1.0,0.0,0.0,0.0,0.0,0.0,0.0,0.0,0.0,0.0,0.0,oracle,0.4237528254216164,0.9998612793106562,1.0,9.85535433275005e-19,-0.24590045216642012,6.0,1.0,0.9413291035084279,0.0,cons__oracle,cons__oracle,bandwidth,8.0,9,0
consensus,oracle,20,60,ring_plus,-3.8664844106342306e-22,3.8664844106342306e-22,1.9332422053171154e-23,1200,0.0,0.0,0.0,0.0,1200.0,0.0,0.0,1.0,0.0,0.0,0.0,0.0,0.0,0.0,0.0,0.0,0.0,0.0,oracle,0.4227557842711919,0.9999943995870424,1.0,7.285763518965964e-19,-0.18178672116482444,6.0,1.0,1.399646125476325,0.0,cons__oracle,cons__oracle,bandwidth,0.0,0,0
consensus,oracle,20,60,ring_plus,-6.055460459984619e-22,6.055460459984619e-22,3.0277302297766055e-23,1200,0.0,0.0,0.0,0.0,1200.0,0.0,0.0,1.0,0.0,0.0,0.0,0.0,0.0,0.0,0.0,0.0,0.0,0.0,oracle,0.42348795030259173,0.9999138029311893,1.0,1.1410516130286538e-18,-0.2847032157041933,6.0,1.0,1.320493917398932,0.0,cons__oracle,cons__oracle,bandwidth,0.0,1,0
consensus,oracle,20,60,ring_plus,-6.480460387581728e-22,6.480460387581728e-22,3.240230193917976e-23,1200,0.0,0.0,0.0,0.0,1200.0,0.0,0.0,1.0,0.0,0.0,0.0,0.0,0.0,0.0,0.0,0.0,0.0,0.0,oracle,0.42336538085374786,0.9999338882313078,1.0,1.221137547196742e-18,-0.3046854194826796,6.0,1.0,1.55469612182113,0.0,cons__oracle,cons__oracle,bandwidth,0.0,2,0
consensus,oracle,20,60,ring_plus,-9.30414073457891e-22,9.30414073457891e-22,4.6520703672894553e-23,1200,0.0,0.0,0.0,0.0,1200.0,0.0,0.0,1.0,0.0,0.0,0.0,0.0,0.0,0.0,0.0,0.0,0.0,0.0,oracle,0.4227124677056445,0.9999960226921669,1.0,1.7532130658455097e-18,-0.43744331468090025,6.0,1.0,1.2627284000071304,0.0,cons__oracle,cons__oracle,bandwidth,0.0,3,0
consensus,oracle,20,60,ring_plus,-5.468320841049145e-22,5.468320841049145e-22,2.7341604205245725e-23,1200,0.0,0.0,0.0,0.0,1200.0,0.0,0.0,1.0,0.0,0.0,0.0,0.0,0.0,0.0,0.0,0.0,0.0,0.0,oracle,0.42367230271989975,0.9998785667771415,1.0,1.0304161093649226e-18,-0.25709860730949247,6.0,1.0,1.3711704029417888,0.0,cons__oracle,cons__oracle,bandwidth,0.0,4,0
consensus,oracle,20,60,ring_plus,-5.415111608532736e-22,5.415111608532736e-22,2.707555804759406e-23,1200,0.0,0.0,0.0,0.0,1200.0,0.0,0.0,1.0,0.0,0.0,0.0,0.0,0.0,0.0,0.0,0.0,0.0,0.0,oracle,0.42368998185147133,0.9998748700933872,1.0,1.0203896391088902e-18,-0.25459691424451286,6.0,1.0,1.6160985120576443,0.0,cons__oracle,cons__oracle,bandwidth,0.0,5,0
consensus,oracle,20,60,ring_plus,-7.446090726775165e-22,7.446090726775165e-22,3.7230453633875824e-23,1200,0.0,0.0,0.0,0.0,1200.0,0.0,0.0,1.0,0.0,0.0,0.0,0.0,0.0,0.0,0.0,0.0,0.0,0.0,oracle,0.423114511392679,0.9999666882807303,1.0,1.4030951287744478e-18,-0.35008556247432826,6.0,1.0,0.9450014459069909,0.0,cons__oracle,cons__oracle,bandwidth,0.0,6,0
consensus,oracle,20,60,ring_plus,-6.83210456341137e-22,6.83210456341137e-22,3.4160522817107104e-23,1200,0.0,0.0,0.0,0.0,1200.0,0.0,0.0,1.0,0.0,0.0,0.0,0.0,0.0,0.0,0.0,0.0,0.0,0.0,oracle,0.42326992391320073,0.9999476838305884,1.0,1.2873995791278102e-18,-0.32121842418883956,6.0,1.0,2.218617553571293,0.0,cons__oracle,cons__oracle,bandwidth,0.0,7,0
consensus,oracle,20,60,ring_plus,-4.793271062728291e-22,4.793271062728291e-22,2.3966355314623678e-23,1200,0.0,0.0,0.0,0.0,1200.0,0.0,0.0,1.0,0.0,0.0,0.0,0.0,0.0,0.0,0.0,0.0,0.0,0.0,oracle,0.42391058589216357,0.9998240626992432,1.0,9.032149127074082e-19,-0.22536069786096127,6.0,1.0,0.7964836768628718,0.0,cons__oracle,cons__oracle,bandwidth,0.0,8,0
consensus,oracle,20,60,ring_plus,-5.230140125304282e-22,5.230140125304282e-22,2.615070062681632e-23,1200,0.0,0.0,0.0,0.0,1200.0,0.0,0.0,1.0,0.0,0.0,0.0,0.0,0.0,0.0,0.0,0.0,0.0,0.0,oracle,0.4237528254215684,0.9998612793106549,1.0,9.855354321495351e-19,-0.24590045216642012,6.0,1.0,0.9413291035084279,0.0,cons__oracle,cons__oracle,bandwidth,0.0,9,0
consensus,oracle,20,60,ring_plus,-3.8664844106342306e-22,3.8664844106342306e-22,1.9332422053171154e-23,1200,0.0,0.0,0.0,0.0,1200.0,0.0,0.0,1.0,0.0,0.0,0.0,0.0,0.0,0.0,0.0,0.0,0.0,0.0,oracle,0.4227557842711919,0.9999943995870424,1.0,7.285763518965964e-19,-0.18178672116482444,6.0,1.0,1.399646125476325,0.0,cons__oracle,cons__oracle,spoof,0.0,0,0
consensus,oracle,20,60,ring_plus,-6.055460459984619e-22,6.055460459984619e-22,3.0277302297766055e-23,1200,0.0,0.0,0.0,0.0,1200.0,0.0,0.0,1.0,0.0,0.0,0.0,0.0,0.0,0.0,0.0,0.0,0.0,0.0,oracle,0.42348795030259173,0.9999138029311893,1.0,1.1410516130286538e-18,-0.2847032157041933,6.0,1.0,1.320493917398932,0.0,cons__oracle,cons__oracle,spoof,0.0,1,0
consensus,oracle,20,60,ring_plus,-6.480460387581728e-22,6.480460387581728e-22,3.240230193917976e-23,1200,0.0,0.0,0.0,0.0,1200.0,0.0,0.0,1.0,0.0,0.0,0.0,0.0,0.0,0.0,0.0,0.0,0.0,0.0,oracle,0.42336538085374786,0.9999338882313078,1.0,1.221137547196742e-18,-0.3046854194826796,6.0,1.0,1.55469612182113,0.0,cons__oracle,cons__oracle,spoof,0.0,2,0
consensus,oracle,20,60,ring_plus,-9.30414073457891e-22,9.30414073457891e-22,4.6520703672894553e-23,1200,0.0,0.0,0.0,0.0,1200.0,0.0,0.0,1.0,0.0,0.0,0.0,0.0,0.0,0.0,0.0,0.0,0.0,0.0,oracle,0.4227124677056445,0.9999960226921669,1.0,1.7532130658455097e-18,-0.43744331468090025,6.0,1.0,1.2627284000071304,0.0,cons__oracle,cons__oracle,spoof,0.0,3,0
consensus,oracle,20,60,ring_plus,-5.468320841049145e-22,5.468320841049145e-22,2.7341604205245725e-23,1200,0.0,0.0,0.0,0.0,1200.0,0.0,0.0,1.0,0.0,0.0,0.0,0.0,0.0,0.0,0.0,0.0,0.0,0.0,oracle,0.42367230271989975,0.9998785667771415,1.0,1.0304161093649226e-18,-0.25709860730949247,6.0,1.0,1.3711704029417888,0.0,cons__oracle,cons__oracle,spoof,0.0,4,0
consensus,oracle,20,60,ring_plus,-5.415111608532736e-22,5.415111608532736e-22,2.707555804759406e-23,1200,0.0,0.0,0.0,0.0,1200.0,0.0,0.0,1.0,0.0,0.0,0.0,0.0,0.0,0.0,0.0,0.0,0.0,0.0,oracle,0.42368998185147133,0.9998748700933872,1.0,1.0203896391088902e-18,-0.25459691424451286,6.0,1.0,1.6160985120576443,0.0,cons__oracle,cons__oracle,spoof,0.0,5,0
consensus,oracle,20,60,ring_plus,-7.446090726775165e-22,7.446090726775165e-22,3.7230453633875824e-23,1200,0.0,0.0,0.0,0.0,1200.0,0.0,0.0,1.0,0.0,0.0,0.0,0.0,0.0,0.0,0.0,0.0,0.0,0.0,oracle,0.423114511392679,0.9999666882807303,1.0,1.4030951287744478e-18,-0.35008556247432826,6.0,1.0,0.9450014459069909,0.0,cons__oracle,cons__oracle,spoof,0.0,6,0
consensus,oracle,20,60,ring_plus,-6.83210456341137e-22,6.83210456341137e-22,3.4160522817107104e-23,1200,0.0,0.0,0.0,0.0,1200.0,0.0,0.0,1.0,0.0,0.0,0.0,0.0,0.0,0.0,0.0,0.0,0.0,0.0,oracle,0.42326992391320073,0.9999476838305884,1.0,1.2873995791278102e-18,-0.32121842418883956,6.0,1.0,2.218617553571293,0.0,cons__oracle,cons__oracle,spoof,0.0,7,0
consensus,oracle,20,60,ring_plus,-4.793271062728291e-22,4.793271062728291e-22,2.3966355314623678e-23,1200,0.0,0.0,0.0,0.0,1200.0,0.0,0.0,1.0,0.0,0.0,0.0,0.0,0.0,0.0,0.0,0.0,0.0,0.0,oracle,0.42391058589216357,0.9998240626992432,1.0,9.032149127074082e-19,-0.22536069786096127,6.0,1.0,0.7964836768628718,0.0,cons__oracle,cons__oracle,spoof,0.0,8,0
consensus,oracle,20,60,ring_plus,-5.230140125304282e-22,5.230140125304282e-22,2.615070062681632e-23,1200,0.0,0.0,0.0,0.0,1200.0,0.0,0.0,1.0,0.0,0.0,0.0,0.0,0.0,0.0,0.0,0.0,0.0,0.0,oracle,0.4237528254215684,0.9998612793106549,1.0,9.855354321495351e-19,-0.24590045216642012,6.0,1.0,0.9413291035084279,0.0,cons__oracle,cons__oracle,spoof,0.0,9,0
consensus,oracle,20,60,ring_plus,-3.8664844106342306e-22,3.8664844106342306e-22,1.9332422053171154e-23,1200,0.0,0.0,0.0,0.0,1200.0,0.0,0.0,1.0,0.0,0.0,0.0,0.0,0.0,0.0,0.0,0.0,0.0,0.0,oracle,0.4227557842711919,0.9999943995870424,1.0,7.285763518965964e-19,-0.18178672116482444,6.0,1.0,1.399646125476325,0.0,cons__oracle,cons__oracle,spoof,0.1,0,0
consensus,oracle,20,60,ring_plus,-6.055460459984619e-22,6.055460459984619e-22,3.0277302297766055e-23,1200,0.0,0.0,0.0,0.0,1200.0,0.0,0.0,1.0,0.0,0.0,0.0,0.0,0.0,0.0,0.0,0.0,0.0,0.0,oracle,0.42348795030259173,0.9999138029311893,1.0,1.1410516130286538e-18,-0.2847032157041933,6.0,1.0,1.320493917398932,0.0,cons__oracle,cons__oracle,spoof,0.1,1,0
consensus,oracle,20,60,ring_plus,-6.480460387581728e-22,6.480460387581728e-22,3.240230193917976e-23,1200,0.0,0.0,0.0,0.0,1200.0,0.0,0.0,1.0,0.0,0.0,0.0,0.0,0.0,0.0,0.0,0.0,0.0,0.0,oracle,0.42336538085374786,0.9999338882313078,1.0,1.221137547196742e-18,-0.3046854194826796,6.0,1.0,1.55469612182113,0.0,cons__oracle,cons__oracle,spoof,0.1,2,0
consensus,oracle,20,60,ring_plus,-9.30414073457891e-22,9.30414073457891e-22,4.6520703672894553e-23,1200,0.0,0.0,0.0,0.0,1200.0,0.0,0.0,1.0,0.0,0.0,0.0,0.0,0.0,0.0,0.0,0.0,0.0,0.0,oracle,0.4227124677056445,0.9999960226921669,1.0,1.7532130658455097e-18,-0.43744331468090025,6.0,1.0,1.2627284000071304,0.0,cons__oracle,cons__oracle,spoof,0.1,3,0
consensus,oracle,20,60,ring_plus,-5.468320841049145e-22,5.468320841049145e-22,2.7341604205245725e-23,1200,0.0,0.0,0.0,0.0,1200.0,0.0,0.0,1.0,0.0,0.0,0.0,0.0,0.0,0.0,0.0,0.0,0.0,0.0,oracle,0.42367230271989975,0.9998785667771415,1.0,1.0304161093649226e-18,-0.25709860730949247,6.0,1.0,1.3711704029417888,0.0,cons__oracle,cons__oracle,spoof,0.1,4,0
consensus,oracle,20,60,ring_plus,-5.415111608532736e-22,5.415111608532736e-22,2.707555804759406e-23,1200,0.0,0.0,0.0,0.0,1200.0,0.0,0.0,1.0,0.0,0.0,0.0,0.0,0.0,0.0,0.0,0.0,0.0,0.0,oracle,0.42368998185147133,0.9998748700933872,1.0,1.0203896391088902e-18,-0.25459691424451286,6.0,1.0,1.6160985120576443,0.0,cons__oracle,cons__oracle,spoof,0.1,5,0
consensus,oracle,20,60,ring_plus,-7.446090726775165e-22,7.446090726775165e-22,3.7230453633875824e-23,1200,0.0,0.0,0.0,0.0,1200.0,0.0,0.0,1.0,0.0,0.0,0.0,0.0,0.0,0.0,0.0,0.0,0.0,0.0,oracle,0.423114511392679,0.9999666882807303,1.0,1.4030951287744478e-18,-0.35008556247432826,6.0,1.0,0.9450014459069909,0.0,cons__oracle,cons__oracle,spoof,0.1,6,0
consensus,oracle,20,60,ring_plus,-6.83210456341137e-22,6.83210456341137e-22,3.4160522817107104e-23,1200,0.0,0.0,0.0,0.0,1200.0,0.0,0.0,1.0,0.0,0.0,0.0,0.0,0.0,0.0,0.0,0.0,0.0,0.0,oracle,0.42326992391320073,0.9999476838305884,1.0,1.2873995791278102e-18,-0.32121842418883956,6.0,1.0,2.218617553571293,0.0,cons__oracle,cons__oracle,spoof,0.1,7,0
consensus,oracle,20,60,ring_plus,-4.793271062728291e-22,4.793271062728291e-22,2.3966355314623678e-23,1200,0.0,0.0,0.0,0.0,1200.0,0.0,0.0,1.0,0.0,0.0,0.0,0.0,0.0,0.0,0.0,0.0,0.0,0.0,oracle,0.42391058589216357,0.9998240626992432,1.0,9.032149127074082e-19,-0.22536069786096127,6.0,1.0,0.7964836768628718,0.0,cons__oracle,cons__oracle,spoof,0.1,8,0
consensus,oracle,20,60,ring_plus,-5.230140125304282e-22,5.230140125304282e-22,2.615070062681632e-23,1200,0.0,0.0,0.0,0.0,1200.0,0.0,0.0,1.0,0.0,0.0,0.0,0.0,0.0,0.0,0.0,0.0,0.0,0.0,oracle,0.4237528254215684,0.9998612793106549,1.0,9.855354321495351e-19,-0.24590045216642012,6.0,1.0,0.9413291035084279,0.0,cons__oracle,cons__oracle,spoof,0.1,9,0
consensus,oracle,20,60,ring_plus,-3.8664844106342306e-22,3.8664844106342306e-22,1.9332422053171154e-23,1200,0.0,0.0,0.0,0.0,1200.0,0.0,0.0,1.0,0.0,0.0,0.0,0.0,0.0,0.0,0.0,0.0,0.0,0.0,oracle,0.4227557842711919,0.9999943995870424,1.0,7.285763518965964e-19,-0.18178672116482444,6.0,1.0,1.399646125476325,0.0,cons__oracle,cons__oracle,spoof,0.3,0,0
consensus,oracle,20,60,ring_plus,-6.055460459984619e-22,6.055460459984619e-22,3.0277302297766055e-23,1200,0.0,0.0,0.0,0.0,1200.0,0.0,0.0,1.0,0.0,0.0,0.0,0.0,0.0,0.0,0.0,0.0,0.0,0.0,oracle,0.42348795030259173,0.9999138029311893,1.0,1.1410516130286538e-18,-0.2847032157041933,6.0,1.0,1.320493917398932,0.0,cons__oracle,cons__oracle,spoof,0.3,1,0
consensus,oracle,20,60,ring_plus,-6.480460387581728e-22,6.480460387581728e-22,3.240230193917976e-23,1200,0.0,0.0,0.0,0.0,1200.0,0.0,0.0,1.0,0.0,0.0,0.0,0.0,0.0,0.0,0.0,0.0,0.0,0.0,oracle,0.42336538085374786,0.9999338882313078,1.0,1.221137547196742e-18,-0.3046854194826796,6.0,1.0,1.55469612182113,0.0,cons__oracle,cons__oracle,spoof,0.3,2,0
consensus,oracle,20,60,ring_plus,-9.30414073457891e-22,9.30414073457891e-22,4.6520703672894553e-23,1200,0.0,0.0,0.0,0.0,1200.0,0.0,0.0,1.0,0.0,0.0,0.0,0.0,0.0,0.0,0.0,0.0,0.0,0.0,oracle,0.4227124677056445,0.9999960226921669,1.0,1.7532130658455097e-18,-0.43744331468090025,6.0,1.0,1.2627284000071304,0.0,cons__oracle,cons__oracle,spoof,0.3,3,0
consensus,oracle,20,60,ring_plus,-5.468320841049145e-22,5.468320841049145e-22,2.7341604205245725e-23,1200,0.0,0.0,0.0,0.0,1200.0,0.0,0.0,1.0,0.0,0.0,0.0,0.0,0.0,0.0,0.0,0.0,0.0,0.0,oracle,0.42367230271989975,0.9998785667771415,1.0,1.0304161093649226e-18,-0.25709860730949247,6.0,1.0,1.3711704029417888,0.0,cons__oracle,cons__oracle,spoof,0.3,4,0
consensus,oracle,20,60,ring_plus,-5.415111608532736e-22,5.415111608532736e-22,2.707555804759406e-23,1200,0.0,0.0,0.0,0.0,1200.0,0.0,0.0,1.0,0.0,0.0,0.0,0.0,0.0,0.0,0.0,0.0,0.0,0.0,oracle,0.42368998185147133,0.9998748700933872,1.0,1.0203896391088902e-18,-0.25459691424451286,6.0,1.0,1.6160985120576443,0.0,cons__oracle,cons__oracle,spoof,0.3,5,0
consensus,oracle,20,60,ring_plus,-7.446090726775165e-22,7.446090726775165e-22,3.7230453633875824e-23,1200,0.0,0.0,0.0,0.0,1200.0,0.0,0.0,1.0,0.0,0.0,0.0,0.0,0.0,0.0,0.0,0.0,0.0,0.0,oracle,0.423114511392679,0.9999666882807303,1.0,1.4030951287744478e-18,-0.35008556247432826,6.0,1.0,0.9450014459069909,0.0,cons__oracle,cons__oracle,spoof,0.3,6,0
consensus,oracle,20,60,ring_plus,-6.83210456341137e-22,6.83210456341137e-22,3.4160522817107104e-23,1200,0.0,0.0,0.0,0.0,1200.0,0.0,0.0,1.0,0.0,0.0,0.0,0.0,0.0,0.0,0.0,0.0,0.0,0.0,oracle,0.42326992391320073,0.9999476838305884,1.0,1.2873995791278102e-18,-0.32121842418883956,6.0,1.0,2.218617553571293,0.0,cons__oracle,cons__oracle,spoof,0.3,7,0
consensus,oracle,20,60,ring_plus,-4.793271062728291e-22,4.793271062728291e-22,2.3966355314623678e-23,1200,0.0,0.0,0.0,0.0,1200.0,0.0,0.0,1.0,0.0,0.0,0.0,0.0,0.0,0.0,0.0,0.0,0.0,0.0,oracle,0.42391058589216357,0.9998240626992432,1.0,9.032149127074082e-19,-0.22536069786096127,6.0,1.0,0.7964836768628718,0.0,cons__oracle,cons__oracle,spoof,0.3,8,0
consensus,oracle,20,60,ring_plus,-5.230140125304282e-22,5.230140125304282e-22,2.615070062681632e-23,1200,0.0,0.0,0.0,0.0,1200.0,0.0,0.0,1.0,0.0,0.0,0.0,0.0,0.0,0.0,0.0,0.0,0.0,0.0,oracle,0.4237528254215684,0.9998612793106549,1.0,9.855354321495351e-19,-0.24590045216642012,6.0,1.0,0.9413291035084279,0.0,cons__oracle,cons__oracle,spoof,0.3,9,0
consensus,oracle,20,60,ring_plus,-3.8664844106342306e-22,3.8664844106342306e-22,1.9332422053171154e-23,1200,0.0,0.0,0.0,0.0,1200.0,0.0,0.0,1.0,0.0,0.0,0.0,0.0,0.0,0.0,0.0,0.0,0.0,0.0,oracle,0.4227557842711919,0.9999943995870424,1.0,7.285763518965964e-19,-0.18178672116482444,6.0,1.0,1.399646125476325,0.0,cons__oracle,cons__oracle,spoof,0.5,0,0
consensus,oracle,20,60,ring_plus,-6.055460459984619e-22,6.055460459984619e-22,3.0277302297766055e-23,1200,0.0,0.0,0.0,0.0,1200.0,0.0,0.0,1.0,0.0,0.0,0.0,0.0,0.0,0.0,0.0,0.0,0.0,0.0,oracle,0.42348795030259173,0.9999138029311893,1.0,1.1410516130286538e-18,-0.2847032157041933,6.0,1.0,1.320493917398932,0.0,cons__oracle,cons__oracle,spoof,0.5,1,0
consensus,oracle,20,60,ring_plus,-6.480460387581728e-22,6.480460387581728e-22,3.240230193917976e-23,1200,0.0,0.0,0.0,0.0,1200.0,0.0,0.0,1.0,0.0,0.0,0.0,0.0,0.0,0.0,0.0,0.0,0.0,0.0,oracle,0.42336538085374786,0.9999338882313078,1.0,1.221137547196742e-18,-0.3046854194826796,6.0,1.0,1.55469612182113,0.0,cons__oracle,cons__oracle,spoof,0.5,2,0
consensus,oracle,20,60,ring_plus,-9.30414073457891e-22,9.30414073457891e-22,4.6520703672894553e-23,1200,0.0,0.0,0.0,0.0,1200.0,0.0,0.0,1.0,0.0,0.0,0.0,0.0,0.0,0.0,0.0,0.0,0.0,0.0,oracle,0.4227124677056445,0.9999960226921669,1.0,1.7532130658455097e-18,-0.43744331468090025,6.0,1.0,1.2627284000071304,0.0,cons__oracle,cons__oracle,spoof,0.5,3,0
consensus,oracle,20,60,ring_plus,-5.468320841049145e-22,5.468320841049145e-22,2.7341604205245725e-23,1200,0.0,0.0,0.0,0.0,1200.0,0.0,0.0,1.0,0.0,0.0,0.0,0.0,0.0,0.0,0.0,0.0,0.0,0.0,oracle,0.42367230271989975,0.9998785667771415,1.0,1.0304161093649226e-18,-0.25709860730949247,6.0,1.0,1.3711704029417888,0.0,cons__oracle,cons__oracle,spoof,0.5,4,0
consensus,oracle,20,60,ring_plus,-5.415111608532736e-22,5.415111608532736e-22,2.707555804759406e-23,1200,0.0,0.0,0.0,0.0,1200.0,0.0,0.0,1.0,0.0,0.0,0.0,0.0,0.0,0.0,0.0,0.0,0.0,0.0,oracle,0.42368998185147133,0.9998748700933872,1.0,1.0203896391088902e-18,-0.25459691424451286,6.0,1.0,1.6160985120576443,0.0,cons__oracle,cons__oracle,spoof,0.5,5,0
consensus,oracle,20,60,ring_plus,-7.446090726775165e-22,7.446090726775165e-22,3.7230453633875824e-23,1200,0.0,0.0,0.0,0.0,1200.0,0.0,0.0,1.0,0.0,0.0,0.0,0.0,0.0,0.0,0.0,0.0,0.0,0.0,oracle,0.423114511392679,0.9999666882807303,1.0,1.4030951287744478e-18,-0.35008556247432826,6.0,1.0,0.9450014459069909,0.0,cons__oracle,cons__oracle,spoof,0.5,6,0
consensus,oracle,20,60,ring_plus,-6.83210456341137e-22,6.83210456341137e-22,3.4160522817107104e-23,1200,0.0,0.0,0.0,0.0,1200.0,0.0,0.0,1.0,0.0,0.0,0.0,0.0,0.0,0.0,0.0,0.0,0.0,0.0,oracle,0.42326992391320073,0.9999476838305884,1.0,1.2873995791278102e-18,-0.32121842418883956,6.0,1.0,2.218617553571293,0.0,cons__oracle,cons__oracle,spoof,0.5,7,0
consensus,oracle,20,60,ring_plus,-4.793271062728291e-22,4.793271062728291e-22,2.3966355314623678e-23,1200,0.0,0.0,0.0,0.0,1200.0,0.0,0.0,1.0,0.0,0.0,0.0,0.0,0.0,0.0,0.0,0.0,0.0,0.0,oracle,0.42391058589216357,0.9998240626992432,1.0,9.032149127074082e-19,-0.22536069786096127,6.0,1.0,0.7964836768628718,0.0,cons__oracle,cons__oracle,spoof,0.5,8,0
consensus,oracle,20,60,ring_plus,-5.230140125304282e-22,5.230140125304282e-22,2.615070062681632e-23,1200,0.0,0.0,0.0,0.0,1200.0,0.0,0.0,1.0,0.0,0.0,0.0,0.0,0.0,0.0,0.0,0.0,0.0,0.0,oracle,0.4237528254215684,0.9998612793106549,1.0,9.855354321495351e-19,-0.24590045216642012,6.0,1.0,0.9413291035084279,0.0,cons__oracle,cons__oracle,spoof,0.5,9,0
consensus,oracle,20,60,ring_plus,-3.8664844106342306e-22,3.8664844106342306e-22,1.9332422053171154e-23,1200,0.0,0.0,0.0,0.0,1200.0,0.0,0.0,1.0,0.0,0.0,0.0,0.0,0.0,0.0,0.0,0.0,0.0,0.0,oracle,0.4227557842711919,0.9999943995870424,1.0,7.285763518965964e-19,-0.18178672116482444,6.0,1.0,1.399646125476325,0.0,cons__oracle,cons__oracle,spoof,1.0,0,0
consensus,oracle,20,60,ring_plus,-6.055460459984619e-22,6.055460459984619e-22,3.0277302297766055e-23,1200,0.0,0.0,0.0,0.0,1200.0,0.0,0.0,1.0,0.0,0.0,0.0,0.0,0.0,0.0,0.0,0.0,0.0,0.0,oracle,0.42348795030259173,0.9999138029311893,1.0,1.1410516130286538e-18,-0.2847032157041933,6.0,1.0,1.320493917398932,0.0,cons__oracle,cons__oracle,spoof,1.0,1,0
consensus,oracle,20,60,ring_plus,-6.480460387581728e-22,6.480460387581728e-22,3.240230193917976e-23,1200,0.0,0.0,0.0,0.0,1200.0,0.0,0.0,1.0,0.0,0.0,0.0,0.0,0.0,0.0,0.0,0.0,0.0,0.0,oracle,0.42336538085374786,0.9999338882313078,1.0,1.221137547196742e-18,-0.3046854194826796,6.0,1.0,1.55469612182113,0.0,cons__oracle,cons__oracle,spoof,1.0,2,0
consensus,oracle,20,60,ring_plus,-9.30414073457891e-22,9.30414073457891e-22,4.6520703672894553e-23,1200,0.0,0.0,0.0,0.0,1200.0,0.0,0.0,1.0,0.0,0.0,0.0,0.0,0.0,0.0,0.0,0.0,0.0,0.0,oracle,0.4227124677056445,0.9999960226921669,1.0,1.7532130658455097e-18,-0.43744331468090025,6.0,1.0,1.2627284000071304,0.0,cons__oracle,cons__oracle,spoof,1.0,3,0
consensus,oracle,20,60,ring_plus,-5.468320841049145e-22,5.468320841049145e-22,2.7341604205245725e-23,1200,0.0,0.0,0.0,0.0,1200.0,0.0,0.0,1.0,0.0,0.0,0.0,0.0,0.0,0.0,0.0,0.0,0.0,0.0,oracle,0.42367230271989975,0.9998785667771415,1.0,1.0304161093649226e-18,-0.25709860730949247,6.0,1.0,1.3711704029417888,0.0,cons__oracle,cons__oracle,spoof,1.0,4,0
consensus,oracle,20,60,ring_plus,-5.415111608532736e-22,5.415111608532736e-22,2.707555804759406e-23,1200,0.0,0.0,0.0,0.0,1200.0,0.0,0.0,1.0,0.0,0.0,0.0,0.0,0.0,0.0,0.0,0.0,0.0,0.0,oracle,0.42368998185147133,0.9998748700933872,1.0,1.0203896391088902e-18,-0.25459691424451286,6.0,1.0,1.6160985120576443,0.0,cons__oracle,cons__oracle,spoof,1.0,5,0
consensus,oracle,20,60,ring_plus,-7.446090726775165e-22,7.446090726775165e-22,3.7230453633875824e-23,1200,0.0,0.0,0.0,0.0,1200.0,0.0,0.0,1.0,0.0,0.0,0.0,0.0,0.0,0.0,0.0,0.0,0.0,0.0,oracle,0.423114511392679,0.9999666882807303,1.0,1.4030951287744478e-18,-0.35008556247432826,6.0,1.0,0.9450014459069909,0.0,cons__oracle,cons__oracle,spoof,1.0,6,0
consensus,oracle,20,60,ring_plus,-6.83210456341137e-22,6.83210456341137e-22,3.4160522817107104e-23,1200,0.0,0.0,0.0,0.0,1200.0,0.0,0.0,1.0,0.0,0.0,0.0,0.0,0.0,0.0,0.0,0.0,0.0,0.0,oracle,0.42326992391320073,0.9999476838305884,1.0,1.2873995791278102e-18,-0.32121842418883956,6.0,1.0,2.218617553571293,0.0,cons__oracle,cons__oracle,spoof,1.0,7,0
consensus,oracle,20,60,ring_plus,-4.793271062728291e-22,4.793271062728291e-22,2.3966355314623678e-23,1200,0.0,0.0,0.0,0.0,1200.0,0.0,0.0,1.0,0.0,0.0,0.0,0.0,0.0,0.0,0.0,0.0,0.0,0.0,oracle,0.42391058589216357,0.9998240626992432,1.0,9.032149127074082e-19,-0.22536069786096127,6.0,1.0,0.7964836768628718,0.0,cons__oracle,cons__oracle,spoof,1.0,8,0
consensus,oracle,20,60,ring_plus,-5.230140125304282e-22,5.230140125304282e-22,2.615070062681632e-23,1200,0.0,0.0,0.0,0.0,1200.0,0.0,0.0,1.0,0.0,0.0,0.0,0.0,0.0,0.0,0.0,0.0,0.0,0.0,oracle,0.4237528254215684,0.9998612793106549,1.0,9.855354321495351e-19,-0.24590045216642012,6.0,1.0,0.9413291035084279,0.0,cons__oracle,cons__oracle,spoof,1.0,9,0
consensus,oracle,20,60,ring_plus,-3.8664844106342306e-22,3.8664844106342306e-22,1.9332422053171154e-23,1200,0.0,0.0,0.0,0.0,1200.0,0.0,0.0,1.0,0.0,0.0,0.0,0.0,0.0,0.0,0.0,0.0,0.0,0.0,oracle,0.4227557842711919,0.9999943995870424,1.0,7.285763518965964e-19,-0.18178672116482444,6.0,1.0,1.399646125476325,0.0,cons__oracle,cons__oracle,jam,0.0,0,0
consensus,oracle,20,60,ring_plus,-6.055460459984619e-22,6.055460459984619e-22,3.0277302297766055e-23,1200,0.0,0.0,0.0,0.0,1200.0,0.0,0.0,1.0,0.0,0.0,0.0,0.0,0.0,0.0,0.0,0.0,0.0,0.0,oracle,0.42348795030259173,0.9999138029311893,1.0,1.1410516130286538e-18,-0.2847032157041933,6.0,1.0,1.320493917398932,0.0,cons__oracle,cons__oracle,jam,0.0,1,0
consensus,oracle,20,60,ring_plus,-6.480460387581728e-22,6.480460387581728e-22,3.240230193917976e-23,1200,0.0,0.0,0.0,0.0,1200.0,0.0,0.0,1.0,0.0,0.0,0.0,0.0,0.0,0.0,0.0,0.0,0.0,0.0,oracle,0.42336538085374786,0.9999338882313078,1.0,1.221137547196742e-18,-0.3046854194826796,6.0,1.0,1.55469612182113,0.0,cons__oracle,cons__oracle,jam,0.0,2,0
consensus,oracle,20,60,ring_plus,-9.30414073457891e-22,9.30414073457891e-22,4.6520703672894553e-23,1200,0.0,0.0,0.0,0.0,1200.0,0.0,0.0,1.0,0.0,0.0,0.0,0.0,0.0,0.0,0.0,0.0,0.0,0.0,oracle,0.4227124677056445,0.9999960226921669,1.0,1.7532130658455097e-18,-0.43744331468090025,6.0,1.0,1.2627284000071304,0.0,cons__oracle,cons__oracle,jam,0.0,3,0
consensus,oracle,20,60,ring_plus,-5.468320841049145e-22,5.468320841049145e-22,2.7341604205245725e-23,1200,0.0,0.0,0.0,0.0,1200.0,0.0,0.0,1.0,0.0,0.0,0.0,0.0,0.0,0.0,0.0,0.0,0.0,0.0,oracle,0.42367230271989975,0.9998785667771415,1.0,1.0304161093649226e-18,-0.25709860730949247,6.0,1.0,1.3711704029417888,0.0,cons__oracle,cons__oracle,jam,0.0,4,0
consensus,oracle,20,60,ring_plus,-5.415111608532736e-22,5.415111608532736e-22,2.707555804759406e-23,1200,0.0,0.0,0.0,0.0,1200.0,0.0,0.0,1.0,0.0,0.0,0.0,0.0,0.0,0.0,0.0,0.0,0.0,0.0,oracle,0.42368998185147133,0.9998748700933872,1.0,1.0203896391088902e-18,-0.25459691424451286,6.0,1.0,1.6160985120576443,0.0,cons__oracle,cons__oracle,jam,0.0,5,0
consensus,oracle,20,60,ring_plus,-7.446090726775165e-22,7.446090726775165e-22,3.7230453633875824e-23,1200,0.0,0.0,0.0,0.0,1200.0,0.0,0.0,1.0,0.0,0.0,0.0,0.0,0.0,0.0,0.0,0.0,0.0,0.0,oracle,0.423114511392679,0.9999666882807303,1.0,1.4030951287744478e-18,-0.35008556247432826,6.0,1.0,0.9450014459069909,0.0,cons__oracle,cons__oracle,jam,0.0,6,0
consensus,oracle,20,60,ring_plus,-6.83210456341137e-22,6.83210456341137e-22,3.4160522817107104e-23,1200,0.0,0.0,0.0,0.0,1200.0,0.0,0.0,1.0,0.0,0.0,0.0,0.0,0.0,0.0,0.0,0.0,0.0,0.0,oracle,0.42326992391320073,0.9999476838305884,1.0,1.2873995791278102e-18,-0.32121842418883956,6.0,1.0,2.218617553571293,0.0,cons__oracle,cons__oracle,jam,0.0,7,0
consensus,oracle,20,60,ring_plus,-4.793271062728291e-22,4.793271062728291e-22,2.3966355314623678e-23,1200,0.0,0.0,0.0,0.0,1200.0,0.0,0.0,1.0,0.0,0.0,0.0,0.0,0.0,0.0,0.0,0.0,0.0,0.0,oracle,0.42391058589216357,0.9998240626992432,1.0,9.032149127074082e-19,-0.22536069786096127,6.0,1.0,0.7964836768628718,0.0,cons__oracle,cons__oracle,jam,0.0,8,0
consensus,oracle,20,60,ring_plus,-5.230140125304282e-22,5.230140125304282e-22,2.615070062681632e-23,1200,0.0,0.0,0.0,0.0,1200.0,0.0,0.0,1.0,0.0,0.0,0.0,0.0,0.0,0.0,0.0,0.0,0.0,0.0,oracle,0.4237528254215684,0.9998612793106549,1.0,9.855354321495351e-19,-0.24590045216642012,6.0,1.0,0.9413291035084279,0.0,cons__oracle,cons__oracle,jam,0.0,9,0
consensus,oracle,20,60,ring_plus,-3.8664844106342306e-22,3.8664844106342306e-22,1.9332422053171154e-23,1200,0.0,0.0,0.0,0.0,1200.0,0.0,0.0,1.0,0.0,0.0,0.0,0.0,0.0,0.0,0.0,0.0,0.0,0.0,oracle,0.4227557842711919,0.9999943995870424,1.0,7.285763518965964e-19,-0.18178672116482444,6.0,1.0,1.399646125476325,0.0,cons__oracle,cons__oracle,jam,0.1,0,0
consensus,oracle,20,60,ring_plus,-6.055460459984619e-22,6.055460459984619e-22,3.0277302297766055e-23,1200,0.0,0.0,0.0,0.0,1200.0,0.0,0.0,1.0,0.0,0.0,0.0,0.0,0.0,0.0,0.0,0.0,0.0,0.0,oracle,0.42348795030259173,0.9999138029311893,1.0,1.1410516130286538e-18,-0.2847032157041933,6.0,1.0,1.320493917398932,0.0,cons__oracle,cons__oracle,jam,0.1,1,0
consensus,oracle,20,60,ring_plus,-6.480460387581728e-22,6.480460387581728e-22,3.240230193917976e-23,1200,0.0,0.0,0.0,0.0,1200.0,0.0,0.0,1.0,0.0,0.0,0.0,0.0,0.0,0.0,0.0,0.0,0.0,0.0,oracle,0.42336538085374786,0.9999338882313078,1.0,1.221137547196742e-18,-0.3046854194826796,6.0,1.0,1.55469612182113,0.0,cons__oracle,cons__oracle,jam,0.1,2,0
consensus,oracle,20,60,ring_plus,-9.30414073457891e-22,9.30414073457891e-22,4.6520703672894553e-23,1200,0.0,0.0,0.0,0.0,1200.0,0.0,0.0,1.0,0.0,0.0,0.0,0.0,0.0,0.0,0.0,0.0,0.0,0.0,oracle,0.4227124677056445,0.9999960226921669,1.0,1.7532130658455097e-18,-0.43744331468090025,6.0,1.0,1.2627284000071304,0.0,cons__oracle,cons__oracle,jam,0.1,3,0
consensus,oracle,20,60,ring_plus,-5.468320841049145e-22,5.468320841049145e-22,2.7341604205245725e-23,1200,0.0,0.0,0.0,0.0,1200.0,0.0,0.0,1.0,0.0,0.0,0.0,0.0,0.0,0.0,0.0,0.0,0.0,0.0,oracle,0.42367230271989975,0.9998785667771415,1.0,1.0304161093649226e-18,-0.25709860730949247,6.0,1.0,1.3711704029417888,0.0,cons__oracle,cons__oracle,jam,0.1,4,0
consensus,oracle,20,60,ring_plus,-5.415111608532736e-22,5.415111608532736e-22,2.707555804759406e-23,1200,0.0,0.0,0.0,0.0,1200.0,0.0,0.0,1.0,0.0,0.0,0.0,0.0,0.0,0.0,0.0,0.0,0.0,0.0,oracle,0.42368998185147133,0.9998748700933872,1.0,1.0203896391088902e-18,-0.25459691424451286,6.0,1.0,1.6160985120576443,0.0,cons__oracle,cons__oracle,jam,0.1,5,0
consensus,oracle,20,60,ring_plus,-7.446090726775165e-22,7.446090726775165e-22,3.7230453633875824e-23,1200,0.0,0.0,0.0,0.0,1200.0,0.0,0.0,1.0,0.0,0.0,0.0,0.0,0.0,0.0,0.0,0.0,0.0,0.0,oracle,0.423114511392679,0.9999666882807303,1.0,1.4030951287744478e-18,-0.35008556247432826,6.0,1.0,0.9450014459069909,0.0,cons__oracle,cons__oracle,jam,0.1,6,0
consensus,oracle,20,60,ring_plus,-6.83210456341137e-22,6.83210456341137e-22,3.4160522817107104e-23,1200,0.0,0.0,0.0,0.0,1200.0,0.0,0.0,1.0,0.0,0.0,0.0,0.0,0.0,0.0,0.0,0.0,0.0,0.0,oracle,0.42326992391320073,0.9999476838305884,1.0,1.2873995791278102e-18,-0.32121842418883956,6.0,1.0,2.218617553571293,0.0,cons__oracle,cons__oracle,jam,0.1,7,0
consensus,oracle,20,60,ring_plus,-4.793271062728291e-22,4.793271062728291e-22,2.3966355314623678e-23,1200,0.0,0.0,0.0,0.0,1200.0,0.0,0.0,1.0,0.0,0.0,0.0,0.0,0.0,0.0,0.0,0.0,0.0,0.0,oracle,0.42391058589216357,0.9998240626992432,1.0,9.032149127074082e-19,-0.22536069786096127,6.0,1.0,0.7964836768628718,0.0,cons__oracle,cons__oracle,jam,0.1,8,0
consensus,oracle,20,60,ring_plus,-5.230140125304282e-22,5.230140125304282e-22,2.615070062681632e-23,1200,0.0,0.0,0.0,0.0,1200.0,0.0,0.0,1.0,0.0,0.0,0.0,0.0,0.0,0.0,0.0,0.0,0.0,0.0,oracle,0.4237528254215684,0.9998612793106549,1.0,9.855354321495351e-19,-0.24590045216642012,6.0,1.0,0.9413291035084279,0.0,cons__oracle,cons__oracle,jam,0.1,9,0
consensus,oracle,20,60,ring_plus,-3.8664844106342306e-22,3.8664844106342306e-22,1.9332422053171154e-23,1200,0.0,0.0,0.0,0.0,1200.0,0.0,0.0,1.0,0.0,0.0,0.0,0.0,0.0,0.0,0.0,0.0,0.0,0.0,oracle,0.4227557842711919,0.9999943995870424,1.0,7.285763518965964e-19,-0.18178672116482444,6.0,1.0,1.399646125476325,0.0,cons__oracle,cons__oracle,jam,0.25,0,0
consensus,oracle,20,60,ring_plus,-6.055460459984619e-22,6.055460459984619e-22,3.0277302297766055e-23,1200,0.0,0.0,0.0,0.0,1200.0,0.0,0.0,1.0,0.0,0.0,0.0,0.0,0.0,0.0,0.0,0.0,0.0,0.0,oracle,0.42348795030259173,0.9999138029311893,1.0,1.1410516130286538e-18,-0.2847032157041933,6.0,1.0,1.320493917398932,0.0,cons__oracle,cons__oracle,jam,0.25,1,0
consensus,oracle,20,60,ring_plus,-6.480460387581728e-22,6.480460387581728e-22,3.240230193917976e-23,1200,0.0,0.0,0.0,0.0,1200.0,0.0,0.0,1.0,0.0,0.0,0.0,0.0,0.0,0.0,0.0,0.0,0.0,0.0,oracle,0.42336538085374786,0.9999338882313078,1.0,1.221137547196742e-18,-0.3046854194826796,6.0,1.0,1.55469612182113,0.0,cons__oracle,cons__oracle,jam,0.25,2,0
consensus,oracle,20,60,ring_plus,-9.30414073457891e-22,9.30414073457891e-22,4.6520703672894553e-23,1200,0.0,0.0,0.0,0.0,1200.0,0.0,0.0,1.0,0.0,0.0,0.0,0.0,0.0,0.0,0.0,0.0,0.0,0.0,oracle,0.4227124677056445,0.9999960226921669,1.0,1.7532130658455097e-18,-0.43744331468090025,6.0,1.0,1.2627284000071304,0.0,cons__oracle,cons__oracle,jam,0.25,3,0
consensus,oracle,20,60,ring_plus,-5.468320841049145e-22,5.468320841049145e-22,2.7341604205245725e-23,1200,0.0,0.0,0.0,0.0,1200.0,0.0,0.0,1.0,0.0,0.0,0.0,0.0,0.0,0.0,0.0,0.0,0.0,0.0,oracle,0.42367230271989975,0.9998785667771415,1.0,1.0304161093649226e-18,-0.25709860730949247,6.0,1.0,1.3711704029417888,0.0,cons__oracle,cons__oracle,jam,0.25,4,0
consensus,oracle,20,60,ring_plus,-5.415111608532736e-22,5.415111608532736e-22,2.707555804759406e-23,1200,0.0,0.0,0.0,0.0,1200.0,0.0,0.0,1.0,0.0,0.0,0.0,0.0,0.0,0.0,0.0,0.0,0.0,0.0,oracle,0.42368998185147133,0.9998748700933872,1.0,1.0203896391088902e-18,-0.25459691424451286,6.0,1.0,1.6160985120576443,0.0,cons__oracle,cons__oracle,jam,0.25,5,0
consensus,oracle,20,60,ring_plus,-7.446090726775165e-22,7.446090726775165e-22,3.7230453633875824e-23,1200,0.0,0.0,0.0,0.0,1200.0,0.0,0.0,1.0,0.0,0.0,0.0,0.0,0.0,0.0,0.0,0.0,0.0,0.0,oracle,0.423114511392679,0.9999666882807303,1.0,1.4030951287744478e-18,-0.35008556247432826,6.0,1.0,0.9450014459069909,0.0,cons__oracle,cons__oracle,jam,0.25,6,0
consensus,oracle,20,60,ring_plus,-6.83210456341137e-22,6.83210456341137e-22,3.4160522817107104e-23,1200,0.0,0.0,0.0,0.0,1200.0,0.0,0.0,1.0,0.0,0.0,0.0,0.0,0.0,0.0,0.0,0.0,0.0,0.0,oracle,0.42326992391320073,0.9999476838305884,1.0,1.2873995791278102e-18,-0.32121842418883956,6.0,1.0,2.218617553571293,0.0,cons__oracle,cons__oracle,jam,0.25,7,0
consensus,oracle,20,60,ring_plus,-4.793271062728291e-22,4.793271062728291e-22,2.3966355314623678e-23,1200,0.0,0.0,0.0,0.0,1200.0,0.0,0.0,1.0,0.0,0.0,0.0,0.0,0.0,0.0,0.0,0.0,0.0,0.0,oracle,0.42391058589216357,0.9998240626992432,1.0,9.032149127074082e-19,-0.22536069786096127,6.0,1.0,0.7964836768628718,0.0,cons__oracle,cons__oracle,jam,0.25,8,0
consensus,oracle,20,60,ring_plus,-5.230140125304282e-22,5.230140125304282e-22,2.615070062681632e-23,1200,0.0,0.0,0.0,0.0,1200.0,0.0,0.0,1.0,0.0,0.0,0.0,0.0,0.0,0.0,0.0,0.0,0.0,0.0,oracle,0.4237528254215684,0.9998612793106549,1.0,9.855354321495351e-19,-0.24590045216642012,6.0,1.0,0.9413291035084279,0.0,cons__oracle,cons__oracle,jam,0.25,9,0
consensus,oracle,20,60,ring_plus,-3.8664844106342306e-22,3.8664844106342306e-22,1.9332422053171154e-23,1200,0.0,0.0,0.0,0.0,1200.0,0.0,0.0,1.0,0.0,0.0,0.0,0.0,0.0,0.0,0.0,0.0,0.0,0.0,oracle,0.4227557842711919,0.9999943995870424,1.0,7.285763518965964e-19,-0.18178672116482444,6.0,1.0,1.399646125476325,0.0,cons__oracle,cons__oracle,jam,0.5,0,0
consensus,oracle,20,60,ring_plus,-6.055460459984619e-22,6.055460459984619e-22,3.0277302297766055e-23,1200,0.0,0.0,0.0,0.0,1200.0,0.0,0.0,1.0,0.0,0.0,0.0,0.0,0.0,0.0,0.0,0.0,0.0,0.0,oracle,0.42348795030259173,0.9999138029311893,1.0,1.1410516130286538e-18,-0.2847032157041933,6.0,1.0,1.320493917398932,0.0,cons__oracle,cons__oracle,jam,0.5,1,0
consensus,oracle,20,60,ring_plus,-6.480460387581728e-22,6.480460387581728e-22,3.240230193917976e-23,1200,0.0,0.0,0.0,0.0,1200.0,0.0,0.0,1.0,0.0,0.0,0.0,0.0,0.0,0.0,0.0,0.0,0.0,0.0,oracle,0.42336538085374786,0.9999338882313078,1.0,1.221137547196742e-18,-0.3046854194826796,6.0,1.0,1.55469612182113,0.0,cons__oracle,cons__oracle,jam,0.5,2,0
consensus,oracle,20,60,ring_plus,-9.30414073457891e-22,9.30414073457891e-22,4.6520703672894553e-23,1200,0.0,0.0,0.0,0.0,1200.0,0.0,0.0,1.0,0.0,0.0,0.0,0.0,0.0,0.0,0.0,0.0,0.0,0.0,oracle,0.4227124677056445,0.9999960226921669,1.0,1.7532130658455097e-18,-0.43744331468090025,6.0,1.0,1.2627284000071304,0.0,cons__oracle,cons__oracle,jam,0.5,3,0
consensus,oracle,20,60,ring_plus,-5.468320841049145e-22,5.468320841049145e-22,2.7341604205245725e-23,1200,0.0,0.0,0.0,0.0,1200.0,0.0,0.0,1.0,0.0,0.0,0.0,0.0,0.0,0.0,0.0,0.0,0.0,0.0,oracle,0.42367230271989975,0.9998785667771415,1.0,1.0304161093649226e-18,-0.25709860730949247,6.0,1.0,1.3711704029417888,0.0,cons__oracle,cons__oracle,jam,0.5,4,0
consensus,oracle,20,60,ring_plus,-5.415111608532736e-22,5.415111608532736e-22,2.707555804759406e-23,1200,0.0,0.0,0.0,0.0,1200.0,0.0,0.0,1.0,0.0,0.0,0.0,0.0,0.0,0.0,0.0,0.0,0.0,0.0,oracle,0.42368998185147133,0.9998748700933872,1.0,1.0203896391088902e-18,-0.25459691424451286,6.0,1.0,1.6160985120576443,0.0,cons__oracle,cons__oracle,jam,0.5,5,0
consensus,oracle,20,60,ring_plus,-7.446090726775165e-22,7.446090726775165e-22,3.7230453633875824e-23,1200,0.0,0.0,0.0,0.0,1200.0,0.0,0.0,1.0,0.0,0.0,0.0,0.0,0.0,0.0,0.0,0.0,0.0,0.0,oracle,0.423114511392679,0.9999666882807303,1.0,1.4030951287744478e-18,-0.35008556247432826,6.0,1.0,0.9450014459069909,0.0,cons__oracle,cons__oracle,jam,0.5,6,0
consensus,oracle,20,60,ring_plus,-6.83210456341137e-22,6.83210456341137e-22,3.4160522817107104e-23,1200,0.0,0.0,0.0,0.0,1200.0,0.0,0.0,1.0,0.0,0.0,0.0,0.0,0.0,0.0,0.0,0.0,0.0,0.0,oracle,0.42326992391320073,0.9999476838305884,1.0,1.2873995791278102e-18,-0.32121842418883956,6.0,1.0,2.218617553571293,0.0,cons__oracle,cons__oracle,jam,0.5,7,0
consensus,oracle,20,60,ring_plus,-4.793271062728291e-22,4.793271062728291e-22,2.3966355314623678e-23,1200,0.0,0.0,0.0,0.0,1200.0,0.0,0.0,1.0,0.0,0.0,0.0,0.0,0.0,0.0,0.0,0.0,0.0,0.0,oracle,0.42391058589216357,0.9998240626992432,1.0,9.032149127074082e-19,-0.22536069786096127,6.0,1.0,0.7964836768628718,0.0,cons__oracle,cons__oracle,jam,0.5,8,0
consensus,oracle,20,60,ring_plus,-5.230140125304282e-22,5.230140125304282e-22,2.615070062681632e-23,1200,0.0,0.0,0.0,0.0,1200.0,0.0,0.0,1.0,0.0,0.0,0.0,0.0,0.0,0.0,0.0,0.0,0.0,0.0,oracle,0.4237528254215684,0.9998612793106549,1.0,9.855354321495351e-19,-0.24590045216642012,6.0,1.0,0.9413291035084279,0.0,cons__oracle,cons__oracle,jam,0.5,9,0
consensus,oracle,20,60,ring_plus,-3.8664844106342306e-22,3.8664844106342306e-22,1.9332422053171154e-23,1200,0.0,0.0,0.0,0.0,1200.0,0.0,0.0,1.0,0.0,0.0,0.0,0.0,0.0,0.0,0.0,0.0,0.0,0.0,oracle,0.4227557842711919,0.9999943995870424,1.0,7.285763518965964e-19,-0.18178672116482444,6.0,1.0,1.399646125476325,0.0,cons__oracle,cons__oracle,jam,0.75,0,0
consensus,oracle,20,60,ring_plus,-6.055460459984619e-22,6.055460459984619e-22,3.0277302297766055e-23,1200,0.0,0.0,0.0,0.0,1200.0,0.0,0.0,1.0,0.0,0.0,0.0,0.0,0.0,0.0,0.0,0.0,0.0,0.0,oracle,0.42348795030259173,0.9999138029311893,1.0,1.1410516130286538e-18,-0.2847032157041933,6.0,1.0,1.320493917398932,0.0,cons__oracle,cons__oracle,jam,0.75,1,0
consensus,oracle,20,60,ring_plus,-6.480460387581728e-22,6.480460387581728e-22,3.240230193917976e-23,1200,0.0,0.0,0.0,0.0,1200.0,0.0,0.0,1.0,0.0,0.0,0.0,0.0,0.0,0.0,0.0,0.0,0.0,0.0,oracle,0.42336538085374786,0.9999338882313078,1.0,1.221137547196742e-18,-0.3046854194826796,6.0,1.0,1.55469612182113,0.0,cons__oracle,cons__oracle,jam,0.75,2,0
consensus,oracle,20,60,ring_plus,-9.30414073457891e-22,9.30414073457891e-22,4.6520703672894553e-23,1200,0.0,0.0,0.0,0.0,1200.0,0.0,0.0,1.0,0.0,0.0,0.0,0.0,0.0,0.0,0.0,0.0,0.0,0.0,oracle,0.4227124677056445,0.9999960226921669,1.0,1.7532130658455097e-18,-0.43744331468090025,6.0,1.0,1.2627284000071304,0.0,cons__oracle,cons__oracle,jam,0.75,3,0
consensus,oracle,20,60,ring_plus,-5.468320841049145e-22,5.468320841049145e-22,2.7341604205245725e-23,1200,0.0,0.0,0.0,0.0,1200.0,0.0,0.0,1.0,0.0,0.0,0.0,0.0,0.0,0.0,0.0,0.0,0.0,0.0,oracle,0.42367230271989975,0.9998785667771415,1.0,1.0304161093649226e-18,-0.25709860730949247,6.0,1.0,1.3711704029417888,0.0,cons__oracle,cons__oracle,jam,0.75,4,0
consensus,oracle,20,60,ring_plus,-5.415111608532736e-22,5.415111608532736e-22,2.707555804759406e-23,1200,0.0,0.0,0.0,0.0,1200.0,0.0,0.0,1.0,0.0,0.0,0.0,0.0,0.0,0.0,0.0,0.0,0.0,0.0,oracle,0.42368998185147133,0.9998748700933872,1.0,1.0203896391088902e-18,-0.25459691424451286,6.0,1.0,1.6160985120576443,0.0,cons__oracle,cons__oracle,jam,0.75,5,0
consensus,oracle,20,60,ring_plus,-7.446090726775165e-22,7.446090726775165e-22,3.7230453633875824e-23,1200,0.0,0.0,0.0,0.0,1200.0,0.0,0.0,1.0,0.0,0.0,0.0,0.0,0.0,0.0,0.0,0.0,0.0,0.0,oracle,0.423114511392679,0.9999666882807303,1.0,1.4030951287744478e-18,-0.35008556247432826,6.0,1.0,0.9450014459069909,0.0,cons__oracle,cons__oracle,jam,0.75,6,0
consensus,oracle,20,60,ring_plus,-6.83210456341137e-22,6.83210456341137e-22,3.4160522817107104e-23,1200,0.0,0.0,0.0,0.0,1200.0,0.0,0.0,1.0,0.0,0.0,0.0,0.0,0.0,0.0,0.0,0.0,0.0,0.0,oracle,0.42326992391320073,0.9999476838305884,1.0,1.2873995791278102e-18,-0.32121842418883956,6.0,1.0,2.218617553571293,0.0,cons__oracle,cons__oracle,jam,0.75,7,0
consensus,oracle,20,60,ring_plus,-4.793271062728291e-22,4.793271062728291e-22,2.3966355314623678e-23,1200,0.0,0.0,0.0,0.0,1200.0,0.0,0.0,1.0,0.0,0.0,0.0,0.0,0.0,0.0,0.0,0.0,0.0,0.0,oracle,0.42391058589216357,0.9998240626992432,1.0,9.032149127074082e-19,-0.22536069786096127,6.0,1.0,0.7964836768628718,0.0,cons__oracle,cons__oracle,jam,0.75,8,0
consensus,oracle,20,60,ring_plus,-5.230140125304282e-22,5.230140125304282e-22,2.615070062681632e-23,1200,0.0,0.0,0.0,0.0,1200.0,0.0,0.0,1.0,0.0,0.0,0.0,0.0,0.0,0.0,0.0,0.0,0.0,0.0,oracle,0.4237528254215684,0.9998612793106549,1.0,9.855354321495351e-19,-0.24590045216642012,6.0,1.0,0.9413291035084279,0.0,cons__oracle,cons__oracle,jam,0.75,9,0
consensus,oracle,20,60,ring_plus,-3.8664844106342306e-22,3.8664844106342306e-22,1.9332422053171154e-23,1200,0.0,0.0,0.0,0.0,1200.0,0.0,0.0,1.0,0.0,0.0,0.0,0.0,0.0,0.0,0.0,0.0,0.0,0.0,oracle,0.4227557842711919,0.9999943995870424,1.0,7.285763518965964e-19,-0.18178672116482444,6.0,1.0,1.399646125476325,0.0,cons__oracle,cons__oracle,byzantine,0.0,0,0
consensus,oracle,20,60,ring_plus,-6.055460459984619e-22,6.055460459984619e-22,3.0277302297766055e-23,1200,0.0,0.0,0.0,0.0,1200.0,0.0,0.0,1.0,0.0,0.0,0.0,0.0,0.0,0.0,0.0,0.0,0.0,0.0,oracle,0.42348795030259173,0.9999138029311893,1.0,1.1410516130286538e-18,-0.2847032157041933,6.0,1.0,1.320493917398932,0.0,cons__oracle,cons__oracle,byzantine,0.0,1,0
consensus,oracle,20,60,ring_plus,-6.480460387581728e-22,6.480460387581728e-22,3.240230193917976e-23,1200,0.0,0.0,0.0,0.0,1200.0,0.0,0.0,1.0,0.0,0.0,0.0,0.0,0.0,0.0,0.0,0.0,0.0,0.0,oracle,0.42336538085374786,0.9999338882313078,1.0,1.221137547196742e-18,-0.3046854194826796,6.0,1.0,1.55469612182113,0.0,cons__oracle,cons__oracle,byzantine,0.0,2,0
consensus,oracle,20,60,ring_plus,-9.30414073457891e-22,9.30414073457891e-22,4.6520703672894553e-23,1200,0.0,0.0,0.0,0.0,1200.0,0.0,0.0,1.0,0.0,0.0,0.0,0.0,0.0,0.0,0.0,0.0,0.0,0.0,oracle,0.4227124677056445,0.9999960226921669,1.0,1.7532130658455097e-18,-0.43744331468090025,6.0,1.0,1.2627284000071304,0.0,cons__oracle,cons__oracle,byzantine,0.0,3,0
consensus,oracle,20,60,ring_plus,-5.468320841049145e-22,5.468320841049145e-22,2.7341604205245725e-23,1200,0.0,0.0,0.0,0.0,1200.0,0.0,0.0,1.0,0.0,0.0,0.0,0.0,0.0,0.0,0.0,0.0,0.0,0.0,oracle,0.42367230271989975,0.9998785667771415,1.0,1.0304161093649226e-18,-0.25709860730949247,6.0,1.0,1.3711704029417888,0.0,cons__oracle,cons__oracle,byzantine,0.0,4,0
consensus,oracle,20,60,ring_plus,-5.415111608532736e-22,5.415111608532736e-22,2.707555804759406e-23,1200,0.0,0.0,0.0,0.0,1200.0,0.0,0.0,1.0,0.0,0.0,0.0,0.0,0.0,0.0,0.0,0.0,0.0,0.0,oracle,0.42368998185147133,0.9998748700933872,1.0,1.0203896391088902e-18,-0.25459691424451286,6.0,1.0,1.6160985120576443,0.0,cons__oracle,cons__oracle,byzantine,0.0,5,0
consensus,oracle,20,60,ring_plus,-7.446090726775165e-22,7.446090726775165e-22,3.7230453633875824e-23,1200,0.0,0.0,0.0,0.0,1200.0,0.0,0.0,1.0,0.0,0.0,0.0,0.0,0.0,0.0,0.0,0.0,0.0,0.0,oracle,0.423114511392679,0.9999666882807303,1.0,1.4030951287744478e-18,-0.35008556247432826,6.0,1.0,0.9450014459069909,0.0,cons__oracle,cons__oracle,byzantine,0.0,6,0
consensus,oracle,20,60,ring_plus,-6.83210456341137e-22,6.83210456341137e-22,3.4160522817107104e-23,1200,0.0,0.0,0.0,0.0,1200.0,0.0,0.0,1.0,0.0,0.0,0.0,0.0,0.0,0.0,0.0,0.0,0.0,0.0,oracle,0.42326992391320073,0.9999476838305884,1.0,1.2873995791278102e-18,-0.32121842418883956,6.0,1.0,2.218617553571293,0.0,cons__oracle,cons__oracle,byzantine,0.0,7,0
consensus,oracle,20,60,ring_plus,-4.793271062728291e-22,4.793271062728291e-22,2.3966355314623678e-23,1200,0.0,0.0,0.0,0.0,1200.0,0.0,0.0,1.0,0.0,0.0,0.0,0.0,0.0,0.0,0.0,0.0,0.0,0.0,oracle,0.42391058589216357,0.9998240626992432,1.0,9.032149127074082e-19,-0.22536069786096127,6.0,1.0,0.7964836768628718,0.0,cons__oracle,cons__oracle,byzantine,0.0,8,0
consensus,oracle,20,60,ring_plus,-5.230140125304282e-22,5.230140125304282e-22,2.615070062681632e-23,1200,0.0,0.0,0.0,0.0,1200.0,0.0,0.0,1.0,0.0,0.0,0.0,0.0,0.0,0.0,0.0,0.0,0.0,0.0,oracle,0.4237528254215684,0.9998612793106549,1.0,9.855354321495351e-19,-0.24590045216642012,6.0,1.0,0.9413291035084279,0.0,cons__oracle,cons__oracle,byzantine,0.0,9,0
consensus,oracle,20,60,ring_plus,-3.8664858573947307e-22,3.8664858573947307e-22,1.9333722916552816e-23,1200,0.0,0.0,0.0,0.0,1200.0,0.0,0.0,1.0,0.0,0.0,0.0,0.0,0.0,0.0,0.0,0.0,0.0,0.0,oracle,0.42275578427121074,0.9999943995870425,1.0,7.285763561720661e-19,-0.18178672116482447,6.0,1.0,1.399646125476325,0.0,cons__oracle,cons__oracle,byzantine,0.1,0,0
consensus,oracle,20,60,ring_plus,-6.055440501310679e-22,6.055440501310679e-22,3.0426228170740544e-23,1200,0.0,0.0,0.0,0.0,1200.0,0.0,0.0,1.0,0.0,0.0,0.0,0.0,0.0,0.0,0.0,0.0,0.0,0.0,oracle,0.4234879503025474,0.9999138029311884,1.0,1.1410515953123829e-18,-0.2847032157041933,6.0,1.0,1.320493917398932,0.0,cons__oracle,cons__oracle,byzantine,0.1,1,0
consensus,oracle,20,60,ring_plus,-6.480463771845086e-22,6.480463771845086e-22,3.2448915883122916e-23,1200,0.0,0.0,0.0,0.0,1200.0,0.0,0.0,1.0,0.0,0.0,0.0,0.0,0.0,0.0,0.0,0.0,0.0,0.0,oracle,0.4233653808537199,0.9999338882313072,1.0,1.2211375596960802e-18,-0.3046854194826795,6.0,1.0,1.55469612182113,0.0,cons__oracle,cons__oracle,byzantine,0.1,2,0
consensus,oracle,20,60,ring_plus,-9.304136643065929e-22,9.304136643065929e-22,4.797860893420623e-23,1200,0.0,0.0,0.0,0.0,1200.0,0.0,0.0,1.0,0.0,0.0,0.0,0.0,0.0,0.0,0.0,0.0,0.0,0.0,oracle,0.42271246770555926,0.9999960226921666,1.0,1.753213085171837e-18,-0.4374433146809003,6.0,1.0,1.2627284000071304,0.0,cons__oracle,cons__oracle,byzantine,0.1,3,0
consensus,oracle,20,60,ring_plus,-5.468317428495802e-22,5.468317428495802e-22,2.742051434378615e-23,1200,0.0,0.0,0.0,0.0,1200.0,0.0,0.0,1.0,0.0,0.0,0.0,0.0,0.0,0.0,0.0,0.0,0.0,0.0,oracle,0.42367230271976447,0.9998785667771382,1.0,1.0304161124999084e-18,-0.25709860730949247,6.0,1.0,1.3711704029417888,0.0,cons__oracle,cons__oracle,byzantine,0.1,4,0
consensus,oracle,20,60,ring_plus,-5.415114069070018e-22,5.415114069070018e-22,2.8380229738247655e-23,1200,0.0,0.0,0.0,0.0,1200.0,0.0,0.0,1.0,0.0,0.0,0.0,0.0,0.0,0.0,0.0,0.0,0.0,0.0,oracle,0.42368998185126466,0.9998748700933822,1.0,1.0203896820918478e-18,-0.25459691424451286,6.0,1.0,1.6160985120576443,0.0,cons__oracle,cons__oracle,byzantine,0.1,5,0
consensus,oracle,20,60,ring_plus,-7.44609932924941e-22,7.44609932924941e-22,3.727576834283998e-23,1200,0.0,0.0,0.0,0.0,1200.0,0.0,0.0,1.0,0.0,0.0,0.0,0.0,0.0,0.0,0.0,0.0,0.0,0.0,oracle,0.4231145113926528,0.9999666882807299,1.0,1.4030951101314025e-18,-0.35008556247432826,6.0,1.0,0.9450014459069909,0.0,cons__oracle,cons__oracle,byzantine,0.1,6,0
consensus,oracle,20,60,ring_plus,-6.8321044139780195e-22,6.8321044139780195e-22,3.439238260891554e-23,1200,0.0,0.0,0.0,0.0,1200.0,0.0,0.0,1.0,0.0,0.0,0.0,0.0,0.0,0.0,0.0,0.0,0.0,0.0,oracle,0.4232699239132278,0.9999476838305887,1.0,1.287399586567417e-18,-0.32121842418883956,6.0,1.0,2.218617553571293,0.0,cons__oracle,cons__oracle,byzantine,0.1,7,0
consensus,oracle,20,60,ring_plus,-4.793273188278948e-22,4.793273188278948e-22,2.457477625930777e-23,1200,0.0,0.0,0.0,0.0,1200.0,0.0,0.0,1.0,0.0,0.0,0.0,0.0,0.0,0.0,0.0,0.0,0.0,0.0,oracle,0.4239105858921591,0.9998240626992431,1.0,9.032148901181495e-19,-0.2253606978609613,6.0,1.0,0.7964836768628718,0.0,cons__oracle,cons__oracle,byzantine,0.1,8,0
consensus,oracle,20,60,ring_plus,-5.2301390394391e-22,5.2301390394391e-22,2.657441861778221e-23,1200,0.0,0.0,0.0,0.0,1200.0,0.0,0.0,1.0,0.0,0.0,0.0,0.0,0.0,0.0,0.0,0.0,0.0,0.0,oracle,0.42375282542159415,0.9998612793106556,1.0,9.8553543359044e-19,-0.24590045216642012,6.0,1.0,0.9413291035084279,0.0,cons__oracle,cons__oracle,byzantine,0.1,9,0
consensus,oracle,20,60,ring_plus,-3.866484314042314e-22,3.866484314042314e-22,1.955612532201557e-23,1200,0.0,0.0,0.0,0.0,1200.0,0.0,0.0,1.0,0.0,0.0,0.0,0.0,0.0,0.0,0.0,0.0,0.0,0.0,oracle,0.4227557842712047,0.9999943995870424,1.0,7.285763529568291e-19,-0.18178672116482447,6.0,1.0,1.399646125476325,0.0,cons__oracle,cons__oracle,byzantine,0.25,0,0
consensus,oracle,20,60,ring_plus,-6.055456789809258e-22,6.055456789809258e-22,3.0341186458059153e-23,1200,0.0,0.0,0.0,0.0,1200.0,0.0,0.0,1.0,0.0,0.0,0.0,0.0,0.0,0.0,0.0,0.0,0.0,0.0,oracle,0.4234879503026996,0.9999138029311916,1.0,1.141051638317317e-18,-0.28470321570419327,6.0,1.0,1.320493917398932,0.0,cons__oracle,cons__oracle,byzantine,0.25,1,0
consensus,oracle,20,60,ring_plus,-6.480460683297197e-22,6.480460683297197e-22,3.249360368273439e-23,1200,0.0,0.0,0.0,0.0,1200.0,0.0,0.0,1.0,0.0,0.0,0.0,0.0,0.0,0.0,0.0,0.0,0.0,0.0,oracle,0.4233653808537511,0.9999338882313078,1.0,1.2211375571777096e-18,-0.3046854194826796,6.0,1.0,1.55469612182113,0.0,cons__oracle,cons__oracle,byzantine,0.25,2,0
consensus,oracle,20,60,ring_plus,-9.304138232715024e-22,9.304138232715024e-22,4.7821178627133865e-23,1200,0.0,0.0,0.0,0.0,1200.0,0.0,0.0,1.0,0.0,0.0,0.0,0.0,0.0,0.0,0.0,0.0,0.0,0.0,oracle,0.4227124677055458,0.9999960226921665,1.0,1.7532130723418605e-18,-0.4374433146809003,6.0,1.0,1.2627284000071304,0.0,cons__oracle,cons__oracle,byzantine,0.25,3,0
consensus,oracle,20,60,ring_plus,-5.468318301648883e-22,5.468318301648883e-22,2.738475292487868e-23,1200,0.0,0.0,0.0,0.0,1200.0,0.0,0.0,1.0,0.0,0.0,0.0,0.0,0.0,0.0,0.0,0.0,0.0,0.0,oracle,0.42367230271983314,0.9998785667771398,1.0,1.030416124564085e-18,-0.25709860730949247,6.0,1.0,1.3711704029417888,0.0,cons__oracle,cons__oracle,byzantine,0.25,4,0
consensus,oracle,20,60,ring_plus,-5.415081181736213e-22,5.415081181736213e-22,2.8937168181404395e-23,1200,0.0,0.0,0.0,0.0,1200.0,0.0,0.0,1.0,0.0,0.0,0.0,0.0,0.0,0.0,0.0,0.0,0.0,0.0,oracle,0.4236899818517025,0.9998748700933929,1.0,1.0203896452757248e-18,-0.25459691424451286,6.0,1.0,1.6160985120576443,0.0,cons__oracle,cons__oracle,byzantine,0.25,5,0
consensus,oracle,20,60,ring_plus,-7.446094867393582e-22,7.446094867393582e-22,3.734745450118976e-23,1200,0.0,0.0,0.0,0.0,1200.0,0.0,0.0,1.0,0.0,0.0,0.0,0.0,0.0,0.0,0.0,0.0,0.0,0.0,oracle,0.4231145113926215,0.9999666882807295,1.0,1.4030951088295333e-18,-0.35008556247432826,6.0,1.0,0.9450014459069909,0.0,cons__oracle,cons__oracle,byzantine,0.25,6,0
consensus,oracle,20,60,ring_plus,-6.8321060178139955e-22,6.8321060178139955e-22,3.421908258528854e-23,1200,0.0,0.0,0.0,0.0,1200.0,0.0,0.0,1.0,0.0,0.0,0.0,0.0,0.0,0.0,0.0,0.0,0.0,0.0,oracle,0.42326992391319584,0.9999476838305883,1.0,1.2873995792635905e-18,-0.32121842418883956,6.0,1.0,2.218617553571293,0.0,cons__oracle,cons__oracle,byzantine,0.25,7,0
consensus,oracle,20,60,ring_plus,-4.793285745958483e-22,4.793285745958483e-22,2.5304935269104796e-23,1200,0.0,0.0,0.0,0.0,1200.0,0.0,0.0,1.0,0.0,0.0,0.0,0.0,0.0,0.0,0.0,0.0,0.0,0.0,oracle,0.42391058589201724,0.999824062699239,1.0,9.032148846690046e-19,-0.22536069786096127,6.0,1.0,0.7964836768628718,0.0,cons__oracle,cons__oracle,byzantine,0.25,8,0
consensus,oracle,20,60,ring_plus,-5.230137847877799e-22,5.230137847877799e-22,2.677287212511707e-23,1200,0.0,0.0,0.0,0.0,1200.0,0.0,0.0,1.0,0.0,0.0,0.0,0.0,0.0,0.0,0.0,0.0,0.0,0.0,oracle,0.42375282542160436,0.9998612793106558,1.0,9.855354319809596e-19,-0.24590045216642012,6.0,1.0,0.9413291035084279,0.0,cons__oracle,cons__oracle,byzantine,0.25,9,0
consensus,oracle,20,60,ring_plus,-3.866481925339119e-22,3.866481925339119e-22,1.9715509625442838e-23,1200,0.0,0.0,0.0,0.0,1200.0,0.0,0.0,1.0,0.0,0.0,0.0,0.0,0.0,0.0,0.0,0.0,0.0,0.0,oracle,0.4227557842712367,0.9999943995870426,1.0,7.285763457886729e-19,-0.18178672116482444,6.0,1.0,1.399646125476325,0.0,cons__oracle,cons__oracle,byzantine,0.5,0,0
consensus,oracle,20,60,ring_plus,-6.055461616220513e-22,6.055461616220513e-22,3.029697706251531e-23,1200,0.0,0.0,0.0,0.0,1200.0,0.0,0.0,1.0,0.0,0.0,0.0,0.0,0.0,0.0,0.0,0.0,0.0,0.0,oracle,0.4234879503025363,0.9999138029311881,1.0,1.1410516228991848e-18,-0.28470321570419327,6.0,1.0,1.320493917398932,0.0,cons__oracle,cons__oracle,byzantine,0.5,1,0
consensus,oracle,20,60,ring_plus,-6.480459210303124e-22,6.480459210303124e-22,3.8544477751234414e-23,1200,0.0,0.0,0.0,0.0,1200.0,0.0,0.0,1.0,0.0,0.0,0.0,0.0,0.0,0.0,0.0,0.0,0.0,0.0,oracle,0.4233653808538196,0.999933888231309,1.0,1.2211375365244136e-18,-0.3046854194826796,6.0,1.0,1.55469612182113,0.0,cons__oracle,cons__oracle,byzantine,0.5,2,0
consensus,oracle,20,60,ring_plus,-9.304121694935629e-22,9.304121694935629e-22,4.7105473428192555e-23,1200,0.0,0.0,0.0,0.0,1200.0,0.0,0.0,1.0,0.0,0.0,0.0,0.0,0.0,0.0,0.0,0.0,0.0,0.0,oracle,0.42271246770564835,0.999996022692167,1.0,1.753213040256572e-18,-0.4374433146809003,6.0,1.0,1.2627284000071304,0.0,cons__oracle,cons__oracle,byzantine,0.5,3,0
consensus,oracle,20,60,ring_plus,-5.468344843813893e-22,5.468344843813893e-22,2.9340796921343463e-23,1200,0.0,0.0,0.0,0.0,1200.0,0.0,0.0,1.0,0.0,0.0,0.0,0.0,0.0,0.0,0.0,0.0,0.0,0.0,oracle,0.4236723027196541,0.9998785667771356,1.0,1.0304161348488132e-18,-0.25709860730949247,6.0,1.0,1.3711704029417888,0.0,cons__oracle,cons__oracle,byzantine,0.5,4,0
consensus,oracle,20,60,ring_plus,-5.415134144871313e-22,5.415134144871313e-22,3.138150837908357e-23,1200,0.0,0.0,0.0,0.0,1200.0,0.0,0.0,1.0,0.0,0.0,0.0,0.0,0.0,0.0,0.0,0.0,0.0,0.0,oracle,0.4236899818514358,0.9998748700933866,1.0,1.0203896835210092e-18,-0.25459691424451286,6.0,1.0,1.6160985120576443,0.0,cons__oracle,cons__oracle,byzantine,0.5,5,0
consensus,oracle,20,60,ring_plus,-7.44609726645518e-22,7.44609726645518e-22,3.7274172917650374e-23,1200,0.0,0.0,0.0,0.0,1200.0,0.0,0.0,1.0,0.0,0.0,0.0,0.0,0.0,0.0,0.0,0.0,0.0,0.0,oracle,0.4231145113924336,0.9999666882807272,1.0,1.4030950996715061e-18,-0.35008556247432826,6.0,1.0,0.9450014459069909,0.0,cons__oracle,cons__oracle,byzantine,0.5,6,0
consensus,oracle,20,60,ring_plus,-6.832103522153048e-22,6.832103522153048e-22,3.4262066468258485e-23,1200,0.0,0.0,0.0,0.0,1200.0,0.0,0.0,1.0,0.0,0.0,0.0,0.0,0.0,0.0,0.0,0.0,0.0,0.0,oracle,0.423269923913211,0.9999476838305885,1.0,1.2873995792441543e-18,-0.32121842418883956,6.0,1.0,2.218617553571293,0.0,cons__oracle,cons__oracle,byzantine,0.5,7,0
consensus,oracle,20,60,ring_plus,-4.793278908930292e-22,4.793278908930292e-22,2.4116367820220247e-23,1200,0.0,0.0,0.0,0.0,1200.0,0.0,0.0,1.0,0.0,0.0,0.0,0.0,0.0,0.0,0.0,0.0,0.0,0.0,oracle,0.42391058589217157,0.9998240626992434,1.0,9.032149146707187e-19,-0.22536069786096127,6.0,1.0,0.7964836768628718,0.0,cons__oracle,cons__oracle,byzantine,0.5,8,0
consensus,oracle,20,60,ring_plus,-5.230134788306971e-22,5.230134788306971e-22,3.031089861769011e-23,1200,0.0,0.0,0.0,0.0,1200.0,0.0,0.0,1.0,0.0,0.0,0.0,0.0,0.0,0.0,0.0,0.0,0.0,0.0,oracle,0.4237528254215247,0.9998612793106538,1.0,9.855354470660455e-19,-0.24590045216642012,6.0,1.0,0.9413291035084279,0.0,cons__oracle,cons__oracle,byzantine,0.5,9,0
consensus,gnn,20,60,ring_plus,-2.1619885071771935e-06,2.1619885071771935e-06,0.00014488129903707518,5040,0.0,0.0,0.0,0.0,5040.0,5040.0,1.0,0.0,161280.0,32.0,0.0,5040.0,0.0,0.0,0.0,0.0,0.0,0.0,gnn,0.7716980928789048,0.9887795179532384,1.0,8.402774885392682e-06,-0.1817866851316826,15.0,1.0,1.399646125476325,1.3996461254763248,cons__gnn,cons__gnn,msg_drop,0.0,0,0
consensus,gnn,20,60,ring_plus,-4.1029361711807455e-05,4.1029361711807455e-05,0.00027258948205885437,5400,0.0,0.0,0.0,0.0,5400.0,5400.0,1.0,0.0,172800.0,32.0,0.0,5400.0,0.0,0.0,0.0,0.0,0.0,0.0,gnn,0.8003918231296817,0.9981810946224654,1.0,0.000163618741679686,-0.2847025318814981,21.0,1.0,1.320493917398932,1.320493917398932,cons__gnn,cons__gnn,msg_drop,0.0,1,0
consensus,gnn,20,60,ring_plus,-3.9815794189243615e-07,3.9815794189243615e-07,0.0007681164692464576,6120,0.0,0.0,0.0,0.0,6120.0,6120.0,1.0,0.0,195840.0,32.0,0.0,6120.0,0.0,0.0,0.0,0.0,0.0,0.0,gnn,0.733014224296394,0.997581612877687,1.0,3.3942042155965032e-06,-0.3046854128467139,18.0,1.0,1.55469612182113,1.5546961218211295,cons__gnn,cons__gnn,msg_drop,0.0,2,0
consensus,gnn,20,60,ring_plus,-0.00015590849899644647,0.00015590849899644647,0.00808678570562165,5040,0.0,0.0,0.0,0.0,5040.0,5040.0,1.0,0.0,161280.0,32.0,0.0,5040.0,0.0,0.0,0.0,0.0,0.0,0.0,gnn,0.8031690394436141,0.9647074600574072,1.0,0.0008370551393784543,-0.43744071620591707,31.0,1.0,1.2627284000071304,1.2627284000071306,cons__gnn,cons__gnn,msg_drop,0.0,3,0
consensus,gnn,20,60,ring_plus,-2.3999370895052265e-05,2.3999370895052265e-05,0.0016889247934201487,5640,0.0,0.0,0.0,0.0,5640.0,5640.0,1.0,0.0,180480.0,32.0,0.0,5640.0,0.0,0.0,0.0,0.0,0.0,0.0,gnn,0.8040074711039195,0.9955771506417391,1.0,8.774867046694536e-05,-0.25709820731997757,18.0,1.0,1.3711704029417888,1.3711704029417888,cons__gnn,cons__gnn,msg_drop,0.0,4,0
consensus,gnn,20,60,ring_plus,-1.3736049400047636e-05,1.3736049400047636e-05,0.008164554723124016,6360,0.0,0.0,0.0,0.0,6360.0,6360.0,1.0,0.0,203520.0,32.0,0.0,6360.0,0.0,0.0,0.0,0.0,0.0,0.0,gnn,0.7856349809078071,0.9980685973699038,1.0,6.001273171199749e-05,-0.2545966853103562,20.0,1.0,1.6160985120576443,1.616098512057644,cons__gnn,cons__gnn,msg_drop,0.0,5,0
consensus,gnn,20,60,ring_plus,-0.001394341040737634,0.001394341040737634,0.0009138973377482781,4680,0.0,0.0,0.0,0.0,4680.0,4680.0,1.0,0.0,149760.0,32.0,0.0,4680.0,0.0,0.0,0.0,0.0,0.0,0.0,gnn,0.8348769460272564,0.9534291825521003,1.0,0.004326771528360476,-0.3500623234569826,35.0,1.0,0.9450014459069909,0.9450014459069908,cons__gnn,cons__gnn,msg_drop,0.0,6,0
consensus,gnn,20,60,ring_plus,-5.369172324656454e-07,5.369172324656454e-07,0.00875547686752761,6480,0.0,0.0,0.0,0.0,6480.0,6480.0,1.0,0.0,207360.0,32.0,0.0,6480.0,0.0,0.0,0.0,0.0,0.0,0.0,gnn,0.7479246146514705,0.9941099801999367,1.0,3.1684361700384576e-06,-0.321218415240219,14.0,1.0,2.218617553571293,2.218617553571293,cons__gnn,cons__gnn,msg_drop,0.0,7,0
consensus,gnn,20,60,ring_plus,-0.0007980808523245528,0.0007980808523245528,0.0015144035514309555,4200,0.0,0.0,0.0,0.0,4200.0,4200.0,1.0,0.0,134400.0,32.0,0.0,4200.0,0.0,0.0,0.0,0.0,0.0,0.0,gnn,0.8648712985820947,0.987625314278933,1.0,0.0017849934826362115,-0.22534739651342256,22.0,1.0,0.7964836768628718,0.7964836768628717,cons__gnn,cons__gnn,msg_drop,0.0,8,0
consensus,gnn,20,60,ring_plus,-0.00012206429590212316,0.00012206429590212316,0.003952430454325682,5280,0.0,0.0,0.0,0.0,5280.0,5280.0,1.0,0.0,168960.0,32.0,0.0,5280.0,0.0,0.0,0.0,0.0,0.0,0.0,gnn,0.8312942915326621,0.9706391864868461,1.0,0.00029749541881306756,-0.2458984177614884,15.0,1.0,0.9413291035084279,0.9413291035084281,cons__gnn,cons__gnn,msg_drop,0.0,9,0
consensus,gnn,20,60,ring_plus,-2.9823696089221985e-06,2.9823696089221985e-06,0.0004437308377483268,5040,0.0,0.10277777777777777,0.0,0.0,5040.0,4522.0,0.8972222222222223,0.10277777777777775,144704.0,32.0,0.0,4522.0,0.0,0.0,518.0,0.0,0.0,0.0,gnn,0.777287947956869,0.9892304937745697,1.0,1.1177652220491496e-05,-0.1817866714586643,15.0,1.0,1.399646125476325,1.3458235410014037,cons__gnn,cons__gnn,msg_drop,0.1,0,0
consensus,gnn,20,60,ring_plus,-4.585971472967386e-05,4.585971472967386e-05,4.9704599118345494e-06,5400,0.0,0.1037037037037037,0.0,0.0,5400.0,4840.0,0.8962962962962963,0.10370370370370374,154880.0,32.0,0.0,4840.0,0.0,0.0,560.0,0.0,0.0,0.0,gnn,0.8022971938062656,0.9983836182612256,1.0,0.00017390265486732386,-0.2847024513756145,21.0,1.0,1.320493917398932,1.2572950674741608,cons__gnn,cons__gnn,msg_drop,0.1,1,0
consensus,gnn,20,60,ring_plus,-4.5659889268492826e-07,4.5659889268492826e-07,0.0027053228512193715,6120,0.0,0.10326797385620914,0.0,0.0,6120.0,5488.0,0.8967320261437909,0.10326797385620912,175616.0,32.0,0.0,5488.0,0.0,0.0,632.0,0.0,0.0,0.0,gnn,0.7349646055697103,0.9975242578539514,1.0,3.785719220521269e-06,-0.30468541187269804,18.0,1.0,1.55469612182113,1.5299830364930147,cons__gnn,cons__gnn,msg_drop,0.1,2,0
consensus,gnn,20,60,ring_plus,-9.246012452353586e-05,9.246012452353586e-05,0.0034544210949501745,5040,0.0,0.09345238095238095,0.0,0.0,5040.0,4569.0,0.906547619047619,0.09345238095238095,146208.0,32.0,0.0,4569.0,0.0,0.0,471.0,0.0,0.0,0.0,gnn,0.7961618760269924,0.9742591188973688,1.0,0.0004998856066244623,-0.4374417736788249,29.0,1.0,1.2627284000071304,1.2353733719202542,cons__gnn,cons__gnn,msg_drop,0.1,3,0
consensus,gnn,20,60,ring_plus,-2.261103475389975e-05,2.261103475389975e-05,0.00208729766633779,5640,0.0,0.1026595744680851,0.0,0.0,5640.0,5061.0,0.8973404255319148,0.10265957446808516,161952.0,32.0,0.0,5061.0,0.0,0.0,579.0,0.0,0.0,0.0,gnn,0.8018990296430965,0.9952850938317914,1.0,8.165412076938176e-05,-0.2570982304589132,18.0,1.0,1.3711704029417888,1.3207138697044611,cons__gnn,cons__gnn,msg_drop,0.1,4,0
consensus,gnn,20,60,ring_plus,-1.5007160637298025e-05,1.5007160637298025e-05,0.003483462203461545,6360,0.0,0.09827044025157233,0.0,0.0,6360.0,5735.0,0.9017295597484277,0.09827044025157228,183520.0,32.0,0.0,5735.0,0.0,0.0,625.0,0.0,0.0,0.0,gnn,0.7880213038955213,0.9987841256616882,1.0,7.160103173635343e-05,-0.25459666412516885,21.0,1.0,1.6160985120576443,1.583621832579197,cons__gnn,cons__gnn,msg_drop,0.1,5,0
consensus,gnn,20,60,ring_plus,-5.170627987668679e-05,5.170627987668679e-05,0.014998840493737448,4680,0.0,0.09658119658119659,0.0,0.0,4680.0,4228.0,0.9034188034188034,0.09658119658119657,135296.0,32.0,0.0,4228.0,0.0,0.0,452.0,0.0,0.0,0.0,gnn,0.7910666032061214,0.9871663391819616,1.0,0.00016446211584093297,-0.35008470070299696,21.0,1.0,0.9450014459069909,0.8957994866615863,cons__gnn,cons__gnn,msg_drop,0.1,6,0
consensus,gnn,20,60,ring_plus,-4.826851149962814e-07,4.826851149962814e-07,0.011923702021307095,6480,0.0,0.10030864197530864,0.0,0.0,6480.0,5830.0,0.8996913580246914,0.10030864197530864,186560.0,32.0,0.0,5830.0,0.0,0.0,650.0,0.0,0.0,0.0,gnn,0.7450156136346227,0.9925532641326764,1.0,2.762576210034458e-06,-0.3212184161440876,14.0,1.0,2.218617553571293,2.1395397467772024,cons__gnn,cons__gnn,msg_drop,0.1,7,0
consensus,gnn,20,60,ring_plus,-0.0008495964571069339,0.0008495964571069339,0.0016479980250232722,4200,0.0,0.10809523809523809,0.0,0.0,4200.0,3746.0,0.8919047619047619,0.10809523809523813,119872.0,32.0,0.0,3746.0,0.0,0.0,454.0,0.0,0.0,0.0,gnn,0.8671774929081726,0.9850681811175178,1.0,0.001904675232247133,-0.22534653792000953,21.0,1.0,0.7964836768628718,0.7332449500908755,cons__gnn,cons__gnn,msg_drop,0.1,8,0
consensus,gnn,20,60,ring_plus,-9.417349892029692e-05,9.417349892029692e-05,0.002701193351422163,5280,0.0,0.10340909090909091,0.0,0.0,5280.0,4734.0,0.8965909090909091,0.1034090909090909,151488.0,32.0,0.0,4734.0,0.0,0.0,546.0,0.0,0.0,0.0,gnn,0.8278684096160329,0.9700250247441826,1.0,0.00022502671266015834,-0.2458988826081048,14.0,1.0,0.9413291035084279,0.9246306127261071,cons__gnn,cons__gnn,msg_drop,0.1,9,0
consensus,gnn,20,60,ring_plus,-2.3907764764996303e-06,2.3907764764996303e-06,0.0036283456042001763,5040,0.0,0.29543650793650794,0.0,0.0,5040.0,3551.0,0.7045634920634921,0.2954365079365079,113632.0,32.0,0.0,3551.0,0.0,0.0,1489.0,0.0,0.0,0.0,gnn,0.7806070918705657,0.9869785375682535,1.0,9.510951222644576e-06,-0.18178668131854983,13.0,1.0,1.399646125476325,0.9593085927552825,cons__gnn,cons__gnn,msg_drop,0.3,0,0
consensus,gnn,20,60,ring_plus,-3.1809077602764573e-05,3.1809077602764573e-05,5.4077795106495e-05,5400,0.0,0.3042592592592593,0.0,0.0,5400.0,3757.0,0.6957407407407408,0.30425925925925923,120224.0,32.0,0.0,3757.0,0.0,0.0,1643.0,0.0,0.0,0.0,gnn,0.8026352405008924,0.9932793547203936,1.0,0.0001186739076364912,-0.2847026855529,18.0,1.0,1.320493917398932,0.8757031879896017,cons__gnn,cons__gnn,msg_drop,0.3,1,0
consensus,gnn,20,60,ring_plus,-4.4059911159778616e-07,4.4059911159778616e-07,0.002741944700317701,6120,0.0,0.30637254901960786,0.0,0.0,6120.0,4245.0,0.6936274509803921,0.30637254901960786,135840.0,32.0,0.0,4245.0,0.0,0.0,1875.0,0.0,0.0,0.0,gnn,0.7374659773827965,0.9975417736220744,1.0,2.872652208544065e-06,-0.30468541213936107,17.0,1.0,1.55469612182113,1.2029979528235235,cons__gnn,cons__gnn,msg_drop,0.3,2,0
consensus,gnn,20,60,ring_plus,-4.626594297935835e-05,4.626594297935835e-05,0.011250871240867998,5040,0.0,0.2871031746031746,0.0,0.0,5040.0,3593.0,0.7128968253968254,0.2871031746031746,114976.0,32.0,0.0,3593.0,0.0,0.0,1447.0,0.0,0.0,0.0,gnn,0.7939975718439429,0.9962601783468731,1.0,0.00021570505729990477,-0.4374425435818507,24.0,1.0,1.2627284000071304,0.9577050629098172,cons__gnn,cons__gnn,msg_drop,0.3,3,0
consensus,gnn,20,60,ring_plus,-8.160909827330937e-06,8.160909827330937e-06,2.4644958096041477e-06,5640,0.0,0.299822695035461,0.0,0.0,5640.0,3949.0,0.700177304964539,0.299822695035461,126368.0,32.0,0.0,3949.0,0.0,0.0,1691.0,0.0,0.0,0.0,gnn,0.7940263612102936,0.9948216406891434,1.0,3.258355432377815e-05,-0.25709847129432867,15.0,1.0,1.3711704029417888,1.0148743174324646,cons__gnn,cons__gnn,msg_drop,0.3,4,0
consensus,gnn,20,60,ring_plus,-1.368483461336084e-05,1.368483461336084e-05,0.006813859920942715,6360,0.0,0.3007861635220126,0.0,0.0,6360.0,4447.0,0.6992138364779874,0.3007861635220126,142304.0,32.0,0.0,4447.0,0.0,0.0,1913.0,0.0,0.0,0.0,gnn,0.7869238421040956,0.9976677184129757,1.0,6.205665352514233e-05,-0.25459668616393594,20.0,1.0,1.6160985120576443,1.2695270368522074,cons__gnn,cons__gnn,msg_drop,0.3,5,0
consensus,gnn,20,60,ring_plus,-1.2337810691857976e-05,1.2337810691857976e-05,0.038852083939557996,4680,0.0,0.29423076923076924,0.0,0.0,4680.0,3303.0,0.7057692307692308,0.2942307692307692,105696.0,32.0,0.0,3303.0,0.0,0.0,1377.0,0.0,0.0,0.0,gnn,0.7876361637475614,0.985939458558769,1.0,3.627543893139622e-05,-0.35008535684415004,15.0,1.0,0.9450014459069909,0.6385712146617054,cons__gnn,cons__gnn,msg_drop,0.3,6,0
consensus,gnn,20,60,ring_plus,-4.6397010062494084e-07,4.6397010062494084e-07,0.007573397395417916,6480,0.0,0.2983024691358025,0.0,0.0,6480.0,4547.0,0.7016975308641975,0.2983024691358025,145504.0,32.0,0.0,4547.0,0.0,0.0,1933.0,0.0,0.0,0.0,gnn,0.7450569689487475,0.9942121344052595,1.0,2.695902751938258e-06,-0.3212184164560045,14.0,1.0,2.218617553571293,1.6531050140173542,cons__gnn,cons__gnn,msg_drop,0.3,7,0
consensus,gnn,20,60,ring_plus,-0.0008262959388460351,0.0008262959388460351,5.833623644234477e-05,4200,0.0,0.31642857142857145,0.0,0.0,4200.0,2871.0,0.6835714285714286,0.3164285714285714,91872.0,32.0,0.0,2871.0,0.0,0.0,1329.0,0.0,0.0,0.0,gnn,0.8651431445338966,0.9789475663591108,1.0,0.0018431188724779325,-0.2253469262619805,20.0,1.0,0.7964836768628718,0.4991524113307339,cons__gnn,cons__gnn,msg_drop,0.3,8,0
consensus,gnn,20,60,ring_plus,-0.00011526555584082273,0.00011526555584082273,0.007256187797245432,5280,0.0,0.29848484848484846,0.0,0.0,5280.0,3704.0,0.7015151515151515,0.29848484848484846,118528.0,32.0,0.0,3704.0,0.0,0.0,1576.0,0.0,0.0,0.0,gnn,0.8310998058042076,0.9699823113235886,1.0,0.00025662263556518823,-0.24589853107382276,15.0,1.0,0.9413291035084279,0.7112043835761201,cons__gnn,cons__gnn,msg_drop,0.3,9,0
consensus,gnn,20,60,ring_plus,-5.592251334082072e-06,5.592251334082072e-06,0.0020554567144627244,5040,0.0,0.49484126984126986,0.0,0.0,5040.0,2546.0,0.5051587301587301,0.49484126984126986,81472.0,32.0,0.0,2546.0,0.0,0.0,2494.0,0.0,0.0,0.0,gnn,0.7873500918049057,0.9917183626236136,1.0,2.086083848441326e-05,-0.18178662796063552,16.0,1.0,1.399646125476325,0.46572623705989064,cons__gnn,cons__gnn,msg_drop,0.5,0,0
consensus,gnn,20,60,ring_plus,-1.8032899303008868e-05,1.8032899303008868e-05,0.00011571896909681476,5400,0.0,0.5125925925925926,0.0,0.0,5400.0,2632.0,0.4874074074074074,0.5125925925925926,84224.0,32.0,0.0,2632.0,0.0,0.0,2768.0,0.0,0.0,0.0,gnn,0.7952865570111693,0.9820665293154699,1.0,5.42986798527595e-05,-0.28470291515587154,16.0,1.0,1.320493917398932,0.4429876743775902,cons__gnn,cons__gnn,msg_drop,0.5,1,0
consensus,gnn,20,60,ring_plus,-7.200203789395824e-07,7.200203789395824e-07,0.037504227239350575,6120,0.0,0.4980392156862745,0.0,0.0,6120.0,3072.0,0.5019607843137255,0.4980392156862745,98304.0,32.0,0.0,3072.0,0.0,0.0,3048.0,0.0,0.0,0.0,gnn,0.7554166514917845,0.9977513235428994,1.0,4.09566055608867e-06,-0.3046854074823398,14.0,1.0,1.55469612182113,0.6509571682410304,cons__gnn,cons__gnn,msg_drop,0.5,2,0
consensus,gnn,20,60,ring_plus,-5.89696192788067e-05,5.89696192788067e-05,0.06185221995840099,5040,0.0,0.49126984126984125,0.0,0.0,5040.0,2564.0,0.5087301587301587,0.4912698412698413,82048.0,32.0,0.0,2564.0,0.0,0.0,2476.0,0.0,0.0,0.0,gnn,0.8016538379219385,0.999122320589308,1.0,0.00023900683762097976,-0.4374423318539123,23.0,1.0,1.2627284000071304,0.4408661274809896,cons__gnn,cons__gnn,msg_drop,0.5,3,0
consensus,gnn,20,60,ring_plus,-1.5306269766110196e-05,1.5306269766110196e-05,0.0012542429697112935,5640,0.0,0.4929078014184397,0.0,0.0,5640.0,2860.0,0.5070921985815603,0.4929078014184397,91520.0,32.0,0.0,2860.0,0.0,0.0,2780.0,0.0,0.0,0.0,gnn,0.8007023967964126,0.9951638307623423,1.0,5.323543701323317e-05,-0.2570983522049964,16.0,1.0,1.3711704029417888,0.5340062463253034,cons__gnn,cons__gnn,msg_drop,0.5,4,0
consensus,gnn,20,60,ring_plus,-1.6576146547929718e-05,1.6576146547929718e-05,0.026024538835471754,6360,0.0,0.4982704402515723,0.0,0.0,6360.0,3191.0,0.5017295597484277,0.4982704402515723,102112.0,32.0,0.0,3191.0,0.0,0.0,3169.0,0.0,0.0,0.0,gnn,0.7916984572466592,0.9980013777833275,1.0,6.164156327686e-05,-0.2545966379754038,19.0,1.0,1.6160985120576443,0.6971942483963592,cons__gnn,cons__gnn,msg_drop,0.5,5,0
consensus,gnn,20,60,ring_plus,-0.000435221581181054,0.000435221581181054,0.007141943799674889,4680,0.0,0.49572649572649574,0.0,0.0,4680.0,2360.0,0.5042735042735043,0.49572649572649574,75520.0,32.0,0.0,2360.0,0.0,0.0,2320.0,0.0,0.0,0.0,gnn,0.846805893894965,0.9729833674838892,0.9833333333333333,0.001427212193992094,-0.35007830878130863,18.0,1.0,0.9450014459069909,0.27277121403268756,cons__gnn,cons__gnn,msg_drop,0.5,6,0
consensus,gnn,20,60,ring_plus,-9.995301430986553e-07,9.995301430986553e-07,0.0012247885052772299,6480,0.0,0.49382716049382713,0.0,0.0,6480.0,3280.0,0.5061728395061729,0.49382716049382713,104960.0,32.0,0.0,3280.0,0.0,0.0,3200.0,0.0,0.0,0.0,gnn,0.7594619057923381,0.9930906935923668,1.0,5.2915954060756595e-06,-0.32121840753000375,13.0,1.0,2.218617553571293,0.9086323039632471,cons__gnn,cons__gnn,msg_drop,0.5,7,0
consensus,gnn,20,60,ring_plus,-0.00030980366457898775,0.00030980366457898775,0.0018349423143977374,4200,0.0,0.5102380952380953,0.0,0.0,4200.0,2057.0,0.4897619047619048,0.5102380952380952,65824.0,32.0,0.0,2057.0,0.0,0.0,2143.0,0.0,0.0,0.0,gnn,0.848427776752254,0.9872981821654244,1.0,0.0007136802581193679,-0.22535553446655163,19.0,1.0,0.7964836768628718,0.16321375206624472,cons__gnn,cons__gnn,msg_drop,0.5,8,0
consensus,gnn,20,60,ring_plus,-0.0007922710485895655,0.0007922710485895655,0.015718269840635908,5280,0.0,0.5085227272727273,0.0,0.0,5280.0,2595.0,0.4914772727272727,0.5085227272727273,83040.0,32.0,0.0,2595.0,0.0,0.0,2685.0,0.0,0.0,0.0,gnn,0.8584686818939808,0.975695595811702,1.0,0.0014460465030676232,-0.24588724764894365,20.0,1.0,0.9413291035084279,0.3273502839712116,cons__gnn,cons__gnn,msg_drop,0.5,9,0
consensus,gnn,20,60,ring_plus,-0.00013179090551828013,0.00013179090551828013,0.0004755515539866504,5040,0.0,0.7055555555555556,0.0,0.0,5040.0,1484.0,0.29444444444444445,0.7055555555555555,47488.0,32.0,0.0,1484.0,0.0,0.0,3556.0,0.0,0.0,0.0,gnn,0.8303266525470404,0.9953271890584471,1.0,0.00042089184862497157,-0.1817845246497325,22.0,1.0,1.399646125476325,0.046566637152139295,cons__gnn,cons__gnn,msg_drop,0.7,0,0
consensus,gnn,20,60,ring_plus,-0.0005640419992849599,0.0005640419992849599,0.0037764100021552257,5400,0.0,0.7096296296296296,0.0,0.0,5400.0,1568.0,0.2903703703703704,0.7096296296296296,50176.0,32.0,0.0,1568.0,0.0,0.0,3832.0,0.0,0.0,0.0,gnn,0.8518208789860037,0.9683057054257168,0.9666666666666667,0.0013021185751309454,-0.28469381500420526,18.0,1.0,1.320493917398932,0.06452021598943526,cons__gnn,cons__gnn,msg_drop,0.7,1,0
consensus,gnn,20,60,ring_plus,-1.1141103792860858e-05,1.1141103792860858e-05,0.007411196878912528,6120,0.0,0.6962418300653594,0.0,0.0,6120.0,1859.0,0.3037581699346405,0.6962418300653594,59488.0,32.0,0.0,1859.0,0.0,0.0,4261.0,0.0,0.0,0.0,gnn,0.7999860209194859,0.9931284639140279,0.9833333333333333,4.85700900303527e-05,-0.30468523379761636,15.0,1.0,1.55469612182113,0.14922604732916292,cons__gnn,cons__gnn,msg_drop,0.7,2,0
consensus,gnn,20,60,ring_plus,-0.0009101779458532321,0.0009101779458532321,0.008946411460543136,5040,0.0,0.694047619047619,0.0,0.0,5040.0,1542.0,0.305952380952381,0.694047619047619,49344.0,32.0,0.0,1542.0,0.0,0.0,3498.0,0.0,0.0,0.0,gnn,0.8382210332555414,0.9956879325000124,0.9666666666666667,0.0017937227362003702,-0.43742814504846933,24.0,1.0,1.2627284000071304,0.041855558823667136,cons__gnn,cons__gnn,msg_drop,0.7,3,0
consensus,gnn,20,60,ring_plus,-0.00012000293862843636,0.00012000293862843636,2.6334766462531212e-05,5640,0.0,0.6948581560283688,0.0,0.0,5640.0,1721.0,0.3051418439716312,0.6948581560283689,55072.0,32.0,0.0,1721.0,0.0,0.0,3919.0,0.0,0.0,0.0,gnn,0.8334668351065604,0.9924250051291177,1.0,0.0003558348107552813,-0.2570966072605153,20.0,1.0,1.3711704029417888,0.09066820728530764,cons__gnn,cons__gnn,msg_drop,0.7,4,0
consensus,gnn,20,60,ring_plus,-8.340238897716441e-05,8.340238897716441e-05,0.013128947729010196,6360,0.0,0.7067610062893082,0.0,0.0,6360.0,1865.0,0.29323899371069184,0.7067610062893082,59680.0,32.0,0.0,1865.0,0.0,0.0,4495.0,0.0,0.0,0.0,gnn,0.8145677735195085,0.9928583193263928,1.0,0.00021741572407284887,-0.25459552420469655,20.0,1.0,1.6160985120576443,0.09930048061124386,cons__gnn,cons__gnn,msg_drop,0.7,5,0
consensus,gnn,20,60,ring_plus,-0.002531765331762554,0.002531765331762554,0.00013180822576810272,4680,0.0,0.701068376068376,0.0,0.0,4680.0,1399.0,0.2989316239316239,0.701068376068376,44768.0,32.0,0.0,1399.0,0.0,0.0,3281.0,0.0,0.0,0.0,gnn,0.8737838726443594,0.9790487052603722,0.95,0.007053635564106833,-0.3500433663854655,23.0,1.0,0.9450014459069909,0.022828728296464252,cons__gnn,cons__gnn,msg_drop,0.7,6,0
consensus,gnn,20,60,ring_plus,-7.619577483771714e-06,7.619577483771714e-06,8.390552409222149e-05,6480,0.0,0.691358024691358,0.0,0.0,6480.0,2000.0,0.30864197530864196,0.691358024691358,64000.0,32.0,0.0,2000.0,0.0,0.0,4480.0,0.0,0.0,0.0,gnn,0.7901460016901205,0.9911815415024091,0.9833333333333333,2.391416934609956e-05,-0.32121829719588146,14.0,1.0,2.218617553571293,0.1984154580251666,cons__gnn,cons__gnn,msg_drop,0.7,7,0
consensus,gnn,20,60,ring_plus,-0.0056712934003254655,0.0056712934003254655,0.0027091168405399407,4200,0.0,0.7014285714285714,0.0,0.0,4200.0,1254.0,0.2985714285714286,0.7014285714285714,40128.0,32.0,0.0,1254.0,0.0,0.0,2946.0,0.0,0.0,0.0,gnn,0.8864676960724513,0.9858365116333909,0.9833333333333333,0.01002000518002081,-0.22526617630428922,31.0,1.0,0.7964836768628718,0.00760520127541535,cons__gnn,cons__gnn,msg_drop,0.7,8,0
consensus,gnn,20,60,ring_plus,-0.01215902118221467,0.01215902118221467,0.04718791996293117,5280,0.0,0.709280303030303,0.0,0.0,5280.0,1535.0,0.29071969696969696,0.709280303030303,49120.0,32.0,0.0,1535.0,0.0,0.0,3745.0,0.0,0.0,0.0,gnn,0.9005950299856353,0.961456314594452,0.9833333333333333,0.018195596730858462,-0.24569780181338322,32.0,1.0,0.9413291035084279,0.02235317116297634,cons__gnn,cons__gnn,msg_drop,0.7,9,0
consensus,gnn,20,60,ring_plus,-10.907203269889466,10.907203269889466,0.5453601634944734,5040,0.0,1.0,0.0,0.0,5040.0,0.0,0.0,1.0,0.0,0.0,0.0,0.0,0.0,0.0,5040.0,0.0,0.0,0.0,gnn,1.0,0.0,1.0,10.907203269889466,0.0,,0.0,1.399646125476325,0.0,cons__gnn,cons__gnn,msg_drop,1.0,0,0
consensus,gnn,20,60,ring_plus,-17.0821929422516,17.0821929422516,0.85410964711258,5400,0.0,1.0,0.0,0.0,5400.0,0.0,0.0,1.0,0.0,0.0,0.0,0.0,0.0,0.0,5400.0,0.0,0.0,0.0,gnn,1.0,0.0,1.0,17.0821929422516,0.0,,0.0,1.320493917398932,0.0,cons__gnn,cons__gnn,msg_drop,1.0,1,0
consensus,gnn,20,60,ring_plus,-18.281125168960774,18.281125168960774,0.9140562584480387,6120,0.0,1.0,0.0,0.0,6120.0,0.0,0.0,1.0,0.0,0.0,0.0,0.0,0.0,0.0,6120.0,0.0,0.0,0.0,gnn,1.0,0.0,1.0,18.281125168960777,0.0,,0.0,1.55469612182113,0.0,cons__gnn,cons__gnn,msg_drop,1.0,2,0
consensus,gnn,20,60,ring_plus,-26.24659888085402,26.24659888085402,1.312329944042701,5040,0.0,1.0,0.0,0.0,5040.0,0.0,0.0,1.0,0.0,0.0,0.0,0.0,0.0,0.0,5040.0,0.0,0.0,0.0,gnn,1.0,0.0,1.0,26.246598880854023,0.0,,0.0,1.2627284000071304,0.0,cons__gnn,cons__gnn,msg_drop,1.0,3,0
consensus,gnn,20,60,ring_plus,-15.425916438569548,15.425916438569548,0.7712958219284773,5640,0.0,1.0,0.0,0.0,5640.0,0.0,0.0,1.0,0.0,0.0,0.0,0.0,0.0,0.0,5640.0,0.0,0.0,0.0,gnn,1.0,0.0,1.0,15.425916438569546,0.0,,0.0,1.3711704029417888,0.0,cons__gnn,cons__gnn,msg_drop,1.0,4,0
consensus,gnn,20,60,ring_plus,-15.27581485467077,15.27581485467077,0.7637907427335385,6360,0.0,1.0,0.0,0.0,6360.0,0.0,0.0,1.0,0.0,0.0,0.0,0.0,0.0,0.0,6360.0,0.0,0.0,0.0,gnn,1.0,0.0,1.0,15.275814854670775,0.0,,0.0,1.6160985120576443,0.0,cons__gnn,cons__gnn,msg_drop,1.0,5,0
consensus,gnn,20,60,ring_plus,-21.005133748459695,21.005133748459695,1.0502566874229848,4680,0.0,1.0,0.0,0.0,4680.0,0.0,0.0,1.0,0.0,0.0,0.0,0.0,0.0,0.0,4680.0,0.0,0.0,0.0,gnn,1.0,0.0,1.0,21.00513374845969,0.0,,0.0,0.9450014459069909,0.0,cons__gnn,cons__gnn,msg_drop,1.0,6,0
consensus,gnn,20,60,ring_plus,-19.273105451330373,19.273105451330373,0.9636552725665186,6480,0.0,1.0,0.0,0.0,6480.0,0.0,0.0,1.0,0.0,0.0,0.0,0.0,0.0,0.0,6480.0,0.0,0.0,0.0,gnn,1.0,0.0,1.0,19.27310545133037,0.0,,0.0,2.218617553571293,0.0,cons__gnn,cons__gnn,msg_drop,1.0,7,0
consensus,gnn,20,60,ring_plus,-13.521641871657677,13.521641871657677,0.6760820935828838,4200,0.0,1.0,0.0,0.0,4200.0,0.0,0.0,1.0,0.0,0.0,0.0,0.0,0.0,0.0,4200.0,0.0,0.0,0.0,gnn,1.0,0.0,1.0,13.521641871657673,0.0,,0.0,0.7964836768628718,0.0,cons__gnn,cons__gnn,msg_drop,1.0,8,0
consensus,gnn,20,60,ring_plus,-14.754027129985209,14.754027129985209,0.7377013564992605,5280,0.0,1.0,0.0,0.0,5280.0,0.0,0.0,1.0,0.0,0.0,0.0,0.0,0.0,0.0,5280.0,0.0,0.0,0.0,gnn,1.0,0.0,1.0,14.75402712998521,0.0,,0.0,0.9413291035084279,0.0,cons__gnn,cons__gnn,msg_drop,1.0,9,0
consensus,gnn,20,60,ring_plus,-2.1619885071771935e-06,2.1619885071771935e-06,0.00014488129903707518,5040,0.0,0.0,0.0,0.0,5040.0,5040.0,1.0,0.0,161280.0,32.0,0.0,5040.0,0.0,0.0,0.0,0.0,0.0,0.0,gnn,0.7716980928789048,0.9887795179532384,1.0,8.402774885392682e-06,-0.1817866851316826,15.0,1.0,1.399646125476325,1.3996461254763248,cons__gnn,cons__gnn,latency,0.0,0,0
consensus,gnn,20,60,ring_plus,-4.1029361711807455e-05,4.1029361711807455e-05,0.00027258948205885437,5400,0.0,0.0,0.0,0.0,5400.0,5400.0,1.0,0.0,172800.0,32.0,0.0,5400.0,0.0,0.0,0.0,0.0,0.0,0.0,gnn,0.8003918231296817,0.9981810946224654,1.0,0.000163618741679686,-0.2847025318814981,21.0,1.0,1.320493917398932,1.320493917398932,cons__gnn,cons__gnn,latency,0.0,1,0
consensus,gnn,20,60,ring_plus,-3.9815794189243615e-07,3.9815794189243615e-07,0.0007681164692464576,6120,0.0,0.0,0.0,0.0,6120.0,6120.0,1.0,0.0,195840.0,32.0,0.0,6120.0,0.0,0.0,0.0,0.0,0.0,0.0,gnn,0.733014224296394,0.997581612877687,1.0,3.3942042155965032e-06,-0.3046854128467139,18.0,1.0,1.55469612182113,1.5546961218211295,cons__gnn,cons__gnn,latency,0.0,2,0
consensus,gnn,20,60,ring_plus,-0.00015590849899644647,0.00015590849899644647,0.00808678570562165,5040,0.0,0.0,0.0,0.0,5040.0,5040.0,1.0,0.0,161280.0,32.0,0.0,5040.0,0.0,0.0,0.0,0.0,0.0,0.0,gnn,0.8031690394436141,0.9647074600574072,1.0,0.0008370551393784543,-0.43744071620591707,31.0,1.0,1.2627284000071304,1.2627284000071306,cons__gnn,cons__gnn,latency,0.0,3,0
consensus,gnn,20,60,ring_plus,-2.3999370895052265e-05,2.3999370895052265e-05,0.0016889247934201487,5640,0.0,0.0,0.0,0.0,5640.0,5640.0,1.0,0.0,180480.0,32.0,0.0,5640.0,0.0,0.0,0.0,0.0,0.0,0.0,gnn,0.8040074711039195,0.9955771506417391,1.0,8.774867046694536e-05,-0.25709820731997757,18.0,1.0,1.3711704029417888,1.3711704029417888,cons__gnn,cons__gnn,latency,0.0,4,0
consensus,gnn,20,60,ring_plus,-1.3736049400047636e-05,1.3736049400047636e-05,0.008164554723124016,6360,0.0,0.0,0.0,0.0,6360.0,6360.0,1.0,0.0,203520.0,32.0,0.0,6360.0,0.0,0.0,0.0,0.0,0.0,0.0,gnn,0.7856349809078071,0.9980685973699038,1.0,6.001273171199749e-05,-0.2545966853103562,20.0,1.0,1.6160985120576443,1.616098512057644,cons__gnn,cons__gnn,latency,0.0,5,0
consensus,gnn,20,60,ring_plus,-0.001394341040737634,0.001394341040737634,0.0009138973377482781,4680,0.0,0.0,0.0,0.0,4680.0,4680.0,1.0,0.0,149760.0,32.0,0.0,4680.0,0.0,0.0,0.0,0.0,0.0,0.0,gnn,0.8348769460272564,0.9534291825521003,1.0,0.004326771528360476,-0.3500623234569826,35.0,1.0,0.9450014459069909,0.9450014459069908,cons__gnn,cons__gnn,latency,0.0,6,0
consensus,gnn,20,60,ring_plus,-5.369172324656454e-07,5.369172324656454e-07,0.00875547686752761,6480,0.0,0.0,0.0,0.0,6480.0,6480.0,1.0,0.0,207360.0,32.0,0.0,6480.0,0.0,0.0,0.0,0.0,0.0,0.0,gnn,0.7479246146514705,0.9941099801999367,1.0,3.1684361700384576e-06,-0.321218415240219,14.0,1.0,2.218617553571293,2.218617553571293,cons__gnn,cons__gnn,latency,0.0,7,0
consensus,gnn,20,60,ring_plus,-0.0007980808523245528,0.0007980808523245528,0.0015144035514309555,4200,0.0,0.0,0.0,0.0,4200.0,4200.0,1.0,0.0,134400.0,32.0,0.0,4200.0,0.0,0.0,0.0,0.0,0.0,0.0,gnn,0.8648712985820947,0.987625314278933,1.0,0.0017849934826362115,-0.22534739651342256,22.0,1.0,0.7964836768628718,0.7964836768628717,cons__gnn,cons__gnn,latency,0.0,8,0
consensus,gnn,20,60,ring_plus,-0.00012206429590212316,0.00012206429590212316,0.003952430454325682,5280,0.0,0.0,0.0,0.0,5280.0,5280.0,1.0,0.0,168960.0,32.0,0.0,5280.0,0.0,0.0,0.0,0.0,0.0,0.0,gnn,0.8312942915326621,0.9706391864868461,1.0,0.00029749541881306756,-0.2458984177614884,15.0,1.0,0.9413291035084279,0.9413291035084281,cons__gnn,cons__gnn,latency,0.0,9,0
consensus,gnn,20,60,ring_plus,-2.6044275825163738e-05,2.6044275825163738e-05,3.4752875077616145e-05,5040,0.0,0.0,1.0,1.0,5040.0,4956.0,0.9833333333333333,0.01666666666666672,158592.0,32.0,0.0,4956.0,0.0,0.0,0.0,0.0,0.0,0.0,gnn,0.7995303613478697,0.9894953933807862,1.0,7.974652552133269e-05,-0.1817862870935607,19.0,1.0,1.399646125476325,1.3763186900517193,cons__gnn,cons__gnn,latency,1.0,0,0
consensus,gnn,20,60,ring_plus,-0.00045916174014754805,0.00045916174014754805,7.660422055021026e-05,5400,0.0,0.0,1.0,1.0,5400.0,5310.0,0.9833333333333333,0.01666666666666672,169920.0,32.0,0.0,5310.0,0.0,0.0,0.0,0.0,0.0,0.0,gnn,0.8300735015918042,0.9974254639081389,1.0,0.0014448989417422638,-0.2846955630085242,28.0,1.0,1.320493917398932,1.2984856854422833,cons__gnn,cons__gnn,latency,1.0,1,0
consensus,gnn,20,60,ring_plus,-7.270498355003969e-06,7.270498355003969e-06,0.0001200508481121184,6120,0.0,0.0,1.0,1.0,6120.0,6018.0,0.9833333333333333,0.01666666666666672,192576.0,32.0,0.0,6018.0,0.0,0.0,0.0,0.0,0.0,0.0,gnn,0.7671029527646797,0.9944708124769356,1.0,4.3964513899162815e-05,-0.304685298307707,23.0,1.0,1.55469612182113,1.528784519790777,cons__gnn,cons__gnn,latency,1.0,2,0
consensus,gnn,20,60,ring_plus,-0.0017662857648176426,0.0017662857648176426,0.005451314286138448,5040,0.0,0.0,1.0,1.0,5040.0,4956.0,0.9833333333333333,0.01666666666666672,158592.0,32.0,0.0,4956.0,0.0,0.0,0.0,0.0,0.0,0.0,gnn,0.8425550906393198,0.9421938461788043,1.0,0.007194254420018874,-0.43741387658482006,38.0,1.0,1.2627284000071304,1.2416829266736784,cons__gnn,cons__gnn,latency,1.0,3,0
consensus,gnn,20,60,ring_plus,-0.00023349842686926181,0.00023349842686926181,0.0024643816367667963,5640,0.0,0.0,1.0,1.0,5640.0,5546.0,0.9833333333333333,0.01666666666666672,177472.0,32.0,0.0,5546.0,0.0,0.0,0.0,0.0,0.0,0.0,gnn,0.8310758446400288,0.9957436111340021,1.0,0.0006748562220054846,-0.2570947156690447,22.0,1.0,1.3711704029417888,1.348317562892759,cons__gnn,cons__gnn,latency,1.0,4,0
consensus,gnn,20,60,ring_plus,-0.00014758363575492962,0.00014758363575492962,0.013086373595757761,6360,0.0,0.0,1.0,1.0,6360.0,6254.0,0.9833333333333333,0.01666666666666672,200128.0,32.0,0.0,6254.0,0.0,0.0,0.0,0.0,0.0,0.0,gnn,0.8156398772607,0.9976401123280692,1.0,0.0005004381631001613,-0.25459445451725027,25.0,1.0,1.6160985120576443,1.5891635368566834,cons__gnn,cons__gnn,latency,1.0,5,0
consensus,gnn,20,60,ring_plus,-0.012004437216131059,0.012004437216131059,0.003287129190844234,4680,0.0,0.0,1.0,1.0,4680.0,4602.0,0.9833333333333333,0.01666666666666672,147264.0,32.0,0.0,4602.0,0.0,0.0,0.0,0.0,0.0,0.0,gnn,0.8747541279685587,0.9035096481018089,1.0,0.03195174487930005,-0.349885488520726,43.0,1.0,0.9450014459069909,0.9292514218085409,cons__gnn,cons__gnn,latency,1.0,6,0
consensus,gnn,20,60,ring_plus,-8.440064691080931e-06,8.440064691080931e-06,0.01362301605547149,6480,0.0,0.0,1.0,1.0,6480.0,6372.0,0.9833333333333333,0.01666666666666672,203904.0,32.0,0.0,6372.0,0.0,0.0,0.0,0.0,0.0,0.0,gnn,0.7775894063119264,0.9944246888171309,1.0,3.718049801270883e-05,-0.3212182835210947,18.0,1.0,2.218617553571293,2.1816405943451045,cons__gnn,cons__gnn,latency,1.0,7,0
consensus,gnn,20,60,ring_plus,-0.0034970450611416935,0.0034970450611416935,0.00026231242628076725,4200,0.0,0.0,1.0,1.0,4200.0,4130.0,0.9833333333333333,0.01666666666666672,132160.0,32.0,0.0,4130.0,0.0,0.0,0.0,0.0,0.0,0.0,gnn,0.882941150672709,0.9806369325708753,1.0,0.006711668928504747,-0.22530241377660895,27.0,1.0,0.7964836768628718,0.7832089489151571,cons__gnn,cons__gnn,latency,1.0,8,0
consensus,gnn,20,60,ring_plus,-0.0004579703792691116,0.0004579703792691116,0.005921170995080901,5280,0.0,0.0,1.0,1.0,5280.0,5192.0,0.9833333333333333,0.01666666666666672,166144.0,32.0,0.0,5192.0,0.0,0.0,0.0,0.0,0.0,0.0,gnn,0.8428134806376134,0.9788499394355734,1.0,0.001035763150125937,-0.24589281932676565,20.0,1.0,0.9413291035084279,0.925640285116621,cons__gnn,cons__gnn,latency,1.0,9,0
consensus,gnn,20,60,ring_plus,-0.00016791405632579694,0.00016791405632579694,2.6981496294832502e-05,5040,0.0,0.0,2.0,2.0,5040.0,4872.0,0.9666666666666667,0.033333333333333326,155904.0,32.0,0.0,4872.0,0.0,0.0,0.0,0.0,0.0,0.0,gnn,0.8221685453509691,0.9908952234795227,1.0,0.0004349983281422181,-0.18178392259721898,23.0,1.0,1.399646125476325,1.352991254627114,cons__gnn,cons__gnn,latency,2.0,0,0
consensus,gnn,20,60,ring_plus,-0.003000753066442048,0.003000753066442048,0.0005106674313310685,5400,0.0,0.0,2.0,2.0,5400.0,5220.0,0.9666666666666667,0.033333333333333326,167040.0,32.0,0.0,5220.0,0.0,0.0,0.0,0.0,0.0,0.0,gnn,0.8562944676127522,0.9928781873326716,1.0,0.007998185167487177,-0.2846532031530859,35.0,1.0,1.320493917398932,1.2764774534856342,cons__gnn,cons__gnn,latency,2.0,1,0
consensus,gnn,20,60,ring_plus,-7.632877058844796e-05,7.632877058844796e-05,1.6682520705237453e-05,6120,0.0,0.0,2.0,2.0,6120.0,5916.0,0.9666666666666667,0.033333333333333326,189312.0,32.0,0.0,5916.0,0.0,0.0,0.0,0.0,0.0,0.0,gnn,0.7978010091429327,0.9890782489520191,1.0,0.00035415200198794187,-0.304684147336503,27.0,1.0,1.55469612182113,1.502872917760425,cons__gnn,cons__gnn,latency,2.0,2,0
consensus,gnn,20,60,ring_plus,-0.011259893114040857,0.011259893114040857,0.0050749725473491275,5040,0.0,0.0,2.0,2.0,5040.0,4872.0,0.9666666666666667,0.033333333333333326,155904.0,32.0,0.0,4872.0,0.0,0.0,0.0,0.0,0.0,0.0,gnn,0.8755900653884721,0.9173518864917458,1.0,0.0380124715229938,-0.4372556497956663,44.0,1.0,1.2627284000071304,1.2206374533402264,cons__gnn,cons__gnn,latency,2.0,3,0
consensus,gnn,20,60,ring_plus,-0.0013204381554282987,0.0013204381554282987,0.0036892581350799884,5640,0.0,0.0,2.0,2.0,5640.0,5452.0,0.9666666666666667,0.033333333333333326,174464.0,32.0,0.0,5452.0,0.0,0.0,0.0,0.0,0.0,0.0,gnn,0.8525885243875829,0.9967455570895023,1.0,0.003230566985706486,-0.25707660000690197,28.0,1.0,1.3711704029417888,1.3254647228437293,cons__gnn,cons__gnn,latency,2.0,4,0
consensus,gnn,20,60,ring_plus,-0.0008616670308610204,0.0008616670308610204,0.016737999064891727,6360,0.0,0.0,2.0,2.0,6360.0,6148.0,0.9666666666666667,0.033333333333333326,196736.0,32.0,0.0,6148.0,0.0,0.0,0.0,0.0,0.0,0.0,gnn,0.8394377191314334,0.9966085709242891,1.0,0.0024401941894418807,-0.2545825531273318,30.0,1.0,1.6160985120576443,1.5622285616557225,cons__gnn,cons__gnn,latency,2.0,5,0
consensus,gnn,20,60,ring_plus,-0.06149303173273162,0.06149303173273162,0.0076450956003132455,4680,0.0,0.0,2.0,2.0,4680.0,4524.0,0.9666666666666667,0.033333333333333326,144768.0,32.0,0.0,4524.0,0.0,0.0,0.0,0.0,0.0,0.0,gnn,0.911283403001108,0.8365331403320069,1.0,0.16930050750128176,-0.3490606786121159,53.0,1.0,0.9450014459069909,0.9135013977100911,cons__gnn,cons__gnn,latency,2.0,6,0
consensus,gnn,20,60,ring_plus,-6.45690340413469e-05,6.45690340413469e-05,0.016557601158570984,6480,0.0,0.0,2.0,2.0,6480.0,6264.0,0.9666666666666667,0.033333333333333326,200448.0,32.0,0.0,6264.0,0.0,0.0,0.0,0.0,0.0,0.0,gnn,0.8008038644154984,0.9943526962708555,1.0,0.00022893532312134865,-0.3212173480382722,21.0,1.0,2.218617553571293,2.144663635118916,cons__gnn,cons__gnn,latency,2.0,7,0
consensus,gnn,20,60,ring_plus,-0.01003967247541301,0.01003967247541301,0.0006464266937027146,4200,0.0,0.0,2.0,2.0,4200.0,4060.0,0.9666666666666667,0.033333333333333326,129920.0,32.0,0.0,4060.0,0.0,0.0,0.0,0.0,0.0,0.0,gnn,0.8956890877536781,0.973070036142525,1.0,0.017352725136371726,-0.2251933699863711,32.0,1.0,0.7964836768628718,0.7699342209674427,cons__gnn,cons__gnn,latency,2.0,8,0
consensus,gnn,20,60,ring_plus,-0.0016962847893339063,0.0016962847893339063,0.007603089234278123,5280,0.0,0.0,2.0,2.0,5280.0,5104.0,0.9666666666666667,0.033333333333333326,163328.0,32.0,0.0,5104.0,0.0,0.0,0.0,0.0,0.0,0.0,gnn,0.8578190627424127,0.9856351798029459,1.0,0.0036169642620267474,-0.24587218075326456,26.0,1.0,0.9413291035084279,0.909951466724814,cons__gnn,cons__gnn,latency,2.0,9,0
consensus,gnn,20,60,ring_plus,-0.002093389430735741,0.002093389430735741,0.00025977669751077904,5040,0.0,0.0,4.0,4.0,5040.0,4704.0,0.9333333333333333,0.06666666666666665,150528.0,32.0,0.0,4704.0,0.0,0.0,0.0,0.0,0.0,0.0,gnn,0.8558784945432069,0.9918695623271434,1.0,0.004366675305451661,-0.18175183134097886,30.0,1.0,1.399646125476325,1.3063363837779032,cons__gnn,cons__gnn,latency,4.0,0,0
consensus,gnn,20,60,ring_plus,-0.03015561658108785,0.03015561658108785,0.005245860530309282,5400,0.0,0.0,4.0,4.0,5400.0,5040.0,0.9333333333333333,0.06666666666666665,161280.0,32.0,0.0,5040.0,0.0,0.0,0.0,0.0,0.0,0.0,gnn,0.8926039077025092,0.981123851136895,1.0,0.0650539908780745,-0.2842006220945085,47.0,1.0,1.320493917398932,1.2324609895723369,cons__gnn,cons__gnn,latency,4.0,1,0
consensus,gnn,20,60,ring_plus,-0.0024291527915516276,0.0024291527915516276,0.00017764277396593338,6120,0.0,0.0,4.0,4.0,6120.0,5712.0,0.9333333333333333,0.06666666666666665,182784.0,32.0,0.0,5712.0,0.0,0.0,0.0,0.0,0.0,0.0,gnn,0.8503116605639194,0.9710959043872903,1.0,0.008013661020497427,-0.3046449336028203,37.0,1.0,1.55469612182113,1.4510497136997207,cons__gnn,cons__gnn,latency,4.0,2,0
consensus,gnn,20,60,ring_plus,-0.6641084069939438,0.6641084069939438,0.03410476055395813,5040,0.0,0.0,4.0,4.0,5040.0,4704.0,0.9333333333333333,0.06666666666666665,150528.0,32.0,0.0,4704.0,0.0,0.0,0.0,0.0,0.0,0.0,gnn,0.9546798008333999,0.8902569127237955,1.0,2.3825755993491615,-0.4263748412310013,,0.0,1.2627284000071304,1.1785465066733218,cons__gnn,cons__gnn,latency,4.0,3,0
consensus,gnn,20,60,ring_plus,-0.014567591399068922,0.014567591399068922,0.0064052951184663505,5640,0.0,0.0,4.0,4.0,5640.0,5264.0,0.9333333333333333,0.06666666666666665,168448.0,32.0,0.0,5264.0,0.0,0.0,0.0,0.0,0.0,0.0,gnn,0.884861318792505,0.9981293918507309,1.0,0.028871754930488366,-0.2568558141195079,40.0,1.0,1.3711704029417888,1.2797590427456695,cons__gnn,cons__gnn,latency,4.0,4,0
consensus,gnn,20,60,ring_plus,-0.009526212227881314,0.009526212227881314,0.020940005898465026,6360,0.0,0.0,4.0,4.0,6360.0,5936.0,0.9333333333333333,0.06666666666666665,189952.0,32.0,0.0,5936.0,0.0,0.0,0.0,0.0,0.0,0.0,gnn,0.8744928498572455,0.9923884292053359,1.0,0.02141560108387072,-0.2544381440407148,40.0,1.0,1.6160985120576443,1.5083586112538012,cons__gnn,cons__gnn,latency,4.0,5,0
consensus,gnn,20,60,ring_plus,-1.694457902230009,1.694457902230009,0.09437274585486474,4680,0.0,0.0,4.0,4.0,4680.0,4368.0,0.9333333333333333,0.06666666666666665,139776.0,32.0,0.0,4368.0,0.0,0.0,0.0,0.0,0.0,0.0,gnn,0.9673523176075528,0.8984875783240348,1.0,3.5924487897931194,-0.32184459743716143,,0.0,0.9450014459069909,0.8820013495131913,cons__gnn,cons__gnn,latency,4.0,6,0
consensus,gnn,20,60,ring_plus,-0.001314619421423184,0.001314619421423184,0.021441949375315413,6480,0.0,0.0,4.0,4.0,6480.0,6048.0,0.9333333333333333,0.06666666666666665,193536.0,32.0,0.0,6048.0,0.0,0.0,0.0,0.0,0.0,0.0,gnn,0.8393349829824694,0.9927725086593671,1.0,0.003472582327655557,-0.32119651386514914,30.0,1.0,2.218617553571293,2.07070971666654,cons__gnn,cons__gnn,latency,4.0,7,0
consensus,gnn,20,60,ring_plus,-0.03986112695985747,0.03986112695985747,0.003664926080051216,4200,0.0,0.0,4.0,4.0,4200.0,3920.0,0.9333333333333333,0.06666666666666665,125440.0,32.0,0.0,3920.0,0.0,0.0,0.0,0.0,0.0,0.0,gnn,0.9113846591663214,0.960537496641892,1.0,0.060355940287975945,-0.22469634574496367,43.0,1.0,0.7964836768628718,0.7433847650720136,cons__gnn,cons__gnn,latency,4.0,8,0
consensus,gnn,20,60,ring_plus,-0.013213528626926704,0.013213528626926704,0.011194143288789794,5280,0.0,0.0,4.0,4.0,5280.0,4928.0,0.9333333333333333,0.06666666666666665,157696.0,32.0,0.0,4928.0,0.0,0.0,0.0,0.0,0.0,0.0,gnn,0.8842582082612855,0.9925229083088347,1.0,0.024759972933379722,-0.2456802266893047,37.0,1.0,0.9413291035084279,0.8785738299411996,cons__gnn,cons__gnn,latency,4.0,9,0
consensus,gnn,20,60,ring_plus,-0.03039990215996706,0.03039990215996706,0.003149124026527404,5040,0.0,0.0,8.0,8.0,5040.0,4368.0,0.8666666666666667,0.1333333333333333,139776.0,32.0,0.0,4368.0,0.0,0.0,0.0,0.0,0.0,0.0,gnn,0.8953656767352554,0.98852836709198,1.0,0.055210927947954125,-0.18128005612882497,46.0,1.0,1.399646125476325,1.2130266420794815,cons__gnn,cons__gnn,latency,8.0,0,0
consensus,gnn,20,60,ring_plus,-0.1703474035743062,0.1703474035743062,0.029090909383813784,5400,0.0,0.0,8.0,8.0,5400.0,4680.0,0.8666666666666667,0.1333333333333333,149760.0,32.0,0.0,4680.0,0.0,0.0,0.0,0.0,0.0,0.0,gnn,0.9240030074337855,0.9406523791482873,1.0,0.3341225065261848,-0.2818640923112882,60.0,1.0,1.320493917398932,1.1444280617457412,cons__gnn,cons__gnn,latency,8.0,1,0
consensus,gnn,20,60,ring_plus,-0.09883645388723729,0.09883645388723729,0.007182435636673097,6120,0.0,0.0,8.0,8.0,6120.0,5304.0,0.8666666666666667,0.1333333333333333,169728.0,32.0,0.0,5304.0,0.0,0.0,0.0,0.0,0.0,0.0,gnn,0.9152373510250729,0.9389832267196194,0.9833333333333333,0.23668076161251717,-0.3030381452512257,56.0,1.0,1.55469612182113,1.3474033055783121,cons__gnn,cons__gnn,latency,8.0,2,0
consensus,gnn,20,60,ring_plus,-4.018845764650345,4.018845764650345,0.2203060152400323,5040,0.0,0.0,8.0,8.0,5040.0,4368.0,0.8666666666666667,0.1333333333333333,139776.0,32.0,0.0,4368.0,0.0,0.0,0.0,0.0,0.0,0.0,gnn,0.9685607397713031,0.9898258461258782,0.95,5.401597994879307,-0.37046255193672795,,0.0,1.2627284000071304,1.0943646133395128,cons__gnn,cons__gnn,latency,8.0,3,0
consensus,gnn,20,60,ring_plus,-0.2033363862693556,0.2033363862693556,0.017397237506612342,5640,0.0,0.0,8.0,8.0,5640.0,4888.0,0.8666666666666667,0.1333333333333333,156416.0,32.0,0.0,4888.0,0.0,0.0,0.0,0.0,0.0,0.0,gnn,0.9253352896748129,0.9895789199133436,0.9166666666666666,0.32127765044389034,-0.2537096675383365,,0.0,1.3711704029417888,1.1883476825495503,cons__gnn,cons__gnn,latency,8.0,4,0
consensus,gnn,20,60,ring_plus,-0.12779156438681338,0.12779156438681338,0.03097681039188756,6360,0.0,0.0,8.0,8.0,6360.0,5512.0,0.8666666666666667,0.1333333333333333,176384.0,32.0,0.0,5512.0,0.0,0.0,0.0,0.0,0.0,0.0,gnn,0.9166860473528193,0.9764776331091807,1.0,0.22703360862020686,-0.2524670548380659,59.0,1.0,1.6160985120576443,1.4006187104499583,cons__gnn,cons__gnn,latency,8.0,5,0
consensus,gnn,20,60,ring_plus,-9.057039650645896,9.057039650645896,0.4542272942194857,4680,0.0,0.0,8.0,8.0,4680.0,4056.0,0.8666666666666667,0.1333333333333333,129792.0,32.0,0.0,4056.0,0.0,0.0,0.0,0.0,0.0,0.0,gnn,0.9857312954310111,0.9868049886646176,0.95,9.85131099867734,-0.19913490163022998,,0.0,0.9450014459069909,0.819001253119392,cons__gnn,cons__gnn,latency,8.0,6,0
consensus,gnn,20,60,ring_plus,-0.047741555996719864,0.047741555996719864,0.028053745686368748,6480,0.0,0.0,8.0,8.0,6480.0,5616.0,0.8666666666666667,0.1333333333333333,179712.0,32.0,0.0,5616.0,0.0,0.0,0.0,0.0,0.0,0.0,gnn,0.8958083309921628,0.9733229169036227,0.9333333333333333,0.09131981599821352,-0.3204227315888943,48.0,1.0,2.218617553571293,1.922801879761787,cons__gnn,cons__gnn,latency,8.0,7,0
consensus,gnn,20,60,ring_plus,-0.17822791731579607,0.17822791731579607,0.014791165867299467,4200,0.0,0.0,8.0,8.0,4200.0,3640.0,0.8666666666666667,0.1333333333333333,116480.0,32.0,0.0,3640.0,0.0,0.0,0.0,0.0,0.0,0.0,gnn,0.927637690583539,0.954149450492457,0.9333333333333333,0.2430941907903302,-0.22239023257236468,,0.0,0.7964836768628718,0.6902858532811554,cons__gnn,cons__gnn,latency,8.0,8,0
consensus,gnn,20,60,ring_plus,-0.1565827153595664,0.1565827153595664,0.018452776668795096,5280,0.0,0.0,8.0,8.0,5280.0,4576.0,0.8666666666666667,0.1333333333333333,146432.0,32.0,0.0,4576.0,0.0,0.0,0.0,0.0,0.0,0.0,gnn,0.9208638200619919,0.9931774955100555,0.9833333333333333,0.24753372541644716,-0.24329074024376077,,0.0,0.9413291035084279,0.815818556373971,cons__gnn,cons__gnn,latency,8.0,9,0
consensus,gnn,20,60,ring_plus,-161.16515888161143,161.16515888161143,8.75026282978914,5040,0.4944277873280752,0.0,0.0,0.0,5040.0,5040.0,1.0,0.0,5040.0,1.0,0.0,5040.0,0.0,0.0,0.0,0.0,0.0,0.0,gnn,1.0,0.0,0.0,161.16508337395857,2.504299260195366,,0.0,1.399646125476325,1.3996461254763248,cons__gnn,cons__gnn,bandwidth,1.0,0,0
consensus,gnn,20,60,ring_plus,-2.0750483262160665e-13,2.0750483262160665e-13,6.770269913538089,5400,0.44779393626350755,0.0,0.0,0.0,5400.0,5400.0,1.0,0.0,5400.0,1.0,0.0,5400.0,0.0,0.0,0.0,0.0,0.0,0.0,gnn,0.5547567277496942,0.9949950023484139,0.9166666666666666,1.8105427800865615e-11,-0.2847032157041899,15.0,1.0,1.320493917398932,1.320493917398932,cons__gnn,cons__gnn,bandwidth,1.0,1,0
consensus,gnn,20,60,ring_plus,-161.0372718838763,161.0372718838763,8.711920778134079,6120,0.47141731256490493,0.0,0.0,0.0,6120.0,6120.0,1.0,0.0,6120.0,1.0,0.0,6120.0,0.0,0.0,0.0,0.0,0.0,0.0,gnn,1.0,0.0,0.0,161.03706147125294,2.3792691119152583,,0.0,1.55469612182113,1.5546961218211295,cons__gnn,cons__gnn,bandwidth,1.0,2,0
consensus,gnn,20,60,ring_plus,-148.74729071696513,148.74729071696513,8.268865110791399,5040,0.33580588357369273,0.0,0.0,0.0,5040.0,5040.0,1.0,0.0,5040.0,1.0,0.0,5040.0,0.0,0.0,0.0,0.0,0.0,0.0,gnn,1.0,0.0,0.0,148.74723603795994,2.041678197268518,,0.0,1.2627284000071304,1.2627284000071306,cons__gnn,cons__gnn,bandwidth,1.0,3,0
consensus,gnn,20,60,ring_plus,-133.3999934294643,133.3999934294643,8.471370628396162,5640,0.5443898762037936,0.0,0.0,0.0,5640.0,5640.0,1.0,0.0,5640.0,1.0,0.0,5640.0,0.0,0.0,0.0,0.0,0.0,0.0,gnn,1.0,0.0,0.0,133.39994918858122,1.9662346165149127,,0.0,1.3711704029417888,1.3711704029417888,cons__gnn,cons__gnn,bandwidth,1.0,4,0
consensus,gnn,20,60,ring_plus,-1.5035264148618162e-13,1.5035264148618162e-13,7.311901271669474,6360,0.3897905234249719,0.0,0.0,0.0,6360.0,6360.0,1.0,0.0,6360.0,1.0,0.0,6360.0,0.0,0.0,0.0,0.0,0.0,0.0,gnn,0.5552061229344285,0.995291853981264,0.9166666666666666,1.6323105879325362e-11,-0.2545969142445103,15.0,1.0,1.6160985120576443,1.616098512057644,cons__gnn,cons__gnn,bandwidth,1.0,5,0
consensus,gnn,20,60,ring_plus,-160.16009265306266,160.16009265306266,9.284644955601502,4680,0.5467400611719172,0.0,0.0,0.0,4680.0,4680.0,1.0,0.0,4680.0,1.0,0.0,4680.0,0.0,0.0,0.0,0.0,0.0,0.0,gnn,1.0,0.0,0.0,160.15903723715624,2.319249315076716,,0.0,0.9450014459069909,0.9450014459069908,cons__gnn,cons__gnn,bandwidth,1.0,6,0
consensus,gnn,20,60,ring_plus,-169.51658636070647,169.51658636070647,8.842266468009822,6480,0.6942246689055883,0.0,0.0,0.0,6480.0,6480.0,1.0,0.0,6480.0,1.0,0.0,6480.0,0.0,0.0,0.0,0.0,0.0,0.0,gnn,1.0,0.0,0.0,169.51580148292956,2.504058015156268,,0.0,2.218617553571293,2.218617553571293,cons__gnn,cons__gnn,bandwidth,1.0,7,0
consensus,gnn,20,60,ring_plus,-149.80494782996587,149.80494782996587,8.64681188740445,4200,0.51090493847246,0.0,0.0,0.0,4200.0,4200.0,1.0,0.0,4200.0,1.0,0.0,4200.0,0.0,0.0,0.0,0.0,0.0,0.0,gnn,1.0,0.0,0.0,149.80419932474896,2.2713884326384695,,0.0,0.7964836768628718,0.7964836768628717,cons__gnn,cons__gnn,bandwidth,1.0,8,0
consensus,gnn,20,60,ring_plus,-177.55561413820263,177.55561413820263,8.878393194980152,5280,0.7517253245196333,0.0,0.0,0.0,5280.0,5280.0,1.0,0.0,5280.0,1.0,0.0,5280.0,0.0,0.0,0.0,0.0,0.0,0.0,gnn,1.0,0.0,0.0,177.53923996260053,2.7133597834702905,,0.0,0.9413291035084279,0.9413291035084281,cons__gnn,cons__gnn,bandwidth,1.0,9,0
consensus,gnn,20,60,ring_plus,-17.058593987925498,17.058593987925498,0.8575027859651978,5040,0.023396355175617112,0.0,0.0,0.0,5040.0,5040.0,1.0,0.0,10080.0,2.0,0.0,5040.0,0.0,0.0,0.0,0.0,0.0,0.0,gnn,1.0,0.0,0.03333333333333333,17.058593676032604,0.10252317863393386,,0.0,1.399646125476325,1.3996461254763248,cons__gnn,cons__gnn,bandwidth,2.0,0,0
consensus,gnn,20,60,ring_plus,-13.554947563073886,13.554947563073886,0.6892846290651974,5400,0.017812808582650514,0.0,0.0,0.0,5400.0,5400.0,1.0,0.0,10800.0,2.0,0.0,5400.0,0.0,0.0,0.0,0.0,0.0,0.0,gnn,0.9349375246785496,0.8793135178214941,0.13333333333333333,13.554947592528075,-0.058787422986295204,,0.0,1.320493917398932,1.320493917398932,cons__gnn,cons__gnn,bandwidth,2.0,1,0
consensus,gnn,20,60,ring_plus,-17.98916662056675,17.98916662056675,0.9060661100550705,6120,0.01651346255825087,0.0,0.0,0.0,6120.0,6120.0,1.0,0.0,12240.0,2.0,0.0,6120.0,0.0,0.0,0.0,0.0,0.0,0.0,gnn,0.9552928804501613,0.9221837373619745,0.13333333333333333,17.989166639721876,-0.004865975806567076,,0.0,1.55469612182113,1.5546961218211295,cons__gnn,cons__gnn,bandwidth,2.0,2,0
consensus,gnn,20,60,ring_plus,-29.76959953338136,29.76959953338136,1.4997086876513261,5040,0.025434862005099656,0.0,0.0,0.0,5040.0,5040.0,1.0,0.0,10080.0,2.0,0.0,5040.0,0.0,0.0,0.0,0.0,0.0,0.0,gnn,0.9625409605801335,0.8899405631198837,0.08333333333333333,29.769598764212642,0.058716677542122335,,0.0,1.2627284000071304,1.2627284000071306,cons__gnn,cons__gnn,bandwidth,2.0,3,0
consensus,gnn,20,60,ring_plus,-17.522818840736047,17.522818840736047,0.8794536701185838,5640,0.01780368829425414,0.0,0.0,0.0,5640.0,5640.0,1.0,0.0,11280.0,2.0,0.0,5640.0,0.0,0.0,0.0,0.0,0.0,0.0,gnn,0.9445266568783579,0.794062953382656,0.1,17.52281841853336,0.034948373369441656,,0.0,1.3711704029417888,1.3711704029417888,cons__gnn,cons__gnn,bandwidth,2.0,4,0
consensus,gnn,20,60,ring_plus,-17.24936671003172,17.24936671003172,0.8693838799799037,6360,0.015989949219348876,0.0,0.0,0.0,6360.0,6360.0,1.0,0.0,12720.0,2.0,0.0,6360.0,0.0,0.0,0.0,0.0,0.0,0.0,gnn,0.9748389990601996,0.8406837861707004,0.06666666666666667,17.24936634432841,0.03289253092268248,,0.0,1.6160985120576443,1.616098512057644,cons__gnn,cons__gnn,bandwidth,2.0,5,0
consensus,gnn,20,60,ring_plus,-31.85480416779552,31.85480416779552,1.7865263359736356,4680,0.03000616816375156,0.0,0.0,0.0,4680.0,4680.0,1.0,0.0,9360.0,2.0,0.0,4680.0,0.0,0.0,0.0,0.0,0.0,0.0,gnn,1.0,0.0,0.1,31.854804001313862,0.18082784032226376,,0.0,0.9450014459069909,0.9450014459069908,cons__gnn,cons__gnn,bandwidth,2.0,6,0
consensus,gnn,20,60,ring_plus,-17.64647026272681,17.64647026272681,0.8932375592647166,6480,0.019535104725908248,0.0,0.0,0.0,6480.0,6480.0,1.0,0.0,12960.0,2.0,0.0,6480.0,0.0,0.0,0.0,0.0,0.0,0.0,gnn,0.9314836884233926,0.8120483779910991,0.08333333333333333,17.646469597846878,-0.027110586476726026,,0.0,2.218617553571293,2.218617553571293,cons__gnn,cons__gnn,bandwidth,2.0,7,0
consensus,gnn,20,60,ring_plus,-16.2586276862456,16.2586276862456,0.8885687436131591,4200,0.019802106899777776,0.0,0.0,0.0,4200.0,4200.0,1.0,0.0,8400.0,2.0,0.0,4200.0,0.0,0.0,0.0,0.0,0.0,0.0,gnn,0.8645557105469117,0.8800064813151787,0.05,16.2586265861578,0.04561643024313205,,0.0,0.7964836768628718,0.7964836768628717,cons__gnn,cons__gnn,bandwidth,2.0,8,0
consensus,gnn,20,60,ring_plus,-17.94880994985335,17.94880994985335,0.8983925539065961,5280,0.016531917052273155,0.0,0.0,0.0,5280.0,5280.0,1.0,0.0,10560.0,2.0,0.0,5280.0,0.0,0.0,0.0,0.0,0.0,0.0,gnn,1.0,0.0,0.03333333333333333,17.948809465469655,0.05324638033113566,,0.0,0.9413291035084279,0.9413291035084281,cons__gnn,cons__gnn,bandwidth,2.0,9,0
consensus,gnn,20,60,ring_plus,-4.273349122036121e-13,4.273349122036121e-13,0.1290562244615448,5040,0.016214017154798657,0.0,0.0,0.0,5040.0,5040.0,1.0,0.0,15120.0,3.0,0.0,5040.0,0.0,0.0,0.0,0.0,0.0,0.0,gnn,0.5759849441726628,0.9880867138105599,1.0,6.288817684241549e-11,-0.18178672116481734,17.0,1.0,1.399646125476325,1.3996461254763248,cons__gnn,cons__gnn,bandwidth,3.0,0,0
consensus,gnn,20,60,ring_plus,-2.551098970219708e-12,2.551098970219708e-12,0.0009330436461873849,5400,0.02198334526709219,0.0,0.0,0.0,5400.0,5400.0,1.0,0.0,16200.0,3.0,0.0,5400.0,0.0,0.0,0.0,0.0,0.0,0.0,gnn,0.5861205640060155,0.9800411198579863,1.0,3.828078554381054e-10,-0.28470321570415086,20.0,1.0,1.320493917398932,1.320493917398932,cons__gnn,cons__gnn,bandwidth,3.0,1,0
consensus,gnn,20,60,ring_plus,-1.1119397329709388e-11,1.1119397329709388e-11,0.11414008509229671,6120,0.026403788064000816,0.0,0.0,0.0,6120.0,6120.0,1.0,0.0,18360.0,3.0,0.0,6120.0,0.0,0.0,0.0,0.0,0.0,0.0,gnn,0.603502470708817,0.9719568149348141,1.0,1.6511505932415696e-09,-0.3046854194824943,22.0,1.0,1.55469612182113,1.5546961218211295,cons__gnn,cons__gnn,bandwidth,3.0,2,0
consensus,gnn,20,60,ring_plus,-4.708008252118028,4.708008252118028,0.24555026856368506,5040,0.09611953545138634,0.0,0.0,0.0,5040.0,5040.0,1.0,0.0,15120.0,3.0,0.0,5040.0,0.0,0.0,0.0,0.0,0.0,0.0,gnn,0.9086963821797773,0.964507734734719,0.3333333333333333,4.707987944381736,-0.3589765104789332,,0.0,1.2627284000071304,1.2627284000071306,cons__gnn,cons__gnn,bandwidth,3.0,3,0
consensus,gnn,20,60,ring_plus,-1.826989293599801e-13,1.826989293599801e-13,0.0720964189427827,5640,0.01510479288143898,0.0,0.0,0.0,5640.0,5640.0,1.0,0.0,16920.0,3.0,0.0,5640.0,0.0,0.0,0.0,0.0,0.0,0.0,gnn,0.5687896805595136,0.9921398825035154,1.0,2.2556545271626972e-11,-0.25709860730948936,15.0,1.0,1.3711704029417888,1.3711704029417888,cons__gnn,cons__gnn,bandwidth,3.0,4,0
consensus,gnn,20,60,ring_plus,-4.815569029267901e-13,4.815569029267901e-13,0.01758917001015224,6360,0.014164621705181488,0.0,0.0,0.0,6360.0,6360.0,1.0,0.0,19080.0,3.0,0.0,6360.0,0.0,0.0,0.0,0.0,0.0,0.0,gnn,0.573521040252444,0.9886976153901451,1.0,7.2416853869948e-11,-0.25459691424450487,17.0,1.0,1.6160985120576443,1.616098512057644,cons__gnn,cons__gnn,bandwidth,3.0,5,0
consensus,gnn,20,60,ring_plus,-17.14010249622717,17.14010249622717,0.8679374136179628,4680,0.01095181572247402,0.0,0.0,0.0,4680.0,4680.0,1.0,0.0,14040.0,3.0,0.0,4680.0,0.0,0.0,0.0,0.0,0.0,0.0,gnn,0.995393957506133,0.5094034841450803,0.55,17.1401025845707,-0.06441718753720878,,0.0,0.9450014459069909,0.9450014459069908,cons__gnn,cons__gnn,bandwidth,3.0,6,0
consensus,gnn,20,60,ring_plus,-1.0290971637672132e-13,1.0290971637672132e-13,0.1818193341110199,6480,0.01972802191559982,0.0,0.0,0.0,6480.0,6480.0,1.0,0.0,19440.0,3.0,0.0,6480.0,0.0,0.0,0.0,0.0,0.0,0.0,gnn,0.5651272323968178,0.9950979004105476,1.0,1.48931994697131e-11,-0.32121842418883784,14.0,1.0,2.218617553571293,2.218617553571293,cons__gnn,cons__gnn,bandwidth,3.0,7,0
consensus,gnn,20,60,ring_plus,-1.3773883821142816,1.3773883821142816,0.06952979100802392,4200,0.06594578042901415,0.0,0.0,0.0,4200.0,4200.0,1.0,0.0,12600.0,3.0,0.0,4200.0,0.0,0.0,0.0,0.0,0.0,0.0,gnn,0.7843179869601925,0.9759449931849895,0.16666666666666666,1.3773879628239218,-0.2024042248257232,,0.0,0.7964836768628718,0.7964836768628717,cons__gnn,cons__gnn,bandwidth,3.0,8,0
consensus,gnn,20,60,ring_plus,-3.5858869616874773e-12,3.5858869616874773e-12,0.20467917364571026,5280,0.023660530688280133,0.0,0.0,0.0,5280.0,5280.0,1.0,0.0,15840.0,3.0,0.0,5280.0,0.0,0.0,0.0,0.0,0.0,0.0,gnn,0.602304826334268,0.9732728407476434,0.9666666666666667,5.348288372089473e-10,-0.24590045216636042,20.0,1.0,0.9413291035084279,0.9413291035084281,cons__gnn,cons__gnn,bandwidth,3.0,9,0
consensus,gnn,20,60,ring_plus,-6.377478438512592e-14,6.377478438512592e-14,0.017075331575135418,5040,0.0030894993019121427,0.0,0.0,0.0,5040.0,5040.0,1.0,0.0,20160.0,4.0,0.0,5040.0,0.0,0.0,0.0,0.0,0.0,0.0,gnn,0.5645701245198841,0.9949430942806439,1.0,9.276321659097512e-12,-0.1817867211648234,14.0,1.0,1.399646125476325,1.3996461254763248,cons__gnn,cons__gnn,bandwidth,4.0,0,0
consensus,gnn,20,60,ring_plus,-0.24172126797949928,0.24172126797949928,0.012101368397276664,5400,0.015139235933879823,0.0,0.0,0.0,5400.0,5400.0,1.0,0.0,21600.0,4.0,0.0,5400.0,0.0,0.0,0.0,0.0,0.0,0.0,gnn,0.9372117618500996,0.6820075649020885,1.0,0.24172438435419505,-0.28067452790453495,,0.0,1.320493917398932,1.320493917398932,cons__gnn,cons__gnn,bandwidth,4.0,1,0
consensus,gnn,20,60,ring_plus,-8.060516555582435e-12,8.060516555582435e-12,0.01194101216223865,6120,0.005306226566967063,0.0,0.0,0.0,6120.0,6120.0,1.0,0.0,24480.0,4.0,0.0,6120.0,0.0,0.0,0.0,0.0,0.0,0.0,gnn,0.6056841919349838,0.976485553787817,1.0,1.2092349008496724e-09,-0.3046854194825452,18.0,1.0,1.55469612182113,1.5546961218211295,cons__gnn,cons__gnn,bandwidth,4.0,2,0
consensus,gnn,20,60,ring_plus,-0.00036989498939478225,0.00036989498939478225,0.007502462086105295,5040,0.011275090351009787,0.0,0.0,0.0,5040.0,5040.0,1.0,0.0,20160.0,4.0,0.0,5040.0,0.0,0.0,0.0,0.0,0.0,0.0,gnn,0.856365246570687,0.8363822307421174,1.0,0.02856029021579079,-0.4374371497644104,42.0,1.0,1.2627284000071304,1.2627284000071306,cons__gnn,cons__gnn,bandwidth,4.0,3,0
consensus,gnn,20,60,ring_plus,-3.1995524685888277e-13,3.1995524685888277e-13,0.0015949117052959868,5640,0.004014683552335008,0.0,0.0,0.0,5640.0,5640.0,1.0,0.0,22560.0,4.0,0.0,5640.0,0.0,0.0,0.0,0.0,0.0,0.0,gnn,0.5756396123092969,0.9899714873018226,1.0,4.8447163186863896e-11,-0.2570986073094871,16.0,1.0,1.3711704029417888,1.3711704029417888,cons__gnn,cons__gnn,bandwidth,4.0,4,0
consensus,gnn,20,60,ring_plus,-5.4731696134974626e-11,5.4731696134974626e-11,0.09244704643736092,6360,0.0065022069560486725,0.0,0.0,0.0,6360.0,6360.0,1.0,0.0,25440.0,4.0,0.0,6360.0,0.0,0.0,0.0,0.0,0.0,0.0,gnn,0.633180249045764,0.9584979595688587,1.0,8.232550278620025e-09,-0.2545969142436007,23.0,1.0,1.6160985120576443,1.616098512057644,cons__gnn,cons__gnn,bandwidth,4.0,5,0
consensus,gnn,20,60,ring_plus,-10.907034012902045,10.907034012902045,0.5460829594710294,4680,0.006139354620505346,0.0,0.0,0.0,4680.0,4680.0,1.0,0.0,18720.0,4.0,0.0,4680.0,0.0,0.0,0.0,0.0,0.0,0.0,gnn,0.9940363545329866,0.4378726272725554,1.0,10.90703529855999,-0.16830166225929416,,0.0,0.9450014459069909,0.9450014459069908,cons__gnn,cons__gnn,bandwidth,4.0,6,0
consensus,gnn,20,60,ring_plus,-4.639889678755119e-13,4.639889678755119e-13,0.03913719136782763,6480,0.005057105358277156,0.0,0.0,0.0,6480.0,6480.0,1.0,0.0,25920.0,4.0,0.0,6480.0,0.0,0.0,0.0,0.0,0.0,0.0,gnn,0.5796279738218127,0.9902935043457463,1.0,6.694947702749833e-11,-0.3212184241888318,13.0,1.0,2.218617553571293,2.218617553571293,cons__gnn,cons__gnn,bandwidth,4.0,7,0
consensus,gnn,20,60,ring_plus,-0.3087717281220442,0.3087717281220442,0.018252645930608255,4200,0.013183029789391893,0.0,0.0,0.0,4200.0,4200.0,1.0,0.0,16800.0,4.0,0.0,4200.0,0.0,0.0,0.0,0.0,0.0,0.0,gnn,0.9652016103609471,0.48330339805948086,1.0,0.3087721869897537,-0.22021450239226054,,0.0,0.7964836768628718,0.7964836768628717,cons__gnn,cons__gnn,bandwidth,4.0,8,0
consensus,gnn,20,60,ring_plus,-0.31799296156014384,0.31799296156014384,0.01598564861396644,5280,0.01667846352714056,0.0,0.0,0.0,5280.0,5280.0,1.0,0.0,21120.0,4.0,0.0,5280.0,0.0,0.0,0.0,0.0,0.0,0.0,gnn,0.7170572468676711,0.9746634688639734,0.25,0.3108399196119317,-0.24060056947375108,,0.0,0.9413291035084279,0.9413291035084281,cons__gnn,cons__gnn,bandwidth,4.0,9,0
consensus,gnn,20,60,ring_plus,-0.0009495605393046021,0.0009495605393046021,5.433846777595072e-05,5040,4.914261065781917e-05,0.0,0.0,0.0,5040.0,5040.0,1.0,0.0,40320.0,8.0,0.0,5040.0,0.0,0.0,0.0,0.0,0.0,0.0,gnn,0.8069829179261062,0.9045437539481934,0.8,0.0009423490186767727,-0.18177089515583603,15.0,1.0,1.399646125476325,1.3996461254763248,cons__gnn,cons__gnn,bandwidth,8.0,0,0
consensus,gnn,20,60,ring_plus,-0.0009888686453661218,0.0009888686453661218,0.0006487718500736257,5400,4.8226127012416035e-05,0.0,0.0,0.0,5400.0,5400.0,1.0,0.0,43200.0,8.0,0.0,5400.0,0.0,0.0,0.0,0.0,0.0,0.0,gnn,0.83158320457688,0.9581664149031192,1.0,0.001044941649587784,-0.28468673456010385,21.0,1.0,1.320493917398932,1.320493917398932,cons__gnn,cons__gnn,bandwidth,8.0,1,0
consensus,gnn,20,60,ring_plus,-0.0005617545267810407,0.0005617545267810407,0.0005073318017893628,6120,4.6734935694567614e-05,0.0,0.0,0.0,6120.0,6120.0,1.0,0.0,48960.0,8.0,0.0,6120.0,0.0,0.0,0.0,0.0,0.0,0.0,gnn,0.7743025912288263,0.956490602011766,0.8,0.0005580953938908756,-0.30467605690723326,18.0,1.0,1.55469612182113,1.5546961218211295,cons__gnn,cons__gnn,bandwidth,8.0,2,0
consensus,gnn,20,60,ring_plus,-0.0008050764780584562,0.0008050764780584562,0.006614614032985633,5040,4.946052527221361e-05,0.0,0.0,0.0,5040.0,5040.0,1.0,0.0,40320.0,8.0,0.0,5040.0,0.0,0.0,0.0,0.0,0.0,0.0,gnn,0.8129347116471619,0.965279934271716,1.0,0.001275622910085712,-0.4374298967395994,31.0,1.0,1.2627284000071304,1.2627284000071306,cons__gnn,cons__gnn,bandwidth,8.0,3,0
consensus,gnn,20,60,ring_plus,-0.0005130672397508096,0.0005130672397508096,0.0012371606723706563,5640,3.6687334155094494e-05,0.0,0.0,0.0,5640.0,5640.0,1.0,0.0,45120.0,8.0,0.0,5640.0,0.0,0.0,0.0,0.0,0.0,0.0,gnn,0.8343619172854053,0.9409802725018408,1.0,0.0005950234010335195,-0.25709005618882996,18.0,1.0,1.3711704029417888,1.3711704029417888,cons__gnn,cons__gnn,bandwidth,8.0,4,0
consensus,gnn,20,60,ring_plus,-2.5960933836720402e-08,2.5960933836720402e-08,0.00851179312902425,6360,3.364000360183457e-05,0.0,0.0,0.0,6360.0,6360.0,1.0,0.0,50880.0,8.0,0.0,6360.0,0.0,0.0,0.0,0.0,0.0,0.0,gnn,0.7316288096891533,0.9625534009106338,1.0,3.864039304525729e-06,-0.2545969138118306,20.0,1.0,1.6160985120576443,1.616098512057644,cons__gnn,cons__gnn,bandwidth,8.0,5,0
consensus,gnn,20,60,ring_plus,-0.0014881204479912113,0.0014881204479912113,0.0010855168960266167,4680,4.493812388666082e-05,0.0,0.0,0.0,4680.0,4680.0,1.0,0.0,37440.0,8.0,0.0,4680.0,0.0,0.0,0.0,0.0,0.0,0.0,gnn,0.8346202766082065,0.9543995991744224,1.0,0.004197832316202678,-0.35006076046686174,34.0,1.0,0.9450014459069909,0.9450014459069908,cons__gnn,cons__gnn,bandwidth,8.0,6,0
consensus,gnn,20,60,ring_plus,-0.0007176592448959783,0.0007176592448959783,0.007947915889765947,6480,5.2428927547576425e-05,0.0,0.0,0.0,6480.0,6480.0,1.0,0.0,51840.0,8.0,0.0,6480.0,0.0,0.0,0.0,0.0,0.0,0.0,gnn,0.7960288815902963,0.9015773081148946,0.7833333333333333,0.000717509455299321,-0.3212064632014246,14.0,1.0,2.218617553571293,2.218617553571293,cons__gnn,cons__gnn,bandwidth,8.0,7,0
consensus,gnn,20,60,ring_plus,-0.0037070202624629816,0.0037070202624629816,0.0018200569959364859,4200,4.977460122514007e-05,0.0,0.0,0.0,4200.0,4200.0,1.0,0.0,33600.0,8.0,0.0,4200.0,0.0,0.0,0.0,0.0,0.0,0.0,gnn,0.8710274811064755,0.9725354108045046,0.9166666666666666,0.0038665821209415818,-0.22529891418992015,22.0,1.0,0.7964836768628718,0.7964836768628717,cons__gnn,cons__gnn,bandwidth,8.0,8,0
consensus,gnn,20,60,ring_plus,-0.0028913165673468003,0.0028913165673468003,0.0036722348152460524,5280,4.8462690387295155e-05,0.0,0.0,0.0,5280.0,5280.0,1.0,0.0,42240.0,8.0,0.0,5280.0,0.0,0.0,0.0,0.0,0.0,0.0,gnn,0.8299903499705479,0.9298599002342438,0.7833333333333333,0.0028817916995083933,-0.24585226355696443,15.0,1.0,0.9413291035084279,0.9413291035084281,cons__gnn,cons__gnn,bandwidth,8.0,9,0
consensus,gnn,20,60,ring_plus,-2.1619885071771935e-06,2.1619885071771935e-06,0.00014488129903707518,5040,0.0,0.0,0.0,0.0,5040.0,5040.0,1.0,0.0,161280.0,32.0,0.0,5040.0,0.0,0.0,0.0,0.0,0.0,0.0,gnn,0.7716980928789048,0.9887795179532384,1.0,8.402774885392682e-06,-0.1817866851316826,15.0,1.0,1.399646125476325,1.3996461254763248,cons__gnn,cons__gnn,bandwidth,0.0,0,0
consensus,gnn,20,60,ring_plus,-4.1029361711807455e-05,4.1029361711807455e-05,0.00027258948205885437,5400,0.0,0.0,0.0,0.0,5400.0,5400.0,1.0,0.0,172800.0,32.0,0.0,5400.0,0.0,0.0,0.0,0.0,0.0,0.0,gnn,0.8003918231296817,0.9981810946224654,1.0,0.000163618741679686,-0.2847025318814981,21.0,1.0,1.320493917398932,1.320493917398932,cons__gnn,cons__gnn,bandwidth,0.0,1,0
consensus,gnn,20,60,ring_plus,-3.9815794189243615e-07,3.9815794189243615e-07,0.0007681164692464576,6120,0.0,0.0,0.0,0.0,6120.0,6120.0,1.0,0.0,195840.0,32.0,0.0,6120.0,0.0,0.0,0.0,0.0,0.0,0.0,gnn,0.733014224296394,0.997581612877687,1.0,3.3942042155965032e-06,-0.3046854128467139,18.0,1.0,1.55469612182113,1.5546961218211295,cons__gnn,cons__gnn,bandwidth,0.0,2,0
consensus,gnn,20,60,ring_plus,-0.00015590849899644647,0.00015590849899644647,0.00808678570562165,5040,0.0,0.0,0.0,0.0,5040.0,5040.0,1.0,0.0,161280.0,32.0,0.0,5040.0,0.0,0.0,0.0,0.0,0.0,0.0,gnn,0.8031690394436141,0.9647074600574072,1.0,0.0008370551393784543,-0.43744071620591707,31.0,1.0,1.2627284000071304,1.2627284000071306,cons__gnn,cons__gnn,bandwidth,0.0,3,0
consensus,gnn,20,60,ring_plus,-2.3999370895052265e-05,2.3999370895052265e-05,0.0016889247934201487,5640,0.0,0.0,0.0,0.0,5640.0,5640.0,1.0,0.0,180480.0,32.0,0.0,5640.0,0.0,0.0,0.0,0.0,0.0,0.0,gnn,0.8040074711039195,0.9955771506417391,1.0,8.774867046694536e-05,-0.25709820731997757,18.0,1.0,1.3711704029417888,1.3711704029417888,cons__gnn,cons__gnn,bandwidth,0.0,4,0
consensus,gnn,20,60,ring_plus,-1.3736049400047636e-05,1.3736049400047636e-05,0.008164554723124016,6360,0.0,0.0,0.0,0.0,6360.0,6360.0,1.0,0.0,203520.0,32.0,0.0,6360.0,0.0,0.0,0.0,0.0,0.0,0.0,gnn,0.7856349809078071,0.9980685973699038,1.0,6.001273171199749e-05,-0.2545966853103562,20.0,1.0,1.6160985120576443,1.616098512057644,cons__gnn,cons__gnn,bandwidth,0.0,5,0
consensus,gnn,20,60,ring_plus,-0.001394341040737634,0.001394341040737634,0.0009138973377482781,4680,0.0,0.0,0.0,0.0,4680.0,4680.0,1.0,0.0,149760.0,32.0,0.0,4680.0,0.0,0.0,0.0,0.0,0.0,0.0,gnn,0.8348769460272564,0.9534291825521003,1.0,0.004326771528360476,-0.3500623234569826,35.0,1.0,0.9450014459069909,0.9450014459069908,cons__gnn,cons__gnn,bandwidth,0.0,6,0
consensus,gnn,20,60,ring_plus,-5.369172324656454e-07,5.369172324656454e-07,0.00875547686752761,6480,0.0,0.0,0.0,0.0,6480.0,6480.0,1.0,0.0,207360.0,32.0,0.0,6480.0,0.0,0.0,0.0,0.0,0.0,0.0,gnn,0.7479246146514705,0.9941099801999367,1.0,3.1684361700384576e-06,-0.321218415240219,14.0,1.0,2.218617553571293,2.218617553571293,cons__gnn,cons__gnn,bandwidth,0.0,7,0
consensus,gnn,20,60,ring_plus,-0.0007980808523245528,0.0007980808523245528,0.0015144035514309555,4200,0.0,0.0,0.0,0.0,4200.0,4200.0,1.0,0.0,134400.0,32.0,0.0,4200.0,0.0,0.0,0.0,0.0,0.0,0.0,gnn,0.8648712985820947,0.987625314278933,1.0,0.0017849934826362115,-0.22534739651342256,22.0,1.0,0.7964836768628718,0.7964836768628717,cons__gnn,cons__gnn,bandwidth,0.0,8,0
consensus,gnn,20,60,ring_plus,-0.00012206429590212316,0.00012206429590212316,0.003952430454325682,5280,0.0,0.0,0.0,0.0,5280.0,5280.0,1.0,0.0,168960.0,32.0,0.0,5280.0,0.0,0.0,0.0,0.0,0.0,0.0,gnn,0.8312942915326621,0.9706391864868461,1.0,0.00029749541881306756,-0.2458984177614884,15.0,1.0,0.9413291035084279,0.9413291035084281,cons__gnn,cons__gnn,bandwidth,0.0,9,0
consensus,gnn,20,60,ring_plus,-2.1619885071771935e-06,2.1619885071771935e-06,0.00014488129903707518,5040,0.0,0.0,0.0,0.0,5040.0,5040.0,1.0,0.0,161280.0,32.0,0.0,5040.0,0.0,0.0,0.0,0.0,0.0,0.0,gnn,0.7716980928789048,0.9887795179532384,1.0,8.402774885392682e-06,-0.1817866851316826,15.0,1.0,1.399646125476325,1.3996461254763248,cons__gnn,cons__gnn,spoof,0.0,0,0
consensus,gnn,20,60,ring_plus,-4.1029361711807455e-05,4.1029361711807455e-05,0.00027258948205885437,5400,0.0,0.0,0.0,0.0,5400.0,5400.0,1.0,0.0,172800.0,32.0,0.0,5400.0,0.0,0.0,0.0,0.0,0.0,0.0,gnn,0.8003918231296817,0.9981810946224654,1.0,0.000163618741679686,-0.2847025318814981,21.0,1.0,1.320493917398932,1.320493917398932,cons__gnn,cons__gnn,spoof,0.0,1,0
consensus,gnn,20,60,ring_plus,-3.9815794189243615e-07,3.9815794189243615e-07,0.0007681164692464576,6120,0.0,0.0,0.0,0.0,6120.0,6120.0,1.0,0.0,195840.0,32.0,0.0,6120.0,0.0,0.0,0.0,0.0,0.0,0.0,gnn,0.733014224296394,0.997581612877687,1.0,3.3942042155965032e-06,-0.3046854128467139,18.0,1.0,1.55469612182113,1.5546961218211295,cons__gnn,cons__gnn,spoof,0.0,2,0
consensus,gnn,20,60,ring_plus,-0.00015590849899644647,0.00015590849899644647,0.00808678570562165,5040,0.0,0.0,0.0,0.0,5040.0,5040.0,1.0,0.0,161280.0,32.0,0.0,5040.0,0.0,0.0,0.0,0.0,0.0,0.0,gnn,0.8031690394436141,0.9647074600574072,1.0,0.0008370551393784543,-0.43744071620591707,31.0,1.0,1.2627284000071304,1.2627284000071306,cons__gnn,cons__gnn,spoof,0.0,3,0
consensus,gnn,20,60,ring_plus,-2.3999370895052265e-05,2.3999370895052265e-05,0.0016889247934201487,5640,0.0,0.0,0.0,0.0,5640.0,5640.0,1.0,0.0,180480.0,32.0,0.0,5640.0,0.0,0.0,0.0,0.0,0.0,0.0,gnn,0.8040074711039195,0.9955771506417391,1.0,8.774867046694536e-05,-0.25709820731997757,18.0,1.0,1.3711704029417888,1.3711704029417888,cons__gnn,cons__gnn,spoof,0.0,4,0
consensus,gnn,20,60,ring_plus,-1.3736049400047636e-05,1.3736049400047636e-05,0.008164554723124016,6360,0.0,0.0,0.0,0.0,6360.0,6360.0,1.0,0.0,203520.0,32.0,0.0,6360.0,0.0,0.0,0.0,0.0,0.0,0.0,gnn,0.7856349809078071,0.9980685973699038,1.0,6.001273171199749e-05,-0.2545966853103562,20.0,1.0,1.6160985120576443,1.616098512057644,cons__gnn,cons__gnn,spoof,0.0,5,0
consensus,gnn,20,60,ring_plus,-0.001394341040737634,0.001394341040737634,0.0009138973377482781,4680,0.0,0.0,0.0,0.0,4680.0,4680.0,1.0,0.0,149760.0,32.0,0.0,4680.0,0.0,0.0,0.0,0.0,0.0,0.0,gnn,0.8348769460272564,0.9534291825521003,1.0,0.004326771528360476,-0.3500623234569826,35.0,1.0,0.9450014459069909,0.9450014459069908,cons__gnn,cons__gnn,spoof,0.0,6,0
consensus,gnn,20,60,ring_plus,-5.369172324656454e-07,5.369172324656454e-07,0.00875547686752761,6480,0.0,0.0,0.0,0.0,6480.0,6480.0,1.0,0.0,207360.0,32.0,0.0,6480.0,0.0,0.0,0.0,0.0,0.0,0.0,gnn,0.7479246146514705,0.9941099801999367,1.0,3.1684361700384576e-06,-0.321218415240219,14.0,1.0,2.218617553571293,2.218617553571293,cons__gnn,cons__gnn,spoof,0.0,7,0
consensus,gnn,20,60,ring_plus,-0.0007980808523245528,0.0007980808523245528,0.0015144035514309555,4200,0.0,0.0,0.0,0.0,4200.0,4200.0,1.0,0.0,134400.0,32.0,0.0,4200.0,0.0,0.0,0.0,0.0,0.0,0.0,gnn,0.8648712985820947,0.987625314278933,1.0,0.0017849934826362115,-0.22534739651342256,22.0,1.0,0.7964836768628718,0.7964836768628717,cons__gnn,cons__gnn,spoof,0.0,8,0
consensus,gnn,20,60,ring_plus,-0.00012206429590212316,0.00012206429590212316,0.003952430454325682,5280,0.0,0.0,0.0,0.0,5280.0,5280.0,1.0,0.0,168960.0,32.0,0.0,5280.0,0.0,0.0,0.0,0.0,0.0,0.0,gnn,0.8312942915326621,0.9706391864868461,1.0,0.00029749541881306756,-0.2458984177614884,15.0,1.0,0.9413291035084279,0.9413291035084281,cons__gnn,cons__gnn,spoof,0.0,9,0
consensus,gnn,20,60,ring_plus,-0.023222561314228778,0.023222561314228778,0.0031762507364374954,5040,0.11209712886766583,0.0,0.0,0.0,5040.0,5040.0,1.0,0.0,161280.0,32.0,0.0,4527.0,0.0,513.0,0.0,0.0,0.0,0.0,gnn,0.9164027403845529,0.6434915664450626,0.7166666666666667,0.032154244137753835,-0.18139967847625396,17.0,1.0,1.399646125476325,1.3996461254763248,cons__gnn,cons__gnn,spoof,0.1,0,0
consensus,gnn,20,60,ring_plus,-0.011973711939701346,0.011973711939701346,0.009150990619489364,5400,0.1201340869489324,0.0,0.0,0.0,5400.0,5400.0,1.0,0.0,172800.0,32.0,0.0,4847.0,0.0,553.0,0.0,0.0,0.0,0.0,gnn,0.8898387041902829,0.8208380928177337,0.75,0.01841410333899288,-0.28450365383853154,20.0,1.0,1.320493917398932,1.320493917398932,cons__gnn,cons__gnn,spoof,0.1,1,0
consensus,gnn,20,60,ring_plus,-0.026510088861074095,0.026510088861074095,0.002729562054176806,6120,0.09926250515123465,0.0,0.0,0.0,6120.0,6120.0,1.0,0.0,195840.0,32.0,0.0,5488.0,0.0,632.0,0.0,0.0,0.0,0.0,gnn,0.8802026018399537,0.8317230040392265,0.7166666666666667,0.027229563505212745,-0.3042435846683283,19.0,1.0,1.55469612182113,1.5546961218211295,cons__gnn,cons__gnn,spoof,0.1,2,0
consensus,gnn,20,60,ring_plus,-0.04089663876955803,0.04089663876955803,0.0027589192647167918,5040,0.127616387667079,0.0,0.0,0.0,5040.0,5040.0,1.0,0.0,161280.0,32.0,0.0,4560.0,0.0,480.0,0.0,0.0,0.0,0.0,gnn,0.8282308108289783,0.9273714431442622,0.8166666666666667,0.039779757092244857,-0.436761704034741,30.0,1.0,1.2627284000071304,1.2627284000071306,cons__gnn,cons__gnn,spoof,0.1,3,0
consensus,gnn,20,60,ring_plus,-0.10210554603897373,0.10210554603897373,0.011913048704029882,5640,0.10299080572496078,0.0,0.0,0.0,5640.0,5640.0,1.0,0.0,180480.0,32.0,0.0,5064.0,0.0,576.0,0.0,0.0,0.0,0.0,gnn,0.8806975271562305,0.8557123119838477,0.7333333333333333,0.04337167681036891,-0.2553968482088429,19.0,1.0,1.3711704029417888,1.3711704029417888,cons__gnn,cons__gnn,spoof,0.1,4,0
consensus,gnn,20,60,ring_plus,-0.024532234226537462,0.024532234226537462,0.01260757111990217,6360,0.10966734660064974,0.0,0.0,0.0,6360.0,6360.0,1.0,0.0,203520.0,32.0,0.0,5748.0,0.0,612.0,0.0,0.0,0.0,0.0,gnn,0.8117852917795767,0.9796619073401256,0.7166666666666667,0.019976699513533636,-0.25418804367407055,20.0,1.0,1.6160985120576443,1.616098512057644,cons__gnn,cons__gnn,spoof,0.1,5,0
consensus,gnn,20,60,ring_plus,-0.07764652155052107,0.07764652155052107,0.009301765140377494,4680,0.13266198147396835,0.0,0.0,0.0,4680.0,4680.0,1.0,0.0,149760.0,32.0,0.0,4232.0,0.0,448.0,0.0,0.0,0.0,0.0,gnn,0.8267316857423339,0.9396563161355704,0.7833333333333333,0.05634988870983845,-0.3487914537818195,28.0,1.0,0.9450014459069909,0.9450014459069908,cons__gnn,cons__gnn,spoof,0.1,6,0
consensus,gnn,20,60,ring_plus,-0.026000908160728937,0.026000908160728937,0.0023119421825099707,6480,0.11160741873809214,0.0,0.0,0.0,6480.0,6480.0,1.0,0.0,207360.0,32.0,0.0,5840.0,0.0,640.0,0.0,0.0,0.0,0.0,gnn,0.8928892106114449,0.7536110147383887,0.7,0.02206235843273704,-0.32078507571949405,15.0,1.0,2.218617553571293,2.218617553571293,cons__gnn,cons__gnn,spoof,0.1,7,0
consensus,gnn,20,60,ring_plus,-0.05518560562120432,0.05518560562120432,0.008965545668580504,4200,0.09676739058738523,0.0,0.0,0.0,4200.0,4200.0,1.0,0.0,134400.0,32.0,0.0,3754.0,0.0,446.0,0.0,0.0,0.0,0.0,gnn,0.9015538812619466,0.8862837841138285,0.7833333333333333,0.04878041263884094,-0.22444093776727453,25.0,1.0,0.7964836768628718,0.7964836768628717,cons__gnn,cons__gnn,spoof,0.1,8,0
consensus,gnn,20,60,ring_plus,-0.021398128446949896,0.021398128446949896,0.002036384991521623,5280,0.11569696316420662,0.0,0.0,0.0,5280.0,5280.0,1.0,0.0,168960.0,32.0,0.0,4734.0,0.0,546.0,0.0,0.0,0.0,0.0,gnn,0.8568749129896116,0.8939608769980989,0.7333333333333333,0.04361291227400401,-0.24554381669230427,17.0,1.0,0.9413291035084279,0.9413291035084281,cons__gnn,cons__gnn,spoof,0.1,9,0
consensus,gnn,20,60,ring_plus,-0.1191270786146818,0.1191270786146818,0.0068877079219873665,5040,0.313005120116003,0.0,0.0,0.0,5040.0,5040.0,1.0,0.0,161280.0,32.0,0.0,3527.0,0.0,1513.0,0.0,0.0,0.0,0.0,gnn,0.8228370208999392,0.8596739956194455,0.6333333333333333,0.08882878570538706,-0.17980126985457978,15.0,1.0,1.399646125476325,1.3996461254763248,cons__gnn,cons__gnn,spoof,0.3,0,0
consensus,gnn,20,60,ring_plus,-0.12907425432864225,0.12907425432864225,0.09782925674191752,5400,0.3328658676903509,0.0,0.0,0.0,5400.0,5400.0,1.0,0.0,172800.0,32.0,0.0,3807.0,0.0,1593.0,0.0,0.0,0.0,0.0,gnn,0.8669070393904366,0.8352284632391108,0.7,0.10806239982423593,-0.2825519781320492,21.0,1.0,1.320493917398932,1.320493917398932,cons__gnn,cons__gnn,spoof,0.3,1,0
consensus,gnn,20,60,ring_plus,-0.06382315702590943,0.06382315702590943,0.021091593969263123,6120,0.31002684891760107,0.0,0.0,0.0,6120.0,6120.0,1.0,0.0,195840.0,32.0,0.0,4268.0,0.0,1852.0,0.0,0.0,0.0,0.0,gnn,0.8559705555449022,0.866132410334419,0.7333333333333333,0.07858149763251776,-0.3036217001989144,20.0,1.0,1.55469612182113,1.5546961218211295,cons__gnn,cons__gnn,spoof,0.3,2,0
consensus,gnn,20,60,ring_plus,-0.10014339120879148,0.10014339120879148,0.03640639556077974,5040,0.3720591433846043,0.0,0.0,0.0,5040.0,5040.0,1.0,0.0,161280.0,32.0,0.0,3555.0,0.0,1485.0,0.0,0.0,0.0,0.0,gnn,0.849223882268961,0.9498037998345823,0.75,0.09209245826225765,-0.43577425816075377,27.0,1.0,1.2627284000071304,1.2627284000071306,cons__gnn,cons__gnn,spoof,0.3,3,0
consensus,gnn,20,60,ring_plus,-0.16618920378545485,0.16618920378545485,0.026081245240636708,5640,0.30678916118206306,0.0,0.0,0.0,5640.0,5640.0,1.0,0.0,180480.0,32.0,0.0,3971.0,0.0,1669.0,0.0,0.0,0.0,0.0,gnn,0.9295694810875293,0.5902750811679616,0.5833333333333334,0.11176561969382269,-0.25432878724640157,19.0,1.0,1.3711704029417888,1.3711704029417888,cons__gnn,cons__gnn,spoof,0.3,4,0
consensus,gnn,20,60,ring_plus,-0.10887803602557948,0.10887803602557948,0.031431738302451856,6360,0.32199993411444644,0.0,0.0,0.0,6360.0,6360.0,1.0,0.0,203520.0,32.0,0.0,4473.0,0.0,1887.0,0.0,0.0,0.0,0.0,gnn,0.8901194933277294,0.7902737811041962,0.65,0.10861675134763625,-0.25278228031075317,21.0,1.0,1.6160985120576443,1.616098512057644,cons__gnn,cons__gnn,spoof,0.3,5,0
consensus,gnn,20,60,ring_plus,-0.08705417382414934,0.08705417382414934,0.03737696134830578,4680,0.34514388673579766,0.0,0.0,0.0,4680.0,4680.0,1.0,0.0,149760.0,32.0,0.0,3299.0,0.0,1381.0,0.0,0.0,0.0,0.0,gnn,0.8598759785066962,0.9272231760279409,0.7166666666666667,0.10017936784372662,-0.34863465957725914,22.0,1.0,0.9450014459069909,0.9450014459069908,cons__gnn,cons__gnn,spoof,0.3,6,0
consensus,gnn,20,60,ring_plus,-0.06798930499444772,0.06798930499444772,0.003927484220436433,6480,0.32168522899464036,0.0,0.0,0.0,6480.0,6480.0,1.0,0.0,207360.0,32.0,0.0,4583.0,0.0,1897.0,0.0,0.0,0.0,0.0,gnn,0.8679671919343305,0.7354443690973376,0.6,0.07244042374227706,-0.32008526910559876,15.0,1.0,2.218617553571293,2.218617553571293,cons__gnn,cons__gnn,spoof,0.3,7,0
consensus,gnn,20,60,ring_plus,-0.16445988134062084,0.16445988134062084,0.013492997337897428,4200,0.30549204406966685,0.0,0.0,0.0,4200.0,4200.0,1.0,0.0,134400.0,32.0,0.0,2901.0,0.0,1299.0,0.0,0.0,0.0,0.0,gnn,0.7745997718551961,0.964056110214946,0.6166666666666667,0.18089551351531666,-0.22261969983861757,18.0,1.0,0.7964836768628718,0.7964836768628717,cons__gnn,cons__gnn,spoof,0.3,8,0
consensus,gnn,20,60,ring_plus,-0.13252484217077554,0.13252484217077554,0.008064471896935618,5280,0.3218902645932736,0.0,0.0,0.0,5280.0,5280.0,1.0,0.0,168960.0,32.0,0.0,3702.0,0.0,1578.0,0.0,0.0,0.0,0.0,gnn,0.921534789497149,0.6671891232263222,0.65,0.09582018182813785,-0.24369170479690722,21.0,1.0,0.9413291035084279,0.9413291035084281,cons__gnn,cons__gnn,spoof,0.3,9,0
consensus,gnn,20,60,ring_plus,-0.15548489217184647,0.15548489217184647,0.007806985409724257,5040,0.5350155866663182,0.0,0.0,0.0,5040.0,5040.0,1.0,0.0,161280.0,32.0,0.0,2468.0,0.0,2572.0,0.0,0.0,0.0,0.0,gnn,0.9549997591034242,0.556946805047335,0.6166666666666667,0.22831827591997858,-0.17919530629529368,,0.0,1.399646125476325,1.3996461254763248,cons__gnn,cons__gnn,spoof,0.5,0,0
consensus,gnn,20,60,ring_plus,-0.2515892970056201,0.2515892970056201,0.1751447233769741,5400,0.554935943197602,0.0,0.0,0.0,5400.0,5400.0,1.0,0.0,172800.0,32.0,0.0,2643.0,0.0,2757.0,0.0,0.0,0.0,0.0,gnn,0.9275014470166674,0.6763157343619992,0.6333333333333333,0.22301152162952717,-0.2805100607540997,24.0,1.0,1.320493917398932,1.320493917398932,cons__gnn,cons__gnn,spoof,0.5,1,0
consensus,gnn,20,60,ring_plus,-0.2678627786506575,0.2678627786506575,0.027108658276604546,6120,0.5256916943245833,0.0,0.0,0.0,6120.0,6120.0,1.0,0.0,195840.0,32.0,0.0,3014.0,0.0,3106.0,0.0,0.0,0.0,0.0,gnn,0.8972163257023321,0.8360458811733674,0.6166666666666667,0.2537881826622903,-0.30022103983850196,34.0,1.0,1.55469612182113,1.5546961218211295,cons__gnn,cons__gnn,spoof,0.5,2,0
consensus,gnn,20,60,ring_plus,-0.21086902274113908,0.21086902274113908,0.0538728842842402,5040,0.5928184018419511,0.0,0.0,0.0,5040.0,5040.0,1.0,0.0,161280.0,32.0,0.0,2514.0,0.0,2526.0,0.0,0.0,0.0,0.0,gnn,0.858975399882947,0.9367629955058213,0.7333333333333333,0.25248618996570443,-0.43392883096854806,24.0,1.0,1.2627284000071304,1.2627284000071306,cons__gnn,cons__gnn,spoof,0.5,3,0
consensus,gnn,20,60,ring_plus,-0.1415406363204915,0.1415406363204915,0.026125063751980544,5640,0.5093332607019143,0.0,0.0,0.0,5640.0,5640.0,1.0,0.0,180480.0,32.0,0.0,2826.0,0.0,2814.0,0.0,0.0,0.0,0.0,gnn,0.9437904970993881,0.606812262832803,0.6666666666666666,0.18801762994273596,-0.254739596704151,24.0,1.0,1.3711704029417888,1.3711704029417888,cons__gnn,cons__gnn,spoof,0.5,4,0
consensus,gnn,20,60,ring_plus,-0.20018561154885106,0.20018561154885106,0.07900831102386965,6360,0.5540676358317931,0.0,0.0,0.0,6360.0,6360.0,1.0,0.0,203520.0,32.0,0.0,3167.0,0.0,3193.0,0.0,0.0,0.0,0.0,gnn,0.8836264031002652,0.8210001346834248,0.6166666666666667,0.1944047876988373,-0.2512604873853653,32.0,1.0,1.6160985120576443,1.616098512057644,cons__gnn,cons__gnn,spoof,0.5,5,0
consensus,gnn,20,60,ring_plus,-0.08888084168869903,0.08888084168869903,0.03616702683046748,4680,0.5809793494701584,0.0,0.0,0.0,4680.0,4680.0,1.0,0.0,149760.0,32.0,0.0,2371.0,0.0,2309.0,0.0,0.0,0.0,0.0,gnn,0.9344294345887305,0.7620841995470542,0.6833333333333333,0.18331173797789665,-0.34860421511285,39.0,1.0,0.9450014459069909,0.9450014459069908,cons__gnn,cons__gnn,spoof,0.5,6,0
consensus,gnn,20,60,ring_plus,-0.23065918459542828,0.23065918459542828,0.016579377278928005,6480,0.5368697260018781,0.0,0.0,0.0,6480.0,6480.0,1.0,0.0,207360.0,32.0,0.0,3290.0,0.0,3190.0,0.0,0.0,0.0,0.0,gnn,0.9256077734391858,0.6756638378359812,0.6166666666666667,0.15814918338067002,-0.3173741044455824,17.0,1.0,2.218617553571293,2.218617553571293,cons__gnn,cons__gnn,spoof,0.5,7,0
consensus,gnn,20,60,ring_plus,-0.24545155344660313,0.24545155344660313,0.019190805982272276,4200,0.5296676423480223,0.0,0.0,0.0,4200.0,4200.0,1.0,0.0,134400.0,32.0,0.0,2076.0,0.0,2124.0,0.0,0.0,0.0,0.0,gnn,0.9483601402893415,0.5208714498113909,0.65,0.19782146991893523,-0.22126983863685126,50.0,1.0,0.7964836768628718,0.7964836768628717,cons__gnn,cons__gnn,spoof,0.5,8,0
consensus,gnn,20,60,ring_plus,-0.3077126597433028,0.3077126597433028,0.01610546136194751,5280,0.5474718676346595,0.0,0.0,0.0,5280.0,5280.0,1.0,0.0,168960.0,32.0,0.0,2578.0,0.0,2702.0,0.0,0.0,0.0,0.0,gnn,0.882083314644029,0.872675768831091,0.6,0.25852205670167167,-0.24077190783736505,28.0,1.0,0.9413291035084279,0.9413291035084281,cons__gnn,cons__gnn,spoof,0.5,9,0
consensus,gnn,20,60,ring_plus,-0.593666293125006,0.593666293125006,0.038593255670681156,5040,1.0982479046907903,0.0,0.0,0.0,5040.0,5040.0,1.0,0.0,161280.0,32.0,0.0,0.0,0.0,5040.0,0.0,0.0,0.0,0.0,gnn,0.9724926984345779,0.5639816807579412,0.5333333333333333,0.9405909489646738,-0.17189228294607437,,0.0,1.399646125476325,1.3996461254763248,cons__gnn,cons__gnn,spoof,1.0,0,0
consensus,gnn,20,60,ring_plus,-0.4808129413066659,0.4808129413066659,0.18376702399845157,5400,1.135225750887604,0.0,0.0,0.0,5400.0,5400.0,1.0,0.0,172800.0,32.0,0.0,0.0,0.0,5400.0,0.0,0.0,0.0,0.0,gnn,0.9559067217418824,0.6953730692887548,0.7,0.5432107911550705,-0.27668966668241557,,0.0,1.320493917398932,1.320493917398932,cons__gnn,cons__gnn,spoof,1.0,1,0
consensus,gnn,20,60,ring_plus,-0.5245816849935436,0.5245816849935436,0.03363323470283725,6120,1.1120277918876247,0.0,0.0,0.0,6120.0,6120.0,1.0,0.0,195840.0,32.0,0.0,0.0,0.0,6120.0,0.0,0.0,0.0,0.0,gnn,0.9742166395050089,0.3505627115132419,0.6166666666666667,1.1796509082772733,-0.29594239139945383,,0.0,1.55469612182113,1.5546961218211295,cons__gnn,cons__gnn,spoof,1.0,2,0
consensus,gnn,20,60,ring_plus,-0.5778394741419706,0.5778394741419706,0.05042946716301459,5040,1.1454252505814073,0.0,0.0,0.0,5040.0,5040.0,1.0,0.0,161280.0,32.0,0.0,0.0,0.0,5040.0,0.0,0.0,0.0,0.0,gnn,0.9573724087152669,0.6606618128894236,0.6833333333333333,0.7320075559227068,-0.42781265677853414,,0.0,1.2627284000071304,1.2627284000071306,cons__gnn,cons__gnn,spoof,1.0,3,0
consensus,gnn,20,60,ring_plus,-0.5939202946158666,0.5939202946158666,0.06170631635266703,5640,1.1050572814075361,0.0,0.0,0.0,5640.0,5640.0,1.0,0.0,180480.0,32.0,0.0,0.0,0.0,5640.0,0.0,0.0,0.0,0.0,gnn,0.9549687624355294,0.8396279367778726,0.65,0.6175917550450644,-0.24719993573256135,,0.0,1.3711704029417888,1.3711704029417888,cons__gnn,cons__gnn,spoof,1.0,4,0
consensus,gnn,20,60,ring_plus,-1.0251944652925715,1.0251944652925715,0.16002172331047518,6360,1.0966513951658903,0.0,0.0,0.0,6360.0,6360.0,1.0,0.0,203520.0,32.0,0.0,0.0,0.0,6360.0,0.0,0.0,0.0,0.0,gnn,0.9305540819348282,0.8958938167998812,0.5833333333333334,0.882165365251547,-0.23751033982296998,,0.0,1.6160985120576443,1.616098512057644,cons__gnn,cons__gnn,spoof,1.0,5,0
consensus,gnn,20,60,ring_plus,-1.1547750955679277,1.1547750955679277,0.16201013512845594,4680,1.1214748054954724,0.0,0.0,0.0,4680.0,4680.0,1.0,0.0,149760.0,32.0,0.0,0.0,0.0,4680.0,0.0,0.0,0.0,0.0,gnn,0.9451661908456024,0.6977129863170005,0.5166666666666667,1.0752162181345408,-0.33083931088152946,,0.0,0.9450014459069909,0.9450014459069908,cons__gnn,cons__gnn,spoof,1.0,6,0
consensus,gnn,20,60,ring_plus,-1.0008479018964798,1.0008479018964798,0.05075284364538787,6480,1.1410843764990597,0.0,0.0,0.0,6480.0,6480.0,1.0,0.0,207360.0,32.0,0.0,0.0,0.0,6480.0,0.0,0.0,0.0,0.0,gnn,0.9043918488912133,0.8965737542837021,0.6666666666666666,1.1303624597026063,-0.3045376258238982,,0.0,2.218617553571293,2.218617553571293,cons__gnn,cons__gnn,spoof,1.0,7,0
consensus,gnn,20,60,ring_plus,-1.2503922542799253,1.2503922542799253,0.08698887435152418,4200,1.081187639830097,0.0,0.0,0.0,4200.0,4200.0,1.0,0.0,134400.0,32.0,0.0,0.0,0.0,4200.0,0.0,0.0,0.0,0.0,gnn,0.9300101233725894,0.8420299927767372,0.6,1.1916785811111203,-0.20452082695629586,,0.0,0.7964836768628718,0.7964836768628717,cons__gnn,cons__gnn,spoof,1.0,8,0
consensus,gnn,20,60,ring_plus,-1.4727568143861194,1.4727568143861194,0.07821480324581519,5280,1.1359198390865057,0.0,0.0,0.0,5280.0,5280.0,1.0,0.0,168960.0,32.0,0.0,0.0,0.0,5280.0,0.0,0.0,0.0,0.0,gnn,0.9495089069665666,0.8201918417040335,0.5833333333333334,0.8582326405867639,-0.22135450525998487,,0.0,0.9413291035084279,0.9413291035084281,cons__gnn,cons__gnn,spoof,1.0,9,0
consensus,gnn,20,60,ring_plus,-2.1619885071771935e-06,2.1619885071771935e-06,0.00014488129903707518,5040,0.0,0.0,0.0,0.0,5040.0,5040.0,1.0,0.0,161280.0,32.0,0.0,5040.0,0.0,0.0,0.0,0.0,0.0,0.0,gnn,0.7716980928789048,0.9887795179532384,1.0,8.402774885392682e-06,-0.1817866851316826,15.0,1.0,1.399646125476325,1.3996461254763248,cons__gnn,cons__gnn,jam,0.0,0,0
consensus,gnn,20,60,ring_plus,-4.1029361711807455e-05,4.1029361711807455e-05,0.00027258948205885437,5400,0.0,0.0,0.0,0.0,5400.0,5400.0,1.0,0.0,172800.0,32.0,0.0,5400.0,0.0,0.0,0.0,0.0,0.0,0.0,gnn,0.8003918231296817,0.9981810946224654,1.0,0.000163618741679686,-0.2847025318814981,21.0,1.0,1.320493917398932,1.320493917398932,cons__gnn,cons__gnn,jam,0.0,1,0
consensus,gnn,20,60,ring_plus,-3.9815794189243615e-07,3.9815794189243615e-07,0.0007681164692464576,6120,0.0,0.0,0.0,0.0,6120.0,6120.0,1.0,0.0,195840.0,32.0,0.0,6120.0,0.0,0.0,0.0,0.0,0.0,0.0,gnn,0.733014224296394,0.997581612877687,1.0,3.3942042155965032e-06,-0.3046854128467139,18.0,1.0,1.55469612182113,1.5546961218211295,cons__gnn,cons__gnn,jam,0.0,2,0
consensus,gnn,20,60,ring_plus,-0.00015590849899644647,0.00015590849899644647,0.00808678570562165,5040,0.0,0.0,0.0,0.0,5040.0,5040.0,1.0,0.0,161280.0,32.0,0.0,5040.0,0.0,0.0,0.0,0.0,0.0,0.0,gnn,0.8031690394436141,0.9647074600574072,1.0,0.0008370551393784543,-0.43744071620591707,31.0,1.0,1.2627284000071304,1.2627284000071306,cons__gnn,cons__gnn,jam,0.0,3,0
consensus,gnn,20,60,ring_plus,-2.3999370895052265e-05,2.3999370895052265e-05,0.0016889247934201487,5640,0.0,0.0,0.0,0.0,5640.0,5640.0,1.0,0.0,180480.0,32.0,0.0,5640.0,0.0,0.0,0.0,0.0,0.0,0.0,gnn,0.8040074711039195,0.9955771506417391,1.0,8.774867046694536e-05,-0.25709820731997757,18.0,1.0,1.3711704029417888,1.3711704029417888,cons__gnn,cons__gnn,jam,0.0,4,0
consensus,gnn,20,60,ring_plus,-1.3736049400047636e-05,1.3736049400047636e-05,0.008164554723124016,6360,0.0,0.0,0.0,0.0,6360.0,6360.0,1.0,0.0,203520.0,32.0,0.0,6360.0,0.0,0.0,0.0,0.0,0.0,0.0,gnn,0.7856349809078071,0.9980685973699038,1.0,6.001273171199749e-05,-0.2545966853103562,20.0,1.0,1.6160985120576443,1.616098512057644,cons__gnn,cons__gnn,jam,0.0,5,0
consensus,gnn,20,60,ring_plus,-0.001394341040737634,0.001394341040737634,0.0009138973377482781,4680,0.0,0.0,0.0,0.0,4680.0,4680.0,1.0,0.0,149760.0,32.0,0.0,4680.0,0.0,0.0,0.0,0.0,0.0,0.0,gnn,0.8348769460272564,0.9534291825521003,1.0,0.004326771528360476,-0.3500623234569826,35.0,1.0,0.9450014459069909,0.9450014459069908,cons__gnn,cons__gnn,jam,0.0,6,0
consensus,gnn,20,60,ring_plus,-5.369172324656454e-07,5.369172324656454e-07,0.00875547686752761,6480,0.0,0.0,0.0,0.0,6480.0,6480.0,1.0,0.0,207360.0,32.0,0.0,6480.0,0.0,0.0,0.0,0.0,0.0,0.0,gnn,0.7479246146514705,0.9941099801999367,1.0,3.1684361700384576e-06,-0.321218415240219,14.0,1.0,2.218617553571293,2.218617553571293,cons__gnn,cons__gnn,jam,0.0,7,0
consensus,gnn,20,60,ring_plus,-0.0007980808523245528,0.0007980808523245528,0.0015144035514309555,4200,0.0,0.0,0.0,0.0,4200.0,4200.0,1.0,0.0,134400.0,32.0,0.0,4200.0,0.0,0.0,0.0,0.0,0.0,0.0,gnn,0.8648712985820947,0.987625314278933,1.0,0.0017849934826362115,-0.22534739651342256,22.0,1.0,0.7964836768628718,0.7964836768628717,cons__gnn,cons__gnn,jam,0.0,8,0
consensus,gnn,20,60,ring_plus,-0.00012206429590212316,0.00012206429590212316,0.003952430454325682,5280,0.0,0.0,0.0,0.0,5280.0,5280.0,1.0,0.0,168960.0,32.0,0.0,5280.0,0.0,0.0,0.0,0.0,0.0,0.0,gnn,0.8312942915326621,0.9706391864868461,1.0,0.00029749541881306756,-0.2458984177614884,15.0,1.0,0.9413291035084279,0.9413291035084281,cons__gnn,cons__gnn,jam,0.0,9,0
consensus,gnn,20,60,ring_plus,-0.10921631656484426,0.10921631656484426,0.008600247463666274,5040,0.0,0.10714285714285714,0.0,0.0,5040.0,4500.0,0.8928571428571429,0.1071428571428571,144000.0,32.0,0.0,4500.0,0.0,0.0,0.0,540.0,0.0,0.0,gnn,0.9457333813052929,0.568124469985832,1.0,0.10962309997462573,-0.17996644922207708,,0.0,1.399646125476325,1.355753295277519,cons__gnn,cons__gnn,jam,0.1,0,0
consensus,gnn,20,60,ring_plus,-0.22402576605961275,0.22402576605961275,0.20041920853754513,5400,0.0,0.1,0.0,0.0,5400.0,4860.0,0.9,0.09999999999999998,155520.0,32.0,0.0,4860.0,0.0,0.0,0.0,540.0,0.0,0.0,gnn,0.9367914550708318,0.8913631158430184,1.0,0.26287619833354803,-0.28096945293653314,,0.0,1.320493917398932,1.3067220124547165,cons__gnn,cons__gnn,jam,0.1,1,0
consensus,gnn,20,60,ring_plus,-0.1471451675814586,0.1471451675814586,0.022142598176681155,6120,0.0,0.06862745098039216,0.0,0.0,6120.0,5700.0,0.9313725490196079,0.06862745098039214,182400.0,32.0,0.0,5700.0,0.0,0.0,0.0,420.0,0.0,0.0,gnn,0.9317891526362151,0.7275865551724335,1.0,0.1593668504874616,-0.30223300002298853,46.0,1.0,1.55469612182113,0.8699785139899355,cons__gnn,cons__gnn,jam,0.1,2,0
consensus,gnn,20,60,ring_plus,-8.530334244718674,8.530334244718674,0.7656002065440224,5040,0.0,0.15476190476190477,0.0,0.0,5040.0,4260.0,0.8452380952380952,0.15476190476190477,136320.0,32.0,0.0,4260.0,0.0,0.0,0.0,780.0,0.0,0.0,gnn,0.983440144346502,0.9659836234278191,1.0,9.481055025185233,-0.29527107726892243,,0.0,1.2627284000071304,1.2594924649021235,cons__gnn,cons__gnn,jam,0.1,3,0
consensus,gnn,20,60,ring_plus,-2.0993610675331524,2.0993610675331524,0.11695536677508178,5640,0.0,0.09574468085106383,0.0,0.0,5640.0,5100.0,0.9042553191489362,0.0957446808510638,163200.0,32.0,0.0,5100.0,0.0,0.0,0.0,540.0,0.0,0.0,gnn,0.9413263202239242,0.7444596280690061,0.48333333333333334,2.085178026421681,-0.22210925618393992,,0.0,1.3711704029417888,1.3555111922818643,cons__gnn,cons__gnn,jam,0.1,4,0
consensus,gnn,20,60,ring_plus,-6.521786928908646,6.521786928908646,0.3262782116216333,6360,0.0,0.0660377358490566,0.0,0.0,6360.0,5940.0,0.9339622641509434,0.06603773584905659,190080.0,32.0,0.0,5940.0,0.0,0.0,0.0,420.0,0.0,0.0,gnn,0.9935881551080722,0.40641517037468344,1.0,6.553099625169847,-0.14590046542936877,,0.0,1.6160985120576443,1.1665296618373981,cons__gnn,cons__gnn,jam,0.1,5,0
consensus,gnn,20,60,ring_plus,-13.84611345218118,13.84611345218118,0.8432449219573097,4680,0.0,0.10256410256410256,0.0,0.0,4680.0,4200.0,0.8974358974358975,0.10256410256410253,134400.0,32.0,0.0,4200.0,0.0,0.0,0.0,480.0,0.0,0.0,gnn,0.9893441708985137,0.9363438734899151,0.6,13.590089767178624,-0.11931700493797524,,0.0,0.9450014459069909,0.9269296061447677,cons__gnn,cons__gnn,jam,0.1,6,0
consensus,gnn,20,60,ring_plus,-0.43937078328765217,0.43937078328765217,0.6326646271438129,6480,0.0,0.14814814814814814,0.0,0.0,6480.0,5520.0,0.8518518518518519,0.14814814814814814,176640.0,32.0,0.0,5520.0,0.0,0.0,0.0,960.0,0.0,0.0,gnn,0.94532815197127,0.8587067491324047,1.0,0.44400174146333765,-0.3138955778007119,,0.0,2.218617553571293,2.2131131029340265,cons__gnn,cons__gnn,jam,0.1,7,0
consensus,gnn,20,60,ring_plus,-2.683689440755909,2.683689440755909,0.21553761258985463,4200,0.0,0.12857142857142856,0.0,0.0,4200.0,3660.0,0.8714285714285714,0.12857142857142856,117120.0,32.0,0.0,3660.0,0.0,0.0,0.0,540.0,0.0,0.0,gnn,0.9873766962665066,0.6446917548225003,1.0,2.7887890908116457,-0.18063254051502944,,0.0,0.7964836768628718,0.7756455591018226,cons__gnn,cons__gnn,jam,0.1,8,0
consensus,gnn,20,60,ring_plus,-1.5510156482601398,1.5510156482601398,0.16858336325575987,5280,0.0,0.10227272727272728,0.0,0.0,5280.0,4740.0,0.8977272727272727,0.10227272727272729,151680.0,32.0,0.0,4740.0,0.0,0.0,0.0,540.0,0.0,0.0,gnn,0.9765802564657603,0.6570226836580316,1.0,1.6356445058887525,-0.2200501913620845,,0.0,0.9413291035084279,0.8042031991139494,cons__gnn,cons__gnn,jam,0.1,9,0
consensus,gnn,20,60,ring_plus,-2.419162203014573,2.419162203014573,0.12447382677404406,5040,0.0,0.25,0.0,0.0,5040.0,3780.0,0.75,0.25,120960.0,32.0,0.0,3780.0,0.0,0.0,0.0,1260.0,0.0,0.0,gnn,0.9867504658583718,0.41574088397473263,1.0,2.4201079026223478,-0.14146735111458153,,0.0,1.399646125476325,0.7328759072995557,cons__gnn,cons__gnn,jam,0.25,0,0
consensus,gnn,20,60,ring_plus,-1.879490836870699,1.879490836870699,0.09397790169863483,5400,0.0,0.2777777777777778,0.0,0.0,5400.0,3900.0,0.7222222222222222,0.2777777777777778,124800.0,32.0,0.0,3900.0,0.0,0.0,0.0,1500.0,0.0,0.0,gnn,0.9738154274267631,0.5665255148703253,1.0,1.8823622317164561,-0.25337836842301503,,0.0,1.320493917398932,0.70949080031589,cons__gnn,cons__gnn,jam,0.25,1,0
consensus,gnn,20,60,ring_plus,-5.724874611543499,5.724874611543499,0.32288066991136255,6120,0.0,0.21568627450980393,0.0,0.0,6120.0,4800.0,0.7843137254901961,0.21568627450980393,153600.0,32.0,0.0,4800.0,0.0,0.0,0.0,1320.0,0.0,0.0,gnn,0.9459993676878108,0.918555272380768,0.38333333333333336,5.669420823890363,-0.20927084262362122,,0.0,1.55469612182113,0.8590938956011059,cons__gnn,cons__gnn,jam,0.25,2,0
consensus,gnn,20,60,ring_plus,-19.328070731732854,19.328070731732854,0.9900998136655458,5040,0.0,0.30952380952380953,0.0,0.0,5040.0,3480.0,0.6904761904761905,0.30952380952380953,111360.0,32.0,0.0,3480.0,0.0,0.0,0.0,1560.0,0.0,0.0,gnn,0.9955396553578485,0.933151709804091,0.9666666666666667,19.583668168187085,-0.11530880248535276,,0.0,1.2627284000071304,0.7034053746014614,cons__gnn,cons__gnn,jam,0.25,3,0
consensus,gnn,20,60,ring_plus,-3.2591928015642466,3.2591928015642466,0.1723113070889836,5640,0.0,0.24468085106382978,0.0,0.0,5640.0,4260.0,0.7553191489361702,0.24468085106382975,136320.0,32.0,0.0,4260.0,0.0,0.0,0.0,1380.0,0.0,0.0,gnn,0.9405226782749807,0.7531815622589693,0.36666666666666664,3.2580456462723286,-0.20277872728342167,,0.0,1.3711704029417888,0.6932116477645714,cons__gnn,cons__gnn,jam,0.25,4,0
consensus,gnn,20,60,ring_plus,-7.194614305640754,7.194614305640754,0.39407766065090055,6360,0.0,0.20754716981132076,0.0,0.0,6360.0,5040.0,0.7924528301886793,0.2075471698113207,161280.0,32.0,0.0,5040.0,0.0,0.0,0.0,1320.0,0.0,0.0,gnn,0.9938329926201687,0.586562881749659,1.0,7.3437514732645015,-0.13468667581716692,,0.0,1.6160985120576443,8.788681123263577e-16,cons__gnn,cons__gnn,jam,0.25,5,0
consensus,gnn,20,60,ring_plus,-15.377791823894905,15.377791823894905,0.9667210316441229,4680,0.0,0.23076923076923078,0.0,0.0,4680.0,3600.0,0.7692307692307693,0.23076923076923073,115200.0,32.0,0.0,3600.0,0.0,0.0,0.0,1080.0,0.0,0.0,gnn,0.9926450741363452,0.9383546004603266,0.7166666666666667,14.887653421379028,-0.09378903207607985,,0.0,0.9450014459069909,0.6516227104008937,cons__gnn,cons__gnn,jam,0.25,6,0
consensus,gnn,20,60,ring_plus,-6.199354304032444,6.199354304032444,0.4477417913183663,6480,0.0,0.2962962962962963,0.0,0.0,6480.0,4560.0,0.7037037037037037,0.2962962962962963,145920.0,32.0,0.0,4560.0,0.0,0.0,0.0,1920.0,0.0,0.0,gnn,0.9858156565697492,0.9415773302585455,0.9333333333333333,6.2738834158130645,-0.21789585245496543,,0.0,2.218617553571293,1.6234402002584751,cons__gnn,cons__gnn,jam,0.25,7,0
consensus,gnn,20,60,ring_plus,-4.696163128071147,4.696163128071147,0.2987389023467926,4200,0.0,0.3142857142857143,0.0,0.0,4200.0,2880.0,0.6857142857142857,0.3142857142857143,92160.0,32.0,0.0,2880.0,0.0,0.0,0.0,1320.0,0.0,0.0,gnn,0.9932799880364857,0.4932542941400525,1.0,4.755363926590779,-0.14709131239310883,,0.0,0.7964836768628718,0.48285695744342,cons__gnn,cons__gnn,jam,0.25,8,0
consensus,gnn,20,60,ring_plus,-2.3167767230566003,2.3167767230566003,0.17218860284618293,5280,0.0,0.20454545454545456,0.0,0.0,5280.0,4200.0,0.7954545454545454,0.20454545454545459,134400.0,32.0,0.0,4200.0,0.0,0.0,0.0,1080.0,0.0,0.0,gnn,0.9816319452495406,0.5736800081437852,1.0,2.349245870054931,-0.20728750678214347,,0.0,0.9413291035084279,0.5410467703440894,cons__gnn,cons__gnn,jam,0.25,9,0
consensus,gnn,20,60,ring_plus,-8.23510901836364,8.23510901836364,0.41726738407444436,5040,0.0,0.5238095238095238,0.0,0.0,5040.0,2400.0,0.47619047619047616,0.5238095238095238,76800.0,32.0,0.0,2400.0,0.0,0.0,0.0,2640.0,0.0,0.0,gnn,0.9737748980371588,0.8024930481783341,0.23333333333333334,8.216649298628244,-0.04453490419209709,,0.0,1.399646125476325,2.0101208904909568e-16,cons__gnn,cons__gnn,jam,0.5,0,0
consensus,gnn,20,60,ring_plus,-5.535852004299275,5.535852004299275,0.27753842694365016,5400,0.0,0.5222222222222223,0.0,0.0,5400.0,2580.0,0.4777777777777778,0.5222222222222221,82560.0,32.0,0.0,2580.0,0.0,0.0,0.0,2820.0,0.0,0.0,gnn,0.9522396503661805,0.9772434930853943,0.38333333333333336,5.5315773499143495,-0.19243901563253873,,0.0,1.320493917398932,-2.0216336746729997e-16,cons__gnn,cons__gnn,jam,0.5,1,0
consensus,gnn,20,60,ring_plus,-12.358839738122528,12.358839738122528,0.6181693483322618,6120,0.0,0.46078431372549017,0.0,0.0,6120.0,3300.0,0.5392156862745098,0.4607843137254902,105600.0,32.0,0.0,3300.0,0.0,0.0,0.0,2820.0,0.0,0.0,gnn,0.9691541501808425,0.8586045623660795,0.2,12.357656785980682,-0.09870475718063743,,0.0,1.55469612182113,7.185689075917253e-16,cons__gnn,cons__gnn,jam,0.5,2,0
consensus,gnn,20,60,ring_plus,-23.402591581765954,23.402591581765954,1.1754775740540355,5040,0.0,0.5833333333333334,0.0,0.0,5040.0,2100.0,0.4166666666666667,0.5833333333333333,67200.0,32.0,0.0,2100.0,0.0,0.0,0.0,2940.0,0.0,0.0,gnn,0.9986505711853988,0.9137995114829582,0.9166666666666666,23.447316884364,-0.047400121651467765,,0.0,1.2627284000071304,-2.3898125381316e-16,cons__gnn,cons__gnn,jam,0.5,3,0
consensus,gnn,20,60,ring_plus,-9.88941696753988,9.88941696753988,0.5301304517655681,5640,0.0,0.48936170212765956,0.0,0.0,5640.0,2880.0,0.5106382978723404,0.4893617021276596,92160.0,32.0,0.0,2880.0,0.0,0.0,0.0,2760.0,0.0,0.0,gnn,0.9968104817565193,0.5177872295066754,1.0,9.997349379573798,-0.0922749911838278,,0.0,1.3711704029417888,9.22679146182269e-17,cons__gnn,cons__gnn,jam,0.5,4,0
consensus,gnn,20,60,ring_plus,-9.333532239356343,9.333532239356343,0.5670675686501523,6360,0.0,0.42452830188679247,0.0,0.0,6360.0,3660.0,0.5754716981132075,0.42452830188679247,117120.0,32.0,0.0,3660.0,0.0,0.0,0.0,2700.0,0.0,0.0,gnn,0.9947381480622371,0.7657847066511554,1.0,9.355197946618174,-0.0990380435885738,,0.0,1.6160985120576443,5.533258796772204e-16,cons__gnn,cons__gnn,jam,0.5,5,0
consensus,gnn,20,60,ring_plus,-14.505395163588219,14.505395163588219,0.7584543750323731,4680,0.0,0.5256410256410257,0.0,0.0,4680.0,2220.0,0.47435897435897434,0.5256410256410257,71040.0,32.0,0.0,2220.0,0.0,0.0,0.0,2460.0,0.0,0.0,gnn,0.9895354848724761,0.9199581981816235,0.6333333333333333,14.014198637994882,-0.1083289764145246,,0.0,0.9450014459069909,3.928730535098917e-17,cons__gnn,cons__gnn,jam,0.5,6,0
consensus,gnn,20,60,ring_plus,-10.289023933743563,10.289023933743563,0.5179369020112763,6480,0.0,0.49074074074074076,0.0,0.0,6480.0,3300.0,0.5092592592592593,0.4907407407407407,105600.0,32.0,0.0,3300.0,0.0,0.0,0.0,3180.0,0.0,0.0,gnn,0.9944606993390191,0.6979363932307745,0.95,10.326797258139589,-0.14973469195978018,,0.0,2.218617553571293,4.442157626793808e-16,cons__gnn,cons__gnn,jam,0.5,7,0
consensus,gnn,20,60,ring_plus,-8.889638897891,8.889638897891,0.44966955176286083,4200,0.0,0.5285714285714286,0.0,0.0,4200.0,1980.0,0.4714285714285714,0.5285714285714286,63360.0,32.0,0.0,1980.0,0.0,0.0,0.0,2220.0,0.0,0.0,gnn,0.9326889427587302,0.8095757287366072,0.6166666666666667,8.89071797768073,-0.07720004956277794,,0.0,0.7964836768628718,7.218723564701772e-17,cons__gnn,cons__gnn,jam,0.5,8,0
consensus,gnn,20,60,ring_plus,-3.966165227518521,3.966165227518521,0.27239657929407357,5280,0.0,0.4772727272727273,0.0,0.0,5280.0,2760.0,0.5227272727272727,0.4772727272727273,88320.0,32.0,0.0,2760.0,0.0,0.0,0.0,2520.0,0.0,0.0,gnn,0.9876693768023032,0.5650424462110732,1.0,3.974877129096043,-0.17979769837444481,,0.0,0.9413291035084279,4.227176087568643e-16,cons__gnn,cons__gnn,jam,0.5,9,0
consensus,gnn,20,60,ring_plus,-8.74451027048041,8.74451027048041,0.4433039658304775,5040,0.0,0.7619047619047619,0.0,0.0,5040.0,1200.0,0.23809523809523808,0.7619047619047619,38400.0,32.0,0.0,1200.0,0.0,0.0,0.0,3840.0,0.0,0.0,gnn,0.9872639883156703,0.781854421097291,0.26666666666666666,8.743649922354814,-0.03604488332348428,,0.0,1.399646125476325,-2.470145101219242e-16,cons__gnn,cons__gnn,jam,0.75,0,0
consensus,gnn,20,60,ring_plus,-11.6877304970333,11.6877304970333,0.5985636731075998,5400,0.0,0.7555555555555555,0.0,0.0,5400.0,1320.0,0.24444444444444444,0.7555555555555555,42240.0,32.0,0.0,1320.0,0.0,0.0,0.0,4080.0,0.0,0.0,gnn,0.9980900268201794,0.2618919017256537,1.0,11.691997385339567,-0.08990770742030497,,0.0,1.320493917398932,-2.73585982193477e-16,cons__gnn,cons__gnn,jam,0.75,1,0
consensus,gnn,20,60,ring_plus,-15.012965325624196,15.012965325624196,0.7507420168937629,6120,0.0,0.7352941176470589,0.0,0.0,6120.0,1620.0,0.2647058823529412,0.7352941176470589,51840.0,32.0,0.0,1620.0,0.0,0.0,0.0,4500.0,0.0,0.0,gnn,0.9778876428798405,0.8053327491950846,0.13333333333333333,15.012962236437126,-0.054469330722276305,,0.0,1.55469612182113,-1.0293380571099687e-17,cons__gnn,cons__gnn,jam,0.75,2,0
consensus,gnn,20,60,ring_plus,-25.556639189013538,25.556639189013538,1.2950896639841678,5040,0.0,0.7738095238095238,0.0,0.0,5040.0,1140.0,0.2261904761904762,0.7738095238095238,36480.0,32.0,0.0,1140.0,0.0,0.0,0.0,3900.0,0.0,0.0,gnn,0.9941137798608867,0.729757184835224,0.15,25.52730025756463,-0.011499328197341363,,0.0,1.2627284000071304,-4.3411469630379086e-16,cons__gnn,cons__gnn,jam,0.75,3,0
consensus,gnn,20,60,ring_plus,-14.677246474778833,14.677246474778833,0.7378169675877431,5640,0.0,0.723404255319149,0.0,0.0,5640.0,1560.0,0.2765957446808511,0.7234042553191489,49920.0,32.0,0.0,1560.0,0.0,0.0,0.0,4080.0,0.0,0.0,gnn,0.9903378558443178,0.816404631687818,0.36666666666666664,14.674844667723988,-0.01247783272984524,,0.0,1.3711704029417888,-1.6685486281983725e-16,cons__gnn,cons__gnn,jam,0.75,4,0
consensus,gnn,20,60,ring_plus,-13.375224772497079,13.375224772497079,0.6698294217749573,6360,0.0,0.7169811320754716,0.0,0.0,6360.0,1800.0,0.2830188679245283,0.7169811320754718,57600.0,32.0,0.0,1800.0,0.0,0.0,0.0,4560.0,0.0,0.0,gnn,0.9955375184066748,0.549915249064465,0.31666666666666665,13.375209546804056,-0.03167650136956152,,0.0,1.6160985120576443,3.4135284035789766e-16,cons__gnn,cons__gnn,jam,0.75,5,0
consensus,gnn,20,60,ring_plus,-16.188589805412736,16.188589805412736,0.8313017309906086,4680,0.0,0.8076923076923077,0.0,0.0,4680.0,900.0,0.19230769230769232,0.8076923076923077,28800.0,32.0,0.0,900.0,0.0,0.0,0.0,3780.0,0.0,0.0,gnn,0.9923781698143619,0.9604001861249898,0.7,15.68773711105183,-0.08027573238411598,,0.0,0.9450014459069909,-3.5551152606263237e-16,cons__gnn,cons__gnn,jam,0.75,6,0
consensus,gnn,20,60,ring_plus,-16.811575477549788,16.811575477549788,0.9077953208826626,6480,0.0,0.7222222222222222,0.0,0.0,6480.0,1800.0,0.2777777777777778,0.7222222222222222,57600.0,32.0,0.0,1800.0,0.0,0.0,0.0,4680.0,0.0,0.0,gnn,0.9957989169410206,0.9820453990750397,0.7,16.69261412565854,-0.04102549956300976,,0.0,2.218617553571293,-7.007142901653366e-16,cons__gnn,cons__gnn,jam,0.75,7,0
consensus,gnn,20,60,ring_plus,-12.915228765527145,12.915228765527145,0.6457699279519511,4200,0.0,0.7571428571428571,0.0,0.0,4200.0,1020.0,0.24285714285714285,0.7571428571428571,32640.0,32.0,0.0,1020.0,0.0,0.0,0.0,3180.0,0.0,0.0,gnn,0.9970750513154453,0.6924674728009774,0.23333333333333334,12.905482395105315,-0.01010688510217553,,0.0,0.7964836768628718,-1.3346272666746056e-17,cons__gnn,cons__gnn,jam,0.75,8,0
consensus,gnn,20,60,ring_plus,-11.599028791113,11.599028791113,0.5925581246052009,5280,0.0,0.75,0.0,0.0,5280.0,1320.0,0.25,0.75,42240.0,32.0,0.0,1320.0,0.0,0.0,0.0,3960.0,0.0,0.0,gnn,0.9780998795643514,0.6597365733380716,0.2,11.494581043578577,-0.05258330564787016,,0.0,0.9413291035084279,-5.307638482904972e-16,cons__gnn,cons__gnn,jam,0.75,9,0
consensus,gnn,20,60,ring_plus,-2.1619885071771935e-06,2.1619885071771935e-06,0.00014488129903707518,5040,0.0,0.0,0.0,0.0,5040.0,5040.0,1.0,0.0,161280.0,32.0,0.0,5040.0,0.0,0.0,0.0,0.0,0.0,0.0,gnn,0.7716980928789048,0.9887795179532384,1.0,8.402774885392682e-06,-0.1817866851316826,15.0,1.0,1.399646125476325,1.3996461254763248,cons__gnn,cons__gnn,byzantine,0.0,0,0
consensus,gnn,20,60,ring_plus,-4.1029361711807455e-05,4.1029361711807455e-05,0.00027258948205885437,5400,0.0,0.0,0.0,0.0,5400.0,5400.0,1.0,0.0,172800.0,32.0,0.0,5400.0,0.0,0.0,0.0,0.0,0.0,0.0,gnn,0.8003918231296817,0.9981810946224654,1.0,0.000163618741679686,-0.2847025318814981,21.0,1.0,1.320493917398932,1.320493917398932,cons__gnn,cons__gnn,byzantine,0.0,1,0
consensus,gnn,20,60,ring_plus,-3.9815794189243615e-07,3.9815794189243615e-07,0.0007681164692464576,6120,0.0,0.0,0.0,0.0,6120.0,6120.0,1.0,0.0,195840.0,32.0,0.0,6120.0,0.0,0.0,0.0,0.0,0.0,0.0,gnn,0.733014224296394,0.997581612877687,1.0,3.3942042155965032e-06,-0.3046854128467139,18.0,1.0,1.55469612182113,1.5546961218211295,cons__gnn,cons__gnn,byzantine,0.0,2,0
consensus,gnn,20,60,ring_plus,-0.00015590849899644647,0.00015590849899644647,0.00808678570562165,5040,0.0,0.0,0.0,0.0,5040.0,5040.0,1.0,0.0,161280.0,32.0,0.0,5040.0,0.0,0.0,0.0,0.0,0.0,0.0,gnn,0.8031690394436141,0.9647074600574072,1.0,0.0008370551393784543,-0.43744071620591707,31.0,1.0,1.2627284000071304,1.2627284000071306,cons__gnn,cons__gnn,byzantine,0.0,3,0
consensus,gnn,20,60,ring_plus,-2.3999370895052265e-05,2.3999370895052265e-05,0.0016889247934201487,5640,0.0,0.0,0.0,0.0,5640.0,5640.0,1.0,0.0,180480.0,32.0,0.0,5640.0,0.0,0.0,0.0,0.0,0.0,0.0,gnn,0.8040074711039195,0.9955771506417391,1.0,8.774867046694536e-05,-0.25709820731997757,18.0,1.0,1.3711704029417888,1.3711704029417888,cons__gnn,cons__gnn,byzantine,0.0,4,0
consensus,gnn,20,60,ring_plus,-1.3736049400047636e-05,1.3736049400047636e-05,0.008164554723124016,6360,0.0,0.0,0.0,0.0,6360.0,6360.0,1.0,0.0,203520.0,32.0,0.0,6360.0,0.0,0.0,0.0,0.0,0.0,0.0,gnn,0.7856349809078071,0.9980685973699038,1.0,6.001273171199749e-05,-0.2545966853103562,20.0,1.0,1.6160985120576443,1.616098512057644,cons__gnn,cons__gnn,byzantine,0.0,5,0
consensus,gnn,20,60,ring_plus,-0.001394341040737634,0.001394341040737634,0.0009138973377482781,4680,0.0,0.0,0.0,0.0,4680.0,4680.0,1.0,0.0,149760.0,32.0,0.0,4680.0,0.0,0.0,0.0,0.0,0.0,0.0,gnn,0.8348769460272564,0.9534291825521003,1.0,0.004326771528360476,-0.3500623234569826,35.0,1.0,0.9450014459069909,0.9450014459069908,cons__gnn,cons__gnn,byzantine,0.0,6,0
consensus,gnn,20,60,ring_plus,-5.369172324656454e-07,5.369172324656454e-07,0.00875547686752761,6480,0.0,0.0,0.0,0.0,6480.0,6480.0,1.0,0.0,207360.0,32.0,0.0,6480.0,0.0,0.0,0.0,0.0,0.0,0.0,gnn,0.7479246146514705,0.9941099801999367,1.0,3.1684361700384576e-06,-0.321218415240219,14.0,1.0,2.218617553571293,2.218617553571293,cons__gnn,cons__gnn,byzantine,0.0,7,0
consensus,gnn,20,60,ring_plus,-0.0007980808523245528,0.0007980808523245528,0.0015144035514309555,4200,0.0,0.0,0.0,0.0,4200.0,4200.0,1.0,0.0,134400.0,32.0,0.0,4200.0,0.0,0.0,0.0,0.0,0.0,0.0,gnn,0.8648712985820947,0.987625314278933,1.0,0.0017849934826362115,-0.22534739651342256,22.0,1.0,0.7964836768628718,0.7964836768628717,cons__gnn,cons__gnn,byzantine,0.0,8,0
consensus,gnn,20,60,ring_plus,-0.00012206429590212316,0.00012206429590212316,0.003952430454325682,5280,0.0,0.0,0.0,0.0,5280.0,5280.0,1.0,0.0,168960.0,32.0,0.0,5280.0,0.0,0.0,0.0,0.0,0.0,0.0,gnn,0.8312942915326621,0.9706391864868461,1.0,0.00029749541881306756,-0.2458984177614884,15.0,1.0,0.9413291035084279,0.9413291035084281,cons__gnn,cons__gnn,byzantine,0.0,9,0
consensus,gnn,20,60,ring_plus,-0.004308473722751137,0.004308473722751137,0.0003457014680920055,5040,0.0,0.0,0.0,0.0,5040.0,5040.0,1.0,0.0,161280.0,32.0,0.0,5040.0,0.0,0.0,0.0,0.0,0.0,0.0,gnn,0.8327521706568847,0.874573856783277,0.7333333333333333,0.01113998267887014,-0.18171491326944522,16.0,1.0,1.399646125476325,1.3996461254763248,cons__gnn,cons__gnn,byzantine,0.1,0,0
consensus,gnn,20,60,ring_plus,-0.01252592140993615,0.01252592140993615,0.0032888510899449753,5400,0.0,0.0,0.0,0.0,5400.0,5400.0,1.0,0.0,172800.0,32.0,0.0,5400.0,0.0,0.0,0.0,0.0,0.0,0.0,gnn,0.84993648678702,0.8715736903323056,0.8,0.0061419064556553875,-0.28449445034736104,18.0,1.0,1.320493917398932,1.320493917398932,cons__gnn,cons__gnn,byzantine,0.1,1,0
consensus,gnn,20,60,ring_plus,-0.006699369239726617,0.006699369239726617,0.005862479775073698,6120,0.0,0.0,0.0,0.0,6120.0,6120.0,1.0,0.0,195840.0,32.0,0.0,6120.0,0.0,0.0,0.0,0.0,0.0,0.0,gnn,0.8325632940996235,0.9251830764408058,0.75,0.008283645816287204,-0.30457376332868413,21.0,1.0,1.55469612182113,1.5546961218211295,cons__gnn,cons__gnn,byzantine,0.1,2,0
consensus,gnn,20,60,ring_plus,-0.013700696995714714,0.013700696995714714,0.08532841313070053,5040,0.0,0.0,0.0,0.0,5040.0,5040.0,1.0,0.0,161280.0,32.0,0.0,5040.0,0.0,0.0,0.0,0.0,0.0,0.0,gnn,0.8461748359242909,0.980045527610648,0.8666666666666667,0.023817727379122088,-0.43721496973097174,25.0,1.0,1.2627284000071304,1.2627284000071306,cons__gnn,cons__gnn,byzantine,0.1,3,0
consensus,gnn,20,60,ring_plus,-0.002380713189445921,0.002380713189445921,0.0031215924629099845,5640,0.0,0.0,0.0,0.0,5640.0,5640.0,1.0,0.0,180480.0,32.0,0.0,5640.0,0.0,0.0,0.0,0.0,0.0,0.0,gnn,0.8607953107935692,0.9393957671780649,0.8,0.008229489198949808,-0.25705892875633507,24.0,1.0,1.3711704029417888,1.3711704029417888,cons__gnn,cons__gnn,byzantine,0.1,4,0
consensus,gnn,20,60,ring_plus,-0.007795020204421271,0.007795020204421271,0.001695082370900138,6360,0.0,0.0,0.0,0.0,6360.0,6360.0,1.0,0.0,203520.0,32.0,0.0,6360.0,0.0,0.0,0.0,0.0,0.0,0.0,gnn,0.8521659548966899,0.7468642089799771,0.8,0.008769448796860306,-0.25446699724110583,14.0,1.0,1.6160985120576443,1.616098512057644,cons__gnn,cons__gnn,byzantine,0.1,5,0
consensus,gnn,20,60,ring_plus,-0.022964524752006433,0.022964524752006433,0.0027414583948352834,4680,0.0,0.0,0.0,0.0,4680.0,4680.0,1.0,0.0,149760.0,32.0,0.0,4680.0,0.0,0.0,0.0,0.0,0.0,0.0,gnn,0.8417366388939871,0.9758558640469959,0.9,0.008621606844905655,-0.3497028203951281,30.0,1.0,0.9450014459069909,0.9450014459069908,cons__gnn,cons__gnn,byzantine,0.1,6,0
consensus,gnn,20,60,ring_plus,-0.0037501625046027767,0.0037501625046027767,0.004043142981087241,6480,0.0,0.0,0.0,0.0,6480.0,6480.0,1.0,0.0,207360.0,32.0,0.0,6480.0,0.0,0.0,0.0,0.0,0.0,0.0,gnn,0.8185853507033525,0.8246149587064657,0.7666666666666667,0.018386440871186398,-0.32115592148042954,14.0,1.0,2.218617553571293,2.218617553571293,cons__gnn,cons__gnn,byzantine,0.1,7,0
consensus,gnn,20,60,ring_plus,-0.02135734074321028,0.02135734074321028,0.006538578784941648,4200,0.0,0.0,0.0,0.0,4200.0,4200.0,1.0,0.0,134400.0,32.0,0.0,4200.0,0.0,0.0,0.0,0.0,0.0,0.0,gnn,0.8360471853588978,0.8705118666039694,0.7,0.03921784606528294,-0.22500474218190777,13.0,1.0,0.7964836768628718,0.7964836768628717,cons__gnn,cons__gnn,byzantine,0.1,8,0
consensus,gnn,20,60,ring_plus,-0.006004847330458799,0.006004847330458799,0.00046839803347560675,5280,0.0,0.0,0.0,0.0,5280.0,5280.0,1.0,0.0,168960.0,32.0,0.0,5280.0,0.0,0.0,0.0,0.0,0.0,0.0,gnn,0.8989210486010075,0.774246387003508,0.85,0.024404282628576784,-0.24580037137757918,20.0,1.0,0.9413291035084279,0.9413291035084281,cons__gnn,cons__gnn,byzantine,0.1,9,0
consensus,gnn,20,60,ring_plus,-0.03542315627356307,0.03542315627356307,0.005980638745682835,5040,0.0,0.0,0.0,0.0,5040.0,5040.0,1.0,0.0,161280.0,32.0,0.0,5040.0,0.0,0.0,0.0,0.0,0.0,0.0,gnn,0.8976543377886191,0.7819382787920425,0.6833333333333333,0.020177165807454246,-0.18119633522693174,23.0,1.0,1.399646125476325,1.3996461254763248,cons__gnn,cons__gnn,byzantine,0.25,0,0
consensus,gnn,20,60,ring_plus,-0.024746863162275347,0.024746863162275347,0.0024622304109807713,5400,0.0,0.0,0.0,0.0,5400.0,5400.0,1.0,0.0,172800.0,32.0,0.0,5400.0,0.0,0.0,0.0,0.0,0.0,0.0,gnn,0.8515763378493291,0.9051873474283488,0.8,0.05937197985787796,-0.2842907679848221,25.0,1.0,1.320493917398932,1.320493917398932,cons__gnn,cons__gnn,byzantine,0.25,1,0
consensus,gnn,20,60,ring_plus,-0.027601569529341632,0.027601569529341632,0.0016344466459207122,6120,0.0,0.0,0.0,0.0,6120.0,6120.0,1.0,0.0,195840.0,32.0,0.0,6120.0,0.0,0.0,0.0,0.0,0.0,0.0,gnn,0.8514488441530843,0.8840803240031171,0.7666666666666667,0.02667830246155734,-0.3042253933238572,24.0,1.0,1.55469612182113,1.5546961218211295,cons__gnn,cons__gnn,byzantine,0.25,2,0
consensus,gnn,20,60,ring_plus,-0.07508610988885261,0.07508610988885261,0.09435740784429256,5040,0.0,0.0,0.0,0.0,5040.0,5040.0,1.0,0.0,161280.0,32.0,0.0,5040.0,0.0,0.0,0.0,0.0,0.0,0.0,gnn,0.8882404109013757,0.9054296972638384,0.7666666666666667,0.042152573093741284,-0.436191879516086,26.0,1.0,1.2627284000071304,1.2627284000071306,cons__gnn,cons__gnn,byzantine,0.25,3,0
consensus,gnn,20,60,ring_plus,-0.09483514042283625,0.09483514042283625,0.005181778456245859,5640,0.0,0.0,0.0,0.0,5640.0,5640.0,1.0,0.0,180480.0,32.0,0.0,5640.0,0.0,0.0,0.0,0.0,0.0,0.0,gnn,0.8576877865482074,0.9019257557950751,0.7166666666666667,0.05212570867199962,-0.2555180216357785,21.0,1.0,1.3711704029417888,1.3711704029417888,cons__gnn,cons__gnn,byzantine,0.25,4,0
consensus,gnn,20,60,ring_plus,-0.06308616144338161,0.06308616144338161,0.0032195691458151007,6360,0.0,0.0,0.0,0.0,6360.0,6360.0,1.0,0.0,203520.0,32.0,0.0,6360.0,0.0,0.0,0.0,0.0,0.0,0.0,gnn,0.9512919893421322,0.31222870943526326,0.55,0.39643157077920926,-0.2535454782204565,18.0,1.0,1.6160985120576443,1.616098512057644,cons__gnn,cons__gnn,byzantine,0.25,5,0
consensus,gnn,20,60,ring_plus,-0.08894094483225393,0.08894094483225393,0.004742452273699035,4680,0.0,0.0,0.0,0.0,4680.0,4680.0,1.0,0.0,149760.0,32.0,0.0,4680.0,0.0,0.0,0.0,0.0,0.0,0.0,gnn,0.8975205453546871,0.9280131132668662,0.8166666666666667,0.1349657325799423,-0.34860321339379063,39.0,1.0,0.9450014459069909,0.9450014459069908,cons__gnn,cons__gnn,byzantine,0.25,6,0
consensus,gnn,20,60,ring_plus,-0.03534792007123596,0.03534792007123596,0.18714576102393063,6480,0.0,0.0,0.0,0.0,6480.0,6480.0,1.0,0.0,207360.0,32.0,0.0,6480.0,0.0,0.0,0.0,0.0,0.0,0.0,gnn,0.885233349112838,0.8298139524115701,0.7,0.043445164247311326,-0.3206292921876522,17.0,1.0,2.218617553571293,2.218617553571293,cons__gnn,cons__gnn,byzantine,0.25,7,0
consensus,gnn,20,60,ring_plus,-0.01211806602981415,0.01211806602981415,0.004876983820213945,4200,0.0,0.0,0.0,0.0,4200.0,4200.0,1.0,0.0,134400.0,32.0,0.0,4200.0,0.0,0.0,0.0,0.0,0.0,0.0,gnn,0.894547285215467,0.9184212528232372,0.7166666666666667,0.024050676704202953,-0.22515873009379772,27.0,1.0,0.7964836768628718,0.7964836768628717,cons__gnn,cons__gnn,byzantine,0.25,8,0
consensus,gnn,20,60,ring_plus,-0.019055860719301116,0.019055860719301116,0.00178898352294099,5280,0.0,0.0,0.0,0.0,5280.0,5280.0,1.0,0.0,168960.0,32.0,0.0,5280.0,0.0,0.0,0.0,0.0,0.0,0.0,gnn,0.9092325664595372,0.8017146130821527,0.75,0.06371786459323885,-0.24558285448776512,28.0,1.0,0.9413291035084279,0.9413291035084281,cons__gnn,cons__gnn,byzantine,0.25,9,0
consensus,gnn,20,60,ring_plus,-0.3722306894404232,0.3722306894404232,0.024698475533433316,5040,0.0,0.0,0.0,0.0,5040.0,5040.0,1.0,0.0,161280.0,32.0,0.0,5040.0,0.0,0.0,0.0,0.0,0.0,0.0,gnn,0.9507210310541248,0.5333565013374384,0.6166666666666667,0.24896654053635944,-0.1755828763408174,51.0,1.0,1.399646125476325,1.3996461254763248,cons__gnn,cons__gnn,byzantine,0.5,0,0
consensus,gnn,20,60,ring_plus,-0.36813379105978783,0.36813379105978783,0.047397465214547164,5400,0.0,0.0,0.0,0.0,5400.0,5400.0,1.0,0.0,172800.0,32.0,0.0,5400.0,0.0,0.0,0.0,0.0,0.0,0.0,gnn,0.9353301692329281,0.8057315599407326,0.7,0.38882507644785963,-0.2785676525198635,53.0,1.0,1.320493917398932,1.320493917398932,cons__gnn,cons__gnn,byzantine,0.5,1,0
consensus,gnn,20,60,ring_plus,-0.534081302427798,0.534081302427798,0.06947990528780103,6120,0.0,0.0,0.0,0.0,6120.0,6120.0,1.0,0.0,195840.0,32.0,0.0,6120.0,0.0,0.0,0.0,0.0,0.0,0.0,gnn,0.9232460614208945,0.6424899608526361,0.6333333333333333,0.41372713279594703,-0.29578406444221617,21.0,1.0,1.55469612182113,1.5546961218211295,cons__gnn,cons__gnn,byzantine,0.5,2,0
consensus,gnn,20,60,ring_plus,-1.7416916754300742,1.7416916754300742,0.09851477238516193,5040,0.0,0.0,0.0,0.0,5040.0,5040.0,1.0,0.0,161280.0,32.0,0.0,5040.0,0.0,0.0,0.0,0.0,0.0,0.0,gnn,0.9605844523501963,0.9295942395609699,0.7333333333333333,2.228751759894451,-0.40841512009039904,,0.0,1.2627284000071304,1.2627284000071306,cons__gnn,cons__gnn,byzantine,0.5,3,0
consensus,gnn,20,60,ring_plus,-0.3883024817299654,0.3883024817299654,0.11205087872293636,5640,0.0,0.0,0.0,0.0,5640.0,5640.0,1.0,0.0,180480.0,32.0,0.0,5640.0,0.0,0.0,0.0,0.0,0.0,0.0,gnn,0.7169244973348615,0.9587387570302328,0.5833333333333334,1.0038179870592778,-0.2506268992806597,,0.0,1.3711704029417888,1.3711704029417888,cons__gnn,cons__gnn,byzantine,0.5,4,0
consensus,gnn,20,60,ring_plus,-0.81301240211588,0.81301240211588,0.041587957168161806,6360,0.0,0.0,0.0,0.0,6360.0,6360.0,1.0,0.0,203520.0,32.0,0.0,6360.0,0.0,0.0,0.0,0.0,0.0,0.0,gnn,0.9780360295921006,0.2286745022587251,0.6166666666666667,0.9346820186318933,-0.24104670754258153,,0.0,1.6160985120576443,1.616098512057644,cons__gnn,cons__gnn,byzantine,0.5,5,0
consensus,gnn,20,60,ring_plus,-1.633938301069617,1.633938301069617,0.09349213639475785,4680,0.0,0.0,0.0,0.0,4680.0,4680.0,1.0,0.0,149760.0,32.0,0.0,4680.0,0.0,0.0,0.0,0.0,0.0,0.0,gnn,0.9183332176086371,0.7784437172741757,0.6833333333333333,2.2489509704385964,-0.3228532574565012,,0.0,0.9450014459069909,0.9450014459069908,cons__gnn,cons__gnn,byzantine,0.5,6,0
consensus,gnn,20,60,ring_plus,-1.025601553257395,1.025601553257395,0.2728019256789186,6480,0.0,0.0,0.0,0.0,6480.0,6480.0,1.0,0.0,207360.0,32.0,0.0,6480.0,0.0,0.0,0.0,0.0,0.0,0.0,gnn,0.9014104988860393,0.8347568778059471,0.5833333333333334,1.1610398011659289,-0.3041250649678829,39.0,1.0,2.218617553571293,2.218617553571293,cons__gnn,cons__gnn,byzantine,0.5,7,0
consensus,gnn,20,60,ring_plus,-0.1664957542216773,0.1664957542216773,0.008619230486616723,4200,0.0,0.0,0.0,0.0,4200.0,4200.0,1.0,0.0,134400.0,32.0,0.0,4200.0,0.0,0.0,0.0,0.0,0.0,0.0,gnn,0.9711231942057096,0.29876432250284635,0.6,0.41742565156698525,-0.22258576862393337,,0.0,0.7964836768628718,0.7964836768628717,cons__gnn,cons__gnn,byzantine,0.5,8,0
consensus,gnn,20,60,ring_plus,-0.637939324239844,0.637939324239844,0.04292885859705658,5280,0.0,0.0,0.0,0.0,5280.0,5280.0,1.0,0.0,168960.0,32.0,0.0,5280.0,0.0,0.0,0.0,0.0,0.0,0.0,gnn,0.9189924803777045,0.7018661968277138,0.5166666666666667,0.8098125403242672,-0.2352681300957561,27.0,1.0,0.9413291035084279,0.9413291035084281,cons__gnn,cons__gnn,byzantine,0.5,9,0
consensus,reco,20,60,ring_plus,-0.00851207467040009,0.00851207467040009,0.0004340770872938251,5040,0.0,0.0,0.0,0.0,5040.0,5040.0,1.0,0.0,161280.0,32.0,0.0,5040.0,0.0,0.0,0.0,0.0,0.0,0.0,reco,0.8911024792486075,0.9872936322686305,1.0,0.014386542208800772,-0.1816448532536511,33.0,1.0,1.399646125476325,1.3996461254763248,cons__reco,cons__reco,msg_drop,0.0,0,0
consensus,reco,20,60,ring_plus,-0.04297828951889143,0.04297828951889143,0.027664809377183224,5400,0.0,0.0,0.0,0.0,5400.0,5400.0,1.0,0.0,172800.0,32.0,0.0,5400.0,0.0,0.0,0.0,0.0,0.0,0.0,reco,0.9081438828781239,0.9882707371676687,1.0,0.06700868951394197,-0.2839869108788785,42.0,1.0,1.320493917398932,1.320493917398932,cons__reco,cons__reco,msg_drop,0.0,1,0
consensus,reco,20,60,ring_plus,-0.010444314635784789,0.010444314635784789,0.001340921586707212,6120,0.0,0.0,0.0,0.0,6120.0,6120.0,1.0,0.0,195840.0,32.0,0.0,6120.0,0.0,0.0,0.0,0.0,0.0,0.0,reco,0.8865858769616057,0.9926584079731978,1.0,0.019271114708411953,-0.3045113475720831,33.0,1.0,1.55469612182113,1.5546961218211295,cons__reco,cons__reco,msg_drop,0.0,2,0
consensus,reco,20,60,ring_plus,-0.038916044447765294,0.038916044447765294,0.010053799360391667,5040,0.0,0.0,0.0,0.0,5040.0,5040.0,1.0,0.0,161280.0,32.0,0.0,5040.0,0.0,0.0,0.0,0.0,0.0,0.0,reco,0.900592732751324,0.9939735911110833,1.0,0.06686803785142491,-0.4367947139401043,40.0,1.0,1.2627284000071304,1.2627284000071306,cons__reco,cons__reco,msg_drop,0.0,3,0
consensus,reco,20,60,ring_plus,-0.01611567802585392,0.01611567802585392,0.004276499590814791,5640,0.0,0.0,0.0,0.0,5640.0,5640.0,1.0,0.0,180480.0,32.0,0.0,5640.0,0.0,0.0,0.0,0.0,0.0,0.0,reco,0.8976476431314317,0.9786058765429498,1.0,0.02592414115038663,-0.25683001267572825,33.0,1.0,1.3711704029417888,1.3711704029417888,cons__reco,cons__reco,msg_drop,0.0,4,0
consensus,reco,20,60,ring_plus,-0.025794372513068962,0.025794372513068962,0.004140436130291881,6360,0.0,0.0,0.0,0.0,6360.0,6360.0,1.0,0.0,203520.0,32.0,0.0,6360.0,0.0,0.0,0.0,0.0,0.0,0.0,reco,0.9012474419915016,0.9951174460535895,1.0,0.043974012521267675,-0.2541670080359617,41.0,1.0,1.6160985120576443,1.616098512057644,cons__reco,cons__reco,msg_drop,0.0,5,0
consensus,reco,20,60,ring_plus,-0.016584354108769853,0.016584354108769853,0.02662999467904035,4680,0.0,0.0,0.0,0.0,4680.0,4680.0,1.0,0.0,149760.0,32.0,0.0,4680.0,0.0,0.0,0.0,0.0,0.0,0.0,reco,0.891651175084495,0.9756236375559071,1.0,0.02583418938055568,-0.3498091565725155,31.0,1.0,0.9450014459069909,0.9450014459069908,cons__reco,cons__reco,msg_drop,0.0,6,0
consensus,reco,20,60,ring_plus,-0.003101793905864215,0.003101793905864215,0.00036916055417152746,6480,0.0,0.0,0.0,0.0,6480.0,6480.0,1.0,0.0,207360.0,32.0,0.0,6480.0,0.0,0.0,0.0,0.0,0.0,0.0,reco,0.8663012170941383,0.9951715943205027,1.0,0.006464743618495087,-0.3211667276237419,28.0,1.0,2.218617553571293,2.218617553571293,cons__reco,cons__reco,msg_drop,0.0,7,0
consensus,reco,20,60,ring_plus,-0.06801013163305801,0.06801013163305801,0.007809006923577344,4200,0.0,0.0,0.0,0.0,4200.0,4200.0,1.0,0.0,134400.0,32.0,0.0,4200.0,0.0,0.0,0.0,0.0,0.0,0.0,reco,0.9253767995166333,0.9419629836188614,1.0,0.09056731539153885,-0.22422719566707697,47.0,1.0,0.7964836768628718,0.7964836768628717,cons__reco,cons__reco,msg_drop,0.0,8,0
consensus,reco,20,60,ring_plus,-0.03263843783496566,0.03263843783496566,0.0017052727126170297,5280,0.0,0.0,0.0,0.0,5280.0,5280.0,1.0,0.0,168960.0,32.0,0.0,5280.0,0.0,0.0,0.0,0.0,0.0,0.0,reco,0.908690689968099,0.9540190033715124,1.0,0.04531952449820049,-0.24535647820250409,36.0,1.0,0.9413291035084279,0.9413291035084281,cons__reco,cons__reco,msg_drop,0.0,9,0
consensus,reco,20,60,ring_plus,-0.00829074048135112,0.00829074048135112,0.0004737192164658213,5040,0.0,0.10277777777777777,0.0,0.0,5040.0,4522.0,0.8972222222222223,0.10277777777777775,144704.0,32.0,0.0,4522.0,0.0,0.0,518.0,0.0,0.0,0.0,reco,0.8911770997002565,0.9870069488460543,1.0,0.014035262080178718,-0.18164854215680196,33.0,1.0,1.399646125476325,1.3458235410014037,cons__reco,cons__reco,msg_drop,0.1,0,0
consensus,reco,20,60,ring_plus,-0.046957422628350697,0.046957422628350697,0.02620581013639487,5400,0.0,0.1037037037037037,0.0,0.0,5400.0,4840.0,0.8962962962962963,0.10370370370370374,154880.0,32.0,0.0,4840.0,0.0,0.0,560.0,0.0,0.0,0.0,reco,0.9100871852616674,0.9870169563626816,1.0,0.07262642266823192,-0.2839205919937208,43.0,1.0,1.320493917398932,1.2572950674741608,cons__reco,cons__reco,msg_drop,0.1,1,0
consensus,reco,20,60,ring_plus,-0.010929649968220254,0.010929649968220254,0.001131402824299341,6120,0.0,0.10326797385620914,0.0,0.0,6120.0,5488.0,0.8967320261437909,0.10326797385620912,175616.0,32.0,0.0,5488.0,0.0,0.0,632.0,0.0,0.0,0.0,reco,0.8876958232294907,0.9924353624916392,1.0,0.02010765069604808,-0.3045032586498759,33.0,1.0,1.55469612182113,1.5299830364930147,cons__reco,cons__reco,msg_drop,0.1,2,0
consensus,reco,20,60,ring_plus,-0.03928657263171257,0.03928657263171257,0.011588582410384188,5040,0.0,0.09345238095238095,0.0,0.0,5040.0,4569.0,0.906547619047619,0.09345238095238095,146208.0,32.0,0.0,4569.0,0.0,0.0,471.0,0.0,0.0,0.0,reco,0.9009092791575567,0.9923327614878896,1.0,0.06700319131369296,-0.43678853847037175,40.0,1.0,1.2627284000071304,1.2353733719202542,cons__reco,cons__reco,msg_drop,0.1,3,0
consensus,reco,20,60,ring_plus,-0.015354592685774928,0.015354592685774928,0.0037346282119955334,5640,0.0,0.1026595744680851,0.0,0.0,5640.0,5061.0,0.8973404255319148,0.10265957446808516,161952.0,32.0,0.0,5061.0,0.0,0.0,579.0,0.0,0.0,0.0,reco,0.8969691561761871,0.9779587006078635,1.0,0.024977469692997994,-0.25684269743139626,33.0,1.0,1.3711704029417888,1.3207138697044611,cons__reco,cons__reco,msg_drop,0.1,4,0
consensus,reco,20,60,ring_plus,-0.02771254389679858,0.02771254389679858,0.004539586422754145,6360,0.0,0.09827044025157233,0.0,0.0,6360.0,5735.0,0.9017295597484277,0.09827044025157228,183520.0,32.0,0.0,5735.0,0.0,0.0,625.0,0.0,0.0,0.0,reco,0.9028108789051565,0.9951055148655893,1.0,0.04814430120427964,-0.2541350385128995,42.0,1.0,1.6160985120576443,1.583621832579197,cons__reco,cons__reco,msg_drop,0.1,5,0
consensus,reco,20,60,ring_plus,-0.015377249024076152,0.015377249024076152,0.026942214567262722,4680,0.0,0.09658119658119659,0.0,0.0,4680.0,4228.0,0.9034188034188034,0.09658119658119657,135296.0,32.0,0.0,4228.0,0.0,0.0,452.0,0.0,0.0,0.0,reco,0.8908103898400901,0.9760428818095669,1.0,0.024193690085073948,-0.3498292749905936,30.0,1.0,0.9450014459069909,0.8957994866615863,cons__reco,cons__reco,msg_drop,0.1,6,0
consensus,reco,20,60,ring_plus,-0.0030637233577367807,0.0030637233577367807,0.00029396698597395217,6480,0.0,0.10030864197530864,0.0,0.0,6480.0,5830.0,0.8996913580246914,0.10030864197530864,186560.0,32.0,0.0,5830.0,0.0,0.0,650.0,0.0,0.0,0.0,reco,0.8656852250933591,0.9942720806097549,1.0,0.00625240982438897,-0.32116736213287733,28.0,1.0,2.218617553571293,2.1395397467772024,cons__reco,cons__reco,msg_drop,0.1,7,0
consensus,reco,20,60,ring_plus,-0.07007990807625392,0.07007990807625392,0.008504843498231414,4200,0.0,0.10809523809523809,0.0,0.0,4200.0,3746.0,0.8919047619047619,0.10809523809523813,119872.0,32.0,0.0,3746.0,0.0,0.0,454.0,0.0,0.0,0.0,reco,0.925616706525559,0.943844982143471,1.0,0.09335049468632062,-0.22419269939302372,47.0,1.0,0.7964836768628718,0.7332449500908755,cons__reco,cons__reco,msg_drop,0.1,8,0
consensus,reco,20,60,ring_plus,-0.03119324052748199,0.03119324052748199,0.001627898995836562,5280,0.0,0.10340909090909091,0.0,0.0,5280.0,4734.0,0.8965909090909091,0.1034090909090909,151488.0,32.0,0.0,4734.0,0.0,0.0,546.0,0.0,0.0,0.0,reco,0.9076159676148625,0.9564865861645655,1.0,0.043393557949811944,-0.24538056482429543,35.0,1.0,0.9413291035084279,0.9246306127261071,cons__reco,cons__reco,msg_drop,0.1,9,0
consensus,reco,20,60,ring_plus,-0.009970652180773521,0.009970652180773521,0.0008480687155526438,5040,0.0,0.29543650793650794,0.0,0.0,5040.0,3551.0,0.7045634920634921,0.2954365079365079,113632.0,32.0,0.0,3551.0,0.0,0.0,1489.0,0.0,0.0,0.0,reco,0.8946877105783979,0.985191195345443,1.0,0.017105224056633814,-0.1816205436284782,34.0,1.0,1.399646125476325,0.9593085927552825,cons__reco,cons__reco,msg_drop,0.3,0,0
consensus,reco,20,60,ring_plus,-0.05053095251852009,0.05053095251852009,0.019337095214646507,5400,0.0,0.3042592592592593,0.0,0.0,5400.0,3757.0,0.6957407407407408,0.30425925925925923,120224.0,32.0,0.0,3757.0,0.0,0.0,1643.0,0.0,0.0,0.0,reco,0.9114597966502788,0.9829741637481961,1.0,0.07670912334728189,-0.283861033162218,44.0,1.0,1.320493917398932,0.8757031879896017,cons__reco,cons__reco,msg_drop,0.3,1,0
consensus,reco,20,60,ring_plus,-0.01020493050790672,0.01020493050790672,0.001378893695020941,6120,0.0,0.30637254901960786,0.0,0.0,6120.0,4245.0,0.6936274509803921,0.30637254901960786,135840.0,32.0,0.0,4245.0,0.0,0.0,1875.0,0.0,0.0,0.0,reco,0.8862324981557929,0.995085773614188,1.0,0.019175639644273487,-0.30451533730754776,34.0,1.0,1.55469612182113,1.2029979528235235,cons__reco,cons__reco,msg_drop,0.3,2,0
consensus,reco,20,60,ring_plus,-0.042898584836652424,0.042898584836652424,0.005970222276348082,5040,0.0,0.2871031746031746,0.0,0.0,5040.0,3593.0,0.7128968253968254,0.2871031746031746,114976.0,32.0,0.0,3593.0,0.0,0.0,1447.0,0.0,0.0,0.0,reco,0.9031946440089105,0.9940813603054869,1.0,0.07569302572828861,-0.4367283382669561,41.0,1.0,1.2627284000071304,0.9577050629098172,cons__reco,cons__reco,msg_drop,0.3,3,0
consensus,reco,20,60,ring_plus,-0.01333466957351321,0.01333466957351321,0.001446295252223986,5640,0.0,0.299822695035461,0.0,0.0,5640.0,3949.0,0.700177304964539,0.299822695035461,126368.0,32.0,0.0,3949.0,0.0,0.0,1691.0,0.0,0.0,0.0,reco,0.8957960714848517,0.9796656594516617,1.0,0.02248621840629927,-0.2568763628166006,32.0,1.0,1.3711704029417888,1.0148743174324646,cons__reco,cons__reco,msg_drop,0.3,4,0
consensus,reco,20,60,ring_plus,-0.022922243697199623,0.022922243697199623,0.0027919137437401537,6360,0.0,0.3007861635220126,0.0,0.0,6360.0,4447.0,0.6992138364779874,0.3007861635220126,142304.0,32.0,0.0,4447.0,0.0,0.0,1913.0,0.0,0.0,0.0,reco,0.8984503875172953,0.9972781880860627,1.0,0.03999970340101574,-0.2542148768495595,41.0,1.0,1.6160985120576443,1.2695270368522074,cons__reco,cons__reco,msg_drop,0.3,5,0
consensus,reco,20,60,ring_plus,-0.021680053191082085,0.021680053191082085,0.024809967479348057,4680,0.0,0.29423076923076924,0.0,0.0,4680.0,3303.0,0.7057692307692308,0.2942307692307692,105696.0,32.0,0.0,3303.0,0.0,0.0,1377.0,0.0,0.0,0.0,reco,0.8965867951068713,0.9737341429729766,1.0,0.03233695405689758,-0.34972422825447685,33.0,1.0,0.9450014459069909,0.6385712146617054,cons__reco,cons__reco,msg_drop,0.3,6,0
consensus,reco,20,60,ring_plus,-0.004260964648260885,0.004260964648260885,0.00030727829277097323,6480,0.0,0.2983024691358025,0.0,0.0,6480.0,4547.0,0.7016975308641975,0.2983024691358025,145504.0,32.0,0.0,4547.0,0.0,0.0,1933.0,0.0,0.0,0.0,reco,0.870843344520354,0.9938499299735833,1.0,0.008394622607281759,-0.3211474081113685,29.0,1.0,2.218617553571293,1.6531050140173542,cons__reco,cons__reco,msg_drop,0.3,7,0
consensus,reco,20,60,ring_plus,-0.06585592210047829,0.06585592210047829,0.004648649678352266,4200,0.0,0.31642857142857145,0.0,0.0,4200.0,2871.0,0.6835714285714286,0.3164285714285714,91872.0,32.0,0.0,2871.0,0.0,0.0,1329.0,0.0,0.0,0.0,reco,0.9222385325363812,0.9548444708894944,1.0,0.08874163689328451,-0.22426309915928663,46.0,1.0,0.7964836768628718,0.4991524113307339,cons__reco,cons__reco,msg_drop,0.3,8,0
consensus,reco,20,60,ring_plus,-0.035346227955116924,0.035346227955116924,0.0022518218729003824,5280,0.0,0.29848484848484846,0.0,0.0,5280.0,3704.0,0.7015151515151515,0.29848484848484846,118528.0,32.0,0.0,3704.0,0.0,0.0,1576.0,0.0,0.0,0.0,reco,0.9086790756336738,0.9606075614548439,1.0,0.0482256050073964,-0.24531134836716822,37.0,1.0,0.9413291035084279,0.7112043835761201,cons__reco,cons__reco,msg_drop,0.3,9,0
consensus,reco,20,60,ring_plus,-0.015330785640816675,0.015330785640816675,0.000802378790977735,5040,0.0,0.49484126984126986,0.0,0.0,5040.0,2546.0,0.5051587301587301,0.49484126984126986,81472.0,32.0,0.0,2546.0,0.0,0.0,2494.0,0.0,0.0,0.0,reco,0.8992313121368346,0.9873290083391906,1.0,0.024731162394365125,-0.18153120807081086,37.0,1.0,1.399646125476325,0.46572623705989064,cons__reco,cons__reco,msg_drop,0.5,0,0
consensus,reco,20,60,ring_plus,-0.055848023616278324,0.055848023616278324,0.020625428936213715,5400,0.0,0.5125925925925926,0.0,0.0,5400.0,2632.0,0.4874074074074074,0.5125925925925926,84224.0,32.0,0.0,2632.0,0.0,0.0,2768.0,0.0,0.0,0.0,reco,0.9123061315585351,0.9795303684370845,1.0,0.08570618683237245,-0.28377241531058867,45.0,1.0,1.320493917398932,0.4429876743775902,cons__reco,cons__reco,msg_drop,0.5,1,0
consensus,reco,20,60,ring_plus,-0.012993957509463422,0.012993957509463422,0.004134360390637523,6120,0.0,0.4980392156862745,0.0,0.0,6120.0,3072.0,0.5019607843137255,0.4980392156862745,98304.0,32.0,0.0,3072.0,0.0,0.0,3048.0,0.0,0.0,0.0,reco,0.8913067275180707,0.9953373207150149,1.0,0.025096590893656803,-0.3044688535241885,35.0,1.0,1.55469612182113,0.6509571682410304,cons__reco,cons__reco,msg_drop,0.5,2,0
consensus,reco,20,60,ring_plus,-0.06094317402614211,0.06094317402614211,0.0032269766515962616,5040,0.0,0.49126984126984125,0.0,0.0,5040.0,2564.0,0.5087301587301587,0.4912698412698413,82048.0,32.0,0.0,2564.0,0.0,0.0,2476.0,0.0,0.0,0.0,reco,0.9060366466276661,0.9942294314405836,1.0,0.09624601604006451,-0.436427595113798,43.0,1.0,1.2627284000071304,0.4408661274809896,cons__reco,cons__reco,msg_drop,0.5,3,0
consensus,reco,20,60,ring_plus,-0.021761113329465207,0.021761113329465207,0.0011280755949985277,5640,0.0,0.4929078014184397,0.0,0.0,5640.0,2860.0,0.5070921985815603,0.4929078014184397,91520.0,32.0,0.0,2860.0,0.0,0.0,2780.0,0.0,0.0,0.0,reco,0.9024712395388581,0.9805494545363906,1.0,0.034926717192801944,-0.2567359220873347,36.0,1.0,1.3711704029417888,0.5340062463253034,cons__reco,cons__reco,msg_drop,0.5,4,0
consensus,reco,20,60,ring_plus,-0.037366751908359794,0.037366751908359794,0.0018683398884477287,6360,0.0,0.4982704402515723,0.0,0.0,6360.0,3191.0,0.5017295597484277,0.4982704402515723,102112.0,32.0,0.0,3191.0,0.0,0.0,3169.0,0.0,0.0,0.0,reco,0.9050151402388459,0.9964656593289215,1.0,0.0598486816431032,-0.25397413504604016,44.0,1.0,1.6160985120576443,0.6971942483963592,cons__reco,cons__reco,msg_drop,0.5,5,0
consensus,reco,20,60,ring_plus,-0.061764865532395706,0.061764865532395706,0.022467135489026614,4680,0.0,0.49572649572649574,0.0,0.0,4680.0,2360.0,0.5042735042735043,0.49572649572649574,75520.0,32.0,0.0,2360.0,0.0,0.0,2320.0,0.0,0.0,0.0,reco,0.9137292218584879,0.9509614313105826,1.0,0.0898377627390025,-0.3490561480487884,40.0,1.0,0.9450014459069909,0.27277121403268756,cons__reco,cons__reco,msg_drop,0.5,6,0
consensus,reco,20,60,ring_plus,-0.006426205491783775,0.006426205491783775,0.00039631388183594007,6480,0.0,0.49382716049382713,0.0,0.0,6480.0,3280.0,0.5061728395061729,0.49382716049382713,104960.0,32.0,0.0,3280.0,0.0,0.0,3200.0,0.0,0.0,0.0,reco,0.877319215938869,0.9911870796365898,1.0,0.011476472384891537,-0.3211113207639764,29.0,1.0,2.218617553571293,0.9086323039632471,cons__reco,cons__reco,msg_drop,0.5,7,0
consensus,reco,20,60,ring_plus,-0.08613904975589193,0.08613904975589193,0.008313477872982566,4200,0.0,0.5102380952380953,0.0,0.0,4200.0,2057.0,0.4897619047619048,0.5102380952380952,65824.0,32.0,0.0,2057.0,0.0,0.0,2143.0,0.0,0.0,0.0,reco,0.9252667213811236,0.9696200083360744,1.0,0.1152967276649326,-0.22392504703169638,51.0,1.0,0.7964836768628718,0.16321375206624472,cons__reco,cons__reco,msg_drop,0.5,8,0
consensus,reco,20,60,ring_plus,-0.07185016119419169,0.07185016119419169,0.003947696813547939,5280,0.0,0.5085227272727273,0.0,0.0,5280.0,2595.0,0.4914772727272727,0.5085227272727273,83040.0,32.0,0.0,2595.0,0.0,0.0,2685.0,0.0,0.0,0.0,reco,0.9196370875773762,0.95419096165104,1.0,0.09325211186639189,-0.2447029494798503,46.0,1.0,0.9413291035084279,0.3273502839712116,cons__reco,cons__reco,msg_drop,0.5,9,0
consensus,reco,20,60,ring_plus,-0.06528858824159384,0.06528858824159384,0.00331219896173199,5040,0.0,0.7055555555555556,0.0,0.0,5040.0,1484.0,0.29444444444444445,0.7055555555555555,47488.0,32.0,0.0,1484.0,0.0,0.0,3556.0,0.0,0.0,0.0,reco,0.9200249899816023,0.9892778098777809,1.0,0.09562213323678533,-0.18069857802746458,52.0,1.0,1.399646125476325,0.046566637152139295,cons__reco,cons__reco,msg_drop,0.7,0,0
consensus,reco,20,60,ring_plus,-0.17002482798789553,0.17002482798789553,0.017016483397340944,5400,0.0,0.7096296296296296,0.0,0.0,5400.0,1568.0,0.2903703703703704,0.7096296296296296,50176.0,32.0,0.0,1568.0,0.0,0.0,3832.0,0.0,0.0,0.0,reco,0.9302690180178765,0.9709471366291595,1.0,0.23882602587863686,-0.28186946857106165,60.0,1.0,1.320493917398932,0.06452021598943526,cons__reco,cons__reco,msg_drop,0.7,1,0
consensus,reco,20,60,ring_plus,-0.03201972940250121,0.03201972940250121,0.0026371546341022217,6120,0.0,0.6962418300653594,0.0,0.0,6120.0,1859.0,0.3037581699346405,0.6962418300653594,59488.0,32.0,0.0,1859.0,0.0,0.0,4261.0,0.0,0.0,0.0,reco,0.9041626208455041,0.9914891553995865,1.0,0.05510827015235322,-0.30415175732597116,41.0,1.0,1.55469612182113,0.14922604732916292,cons__reco,cons__reco,msg_drop,0.7,2,0
consensus,reco,20,60,ring_plus,-0.2443505940992597,0.2443505940992597,0.014160225011755276,5040,0.0,0.694047619047619,0.0,0.0,5040.0,1542.0,0.305952380952381,0.694047619047619,49344.0,32.0,0.0,1542.0,0.0,0.0,3498.0,0.0,0.0,0.0,reco,0.9270120890812259,0.9859788311903593,1.0,0.34453503644862765,-0.43337080477924605,59.0,1.0,1.2627284000071304,0.041855558823667136,cons__reco,cons__reco,msg_drop,0.7,3,0
consensus,reco,20,60,ring_plus,-0.07808768215350817,0.07808768215350817,0.00391179691011141,5640,0.0,0.6948581560283688,0.0,0.0,5640.0,1721.0,0.3051418439716312,0.6948581560283689,55072.0,32.0,0.0,1721.0,0.0,0.0,3919.0,0.0,0.0,0.0,reco,0.9229469454284644,0.9741158466574416,1.0,0.11250229611554047,-0.25579714594026737,50.0,1.0,1.3711704029417888,0.09066820728530764,cons__reco,cons__reco,msg_drop,0.7,4,0
consensus,reco,20,60,ring_plus,-0.12281102186802242,0.12281102186802242,0.008733686742540717,6360,0.0,0.7067610062893082,0.0,0.0,6360.0,1865.0,0.29323899371069184,0.7067610062893082,59680.0,32.0,0.0,1865.0,0.0,0.0,4495.0,0.0,0.0,0.0,reco,0.9236431712136539,0.99111291589018,1.0,0.17683476410333906,-0.25255006388004575,58.0,1.0,1.6160985120576443,0.09930048061124386,cons__reco,cons__reco,msg_drop,0.7,5,0
consensus,reco,20,60,ring_plus,-0.19551021614748196,0.19551021614748196,0.012241161451982245,4680,0.0,0.701068376068376,0.0,0.0,4680.0,1399.0,0.2989316239316239,0.701068376068376,44768.0,32.0,0.0,1399.0,0.0,0.0,3281.0,0.0,0.0,0.0,reco,0.9297839279171335,0.968032560734474,0.9666666666666667,0.2635967199325231,-0.3468270588718702,59.0,1.0,0.9450014459069909,0.022828728296464252,cons__reco,cons__reco,msg_drop,0.7,6,0
consensus,reco,20,60,ring_plus,-0.018529751951218903,0.018529751951218903,0.0011279183246136269,6480,0.0,0.691358024691358,0.0,0.0,6480.0,2000.0,0.30864197530864196,0.691358024691358,64000.0,32.0,0.0,2000.0,0.0,0.0,4480.0,0.0,0.0,0.0,reco,0.8944842096771957,0.9870473409387955,1.0,0.02904425206333704,-0.3209095949896525,34.0,1.0,2.218617553571293,0.1984154580251666,cons__reco,cons__reco,msg_drop,0.7,7,0
consensus,reco,20,60,ring_plus,-0.2269217325225973,0.2269217325225973,0.011734704086379761,4200,0.0,0.7014285714285714,0.0,0.0,4200.0,1254.0,0.2985714285714286,0.7014285714285714,40128.0,32.0,0.0,1254.0,0.0,0.0,2946.0,0.0,0.0,0.0,reco,0.9385458863648248,0.9697941798819049,1.0,0.2877703729865411,-0.22157866898558468,,0.0,0.7964836768628718,0.00760520127541535,cons__reco,cons__reco,msg_drop,0.7,8,0
consensus,reco,20,60,ring_plus,-0.21924495929337104,0.21924495929337104,0.014735732800477736,5280,0.0,0.709280303030303,0.0,0.0,5280.0,1535.0,0.29071969696969696,0.709280303030303,49120.0,32.0,0.0,1535.0,0.0,0.0,3745.0,0.0,0.0,0.0,reco,0.9358692504919652,0.9480074892563395,1.0,0.27420316904276393,-0.2422463695115306,,0.0,0.9413291035084279,0.02235317116297634,cons__reco,cons__reco,msg_drop,0.7,9,0
consensus,reco,20,60,ring_plus,-10.907203269889466,10.907203269889466,0.5453601634944734,5040,0.0,1.0,0.0,0.0,5040.0,0.0,0.0,1.0,0.0,0.0,0.0,0.0,0.0,0.0,5040.0,0.0,0.0,0.0,reco,1.0,0.0,1.0,10.907203269889466,0.0,,0.0,1.399646125476325,0.0,cons__reco,cons__reco,msg_drop,1.0,0,0
consensus,reco,20,60,ring_plus,-17.0821929422516,17.0821929422516,0.85410964711258,5400,0.0,1.0,0.0,0.0,5400.0,0.0,0.0,1.0,0.0,0.0,0.0,0.0,0.0,0.0,5400.0,0.0,0.0,0.0,reco,1.0,0.0,1.0,17.0821929422516,0.0,,0.0,1.320493917398932,0.0,cons__reco,cons__reco,msg_drop,1.0,1,0
consensus,reco,20,60,ring_plus,-18.281125168960774,18.281125168960774,0.9140562584480387,6120,0.0,1.0,0.0,0.0,6120.0,0.0,0.0,1.0,0.0,0.0,0.0,0.0,0.0,0.0,6120.0,0.0,0.0,0.0,reco,1.0,0.0,1.0,18.281125168960777,0.0,,0.0,1.55469612182113,0.0,cons__reco,cons__reco,msg_drop,1.0,2,0
consensus,reco,20,60,ring_plus,-26.24659888085402,26.24659888085402,1.312329944042701,5040,0.0,1.0,0.0,0.0,5040.0,0.0,0.0,1.0,0.0,0.0,0.0,0.0,0.0,0.0,5040.0,0.0,0.0,0.0,reco,1.0,0.0,1.0,26.246598880854023,0.0,,0.0,1.2627284000071304,0.0,cons__reco,cons__reco,msg_drop,1.0,3,0
consensus,reco,20,60,ring_plus,-15.425916438569548,15.425916438569548,0.7712958219284773,5640,0.0,1.0,0.0,0.0,5640.0,0.0,0.0,1.0,0.0,0.0,0.0,0.0,0.0,0.0,5640.0,0.0,0.0,0.0,reco,1.0,0.0,1.0,15.425916438569546,0.0,,0.0,1.3711704029417888,0.0,cons__reco,cons__reco,msg_drop,1.0,4,0
consensus,reco,20,60,ring_plus,-15.27581485467077,15.27581485467077,0.7637907427335385,6360,0.0,1.0,0.0,0.0,6360.0,0.0,0.0,1.0,0.0,0.0,0.0,0.0,0.0,0.0,6360.0,0.0,0.0,0.0,reco,1.0,0.0,1.0,15.275814854670775,0.0,,0.0,1.6160985120576443,0.0,cons__reco,cons__reco,msg_drop,1.0,5,0
consensus,reco,20,60,ring_plus,-21.005133748459695,21.005133748459695,1.0502566874229848,4680,0.0,1.0,0.0,0.0,4680.0,0.0,0.0,1.0,0.0,0.0,0.0,0.0,0.0,0.0,4680.0,0.0,0.0,0.0,reco,1.0,0.0,1.0,21.00513374845969,0.0,,0.0,0.9450014459069909,0.0,cons__reco,cons__reco,msg_drop,1.0,6,0
consensus,reco,20,60,ring_plus,-19.273105451330373,19.273105451330373,0.9636552725665186,6480,0.0,1.0,0.0,0.0,6480.0,0.0,0.0,1.0,0.0,0.0,0.0,0.0,0.0,0.0,6480.0,0.0,0.0,0.0,reco,1.0,0.0,1.0,19.27310545133037,0.0,,0.0,2.218617553571293,0.0,cons__reco,cons__reco,msg_drop,1.0,7,0
consensus,reco,20,60,ring_plus,-13.521641871657677,13.521641871657677,0.6760820935828838,4200,0.0,1.0,0.0,0.0,4200.0,0.0,0.0,1.0,0.0,0.0,0.0,0.0,0.0,0.0,4200.0,0.0,0.0,0.0,reco,1.0,0.0,1.0,13.521641871657673,0.0,,0.0,0.7964836768628718,0.0,cons__reco,cons__reco,msg_drop,1.0,8,0
consensus,reco,20,60,ring_plus,-14.754027129985209,14.754027129985209,0.7377013564992605,5280,0.0,1.0,0.0,0.0,5280.0,0.0,0.0,1.0,0.0,0.0,0.0,0.0,0.0,0.0,5280.0,0.0,0.0,0.0,reco,1.0,0.0,1.0,14.75402712998521,0.0,,0.0,0.9413291035084279,0.0,cons__reco,cons__reco,msg_drop,1.0,9,0
consensus,reco,20,60,ring_plus,-0.00851207467040009,0.00851207467040009,0.0004340770872938251,5040,0.0,0.0,0.0,0.0,5040.0,5040.0,1.0,0.0,161280.0,32.0,0.0,5040.0,0.0,0.0,0.0,0.0,0.0,0.0,reco,0.8911024792486075,0.9872936322686305,1.0,0.014386542208800772,-0.1816448532536511,33.0,1.0,1.399646125476325,1.3996461254763248,cons__reco,cons__reco,latency,0.0,0,0
consensus,reco,20,60,ring_plus,-0.04297828951889143,0.04297828951889143,0.027664809377183224,5400,0.0,0.0,0.0,0.0,5400.0,5400.0,1.0,0.0,172800.0,32.0,0.0,5400.0,0.0,0.0,0.0,0.0,0.0,0.0,reco,0.9081438828781239,0.9882707371676687,1.0,0.06700868951394197,-0.2839869108788785,42.0,1.0,1.320493917398932,1.320493917398932,cons__reco,cons__reco,latency,0.0,1,0
consensus,reco,20,60,ring_plus,-0.010444314635784789,0.010444314635784789,0.001340921586707212,6120,0.0,0.0,0.0,0.0,6120.0,6120.0,1.0,0.0,195840.0,32.0,0.0,6120.0,0.0,0.0,0.0,0.0,0.0,0.0,reco,0.8865858769616057,0.9926584079731978,1.0,0.019271114708411953,-0.3045113475720831,33.0,1.0,1.55469612182113,1.5546961218211295,cons__reco,cons__reco,latency,0.0,2,0
consensus,reco,20,60,ring_plus,-0.038916044447765294,0.038916044447765294,0.010053799360391667,5040,0.0,0.0,0.0,0.0,5040.0,5040.0,1.0,0.0,161280.0,32.0,0.0,5040.0,0.0,0.0,0.0,0.0,0.0,0.0,reco,0.900592732751324,0.9939735911110833,1.0,0.06686803785142491,-0.4367947139401043,40.0,1.0,1.2627284000071304,1.2627284000071306,cons__reco,cons__reco,latency,0.0,3,0
consensus,reco,20,60,ring_plus,-0.01611567802585392,0.01611567802585392,0.004276499590814791,5640,0.0,0.0,0.0,0.0,5640.0,5640.0,1.0,0.0,180480.0,32.0,0.0,5640.0,0.0,0.0,0.0,0.0,0.0,0.0,reco,0.8976476431314317,0.9786058765429498,1.0,0.02592414115038663,-0.25683001267572825,33.0,1.0,1.3711704029417888,1.3711704029417888,cons__reco,cons__reco,latency,0.0,4,0
consensus,reco,20,60,ring_plus,-0.025794372513068962,0.025794372513068962,0.004140436130291881,6360,0.0,0.0,0.0,0.0,6360.0,6360.0,1.0,0.0,203520.0,32.0,0.0,6360.0,0.0,0.0,0.0,0.0,0.0,0.0,reco,0.9012474419915016,0.9951174460535895,1.0,0.043974012521267675,-0.2541670080359617,41.0,1.0,1.6160985120576443,1.616098512057644,cons__reco,cons__reco,latency,0.0,5,0
consensus,reco,20,60,ring_plus,-0.016584354108769853,0.016584354108769853,0.02662999467904035,4680,0.0,0.0,0.0,0.0,4680.0,4680.0,1.0,0.0,149760.0,32.0,0.0,4680.0,0.0,0.0,0.0,0.0,0.0,0.0,reco,0.891651175084495,0.9756236375559071,1.0,0.02583418938055568,-0.3498091565725155,31.0,1.0,0.9450014459069909,0.9450014459069908,cons__reco,cons__reco,latency,0.0,6,0
consensus,reco,20,60,ring_plus,-0.003101793905864215,0.003101793905864215,0.00036916055417152746,6480,0.0,0.0,0.0,0.0,6480.0,6480.0,1.0,0.0,207360.0,32.0,0.0,6480.0,0.0,0.0,0.0,0.0,0.0,0.0,reco,0.8663012170941383,0.9951715943205027,1.0,0.006464743618495087,-0.3211667276237419,28.0,1.0,2.218617553571293,2.218617553571293,cons__reco,cons__reco,latency,0.0,7,0
consensus,reco,20,60,ring_plus,-0.06801013163305801,0.06801013163305801,0.007809006923577344,4200,0.0,0.0,0.0,0.0,4200.0,4200.0,1.0,0.0,134400.0,32.0,0.0,4200.0,0.0,0.0,0.0,0.0,0.0,0.0,reco,0.9253767995166333,0.9419629836188614,1.0,0.09056731539153885,-0.22422719566707697,47.0,1.0,0.7964836768628718,0.7964836768628717,cons__reco,cons__reco,latency,0.0,8,0
consensus,reco,20,60,ring_plus,-0.03263843783496566,0.03263843783496566,0.0017052727126170297,5280,0.0,0.0,0.0,0.0,5280.0,5280.0,1.0,0.0,168960.0,32.0,0.0,5280.0,0.0,0.0,0.0,0.0,0.0,0.0,reco,0.908690689968099,0.9540190033715124,1.0,0.04531952449820049,-0.24535647820250409,36.0,1.0,0.9413291035084279,0.9413291035084281,cons__reco,cons__reco,latency,0.0,9,0
consensus,reco,20,60,ring_plus,-0.011643621119411985,0.011643621119411985,0.0005862011368438945,5040,0.0,0.0,1.0,1.0,5040.0,4956.0,0.9833333333333333,0.01666666666666672,158592.0,32.0,0.0,4956.0,0.0,0.0,0.0,0.0,0.0,0.0,reco,0.8936204218869506,0.9854977245808889,1.0,0.019182364040607035,-0.18159266081283426,35.0,1.0,1.399646125476325,1.3763186900517193,cons__reco,cons__reco,latency,1.0,0,0
consensus,reco,20,60,ring_plus,-0.05690799620566248,0.05690799620566248,0.02862187717929331,5400,0.0,0.0,1.0,1.0,5400.0,5310.0,0.9833333333333333,0.01666666666666672,169920.0,32.0,0.0,5310.0,0.0,0.0,0.0,0.0,0.0,0.0,reco,0.9104825708958441,0.9866622377809151,1.0,0.08661967480025388,-0.28375474910076565,45.0,1.0,1.320493917398932,1.2984856854422833,cons__reco,cons__reco,latency,1.0,1,0
consensus,reco,20,60,ring_plus,-0.014635413709375485,0.014635413709375485,0.0015733245539841848,6120,0.0,0.0,1.0,1.0,6120.0,6018.0,0.9833333333333333,0.01666666666666672,192576.0,32.0,0.0,6018.0,0.0,0.0,0.0,0.0,0.0,0.0,reco,0.8894917158072333,0.9914282266621767,1.0,0.026214707292940564,-0.3044414959208567,35.0,1.0,1.55469612182113,1.528784519790777,cons__reco,cons__reco,latency,1.0,2,0
consensus,reco,20,60,ring_plus,-0.05349729596824576,0.05349729596824576,0.010857197742232087,5040,0.0,0.0,1.0,1.0,5040.0,4956.0,0.9833333333333333,0.01666666666666672,158592.0,32.0,0.0,4956.0,0.0,0.0,0.0,0.0,0.0,0.0,reco,0.9035377089093525,0.9928251405922606,1.0,0.0895023642412787,-0.43655169308142944,42.0,1.0,1.2627284000071304,1.2416829266736784,cons__reco,cons__reco,latency,1.0,3,0
consensus,reco,20,60,ring_plus,-0.021789686521455878,0.021789686521455878,0.004638102770681979,5640,0.0,0.0,1.0,1.0,5640.0,5546.0,0.9833333333333333,0.01666666666666672,177472.0,32.0,0.0,5546.0,0.0,0.0,0.0,0.0,0.0,0.0,reco,0.899873341984303,0.9755524044140924,1.0,0.03417657171347537,-0.25673544586746816,36.0,1.0,1.3711704029417888,1.348317562892759,cons__reco,cons__reco,latency,1.0,4,0
consensus,reco,20,60,ring_plus,-0.03500121072331057,0.03500121072331057,0.00463969729235625,6360,0.0,0.0,1.0,1.0,6360.0,6254.0,0.9833333333333333,0.01666666666666672,200128.0,32.0,0.0,6254.0,0.0,0.0,0.0,0.0,0.0,0.0,reco,0.9039118655529688,0.9945502789882967,1.0,0.05806120569942444,-0.2540135607324577,43.0,1.0,1.6160985120576443,1.5891635368566834,cons__reco,cons__reco,latency,1.0,5,0
consensus,reco,20,60,ring_plus,-0.02165753028091622,0.02165753028091622,0.027711652209486633,4680,0.0,0.0,1.0,1.0,4680.0,4602.0,0.9833333333333333,0.01666666666666672,147264.0,32.0,0.0,4602.0,0.0,0.0,0.0,0.0,0.0,0.0,reco,0.8932153221564587,0.9729037452189221,1.0,0.03300840943131681,-0.349724603636313,32.0,1.0,0.9450014459069909,0.9292514218085409,cons__reco,cons__reco,latency,1.0,6,0
consensus,reco,20,60,ring_plus,-0.004397246708961008,0.004397246708961008,0.0004617202655895435,6480,0.0,0.0,1.0,1.0,6480.0,6372.0,0.9833333333333333,0.01666666666666672,203904.0,32.0,0.0,6372.0,0.0,0.0,0.0,0.0,0.0,0.0,reco,0.8691431773171397,0.994564460701969,1.0,0.008902162016193016,-0.3211451367436903,30.0,1.0,2.218617553571293,2.1816405943451045,cons__reco,cons__reco,latency,1.0,7,0
consensus,reco,20,60,ring_plus,-0.08497810095872023,0.08497810095872023,0.00826187158262908,4200,0.0,0.0,1.0,1.0,4200.0,4130.0,0.9833333333333333,0.01666666666666672,132160.0,32.0,0.0,4130.0,0.0,0.0,0.0,0.0,0.0,0.0,reco,0.9264837726329945,0.9339469237858542,1.0,0.11132697748254099,-0.22394439617831594,51.0,1.0,0.7964836768628718,0.7832089489151571,cons__reco,cons__reco,latency,1.0,8,0
consensus,reco,20,60,ring_plus,-0.040868169324191454,0.040868169324191454,0.002127054501495244,5280,0.0,0.0,1.0,1.0,5280.0,5192.0,0.9833333333333333,0.01666666666666672,166144.0,32.0,0.0,5192.0,0.0,0.0,0.0,0.0,0.0,0.0,reco,0.9095990765332367,0.9505920395699538,1.0,0.05586419608829466,-0.24521931601101693,38.0,1.0,0.9413291035084279,0.925640285116621,cons__reco,cons__reco,latency,1.0,9,0
consensus,reco,20,60,ring_plus,-0.015537306872650515,0.015537306872650515,0.0007783566154114632,5040,0.0,0.0,2.0,2.0,5040.0,4872.0,0.9666666666666667,0.033333333333333326,155904.0,32.0,0.0,4872.0,0.0,0.0,0.0,0.0,0.0,0.0,reco,0.8959802215906811,0.9840686930386081,1.0,0.025014775136017898,-0.18152776605028026,37.0,1.0,1.399646125476325,1.352991254627114,cons__reco,cons__reco,latency,2.0,0,0
consensus,reco,20,60,ring_plus,-0.07341468112138133,0.07341468112138133,0.029606944826812726,5400,0.0,0.0,2.0,2.0,5400.0,5220.0,0.9666666666666667,0.033333333333333326,167040.0,32.0,0.0,5220.0,0.0,0.0,0.0,0.0,0.0,0.0,reco,0.9126345653352812,0.9854772295978589,1.0,0.10938472507933968,-0.2834796376855036,48.0,1.0,1.320493917398932,1.2764774534856342,cons__reco,cons__reco,latency,2.0,1,0
consensus,reco,20,60,ring_plus,-0.020026585283785692,0.020026585283785692,0.0018617466299959862,6120,0.0,0.0,2.0,2.0,6120.0,5916.0,0.9666666666666667,0.033333333333333326,189312.0,32.0,0.0,5916.0,0.0,0.0,0.0,0.0,0.0,0.0,reco,0.8922768105744939,0.9904046708975437,1.0,0.034917850442099385,-0.30435164306128315,37.0,1.0,1.55469612182113,1.502872917760425,cons__reco,cons__reco,latency,2.0,2,0
consensus,reco,20,60,ring_plus,-0.07167464929634866,0.07167464929634866,0.011784476084128056,5040,0.0,0.0,2.0,2.0,5040.0,4872.0,0.9666666666666667,0.033333333333333326,155904.0,32.0,0.0,4872.0,0.0,0.0,0.0,0.0,0.0,0.0,reco,0.9063085132002063,0.9918698641122803,1.0,0.11702166861838569,-0.43624873719262786,45.0,1.0,1.2627284000071304,1.2206374533402264,cons__reco,cons__reco,latency,2.0,3,0
consensus,reco,20,60,ring_plus,-0.028692593843416582,0.028692593843416582,0.005053759209190728,5640,0.0,0.0,2.0,2.0,5640.0,5452.0,0.9666666666666667,0.033333333333333326,174464.0,32.0,0.0,5452.0,0.0,0.0,0.0,0.0,0.0,0.0,reco,0.90188926245023,0.9730728656859677,1.0,0.04398906535091255,-0.25662039741210224,38.0,1.0,1.3711704029417888,1.3254647228437293,cons__reco,cons__reco,latency,2.0,4,0
consensus,reco,20,60,ring_plus,-0.046275687623231344,0.046275687623231344,0.005221673760421148,6360,0.0,0.0,2.0,2.0,6360.0,6148.0,0.9666666666666667,0.033333333333333326,196736.0,32.0,0.0,6148.0,0.0,0.0,0.0,0.0,0.0,0.0,reco,0.9064377117871535,0.9942828535092233,1.0,0.07490421355223097,-0.2538256527841256,46.0,1.0,1.6160985120576443,1.5622285616557225,cons__reco,cons__reco,latency,2.0,5,0
consensus,reco,20,60,ring_plus,-0.02757769124427808,0.02757769124427808,0.02870611843109701,4680,0.0,0.0,2.0,2.0,4680.0,4524.0,0.9666666666666667,0.033333333333333326,144768.0,32.0,0.0,4524.0,0.0,0.0,0.0,0.0,0.0,0.0,reco,0.8946007638754405,0.9708180168996485,1.0,0.04126350484556817,-0.3496259342869236,34.0,1.0,0.9450014459069909,0.9135013977100911,cons__reco,cons__reco,latency,2.0,6,0
consensus,reco,20,60,ring_plus,-0.006116060282766803,0.006116060282766803,0.0005723850781321011,6480,0.0,0.0,2.0,2.0,6480.0,6264.0,0.9666666666666667,0.033333333333333326,200448.0,32.0,0.0,6264.0,0.0,0.0,0.0,0.0,0.0,0.0,reco,0.8719686887809243,0.994112548270442,1.0,0.012060275057873568,-0.3211164898507935,31.0,1.0,2.218617553571293,2.144663635118916,cons__reco,cons__reco,latency,2.0,7,0
consensus,reco,20,60,ring_plus,-0.10378166287724541,0.10378166287724541,0.008850845815033712,4200,0.0,0.0,2.0,2.0,4200.0,4060.0,0.9666666666666667,0.033333333333333326,129920.0,32.0,0.0,4060.0,0.0,0.0,0.0,0.0,0.0,0.0,reco,0.9273775626151357,0.9275746016895489,1.0,0.1340320769213638,-0.22363100347967385,55.0,1.0,0.7964836768628718,0.7699342209674427,cons__reco,cons__reco,latency,2.0,8,0
consensus,reco,20,60,ring_plus,-0.050076649398167694,0.050076649398167694,0.0025980744832193392,5280,0.0,0.0,2.0,2.0,5280.0,5104.0,0.9666666666666667,0.033333333333333326,163328.0,32.0,0.0,5104.0,0.0,0.0,0.0,0.0,0.0,0.0,reco,0.9103678919383283,0.9484085405046973,1.0,0.06751777441581286,-0.24506584134311735,41.0,1.0,0.9413291035084279,0.909951466724814,cons__reco,cons__reco,latency,2.0,9,0
consensus,reco,20,60,ring_plus,-0.025842060763856256,0.025842060763856256,0.001292103173491847,5040,0.0,0.0,4.0,4.0,5040.0,4704.0,0.9333333333333333,0.06666666666666665,150528.0,32.0,0.0,4704.0,0.0,0.0,0.0,0.0,0.0,0.0,reco,0.9002290195264062,0.9819683486774676,1.0,0.04000401611339771,-0.18135602015209348,42.0,1.0,1.399646125476325,1.3063363837779032,cons__reco,cons__reco,latency,4.0,0,0
consensus,reco,20,60,ring_plus,-0.11422942876816325,0.11422942876816325,0.03170240900374888,5400,0.0,0.0,4.0,4.0,5400.0,5040.0,0.9333333333333333,0.06666666666666665,161280.0,32.0,0.0,5040.0,0.0,0.0,0.0,0.0,0.0,0.0,reco,0.9164597164511801,0.9840183517959986,1.0,0.16424222270988229,-0.28279939189139053,54.0,1.0,1.320493917398932,1.2324609895723369,cons__reco,cons__reco,latency,4.0,1,0
consensus,reco,20,60,ring_plus,-0.0350431234125999,0.0350431234125999,0.0026393259413132132,6120,0.0,0.0,4.0,4.0,6120.0,5712.0,0.9333333333333333,0.06666666666666665,182784.0,32.0,0.0,5712.0,0.0,0.0,0.0,0.0,0.0,0.0,reco,0.8974299947382819,0.9886903965021121,1.0,0.05834985974868722,-0.30410136742580285,42.0,1.0,1.55469612182113,1.4510497136997207,cons__reco,cons__reco,latency,4.0,2,0
consensus,reco,20,60,ring_plus,-0.12011696457993244,0.12011696457993244,0.014111328977045234,5040,0.0,0.0,4.0,4.0,5040.0,4704.0,0.9333333333333333,0.06666666666666665,150528.0,32.0,0.0,4704.0,0.0,0.0,0.0,0.0,0.0,0.0,reco,0.9113583920575403,0.9902805288577696,1.0,0.1878797692134503,-0.4354413652712347,50.0,1.0,1.2627284000071304,1.1785465066733218,cons__reco,cons__reco,latency,4.0,3,0
consensus,reco,20,60,ring_plus,-0.04642730553071907,0.04642730553071907,0.006077130895222214,5640,0.0,0.0,4.0,4.0,5640.0,5264.0,0.9333333333333333,0.06666666666666665,168448.0,32.0,0.0,5264.0,0.0,0.0,0.0,0.0,0.0,0.0,reco,0.9053678046553839,0.9696454821940027,1.0,0.06850000019945757,-0.2563248188839805,43.0,1.0,1.3711704029417888,1.2797590427456695,cons__reco,cons__reco,latency,4.0,4,0
consensus,reco,20,60,ring_plus,-0.07549562398569988,0.07549562398569988,0.006680947755859342,6360,0.0,0.0,4.0,4.0,6360.0,5936.0,0.9333333333333333,0.06666666666666665,189952.0,32.0,0.0,5936.0,0.0,0.0,0.0,0.0,0.0,0.0,reco,0.9111390488324572,0.9942427415704991,1.0,0.117279421052225,-0.2533386538447512,51.0,1.0,1.6160985120576443,1.5083586112538012,cons__reco,cons__reco,latency,4.0,5,0
consensus,reco,20,60,ring_plus,-0.042113105192161104,0.042113105192161104,0.03052537756758016,4680,0.0,0.0,4.0,4.0,4680.0,4368.0,0.9333333333333333,0.06666666666666665,139776.0,32.0,0.0,4368.0,0.0,0.0,0.0,0.0,0.0,0.0,reco,0.8969577234828684,0.968148208016842,1.0,0.06112920922756987,-0.34938367738779214,38.0,1.0,0.9450014459069909,0.8820013495131913,cons__reco,cons__reco,latency,4.0,6,0
consensus,reco,20,60,ring_plus,-0.011200215956901483,0.011200215956901483,0.0008655415739526821,6480,0.0,0.0,4.0,4.0,6480.0,6048.0,0.9333333333333333,0.06666666666666665,193536.0,32.0,0.0,6048.0,0.0,0.0,0.0,0.0,0.0,0.0,reco,0.8775159176466116,0.9933750156776157,1.0,0.02110553886212162,-0.3210317539228912,35.0,1.0,2.218617553571293,2.07070971666654,cons__reco,cons__reco,latency,4.0,7,0
consensus,reco,20,60,ring_plus,-0.1465588632424635,0.1465588632424635,0.010395038831844717,4200,0.0,0.0,4.0,4.0,4200.0,3920.0,0.9333333333333333,0.06666666666666665,125440.0,32.0,0.0,3920.0,0.0,0.0,0.0,0.0,0.0,0.0,reco,0.9286858670136082,0.9194008822688906,1.0,0.18486556763060066,-0.22291805014025362,,0.0,0.7964836768628718,0.7433847650720136,cons__reco,cons__reco,latency,4.0,8,0
consensus,reco,20,60,ring_plus,-0.07122213227503066,0.07122213227503066,0.0036773291192651195,5280,0.0,0.0,4.0,4.0,5280.0,4928.0,0.9333333333333333,0.06666666666666665,157696.0,32.0,0.0,4928.0,0.0,0.0,0.0,0.0,0.0,0.0,reco,0.9115978302769879,0.9469456232989151,1.0,0.09385683323500317,-0.2447134166285029,46.0,1.0,0.9413291035084279,0.8785738299411996,cons__reco,cons__reco,latency,4.0,9,0
consensus,reco,20,60,ring_plus,-0.05760206567443254,0.05760206567443254,0.0028820432116851294,5040,0.0,0.0,8.0,8.0,5040.0,4368.0,0.8666666666666667,0.1333333333333333,139776.0,32.0,0.0,4368.0,0.0,0.0,0.0,0.0,0.0,0.0,reco,0.9073235342920714,0.9793706499673385,1.0,0.08462287066625764,-0.18082668673691724,51.0,1.0,1.399646125476325,1.2130266420794815,cons__reco,cons__reco,latency,8.0,0,0
consensus,reco,20,60,ring_plus,-0.22616576789648357,0.22616576789648357,0.036682829392520766,5400,0.0,0.0,8.0,8.0,5400.0,4680.0,0.8666666666666667,0.1333333333333333,149760.0,32.0,0.0,4680.0,0.0,0.0,0.0,0.0,0.0,0.0,reco,0.9228711804455614,0.9823101267589104,1.0,0.3099427502812723,-0.28093378623925186,,0.0,1.320493917398932,1.1444280617457412,cons__reco,cons__reco,latency,8.0,1,0
consensus,reco,20,60,ring_plus,-0.08580007556137881,0.08580007556137881,0.005199419593801878,6120,0.0,0.0,8.0,8.0,6120.0,5304.0,0.8666666666666667,0.1333333333333333,169728.0,32.0,0.0,5304.0,0.0,0.0,0.0,0.0,0.0,0.0,reco,0.906165458895836,0.9854415551401914,1.0,0.13278718925429886,-0.30325541822332325,50.0,1.0,1.55469612182113,1.3474033055783121,cons__reco,cons__reco,latency,8.0,2,0
consensus,reco,20,60,ring_plus,-0.26987315471695167,0.26987315471695167,0.021006180443136766,5040,0.0,0.0,8.0,8.0,5040.0,4368.0,0.8666666666666667,0.1333333333333333,139776.0,32.0,0.0,4368.0,0.0,0.0,0.0,0.0,0.0,0.0,reco,0.9198948815516071,0.9868024204904071,1.0,0.3978055161011053,-0.43294542876895115,,0.0,1.2627284000071304,1.0943646133395128,cons__reco,cons__reco,latency,8.0,3,0
consensus,reco,20,60,ring_plus,-0.09825185758139324,0.09825185758139324,0.00889989541206248,5640,0.0,0.0,8.0,8.0,5640.0,4888.0,0.8666666666666667,0.1333333333333333,156416.0,32.0,0.0,4888.0,0.0,0.0,0.0,0.0,0.0,0.0,reco,0.9108353457156403,0.9688113976111251,1.0,0.13790467163979767,-0.2554610763498026,53.0,1.0,1.3711704029417888,1.1883476825495503,cons__reco,cons__reco,latency,8.0,4,0
consensus,reco,20,60,ring_plus,-0.16309979045245526,0.16309979045245526,0.010916667561315253,6360,0.0,0.0,8.0,8.0,6360.0,5512.0,0.8666666666666667,0.1333333333333333,176384.0,32.0,0.0,5512.0,0.0,0.0,0.0,0.0,0.0,0.0,reco,0.9197734082139096,0.9933547990402071,1.0,0.24130256673730624,-0.2518785844036386,,0.0,1.6160985120576443,1.4006187104499583,cons__reco,cons__reco,latency,8.0,5,0
consensus,reco,20,60,ring_plus,-0.08216737968814085,0.08216737968814085,0.03392667508771901,4680,0.0,0.0,8.0,8.0,4680.0,4056.0,0.8666666666666667,0.1333333333333333,129792.0,32.0,0.0,4056.0,0.0,0.0,0.0,0.0,0.0,0.0,reco,0.9006221528814814,0.967285192109304,1.0,0.11392747265948815,-0.34871610614619264,45.0,1.0,0.9450014459069909,0.819001253119392,cons__reco,cons__reco,latency,8.0,6,0
consensus,reco,20,60,ring_plus,-0.03090603083885488,0.03090603083885488,0.0018989803390510114,6480,0.0,0.0,8.0,8.0,6480.0,5616.0,0.8666666666666667,0.1333333333333333,179712.0,32.0,0.0,5616.0,0.0,0.0,0.0,0.0,0.0,0.0,reco,0.8880741953871041,0.9909548177130902,1.0,0.05445791894846775,-0.32070332367485865,42.0,1.0,2.218617553571293,1.922801879761787,cons__reco,cons__reco,latency,8.0,7,0
consensus,reco,20,60,ring_plus,-0.24891811803258232,0.24891811803258232,0.014637797410883446,4200,0.0,0.0,8.0,8.0,4200.0,3640.0,0.8666666666666667,0.1333333333333333,116480.0,32.0,0.0,3640.0,0.0,0.0,0.0,0.0,0.0,0.0,reco,0.9301332184226131,0.9215991763841579,1.0,0.30355371416138593,-0.2212120625604182,,0.0,0.7964836768628718,0.6902858532811554,cons__reco,cons__reco,latency,8.0,8,0
consensus,reco,20,60,ring_plus,-0.12234248444468093,0.12234248444468093,0.006274143048193329,5280,0.0,0.0,8.0,8.0,5280.0,4576.0,0.8666666666666667,0.1333333333333333,146432.0,32.0,0.0,4576.0,0.0,0.0,0.0,0.0,0.0,0.0,reco,0.9134618331158192,0.9508499455620424,1.0,0.1563433654451963,-0.2438614107590088,56.0,1.0,0.9413291035084279,0.815818556373971,cons__reco,cons__reco,latency,8.0,9,0
consensus,reco,20,60,ring_plus,-33.67953542381632,33.67953542381632,2.3263515297776136,5040,4.264755796453214,0.0,0.0,0.0,5040.0,5040.0,1.0,0.0,5040.0,1.0,0.0,5040.0,0.0,0.0,0.0,0.0,0.0,0.0,reco,0.9127505644293349,0.8205343944383837,0.05,33.51249730607818,0.3795388692321142,,0.0,1.399646125476325,1.3996461254763248,cons__reco,cons__reco,bandwidth,1.0,0,0
consensus,reco,20,60,ring_plus,-0.000554021502661193,0.000554021502661193,6.70731822233914,5400,1.0610368098633585,0.0,0.0,0.0,5400.0,5400.0,1.0,0.0,5400.0,1.0,0.0,5400.0,0.0,0.0,0.0,0.0,0.0,0.0,reco,0.8303161453657139,0.9935856537250861,0.95,0.0020190022731010463,-0.28469398201248225,31.0,1.0,1.320493917398932,1.320493917398932,cons__reco,cons__reco,bandwidth,1.0,1,0
consensus,reco,20,60,ring_plus,-0.07410947882896692,0.07410947882896692,7.9275549507470044,6120,2.694156982137422,0.0,0.0,0.0,6120.0,6120.0,1.0,0.0,6120.0,1.0,0.0,6120.0,0.0,0.0,0.0,0.0,0.0,0.0,reco,0.9158121284878326,0.7203473797709254,0.6,0.27007516510323865,-0.30345026150219684,56.0,1.0,1.55469612182113,1.5546961218211295,cons__reco,cons__reco,bandwidth,1.0,2,0
consensus,reco,20,60,ring_plus,-31.82369910683198,31.82369910683198,2.428224442954614,5040,3.5740400742781353,0.0,0.0,0.0,5040.0,5040.0,1.0,0.0,5040.0,1.0,0.0,5040.0,0.0,0.0,0.0,0.0,0.0,0.0,reco,0.9429918425996239,0.8566385485705048,0.06666666666666667,31.728653318669114,0.09295167043296602,,0.0,1.2627284000071304,1.2627284000071306,cons__reco,cons__reco,bandwidth,1.0,3,0
consensus,reco,20,60,ring_plus,-38.63204483691859,38.63204483691859,4.695289557442887,5640,2.8533433349582578,0.0,0.0,0.0,5640.0,5640.0,1.0,0.0,5640.0,1.0,0.0,5640.0,0.0,0.0,0.0,0.0,0.0,0.0,reco,0.8151237550614716,0.962941045300358,0.05,38.47780626523285,0.3867688066391507,,0.0,1.3711704029417888,1.3711704029417888,cons__reco,cons__reco,bandwidth,1.0,4,0
consensus,reco,20,60,ring_plus,-0.0006552264899539145,0.0006552264899539145,7.245986146392593,6360,1.019830737239816,0.0,0.0,0.0,6360.0,6360.0,1.0,0.0,6360.0,1.0,0.0,6360.0,0.0,0.0,0.0,0.0,0.0,0.0,reco,0.8333117951565626,0.9904141813581854,0.95,0.0023878303173758423,-0.25458599380301355,33.0,1.0,1.6160985120576443,1.616098512057644,cons__reco,cons__reco,bandwidth,1.0,5,0
consensus,reco,20,60,ring_plus,-0.12012738078361712,0.12012738078361712,9.92451726305113,4680,2.136860237701422,0.0,0.0,0.0,4680.0,4680.0,1.0,0.0,4680.0,1.0,0.0,4680.0,0.0,0.0,0.0,0.0,0.0,0.0,reco,0.9276473178381196,0.6691729571533228,0.75,0.43777720682906746,-0.34808343946126796,58.0,1.0,0.9450014459069909,0.9450014459069908,cons__reco,cons__reco,bandwidth,1.0,6,0
consensus,reco,20,60,ring_plus,-0.09472508774079089,0.09472508774079089,8.278631656503007,6480,3.1690592128299855,0.0,0.0,0.0,6480.0,6480.0,1.0,0.0,6480.0,1.0,0.0,6480.0,0.0,0.0,0.0,0.0,0.0,0.0,reco,0.9280517961750048,0.6735898105485538,0.6666666666666666,0.34520421760400727,-0.319639672726493,57.0,1.0,2.218617553571293,2.218617553571293,cons__reco,cons__reco,bandwidth,1.0,7,0
consensus,reco,20,60,ring_plus,-74.62406922014203,74.62406922014203,4.5596177320166795,4200,3.143985707273827,0.0,0.0,0.0,4200.0,4200.0,1.0,0.0,4200.0,1.0,0.0,4200.0,0.0,0.0,0.0,0.0,0.0,0.0,reco,0.8173724939592573,0.9777521801710674,0.03333333333333333,74.2479222787036,1.018373789141406,,0.0,0.7964836768628718,0.7964836768628717,cons__reco,cons__reco,bandwidth,1.0,8,0
consensus,reco,20,60,ring_plus,-53.9334239851833,53.9334239851833,4.256236210162408,5280,4.016241344057359,0.0,0.0,0.0,5280.0,5280.0,1.0,0.0,5280.0,1.0,0.0,5280.0,0.0,0.0,0.0,0.0,0.0,0.0,reco,0.901062247299449,0.9339658543441006,0.06666666666666667,53.36569346783432,0.652989947586635,,0.0,0.9413291035084279,0.9413291035084281,cons__reco,cons__reco,bandwidth,1.0,9,0
consensus,reco,20,60,ring_plus,-4.151835514610343,4.151835514610343,0.26067174591872333,5040,0.38239113602807207,0.0,0.0,0.0,5040.0,5040.0,1.0,0.0,10080.0,2.0,0.0,5040.0,0.0,0.0,0.0,0.0,0.0,0.0,reco,0.9379599792913421,0.7891595729559703,0.26666666666666666,4.137661816814636,-0.11258946258798538,,0.0,1.399646125476325,1.3996461254763248,cons__reco,cons__reco,bandwidth,2.0,0,0
consensus,reco,20,60,ring_plus,-0.0006398033290403914,0.0006398033290403914,0.3546948992351727,5400,0.12878718176614398,0.0,0.0,0.0,5400.0,5400.0,1.0,0.0,10800.0,2.0,0.0,5400.0,0.0,0.0,0.0,0.0,0.0,0.0,reco,0.8379655848198237,0.9900625164561898,1.0,0.0023316179018705533,-0.284692552315376,32.0,1.0,1.320493917398932,1.320493917398932,cons__reco,cons__reco,bandwidth,2.0,1,0
consensus,reco,20,60,ring_plus,-0.19814417929303968,0.19814417929303968,0.6116373594050851,6120,0.32556773333413325,0.0,0.0,0.0,6120.0,6120.0,1.0,0.0,12240.0,2.0,0.0,6120.0,0.0,0.0,0.0,0.0,0.0,0.0,reco,0.9548052572584117,0.74077879363099,0.8333333333333334,0.7220914503598835,-0.30138301649446214,,0.0,1.55469612182113,1.5546961218211295,cons__reco,cons__reco,bandwidth,2.0,2,0
consensus,reco,20,60,ring_plus,-3.8239610580103736,3.8239610580103736,0.2076116854279663,5040,0.31049000864091086,0.0,0.0,0.0,5040.0,5040.0,1.0,0.0,10080.0,2.0,0.0,5040.0,0.0,0.0,0.0,0.0,0.0,0.0,reco,0.9780031361004063,0.6519885628203796,1.0,3.8385851620716314,-0.3737106303807274,,0.0,1.2627284000071304,1.2627284000071306,cons__reco,cons__reco,bandwidth,2.0,3,0
consensus,reco,20,60,ring_plus,-4.485765212531398,4.485765212531398,0.4245119472015326,5640,0.2801204325425152,0.0,0.0,0.0,5640.0,5640.0,1.0,0.0,11280.0,2.0,0.0,5640.0,0.0,0.0,0.0,0.0,0.0,0.0,reco,0.9066810760031693,0.8663494472550715,0.7833333333333333,4.489639458902583,-0.18233585376730244,,0.0,1.3711704029417888,1.3711704029417888,cons__reco,cons__reco,bandwidth,2.0,4,0
consensus,reco,20,60,ring_plus,-0.0009167936197903266,0.0009167936197903266,0.48566662297290764,6360,0.11303164401087269,0.0,0.0,0.0,6360.0,6360.0,1.0,0.0,12720.0,2.0,0.0,6360.0,0.0,0.0,0.0,0.0,0.0,0.0,reco,0.8464961023282834,0.9824376021849874,1.0,0.0033410436480434146,-0.2545816343508497,34.0,1.0,1.6160985120576443,1.616098512057644,cons__reco,cons__reco,bandwidth,2.0,5,0
consensus,reco,20,60,ring_plus,-0.21736738621186474,0.21736738621186474,1.3062053976333068,4680,0.25743452519328935,0.0,0.0,0.0,4680.0,4680.0,1.0,0.0,9360.0,2.0,0.0,4680.0,0.0,0.0,0.0,0.0,0.0,0.0,reco,0.9552992825868115,0.764719446627606,0.7833333333333333,0.7921461996320622,-0.3464627727041305,,0.0,0.9450014459069909,0.9450014459069908,cons__reco,cons__reco,bandwidth,2.0,6,0
consensus,reco,20,60,ring_plus,-0.2764236034246618,0.2764236034246618,0.6845831923784368,6480,0.39492042358184126,0.0,0.0,0.0,6480.0,6480.0,1.0,0.0,12960.0,2.0,0.0,6480.0,0.0,0.0,0.0,0.0,0.0,0.0,reco,0.962241077564569,0.7086313570591779,0.7333333333333333,0.990435137331251,-0.31661136413176183,,0.0,2.218617553571293,2.218617553571293,cons__reco,cons__reco,bandwidth,2.0,7,0
consensus,reco,20,60,ring_plus,-8.6422119629905,8.6422119629905,0.48256805715195156,4200,0.2883496649791092,0.0,0.0,0.0,4200.0,4200.0,1.0,0.0,8400.0,2.0,0.0,4200.0,0.0,0.0,0.0,0.0,0.0,0.0,reco,0.8804340781847027,0.9187425417208415,0.15,8.599754278597217,-0.08132383181111962,,0.0,0.7964836768628718,0.7964836768628717,cons__reco,cons__reco,bandwidth,2.0,8,0
consensus,reco,20,60,ring_plus,-6.11876079097585,6.11876079097585,0.49202837823138823,5280,0.37476029256889376,0.0,0.0,0.0,5280.0,5280.0,1.0,0.0,10560.0,2.0,0.0,5280.0,0.0,0.0,0.0,0.0,0.0,0.0,reco,0.8870547700588679,0.9653217024810675,0.26666666666666666,6.049195120738317,-0.14392110565015598,,0.0,0.9413291035084279,0.9413291035084281,cons__reco,cons__reco,bandwidth,2.0,9,0
consensus,reco,20,60,ring_plus,-0.7359382707996954,0.7359382707996954,0.04007312469107998,5040,0.06469398170980678,0.0,0.0,0.0,5040.0,5040.0,1.0,0.0,15120.0,3.0,0.0,5040.0,0.0,0.0,0.0,0.0,0.0,0.0,reco,0.9510439699194195,0.7478056578124576,0.75,0.7355242322049128,-0.16952108331816282,,0.0,1.399646125476325,1.3996461254763248,cons__reco,cons__reco,bandwidth,3.0,0,0
consensus,reco,20,60,ring_plus,-0.000649050325020516,0.000649050325020516,0.0007840457755235364,5400,0.027588755004509566,0.0,0.0,0.0,5400.0,5400.0,1.0,0.0,16200.0,3.0,0.0,5400.0,0.0,0.0,0.0,0.0,0.0,0.0,reco,0.842081290244846,0.9905534580759827,1.0,0.002365317204196181,-0.2846923981987763,32.0,1.0,1.320493917398932,1.320493917398932,cons__reco,cons__reco,bandwidth,3.0,1,0
consensus,reco,20,60,ring_plus,-0.09712336133597284,0.09712336133597284,0.06429181458712602,6120,0.058988352753345547,0.0,0.0,0.0,6120.0,6120.0,1.0,0.0,18360.0,3.0,0.0,6120.0,0.0,0.0,0.0,0.0,0.0,0.0,reco,0.9409877158647447,0.8725195424792,1.0,0.30099113450918685,-0.30306669679374665,57.0,1.0,1.55469612182113,1.5546961218211295,cons__reco,cons__reco,bandwidth,3.0,2,0
consensus,reco,20,60,ring_plus,-0.6962163642465401,0.6962163642465401,0.047529696409487364,5040,0.05436014039107347,0.0,0.0,0.0,5040.0,5040.0,1.0,0.0,15120.0,3.0,0.0,5040.0,0.0,0.0,0.0,0.0,0.0,0.0,reco,0.946105845855113,0.8345009252049171,1.0,0.7096170230113895,-0.4258397086101247,,0.0,1.2627284000071304,1.2627284000071306,cons__reco,cons__reco,bandwidth,3.0,3,0
consensus,reco,20,60,ring_plus,-0.0015699457053034603,0.0015699457053034603,0.06668553771392387,5640,0.03644952349323816,0.0,0.0,0.0,5640.0,5640.0,1.0,0.0,16920.0,3.0,0.0,5640.0,0.0,0.0,0.0,0.0,0.0,0.0,reco,0.8688524240679802,0.9718756344652669,1.0,0.005721309972815901,-0.25707244154773734,37.0,1.0,1.3711704029417888,1.3711704029417888,cons__reco,cons__reco,bandwidth,3.0,4,0
consensus,reco,20,60,ring_plus,-0.0008137633959303606,0.0008137633959303606,0.01650689738412333,6360,0.025224245332093668,0.0,0.0,0.0,6360.0,6360.0,1.0,0.0,19080.0,3.0,0.0,6360.0,0.0,0.0,0.0,0.0,0.0,0.0,reco,0.8484505862792963,0.98825656007716,1.0,0.002965576699207835,-0.25458335152124734,34.0,1.0,1.6160985120576443,1.616098512057644,cons__reco,cons__reco,bandwidth,3.0,5,0
consensus,reco,20,60,ring_plus,-0.28541450642823324,0.28541450642823324,0.32463787308544173,4680,0.051176581567554294,0.0,0.0,0.0,4680.0,4680.0,1.0,0.0,14040.0,3.0,0.0,4680.0,0.0,0.0,0.0,0.0,0.0,0.0,reco,0.9481216511165078,0.8015652851320363,0.8666666666666667,0.45171022712534453,-0.34532865403385765,,0.0,0.9450014459069909,0.9450014459069908,cons__reco,cons__reco,bandwidth,3.0,6,0
consensus,reco,20,60,ring_plus,-0.14936285454225676,0.14936285454225676,0.09342573778602134,6480,0.07334982591489486,0.0,0.0,0.0,6480.0,6480.0,1.0,0.0,19440.0,3.0,0.0,6480.0,0.0,0.0,0.0,0.0,0.0,0.0,reco,0.944181787047641,0.7858206466030075,0.8666666666666667,0.3503468696716099,-0.31872904327980206,59.0,1.0,2.218617553571293,2.218617553571293,cons__reco,cons__reco,bandwidth,3.0,7,0
consensus,reco,20,60,ring_plus,-1.5656950561376366,1.5656950561376366,0.07896614247344298,4200,0.0503422600933226,0.0,0.0,0.0,4200.0,4200.0,1.0,0.0,12600.0,3.0,0.0,4200.0,0.0,0.0,0.0,0.0,0.0,0.0,reco,0.9168026593830207,0.8355287206940714,0.4,1.5620551424437512,-0.19926578025866734,,0.0,0.7964836768628718,0.7964836768628717,cons__reco,cons__reco,bandwidth,3.0,8,0
consensus,reco,20,60,ring_plus,-1.350123121234022,1.350123121234022,0.06841591566657637,5280,0.07183220641142767,0.0,0.0,0.0,5280.0,5280.0,1.0,0.0,15840.0,3.0,0.0,5280.0,0.0,0.0,0.0,0.0,0.0,0.0,reco,0.8707244892463887,0.9746038511397652,0.36666666666666664,1.3279918212270172,-0.22339840014585313,,0.0,0.9413291035084279,0.9413291035084281,cons__reco,cons__reco,bandwidth,3.0,9,0
consensus,reco,20,60,ring_plus,-0.1559299992426321,0.1559299992426321,0.007918926058152993,5040,0.013229502165894828,0.0,0.0,0.0,5040.0,5040.0,1.0,0.0,20160.0,4.0,0.0,5040.0,0.0,0.0,0.0,0.0,0.0,0.0,reco,0.9374743104488639,0.8134301741091897,1.0,0.15763384829344845,-0.1791878878441139,,0.0,1.399646125476325,1.3996461254763248,cons__reco,cons__reco,bandwidth,4.0,0,0
consensus,reco,20,60,ring_plus,-0.001304154419095625,0.001304154419095625,0.03809384884497325,5400,0.009765977030608598,0.0,0.0,0.0,5400.0,5400.0,1.0,0.0,21600.0,4.0,0.0,5400.0,0.0,0.0,0.0,0.0,0.0,0.0,reco,0.8575677770372775,0.9862155929841122,1.0,0.004752695642495618,-0.28468147979720837,35.0,1.0,1.320493917398932,1.320493917398932,cons__reco,cons__reco,bandwidth,4.0,1,0
consensus,reco,20,60,ring_plus,-0.06125488830102637,0.06125488830102637,0.004277827760859435,6120,0.012116138225220138,0.0,0.0,0.0,6120.0,6120.0,1.0,0.0,24480.0,4.0,0.0,6120.0,0.0,0.0,0.0,0.0,0.0,0.0,reco,0.9213170713191263,0.902522916525555,1.0,0.1195651906581839,-0.3036645046776625,42.0,1.0,1.55469612182113,1.5546961218211295,cons__reco,cons__reco,bandwidth,4.0,2,0
consensus,reco,20,60,ring_plus,-0.1603318368039856,0.1603318368039856,0.04946011133562056,5040,0.012630098345535206,0.0,0.0,0.0,5040.0,5040.0,1.0,0.0,20160.0,4.0,0.0,5040.0,0.0,0.0,0.0,0.0,0.0,0.0,reco,0.9179863437247745,0.9529480006512818,1.0,0.17559972866964746,-0.43477111740083385,43.0,1.0,1.2627284000071304,1.2627284000071306,cons__reco,cons__reco,bandwidth,4.0,3,0
consensus,reco,20,60,ring_plus,-0.0008494096138776464,0.0008494096138776464,0.0012356644348464067,5640,0.00813832246806225,0.0,0.0,0.0,5640.0,5640.0,1.0,0.0,22560.0,4.0,0.0,5640.0,0.0,0.0,0.0,0.0,0.0,0.0,reco,0.857973298587324,0.9909779860438144,1.0,0.0030954804636387674,-0.2570844504825945,32.0,1.0,1.3711704029417888,1.3711704029417888,cons__reco,cons__reco,bandwidth,4.0,4,0
consensus,reco,20,60,ring_plus,-0.001973336331302553,0.001973336331302553,0.008679556736264853,6360,0.008704468034085238,0.0,0.0,0.0,6360.0,6360.0,1.0,0.0,25440.0,4.0,0.0,6360.0,0.0,0.0,0.0,0.0,0.0,0.0,reco,0.8666745044113405,0.9830354979352642,1.0,0.0071913793449507124,-0.2545640253056578,38.0,1.0,1.6160985120576443,1.616098512057644,cons__reco,cons__reco,bandwidth,4.0,5,0
consensus,reco,20,60,ring_plus,-0.23975655968836931,0.23975655968836931,0.097197355919,4680,0.013056298554975952,0.0,0.0,0.0,4680.0,4680.0,1.0,0.0,18720.0,4.0,0.0,4680.0,0.0,0.0,0.0,0.0,0.0,0.0,reco,0.9320622501816183,0.8226454407848247,0.9666666666666667,0.245931738308104,-0.34608961981285546,,0.0,0.9450014459069909,0.9450014459069908,cons__reco,cons__reco,bandwidth,4.0,6,0
consensus,reco,20,60,ring_plus,-0.09290196806982472,0.09290196806982472,0.01189689465482055,6480,0.015990290227512798,0.0,0.0,0.0,6480.0,6480.0,1.0,0.0,25920.0,4.0,0.0,6480.0,0.0,0.0,0.0,0.0,0.0,0.0,reco,0.9178332536741961,0.8449127907449132,0.9,0.10118364736293906,-0.3196700580543424,30.0,1.0,2.218617553571293,2.218617553571293,cons__reco,cons__reco,bandwidth,4.0,7,0
consensus,reco,20,60,ring_plus,-0.3404547984968017,0.3404547984968017,0.019833495251090655,4200,0.011060622796793776,0.0,0.0,0.0,4200.0,4200.0,1.0,0.0,16800.0,4.0,0.0,4200.0,0.0,0.0,0.0,0.0,0.0,0.0,reco,0.9509713749055244,0.7627317561006177,1.0,0.34428488380137595,-0.2196864512193479,,0.0,0.7964836768628718,0.7964836768628717,cons__reco,cons__reco,bandwidth,4.0,8,0
consensus,reco,20,60,ring_plus,-0.28750829305394704,0.28750829305394704,0.015094814626741504,5280,0.015313492830862292,0.0,0.0,0.0,5280.0,5280.0,1.0,0.0,21120.0,4.0,0.0,5280.0,0.0,0.0,0.0,0.0,0.0,0.0,reco,0.8625979160569659,0.9838318533245201,0.5,0.281671514656444,-0.2411086472821877,,0.0,0.9413291035084279,0.9413291035084281,cons__reco,cons__reco,bandwidth,4.0,9,0
consensus,reco,20,60,ring_plus,-0.009036997488755702,0.009036997488755702,0.0004548043689065814,5040,4.481218980910361e-05,0.0,0.0,0.0,5040.0,5040.0,1.0,0.0,40320.0,8.0,0.0,5040.0,0.0,0.0,0.0,0.0,0.0,0.0,reco,0.8916313587846071,0.9859242755998053,1.0,0.014891731806844688,-0.18163610454001186,33.0,1.0,1.399646125476325,1.3996461254763248,cons__reco,cons__reco,bandwidth,8.0,0,0
consensus,reco,20,60,ring_plus,-0.04273237819074488,0.04273237819074488,0.027729639197079842,5400,4.8620982043982896e-05,0.0,0.0,0.0,5400.0,5400.0,1.0,0.0,43200.0,8.0,0.0,5400.0,0.0,0.0,0.0,0.0,0.0,0.0,reco,0.9080692656922186,0.988309972343019,1.0,0.0668948761149827,-0.28399100940101424,42.0,1.0,1.320493917398932,1.320493917398932,cons__reco,cons__reco,bandwidth,8.0,1,0
consensus,reco,20,60,ring_plus,-0.010402713264661783,0.010402713264661783,0.0013452022665814565,6120,4.5133712255813116e-05,0.0,0.0,0.0,6120.0,6120.0,1.0,0.0,48960.0,8.0,0.0,6120.0,0.0,0.0,0.0,0.0,0.0,0.0,reco,0.8866100169049836,0.992485727375292,1.0,0.01931310737727236,-0.30451204092826856,33.0,1.0,1.55469612182113,1.5546961218211295,cons__reco,cons__reco,bandwidth,8.0,2,0
consensus,reco,20,60,ring_plus,-0.03889959427619208,0.03889959427619208,0.01016902544353283,5040,4.634360639925113e-05,0.0,0.0,0.0,5040.0,5040.0,1.0,0.0,40320.0,8.0,0.0,5040.0,0.0,0.0,0.0,0.0,0.0,0.0,reco,0.9005811237951067,0.99393897125125,1.0,0.06675107527020312,-0.4367949881096304,40.0,1.0,1.2627284000071304,1.2627284000071306,cons__reco,cons__reco,bandwidth,8.0,3,0
consensus,reco,20,60,ring_plus,-0.016044492799288136,0.016044492799288136,0.004277635392330172,5640,4.305661185547243e-05,0.0,0.0,0.0,5640.0,5640.0,1.0,0.0,45120.0,8.0,0.0,5640.0,0.0,0.0,0.0,0.0,0.0,0.0,reco,0.8974183571056144,0.9793600493975548,1.0,0.025502256843147775,-0.25683119909617097,34.0,1.0,1.3711704029417888,1.3711704029417888,cons__reco,cons__reco,bandwidth,8.0,4,0
consensus,reco,20,60,ring_plus,-0.025623831646043232,0.025623831646043232,0.003950761375526371,6360,4.671790394879299e-05,0.0,0.0,0.0,6360.0,6360.0,1.0,0.0,50880.0,8.0,0.0,6360.0,0.0,0.0,0.0,0.0,0.0,0.0,reco,0.9011440975896529,0.9952180076371692,1.0,0.04367665184516283,-0.25416985038374545,41.0,1.0,1.6160985120576443,1.616098512057644,cons__reco,cons__reco,bandwidth,8.0,5,0
consensus,reco,20,60,ring_plus,-0.01658267268814841,0.01658267268814841,0.02686574655722651,4680,4.739587166946175e-05,0.0,0.0,0.0,4680.0,4680.0,1.0,0.0,37440.0,8.0,0.0,4680.0,0.0,0.0,0.0,0.0,0.0,0.0,reco,0.89113791367798,0.9763514563362028,1.0,0.025045127843712437,-0.3498091845961925,31.0,1.0,0.9450014459069909,0.9450014459069908,cons__reco,cons__reco,bandwidth,8.0,6,0
consensus,reco,20,60,ring_plus,-0.003307807237330903,0.003307807237330903,0.0003904091424456981,6480,4.6578740955242285e-05,0.0,0.0,0.0,6480.0,6480.0,1.0,0.0,51840.0,8.0,0.0,6480.0,0.0,0.0,0.0,0.0,0.0,0.0,reco,0.8670969613598296,0.9942736791581318,1.0,0.00675103099491461,-0.3211632940682174,28.0,1.0,2.218617553571293,2.218617553571293,cons__reco,cons__reco,bandwidth,8.0,7,0
consensus,reco,20,60,ring_plus,-0.06813340403405233,0.06813340403405233,0.008117727389638054,4200,4.753770891455052e-05,0.0,0.0,0.0,4200.0,4200.0,1.0,0.0,33600.0,8.0,0.0,4200.0,0.0,0.0,0.0,0.0,0.0,0.0,reco,0.9252547311520644,0.9428796877497465,1.0,0.09000385600591217,-0.22422514112706038,47.0,1.0,0.7964836768628718,0.7964836768628717,cons__reco,cons__reco,bandwidth,8.0,8,0
consensus,reco,20,60,ring_plus,-0.032705334830207884,0.032705334830207884,0.0017242991035865667,5280,4.683572719744689e-05,0.0,0.0,0.0,5280.0,5280.0,1.0,0.0,42240.0,8.0,0.0,5280.0,0.0,0.0,0.0,0.0,0.0,0.0,reco,0.9087643778353658,0.9528530625303718,1.0,0.04562680476417739,-0.2453553632525834,36.0,1.0,0.9413291035084279,0.9413291035084281,cons__reco,cons__reco,bandwidth,8.0,9,0
consensus,reco,20,60,ring_plus,-0.00851207467040009,0.00851207467040009,0.0004340770872938251,5040,0.0,0.0,0.0,0.0,5040.0,5040.0,1.0,0.0,161280.0,32.0,0.0,5040.0,0.0,0.0,0.0,0.0,0.0,0.0,reco,0.8911024792486075,0.9872936322686305,1.0,0.014386542208800772,-0.1816448532536511,33.0,1.0,1.399646125476325,1.3996461254763248,cons__reco,cons__reco,bandwidth,0.0,0,0
consensus,reco,20,60,ring_plus,-0.04297828951889143,0.04297828951889143,0.027664809377183224,5400,0.0,0.0,0.0,0.0,5400.0,5400.0,1.0,0.0,172800.0,32.0,0.0,5400.0,0.0,0.0,0.0,0.0,0.0,0.0,reco,0.9081438828781239,0.9882707371676687,1.0,0.06700868951394197,-0.2839869108788785,42.0,1.0,1.320493917398932,1.320493917398932,cons__reco,cons__reco,bandwidth,0.0,1,0
consensus,reco,20,60,ring_plus,-0.010444314635784789,0.010444314635784789,0.001340921586707212,6120,0.0,0.0,0.0,0.0,6120.0,6120.0,1.0,0.0,195840.0,32.0,0.0,6120.0,0.0,0.0,0.0,0.0,0.0,0.0,reco,0.8865858769616057,0.9926584079731978,1.0,0.019271114708411953,-0.3045113475720831,33.0,1.0,1.55469612182113,1.5546961218211295,cons__reco,cons__reco,bandwidth,0.0,2,0
consensus,reco,20,60,ring_plus,-0.038916044447765294,0.038916044447765294,0.010053799360391667,5040,0.0,0.0,0.0,0.0,5040.0,5040.0,1.0,0.0,161280.0,32.0,0.0,5040.0,0.0,0.0,0.0,0.0,0.0,0.0,reco,0.900592732751324,0.9939735911110833,1.0,0.06686803785142491,-0.4367947139401043,40.0,1.0,1.2627284000071304,1.2627284000071306,cons__reco,cons__reco,bandwidth,0.0,3,0
consensus,reco,20,60,ring_plus,-0.01611567802585392,0.01611567802585392,0.004276499590814791,5640,0.0,0.0,0.0,0.0,5640.0,5640.0,1.0,0.0,180480.0,32.0,0.0,5640.0,0.0,0.0,0.0,0.0,0.0,0.0,reco,0.8976476431314317,0.9786058765429498,1.0,0.02592414115038663,-0.25683001267572825,33.0,1.0,1.3711704029417888,1.3711704029417888,cons__reco,cons__reco,bandwidth,0.0,4,0
consensus,reco,20,60,ring_plus,-0.025794372513068962,0.025794372513068962,0.004140436130291881,6360,0.0,0.0,0.0,0.0,6360.0,6360.0,1.0,0.0,203520.0,32.0,0.0,6360.0,0.0,0.0,0.0,0.0,0.0,0.0,reco,0.9012474419915016,0.9951174460535895,1.0,0.043974012521267675,-0.2541670080359617,41.0,1.0,1.6160985120576443,1.616098512057644,cons__reco,cons__reco,bandwidth,0.0,5,0
consensus,reco,20,60,ring_plus,-0.016584354108769853,0.016584354108769853,0.02662999467904035,4680,0.0,0.0,0.0,0.0,4680.0,4680.0,1.0,0.0,149760.0,32.0,0.0,4680.0,0.0,0.0,0.0,0.0,0.0,0.0,reco,0.891651175084495,0.9756236375559071,1.0,0.02583418938055568,-0.3498091565725155,31.0,1.0,0.9450014459069909,0.9450014459069908,cons__reco,cons__reco,bandwidth,0.0,6,0
consensus,reco,20,60,ring_plus,-0.003101793905864215,0.003101793905864215,0.00036916055417152746,6480,0.0,0.0,0.0,0.0,6480.0,6480.0,1.0,0.0,207360.0,32.0,0.0,6480.0,0.0,0.0,0.0,0.0,0.0,0.0,reco,0.8663012170941383,0.9951715943205027,1.0,0.006464743618495087,-0.3211667276237419,28.0,1.0,2.218617553571293,2.218617553571293,cons__reco,cons__reco,bandwidth,0.0,7,0
consensus,reco,20,60,ring_plus,-0.06801013163305801,0.06801013163305801,0.007809006923577344,4200,0.0,0.0,0.0,0.0,4200.0,4200.0,1.0,0.0,134400.0,32.0,0.0,4200.0,0.0,0.0,0.0,0.0,0.0,0.0,reco,0.9253767995166333,0.9419629836188614,1.0,0.09056731539153885,-0.22422719566707697,47.0,1.0,0.7964836768628718,0.7964836768628717,cons__reco,cons__reco,bandwidth,0.0,8,0
consensus,reco,20,60,ring_plus,-0.03263843783496566,0.03263843783496566,0.0017052727126170297,5280,0.0,0.0,0.0,0.0,5280.0,5280.0,1.0,0.0,168960.0,32.0,0.0,5280.0,0.0,0.0,0.0,0.0,0.0,0.0,reco,0.908690689968099,0.9540190033715124,1.0,0.04531952449820049,-0.24535647820250409,36.0,1.0,0.9413291035084279,0.9413291035084281,cons__reco,cons__reco,bandwidth,0.0,9,0
consensus,reco,20,60,ring_plus,-0.00851207467040009,0.00851207467040009,0.0004340770872938251,5040,0.0,0.0,0.0,0.0,5040.0,5040.0,1.0,0.0,161280.0,32.0,0.0,5040.0,0.0,0.0,0.0,0.0,0.0,0.0,reco,0.8911024792486075,0.9872936322686305,1.0,0.014386542208800772,-0.1816448532536511,33.0,1.0,1.399646125476325,1.3996461254763248,cons__reco,cons__reco,spoof,0.0,0,0
consensus,reco,20,60,ring_plus,-0.04297828951889143,0.04297828951889143,0.027664809377183224,5400,0.0,0.0,0.0,0.0,5400.0,5400.0,1.0,0.0,172800.0,32.0,0.0,5400.0,0.0,0.0,0.0,0.0,0.0,0.0,reco,0.9081438828781239,0.9882707371676687,1.0,0.06700868951394197,-0.2839869108788785,42.0,1.0,1.320493917398932,1.320493917398932,cons__reco,cons__reco,spoof,0.0,1,0
consensus,reco,20,60,ring_plus,-0.010444314635784789,0.010444314635784789,0.001340921586707212,6120,0.0,0.0,0.0,0.0,6120.0,6120.0,1.0,0.0,195840.0,32.0,0.0,6120.0,0.0,0.0,0.0,0.0,0.0,0.0,reco,0.8865858769616057,0.9926584079731978,1.0,0.019271114708411953,-0.3045113475720831,33.0,1.0,1.55469612182113,1.5546961218211295,cons__reco,cons__reco,spoof,0.0,2,0
consensus,reco,20,60,ring_plus,-0.038916044447765294,0.038916044447765294,0.010053799360391667,5040,0.0,0.0,0.0,0.0,5040.0,5040.0,1.0,0.0,161280.0,32.0,0.0,5040.0,0.0,0.0,0.0,0.0,0.0,0.0,reco,0.900592732751324,0.9939735911110833,1.0,0.06686803785142491,-0.4367947139401043,40.0,1.0,1.2627284000071304,1.2627284000071306,cons__reco,cons__reco,spoof,0.0,3,0
consensus,reco,20,60,ring_plus,-0.01611567802585392,0.01611567802585392,0.004276499590814791,5640,0.0,0.0,0.0,0.0,5640.0,5640.0,1.0,0.0,180480.0,32.0,0.0,5640.0,0.0,0.0,0.0,0.0,0.0,0.0,reco,0.8976476431314317,0.9786058765429498,1.0,0.02592414115038663,-0.25683001267572825,33.0,1.0,1.3711704029417888,1.3711704029417888,cons__reco,cons__reco,spoof,0.0,4,0
consensus,reco,20,60,ring_plus,-0.025794372513068962,0.025794372513068962,0.004140436130291881,6360,0.0,0.0,0.0,0.0,6360.0,6360.0,1.0,0.0,203520.0,32.0,0.0,6360.0,0.0,0.0,0.0,0.0,0.0,0.0,reco,0.9012474419915016,0.9951174460535895,1.0,0.043974012521267675,-0.2541670080359617,41.0,1.0,1.6160985120576443,1.616098512057644,cons__reco,cons__reco,spoof,0.0,5,0
consensus,reco,20,60,ring_plus,-0.016584354108769853,0.016584354108769853,0.02662999467904035,4680,0.0,0.0,0.0,0.0,4680.0,4680.0,1.0,0.0,149760.0,32.0,0.0,4680.0,0.0,0.0,0.0,0.0,0.0,0.0,reco,0.891651175084495,0.9756236375559071,1.0,0.02583418938055568,-0.3498091565725155,31.0,1.0,0.9450014459069909,0.9450014459069908,cons__reco,cons__reco,spoof,0.0,6,0
consensus,reco,20,60,ring_plus,-0.003101793905864215,0.003101793905864215,0.00036916055417152746,6480,0.0,0.0,0.0,0.0,6480.0,6480.0,1.0,0.0,207360.0,32.0,0.0,6480.0,0.0,0.0,0.0,0.0,0.0,0.0,reco,0.8663012170941383,0.9951715943205027,1.0,0.006464743618495087,-0.3211667276237419,28.0,1.0,2.218617553571293,2.218617553571293,cons__reco,cons__reco,spoof,0.0,7,0
consensus,reco,20,60,ring_plus,-0.06801013163305801,0.06801013163305801,0.007809006923577344,4200,0.0,0.0,0.0,0.0,4200.0,4200.0,1.0,0.0,134400.0,32.0,0.0,4200.0,0.0,0.0,0.0,0.0,0.0,0.0,reco,0.9253767995166333,0.9419629836188614,1.0,0.09056731539153885,-0.22422719566707697,47.0,1.0,0.7964836768628718,0.7964836768628717,cons__reco,cons__reco,spoof,0.0,8,0
consensus,reco,20,60,ring_plus,-0.03263843783496566,0.03263843783496566,0.0017052727126170297,5280,0.0,0.0,0.0,0.0,5280.0,5280.0,1.0,0.0,168960.0,32.0,0.0,5280.0,0.0,0.0,0.0,0.0,0.0,0.0,reco,0.908690689968099,0.9540190033715124,1.0,0.04531952449820049,-0.24535647820250409,36.0,1.0,0.9413291035084279,0.9413291035084281,cons__reco,cons__reco,spoof,0.0,9,0
consensus,reco,20,60,ring_plus,-0.01629469588706377,0.01629469588706377,0.0011331783420779574,5040,0.11242764609218207,0.0,0.0,0.0,5040.0,5040.0,1.0,0.0,161280.0,32.0,0.0,4527.0,0.0,513.0,0.0,0.0,0.0,0.0,reco,0.8949302943402552,0.9727712961690863,0.9333333333333333,0.019645080142369344,-0.18151514290004003,33.0,1.0,1.399646125476325,1.3996461254763248,cons__reco,cons__reco,spoof,0.1,0,0
consensus,reco,20,60,ring_plus,-0.02706167029369043,0.02706167029369043,0.051452145439237526,5400,0.11824765206208446,0.0,0.0,0.0,5400.0,5400.0,1.0,0.0,172800.0,32.0,0.0,4847.0,0.0,553.0,0.0,0.0,0.0,0.0,reco,0.9010408736887091,0.9898068079060596,0.9833333333333333,0.04549525680913207,-0.2842521878659652,38.0,1.0,1.320493917398932,1.320493917398932,cons__reco,cons__reco,spoof,0.1,1,0
consensus,reco,20,60,ring_plus,-0.01873267076668461,0.01873267076668461,0.0029742989033461923,6120,0.10038482600705108,0.0,0.0,0.0,6120.0,6120.0,1.0,0.0,195840.0,32.0,0.0,5488.0,0.0,632.0,0.0,0.0,0.0,0.0,reco,0.8907545261385652,0.9784856360376594,0.9833333333333333,0.024505991930325915,-0.3043732083032349,33.0,1.0,1.55469612182113,1.5546961218211295,cons__reco,cons__reco,spoof,0.1,2,0
consensus,reco,20,60,ring_plus,-0.019070503744238188,0.019070503744238188,0.020209784570511487,5040,0.1123563971290507,0.0,0.0,0.0,5040.0,5040.0,1.0,0.0,161280.0,32.0,0.0,4560.0,0.0,480.0,0.0,0.0,0.0,0.0,reco,0.8856189631180107,0.9943974281359854,0.9833333333333333,0.029425251170848436,-0.4371254729518297,34.0,1.0,1.2627284000071304,1.2627284000071306,cons__reco,cons__reco,spoof,0.1,3,0
consensus,reco,20,60,ring_plus,-0.042258401674783314,0.042258401674783314,0.00955104667956736,5640,0.1067379318639061,0.0,0.0,0.0,5640.0,5640.0,1.0,0.0,180480.0,32.0,0.0,5064.0,0.0,576.0,0.0,0.0,0.0,0.0,reco,0.8927147775777542,0.9727771863542348,0.9166666666666666,0.031083088739810028,-0.2563943006149127,32.0,1.0,1.3711704029417888,1.3711704029417888,cons__reco,cons__reco,spoof,0.1,4,0
consensus,reco,20,60,ring_plus,-0.01310011135001029,0.01310011135001029,0.019509010152824316,6360,0.10885668056055867,0.0,0.0,0.0,6360.0,6360.0,1.0,0.0,203520.0,32.0,0.0,5748.0,0.0,612.0,0.0,0.0,0.0,0.0,reco,0.8901201575663262,0.995701180074898,0.9666666666666667,0.024804172066380113,-0.25437857905534605,36.0,1.0,1.6160985120576443,1.616098512057644,cons__reco,cons__reco,spoof,0.1,5,0
consensus,reco,20,60,ring_plus,-0.01289412441168804,0.01289412441168804,0.027070917879313587,4680,0.12673341747033262,0.0,0.0,0.0,4680.0,4680.0,1.0,0.0,149760.0,32.0,0.0,4232.0,0.0,448.0,0.0,0.0,0.0,0.0,reco,0.8870396261687017,0.9655162161791931,0.9333333333333333,0.02233960943312587,-0.34987066040080017,29.0,1.0,0.9450014459069909,0.9450014459069908,cons__reco,cons__reco,spoof,0.1,6,0
consensus,reco,20,60,ring_plus,-0.007437979719164451,0.007437979719164451,0.0003985981773946457,6480,0.11256812291798296,0.0,0.0,0.0,6480.0,6480.0,1.0,0.0,207360.0,32.0,0.0,5840.0,0.0,640.0,0.0,0.0,0.0,0.0,reco,0.8714826811926024,0.9811053698314669,0.9166666666666666,0.009098848841363909,-0.3210944578601868,28.0,1.0,2.218617553571293,2.218617553571293,cons__reco,cons__reco,spoof,0.1,7,0
consensus,reco,20,60,ring_plus,-0.0574161506337885,0.0574161506337885,0.01013025991553777,4200,0.0998690636181517,0.0,0.0,0.0,4200.0,4200.0,1.0,0.0,134400.0,32.0,0.0,3754.0,0.0,446.0,0.0,0.0,0.0,0.0,reco,0.9190801019806469,0.9384799217656351,0.9333333333333333,0.06767927490137887,-0.22440376201706486,40.0,1.0,0.7964836768628718,0.7964836768628717,cons__reco,cons__reco,spoof,0.1,8,0
consensus,reco,20,60,ring_plus,-0.03574732042503901,0.03574732042503901,0.002344160662864346,5280,0.11875958421259665,0.0,0.0,0.0,5280.0,5280.0,1.0,0.0,168960.0,32.0,0.0,4734.0,0.0,546.0,0.0,0.0,0.0,0.0,reco,0.910051648959932,0.9386553044878687,0.9333333333333333,0.0506888214038759,-0.24530466349266952,34.0,1.0,0.9413291035084279,0.9413291035084281,cons__reco,cons__reco,spoof,0.1,9,0
consensus,reco,20,60,ring_plus,-0.021406031144182828,0.021406031144182828,0.0030590163029989093,5040,0.3182881413053515,0.0,0.0,0.0,5040.0,5040.0,1.0,0.0,161280.0,32.0,0.0,3527.0,0.0,1513.0,0.0,0.0,0.0,0.0,reco,0.8959455112953103,0.9719590732612551,0.8666666666666667,0.02302319680412965,-0.18142995397908807,33.0,1.0,1.399646125476325,1.3996461254763248,cons__reco,cons__reco,spoof,0.3,0,0
consensus,reco,20,60,ring_plus,-0.02149607960394713,0.02149607960394713,0.11474813309117193,5400,0.32574425626635306,0.0,0.0,0.0,5400.0,5400.0,1.0,0.0,172800.0,32.0,0.0,3807.0,0.0,1593.0,0.0,0.0,0.0,0.0,reco,0.8937901466513806,0.9766506010005501,0.9,0.032653362917412235,-0.2843449477107942,33.0,1.0,1.320493917398932,1.320493917398932,cons__reco,cons__reco,spoof,0.3,1,0
consensus,reco,20,60,ring_plus,-0.008944800827801554,0.008944800827801554,0.006940175927383757,6120,0.310599803577975,0.0,0.0,0.0,6120.0,6120.0,1.0,0.0,195840.0,32.0,0.0,4268.0,0.0,1852.0,0.0,0.0,0.0,0.0,reco,0.8781853558791536,0.9781659865992242,0.9,0.013222441084657442,-0.3045363394688829,29.0,1.0,1.55469612182113,1.5546961218211295,cons__reco,cons__reco,spoof,0.3,2,0
consensus,reco,20,60,ring_plus,-0.02319357205228201,0.02319357205228201,0.04834963450140657,5040,0.35648907258191975,0.0,0.0,0.0,5040.0,5040.0,1.0,0.0,161280.0,32.0,0.0,3555.0,0.0,1485.0,0.0,0.0,0.0,0.0,reco,0.8825014518817456,0.9882025790348484,0.8833333333333333,0.031093965704373287,-0.43705675514669556,32.0,1.0,1.2627284000071304,1.2627284000071306,cons__reco,cons__reco,spoof,0.3,3,0
consensus,reco,20,60,ring_plus,-0.010011704357802416,0.010011704357802416,0.01600531300841468,5640,0.31319147447786605,0.0,0.0,0.0,5640.0,5640.0,1.0,0.0,180480.0,32.0,0.0,3971.0,0.0,1669.0,0.0,0.0,0.0,0.0,reco,0.8825981229224918,0.946879474658808,0.8333333333333334,0.013727891400201303,-0.2569317455701957,27.0,1.0,1.3711704029417888,1.3711704029417888,cons__reco,cons__reco,spoof,0.3,4,0
consensus,reco,20,60,ring_plus,-0.03922324828678104,0.03922324828678104,0.04843297545382301,6360,0.3202844328520898,0.0,0.0,0.0,6360.0,6360.0,1.0,0.0,203520.0,32.0,0.0,4473.0,0.0,1887.0,0.0,0.0,0.0,0.0,reco,0.9039590787240005,0.9692563436069276,0.9,0.05289485712465148,-0.2539431934397331,38.0,1.0,1.6160985120576443,1.616098512057644,cons__reco,cons__reco,spoof,0.3,5,0
consensus,reco,20,60,ring_plus,-0.02804077217076359,0.02804077217076359,0.040481021114540265,4680,0.33587844972438435,0.0,0.0,0.0,4680.0,4680.0,1.0,0.0,149760.0,32.0,0.0,3299.0,0.0,1381.0,0.0,0.0,0.0,0.0,reco,0.8964803981574199,0.9390559237378242,0.85,0.03219968969895031,-0.34961821627148215,29.0,1.0,0.9450014459069909,0.9450014459069908,cons__reco,cons__reco,spoof,0.3,6,0
consensus,reco,20,60,ring_plus,-0.011702900679623481,0.011702900679623481,0.0006827666262882253,6480,0.3336021617624103,0.0,0.0,0.0,6480.0,6480.0,1.0,0.0,207360.0,32.0,0.0,4583.0,0.0,1897.0,0.0,0.0,0.0,0.0,reco,0.8658524515239043,0.96803623919679,0.85,0.012858379687607405,-0.32102337584417917,26.0,1.0,2.218617553571293,2.218617553571293,cons__reco,cons__reco,spoof,0.3,7,0
consensus,reco,20,60,ring_plus,-0.035202988856726646,0.035202988856726646,0.013818702060163108,4200,0.3125803280623647,0.0,0.0,0.0,4200.0,4200.0,1.0,0.0,134400.0,32.0,0.0,2901.0,0.0,1299.0,0.0,0.0,0.0,0.0,reco,0.8851024691842955,0.9617990180236701,0.8,0.03139532806481861,-0.22477398138001586,30.0,1.0,0.7964836768628718,0.7964836768628717,cons__reco,cons__reco,spoof,0.3,8,0
consensus,reco,20,60,ring_plus,-0.03330140395449405,0.03330140395449405,0.0018276510040487197,5280,0.3260054900892462,0.0,0.0,0.0,5280.0,5280.0,1.0,0.0,168960.0,32.0,0.0,3702.0,0.0,1578.0,0.0,0.0,0.0,0.0,reco,0.8962983253544323,0.9500988390008662,0.9,0.03591441998836893,-0.24534542876717857,32.0,1.0,0.9413291035084279,0.9413291035084281,cons__reco,cons__reco,spoof,0.3,9,0
consensus,reco,20,60,ring_plus,-0.03750178302891,0.03750178302891,0.0031499534168985413,5040,0.5385655977334189,0.0,0.0,0.0,5040.0,5040.0,1.0,0.0,161280.0,32.0,0.0,2468.0,0.0,2572.0,0.0,0.0,0.0,0.0,reco,0.9149979805140398,0.8913828712314424,0.7666666666666667,0.054214201165891464,-0.18116169144767594,34.0,1.0,1.399646125476325,1.3996461254763248,cons__reco,cons__reco,spoof,0.5,0,0
consensus,reco,20,60,ring_plus,-0.05874021243862636,0.05874021243862636,0.1411917115603874,5400,0.566893273290224,0.0,0.0,0.0,5400.0,5400.0,1.0,0.0,172800.0,32.0,0.0,2643.0,0.0,2757.0,0.0,0.0,0.0,0.0,reco,0.8881208710693371,0.9659943138454298,0.8333333333333334,0.0576336698422965,-0.2837242121635494,33.0,1.0,1.320493917398932,1.320493917398932,cons__reco,cons__reco,spoof,0.5,1,0
consensus,reco,20,60,ring_plus,-0.03395088123461218,0.03395088123461218,0.011917050655151603,6120,0.5227721509838833,0.0,0.0,0.0,6120.0,6120.0,1.0,0.0,195840.0,32.0,0.0,3014.0,0.0,3106.0,0.0,0.0,0.0,0.0,reco,0.8733894126747461,0.986747250272535,0.8333333333333334,0.036624629056893336,-0.3041195714621027,31.0,1.0,1.55469612182113,1.5546961218211295,cons__reco,cons__reco,spoof,0.5,2,0
consensus,reco,20,60,ring_plus,-0.061217129924914945,0.061217129924914945,0.06948083796958136,5040,0.5889534123757902,0.0,0.0,0.0,5040.0,5040.0,1.0,0.0,161280.0,32.0,0.0,2514.0,0.0,2526.0,0.0,0.0,0.0,0.0,reco,0.8682854633386512,0.990923329955562,0.8333333333333334,0.04648946391455635,-0.4364230291821517,30.0,1.0,1.2627284000071304,1.2627284000071306,cons__reco,cons__reco,spoof,0.5,3,0
consensus,reco,20,60,ring_plus,-0.021622506496409784,0.021622506496409784,0.023051322063440478,5640,0.5140801792154357,0.0,0.0,0.0,5640.0,5640.0,1.0,0.0,180480.0,32.0,0.0,2826.0,0.0,2814.0,0.0,0.0,0.0,0.0,reco,0.8903475199108183,0.9387732647424948,0.7833333333333333,0.024654061028934287,-0.25673823220121894,28.0,1.0,1.3711704029417888,1.3711704029417888,cons__reco,cons__reco,spoof,0.5,4,0
consensus,reco,20,60,ring_plus,-0.0390585963627926,0.0390585963627926,0.0698199475753839,6360,0.5552151761619617,0.0,0.0,0.0,6360.0,6360.0,1.0,0.0,203520.0,32.0,0.0,3167.0,0.0,3193.0,0.0,0.0,0.0,0.0,reco,0.8946784407694648,0.9543333318093307,0.7666666666666667,0.04511896500639001,-0.25394593763846623,31.0,1.0,1.6160985120576443,1.616098512057644,cons__reco,cons__reco,spoof,0.5,5,0
consensus,reco,20,60,ring_plus,-0.03243956055437445,0.03243956055437445,0.04749845002993026,4680,0.5782176857968233,0.0,0.0,0.0,4680.0,4680.0,1.0,0.0,149760.0,32.0,0.0,2371.0,0.0,2309.0,0.0,0.0,0.0,0.0,reco,0.9065638737688194,0.9253734861942622,0.8166666666666667,0.05705266016768829,-0.34954490313175535,33.0,1.0,0.9450014459069909,0.9450014459069908,cons__reco,cons__reco,spoof,0.5,6,0
consensus,reco,20,60,ring_plus,-0.03411918816790106,0.03411918816790106,0.001757045209450967,6480,0.5454427823905313,0.0,0.0,0.0,6480.0,6480.0,1.0,0.0,207360.0,32.0,0.0,3290.0,0.0,3190.0,0.0,0.0,0.0,0.0,reco,0.885586954917745,0.9476127323887831,0.8166666666666667,0.03182633166118435,-0.3206497710527079,27.0,1.0,2.218617553571293,2.218617553571293,cons__reco,cons__reco,spoof,0.5,7,0
consensus,reco,20,60,ring_plus,-0.055702397914495445,0.055702397914495445,0.01909755032094965,4200,0.5357315299085542,0.0,0.0,0.0,4200.0,4200.0,1.0,0.0,134400.0,32.0,0.0,2076.0,0.0,2124.0,0.0,0.0,0.0,0.0,reco,0.8970444130381993,0.9049097152919848,0.75,0.049932349518819995,-0.22443232456238635,28.0,1.0,0.7964836768628718,0.7964836768628717,cons__reco,cons__reco,spoof,0.5,8,0
consensus,reco,20,60,ring_plus,-0.053055733622683926,0.053055733622683926,0.0031582204987832493,5280,0.5469233953937708,0.0,0.0,0.0,5280.0,5280.0,1.0,0.0,168960.0,32.0,0.0,2578.0,0.0,2702.0,0.0,0.0,0.0,0.0,reco,0.8839928166758683,0.9594857888737509,0.7833333333333333,0.040159335670511886,-0.24501618993937538,31.0,1.0,0.9413291035084279,0.9413291035084281,cons__reco,cons__reco,spoof,0.5,9,0
consensus,reco,20,60,ring_plus,-0.12448824656055413,0.12448824656055413,0.010593070804188885,5040,1.0605963067394628,0.0,0.0,0.0,5040.0,5040.0,1.0,0.0,161280.0,32.0,0.0,0.0,0.0,5040.0,0.0,0.0,0.0,0.0,reco,0.8979774306900048,0.9104604189603862,0.6833333333333333,0.1456285174306887,-0.17971191705548187,39.0,1.0,1.399646125476325,1.3996461254763248,cons__reco,cons__reco,spoof,1.0,0,0
consensus,reco,20,60,ring_plus,-0.12281226897099518,0.12281226897099518,0.15797559164333688,5400,1.1025025368742265,0.0,0.0,0.0,5400.0,5400.0,1.0,0.0,172800.0,32.0,0.0,0.0,0.0,5400.0,0.0,0.0,0.0,0.0,reco,0.8847840403456937,0.907651842498538,0.7166666666666667,0.11085405009763967,-0.2826563445546767,27.0,1.0,1.320493917398932,1.320493917398932,cons__reco,cons__reco,spoof,1.0,1,0
consensus,reco,20,60,ring_plus,-0.09940877368135771,0.09940877368135771,0.009822705071864609,6120,1.0672496543357497,0.0,0.0,0.0,6120.0,6120.0,1.0,0.0,195840.0,32.0,0.0,0.0,0.0,6120.0,0.0,0.0,0.0,0.0,reco,0.8997229708969229,0.8774832117123071,0.7666666666666667,0.11732085847438257,-0.3030286065879902,30.0,1.0,1.55469612182113,1.5546961218211295,cons__reco,cons__reco,spoof,1.0,2,0
consensus,reco,20,60,ring_plus,-0.10041154866415143,0.10041154866415143,0.07705825716382053,5040,1.1349301452641014,0.0,0.0,0.0,5040.0,5040.0,1.0,0.0,161280.0,32.0,0.0,0.0,0.0,5040.0,0.0,0.0,0.0,0.0,reco,0.9099073210455255,0.838783144022681,0.75,0.09640968408504373,-0.43576978886983114,25.0,1.0,1.2627284000071304,1.2627284000071306,cons__reco,cons__reco,spoof,1.0,3,0
consensus,reco,20,60,ring_plus,-0.09166504805898189,0.09166504805898189,0.028054703974525204,5640,1.0706269213815727,0.0,0.0,0.0,5640.0,5640.0,1.0,0.0,180480.0,32.0,0.0,0.0,0.0,5640.0,0.0,0.0,0.0,0.0,reco,0.9222099799961024,0.8623918011186498,0.7,0.12524298072785464,-0.2555708565085094,36.0,1.0,1.3711704029417888,1.3711704029417888,cons__reco,cons__reco,spoof,1.0,4,0
consensus,reco,20,60,ring_plus,-0.1047595300721843,0.1047595300721843,0.09836037846064463,6360,1.0677659778776096,0.0,0.0,0.0,6360.0,6360.0,1.0,0.0,203520.0,32.0,0.0,0.0,0.0,6360.0,0.0,0.0,0.0,0.0,reco,0.8639394057287381,0.9690708551780226,0.75,0.09088690703258862,-0.2528509220766431,27.0,1.0,1.6160985120576443,1.616098512057644,cons__reco,cons__reco,spoof,1.0,5,0
consensus,reco,20,60,ring_plus,-0.1545756686707063,0.1545756686707063,0.07245724095629957,4680,1.1215203261625701,0.0,0.0,0.0,4680.0,4680.0,1.0,0.0,149760.0,32.0,0.0,0.0,0.0,4680.0,0.0,0.0,0.0,0.0,reco,0.8525437641154107,0.9824116424133168,0.7,0.18213891669456017,-0.3475093013298165,25.0,1.0,0.9450014459069909,0.9450014459069908,cons__reco,cons__reco,spoof,1.0,6,0
consensus,reco,20,60,ring_plus,-0.16070316997760895,0.16070316997760895,0.008441767896324177,6480,1.114951643407374,0.0,0.0,0.0,6480.0,6480.0,1.0,0.0,207360.0,32.0,0.0,0.0,0.0,6480.0,0.0,0.0,0.0,0.0,reco,0.8955007047543103,0.8607168229798677,0.7166666666666667,0.12936768492020384,-0.3185400380225461,28.0,1.0,2.218617553571293,2.218617553571293,cons__reco,cons__reco,spoof,1.0,7,0
consensus,reco,20,60,ring_plus,-0.10769750932356936,0.10769750932356936,0.018885879226365903,4200,1.0514416550896106,0.0,0.0,0.0,4200.0,4200.0,1.0,0.0,134400.0,32.0,0.0,0.0,0.0,4200.0,0.0,0.0,0.0,0.0,reco,0.8520843717473027,0.9965042126834069,0.7666666666666667,0.1382875962407499,-0.22356573937223514,29.0,1.0,0.7964836768628718,0.7964836768628717,cons__reco,cons__reco,spoof,1.0,8,0
consensus,reco,20,60,ring_plus,-0.15836051064899961,0.15836051064899961,0.009212945952429464,5280,1.102954836427486,0.0,0.0,0.0,5280.0,5280.0,1.0,0.0,168960.0,32.0,0.0,0.0,0.0,5280.0,0.0,0.0,0.0,0.0,reco,0.8695577147588638,0.9539809804236798,0.75,0.14092031967755095,-0.24326111032227013,33.0,1.0,0.9413291035084279,0.9413291035084281,cons__reco,cons__reco,spoof,1.0,9,0
consensus,reco,20,60,ring_plus,-0.00851207467040009,0.00851207467040009,0.0004340770872938251,5040,0.0,0.0,0.0,0.0,5040.0,5040.0,1.0,0.0,161280.0,32.0,0.0,5040.0,0.0,0.0,0.0,0.0,0.0,0.0,reco,0.8911024792486075,0.9872936322686305,1.0,0.014386542208800772,-0.1816448532536511,33.0,1.0,1.399646125476325,1.3996461254763248,cons__reco,cons__reco,jam,0.0,0,0
consensus,reco,20,60,ring_plus,-0.04297828951889143,0.04297828951889143,0.027664809377183224,5400,0.0,0.0,0.0,0.0,5400.0,5400.0,1.0,0.0,172800.0,32.0,0.0,5400.0,0.0,0.0,0.0,0.0,0.0,0.0,reco,0.9081438828781239,0.9882707371676687,1.0,0.06700868951394197,-0.2839869108788785,42.0,1.0,1.320493917398932,1.320493917398932,cons__reco,cons__reco,jam,0.0,1,0
consensus,reco,20,60,ring_plus,-0.010444314635784789,0.010444314635784789,0.001340921586707212,6120,0.0,0.0,0.0,0.0,6120.0,6120.0,1.0,0.0,195840.0,32.0,0.0,6120.0,0.0,0.0,0.0,0.0,0.0,0.0,reco,0.8865858769616057,0.9926584079731978,1.0,0.019271114708411953,-0.3045113475720831,33.0,1.0,1.55469612182113,1.5546961218211295,cons__reco,cons__reco,jam,0.0,2,0
consensus,reco,20,60,ring_plus,-0.038916044447765294,0.038916044447765294,0.010053799360391667,5040,0.0,0.0,0.0,0.0,5040.0,5040.0,1.0,0.0,161280.0,32.0,0.0,5040.0,0.0,0.0,0.0,0.0,0.0,0.0,reco,0.900592732751324,0.9939735911110833,1.0,0.06686803785142491,-0.4367947139401043,40.0,1.0,1.2627284000071304,1.2627284000071306,cons__reco,cons__reco,jam,0.0,3,0
consensus,reco,20,60,ring_plus,-0.01611567802585392,0.01611567802585392,0.004276499590814791,5640,0.0,0.0,0.0,0.0,5640.0,5640.0,1.0,0.0,180480.0,32.0,0.0,5640.0,0.0,0.0,0.0,0.0,0.0,0.0,reco,0.8976476431314317,0.9786058765429498,1.0,0.02592414115038663,-0.25683001267572825,33.0,1.0,1.3711704029417888,1.3711704029417888,cons__reco,cons__reco,jam,0.0,4,0
consensus,reco,20,60,ring_plus,-0.025794372513068962,0.025794372513068962,0.004140436130291881,6360,0.0,0.0,0.0,0.0,6360.0,6360.0,1.0,0.0,203520.0,32.0,0.0,6360.0,0.0,0.0,0.0,0.0,0.0,0.0,reco,0.9012474419915016,0.9951174460535895,1.0,0.043974012521267675,-0.2541670080359617,41.0,1.0,1.6160985120576443,1.616098512057644,cons__reco,cons__reco,jam,0.0,5,0
consensus,reco,20,60,ring_plus,-0.016584354108769853,0.016584354108769853,0.02662999467904035,4680,0.0,0.0,0.0,0.0,4680.0,4680.0,1.0,0.0,149760.0,32.0,0.0,4680.0,0.0,0.0,0.0,0.0,0.0,0.0,reco,0.891651175084495,0.9756236375559071,1.0,0.02583418938055568,-0.3498091565725155,31.0,1.0,0.9450014459069909,0.9450014459069908,cons__reco,cons__reco,jam,0.0,6,0
consensus,reco,20,60,ring_plus,-0.003101793905864215,0.003101793905864215,0.00036916055417152746,6480,0.0,0.0,0.0,0.0,6480.0,6480.0,1.0,0.0,207360.0,32.0,0.0,6480.0,0.0,0.0,0.0,0.0,0.0,0.0,reco,0.8663012170941383,0.9951715943205027,1.0,0.006464743618495087,-0.3211667276237419,28.0,1.0,2.218617553571293,2.218617553571293,cons__reco,cons__reco,jam,0.0,7,0
consensus,reco,20,60,ring_plus,-0.06801013163305801,0.06801013163305801,0.007809006923577344,4200,0.0,0.0,0.0,0.0,4200.0,4200.0,1.0,0.0,134400.0,32.0,0.0,4200.0,0.0,0.0,0.0,0.0,0.0,0.0,reco,0.9253767995166333,0.9419629836188614,1.0,0.09056731539153885,-0.22422719566707697,47.0,1.0,0.7964836768628718,0.7964836768628717,cons__reco,cons__reco,jam,0.0,8,0
consensus,reco,20,60,ring_plus,-0.03263843783496566,0.03263843783496566,0.0017052727126170297,5280,0.0,0.0,0.0,0.0,5280.0,5280.0,1.0,0.0,168960.0,32.0,0.0,5280.0,0.0,0.0,0.0,0.0,0.0,0.0,reco,0.908690689968099,0.9540190033715124,1.0,0.04531952449820049,-0.24535647820250409,36.0,1.0,0.9413291035084279,0.9413291035084281,cons__reco,cons__reco,jam,0.0,9,0
consensus,reco,20,60,ring_plus,-0.1216564977550416,0.1216564977550416,0.006627215814202195,5040,0.0,0.10714285714285714,0.0,0.0,5040.0,4500.0,0.8928571428571429,0.1071428571428571,144000.0,32.0,0.0,4500.0,0.0,0.0,0.0,540.0,0.0,0.0,reco,0.9328799793208516,0.8774297560179967,1.0,0.12936570252863433,-0.17975911286890708,,0.0,1.399646125476325,1.355753295277519,cons__reco,cons__reco,jam,0.1,0,0
consensus,reco,20,60,ring_plus,-0.4583232109001888,0.4583232109001888,0.09034088202138815,5400,0.0,0.1,0.0,0.0,5400.0,4860.0,0.9,0.09999999999999998,155520.0,32.0,0.0,4860.0,0.0,0.0,0.0,540.0,0.0,0.0,reco,0.9466341829320893,0.8880856972932452,1.0,0.4987677807372899,-0.27706449552252355,,0.0,1.320493917398932,1.3067220124547165,cons__reco,cons__reco,jam,0.1,1,0
consensus,reco,20,60,ring_plus,-0.20782300123454955,0.20782300123454955,0.01485414784513149,6120,0.0,0.06862745098039216,0.0,0.0,6120.0,5700.0,0.9313725490196079,0.06862745098039214,182400.0,32.0,0.0,5700.0,0.0,0.0,0.0,420.0,0.0,0.0,reco,0.9330542428384033,0.8675276701379424,1.0,0.21899469076097758,-0.3012217027954371,,0.0,1.55469612182113,0.8699785139899355,cons__reco,cons__reco,jam,0.1,2,0
consensus,reco,20,60,ring_plus,-5.7259421721219494,5.7259421721219494,0.4471500734944692,5040,0.0,0.15476190476190477,0.0,0.0,5040.0,4260.0,0.8452380952380952,0.15476190476190477,136320.0,32.0,0.0,4260.0,0.0,0.0,0.0,780.0,0.0,0.0,reco,0.9807538589103877,0.8412775989946251,1.0,6.0234790375223675,-0.3420109451455346,,0.0,1.2627284000071304,1.2594924649021235,cons__reco,cons__reco,jam,0.1,3,0
consensus,reco,20,60,ring_plus,-1.8545005622906892,1.8545005622906892,0.09289992140136123,5640,0.0,0.09574468085106383,0.0,0.0,5640.0,5100.0,0.9042553191489362,0.0957446808510638,163200.0,32.0,0.0,5100.0,0.0,0.0,0.0,540.0,0.0,0.0,reco,0.9758969554421966,0.6580844252180184,1.0,1.86800083878284,-0.22619026460464767,,0.0,1.3711704029417888,1.3555111922818643,cons__reco,cons__reco,jam,0.1,4,0
consensus,reco,20,60,ring_plus,-4.656034037459223,4.656034037459223,0.31880404298697934,6360,0.0,0.0660377358490566,0.0,0.0,6360.0,5940.0,0.9339622641509434,0.06603773584905659,190080.0,32.0,0.0,5940.0,0.0,0.0,0.0,420.0,0.0,0.0,reco,0.9852862820911585,0.7707903121110201,1.0,4.754703013376646,-0.17699634695352578,,0.0,1.6160985120576443,1.1665296618373981,cons__reco,cons__reco,jam,0.1,5,0
consensus,reco,20,60,ring_plus,-4.872593104394624,4.872593104394624,0.2561090940475065,4680,0.0,0.10256410256410256,0.0,0.0,4680.0,4200.0,0.8974358974358975,0.10256410256410253,134400.0,32.0,0.0,4200.0,0.0,0.0,0.0,480.0,0.0,0.0,reco,0.9838885486350493,0.592124015268414,0.95,4.873722852826266,-0.2688756774010846,,0.0,0.9450014459069909,0.9269296061447677,cons__reco,cons__reco,jam,0.1,6,0
consensus,reco,20,60,ring_plus,-0.9917233605988938,0.9917233605988938,0.10772783543185316,6480,0.0,0.14814814814814814,0.0,0.0,6480.0,5520.0,0.8518518518518519,0.14814814814814814,176640.0,32.0,0.0,5520.0,0.0,0.0,0.0,960.0,0.0,0.0,reco,0.9615453953944649,0.7721598155884535,1.0,1.039903534107557,-0.3046897015121913,,0.0,2.218617553571293,2.2131131029340265,cons__reco,cons__reco,jam,0.1,7,0
consensus,reco,20,60,ring_plus,-2.9091909411778007,2.9091909411778007,0.22885034041035213,4200,0.0,0.12857142857142856,0.0,0.0,4200.0,3660.0,0.8714285714285714,0.12857142857142856,117120.0,32.0,0.0,3660.0,0.0,0.0,0.0,540.0,0.0,0.0,reco,0.9847309282324392,0.6586322347472714,1.0,2.986637196160688,-0.17687418217466458,,0.0,0.7964836768628718,0.7756455591018226,cons__reco,cons__reco,jam,0.1,8,0
consensus,reco,20,60,ring_plus,-1.723029327837248,1.723029327837248,0.14218685542691328,5280,0.0,0.10227272727272728,0.0,0.0,5280.0,4740.0,0.8977272727272727,0.10227272727272729,151680.0,32.0,0.0,4740.0,0.0,0.0,0.0,540.0,0.0,0.0,reco,0.973661101839995,0.7262500544402655,1.0,1.7605675617584178,-0.21718329670246603,,0.0,0.9413291035084279,0.8042031991139494,cons__reco,cons__reco,jam,0.1,9,0
consensus,reco,20,60,ring_plus,-2.3156846330996506,2.3156846330996506,0.12941318526612752,5040,0.0,0.25,0.0,0.0,5040.0,3780.0,0.75,0.25,120960.0,32.0,0.0,3780.0,0.0,0.0,0.0,1260.0,0.0,0.0,reco,0.982604592098743,0.6465694092973511,1.0,2.3270201830733988,-0.14319197727983027,,0.0,1.399646125476325,0.7328759072995557,cons__reco,cons__reco,jam,0.25,0,0
consensus,reco,20,60,ring_plus,-1.5059628007018895,1.5059628007018895,0.08474318151226426,5400,0.0,0.2777777777777778,0.0,0.0,5400.0,3900.0,0.7222222222222222,0.2777777777777778,124800.0,32.0,0.0,3900.0,0.0,0.0,0.0,1500.0,0.0,0.0,reco,0.9677211985226836,0.7479118769153383,1.0,1.5188395501295295,-0.2596038356924951,,0.0,1.320493917398932,0.70949080031589,cons__reco,cons__reco,jam,0.25,1,0
consensus,reco,20,60,ring_plus,-4.7942811692255765,4.7942811692255765,0.2441120612905896,6120,0.0,0.21568627450980393,0.0,0.0,6120.0,4800.0,0.7843137254901961,0.21568627450980393,153600.0,32.0,0.0,4800.0,0.0,0.0,0.0,1320.0,0.0,0.0,reco,0.9862117026933287,0.5828943141741099,1.0,4.802143428069559,-0.22478073332891993,,0.0,1.55469612182113,0.8590938956011059,cons__reco,cons__reco,jam,0.25,2,0
consensus,reco,20,60,ring_plus,-13.234442870289325,13.234442870289325,0.726852925006102,5040,0.0,0.30952380952380953,0.0,0.0,5040.0,3480.0,0.6904761904761905,0.30952380952380953,111360.0,32.0,0.0,3480.0,0.0,0.0,0.0,1560.0,0.0,0.0,reco,0.9923528462324176,0.7258332550639089,1.0,13.356670350148946,-0.2168692668427449,,0.0,1.2627284000071304,0.7034053746014614,cons__reco,cons__reco,jam,0.25,3,0
consensus,reco,20,60,ring_plus,-3.026324859479953,3.026324859479953,0.15164929231519492,5640,0.0,0.24468085106382978,0.0,0.0,5640.0,4260.0,0.7553191489361702,0.24468085106382975,136320.0,32.0,0.0,4260.0,0.0,0.0,0.0,1380.0,0.0,0.0,reco,0.9831392242533317,0.5917386863618532,1.0,3.028656201321984,-0.20665985965149328,,0.0,1.3711704029417888,0.6932116477645714,cons__reco,cons__reco,jam,0.25,4,0
consensus,reco,20,60,ring_plus,-6.3192012170701215,6.3192012170701215,0.3960133920931693,6360,0.0,0.20754716981132076,0.0,0.0,6360.0,5040.0,0.7924528301886793,0.2075471698113207,161280.0,32.0,0.0,5040.0,0.0,0.0,0.0,1320.0,0.0,0.0,reco,0.9899123871734534,0.7239167463702768,1.0,6.401711661885069,-0.14927689396001084,,0.0,1.6160985120576443,8.788681123263577e-16,cons__reco,cons__reco,jam,0.25,5,0
consensus,reco,20,60,ring_plus,-6.31111993301249,6.31111993301249,0.35938513100152253,4680,0.0,0.23076923076923078,0.0,0.0,4680.0,3600.0,0.7692307692307693,0.23076923076923073,115200.0,32.0,0.0,3600.0,0.0,0.0,0.0,1080.0,0.0,0.0,reco,0.9851288386883981,0.6063182643889831,0.8666666666666667,6.307285745080507,-0.24490023025745342,,0.0,0.9450014459069909,0.6516227104008937,cons__reco,cons__reco,jam,0.25,6,0
consensus,reco,20,60,ring_plus,-5.210830264793898,5.210830264793898,0.27613630409860784,6480,0.0,0.2962962962962963,0.0,0.0,6480.0,4560.0,0.7037037037037037,0.2962962962962963,145920.0,32.0,0.0,4560.0,0.0,0.0,0.0,1920.0,0.0,0.0,reco,0.9783658435985038,0.6780804228288526,0.7333333333333333,5.203035093709756,-0.23437125310894125,,0.0,2.218617553571293,1.6234402002584751,cons__reco,cons__reco,jam,0.25,7,0
consensus,reco,20,60,ring_plus,-4.407079023881567,4.407079023881567,0.2649236972915473,4200,0.0,0.3142857142857143,0.0,0.0,4200.0,2880.0,0.6857142857142857,0.3142857142857143,92160.0,32.0,0.0,2880.0,0.0,0.0,0.0,1320.0,0.0,0.0,reco,0.9898849619465537,0.5764399623996421,1.0,4.461086952465371,-0.15190938079626848,,0.0,0.7964836768628718,0.48285695744342,cons__reco,cons__reco,jam,0.25,8,0
consensus,reco,20,60,ring_plus,-2.3391946650760294,2.3391946650760294,0.16879138534814073,5280,0.0,0.20454545454545456,0.0,0.0,5280.0,4200.0,0.7954545454545454,0.20454545454545459,134400.0,32.0,0.0,4200.0,0.0,0.0,0.0,1080.0,0.0,0.0,reco,0.9783098351192204,0.685594623445267,1.0,2.359209040107595,-0.206913874415153,,0.0,0.9413291035084279,0.5410467703440894,cons__reco,cons__reco,jam,0.25,9,0
consensus,reco,20,60,ring_plus,-6.953891915308787,6.953891915308787,0.34954710420413004,5040,0.0,0.5238095238095238,0.0,0.0,5040.0,2400.0,0.47619047619047616,0.5238095238095238,76800.0,32.0,0.0,2400.0,0.0,0.0,0.0,2640.0,0.0,0.0,reco,0.9958572300662736,0.5346429144923086,1.0,6.962201383778505,-0.06588852257634466,,0.0,1.399646125476325,2.0101208904909568e-16,cons__reco,cons__reco,jam,0.5,0,0
consensus,reco,20,60,ring_plus,-5.169700040195393,5.169700040195393,0.26707252009875565,5400,0.0,0.5222222222222223,0.0,0.0,5400.0,2580.0,0.4777777777777778,0.5222222222222221,82560.0,32.0,0.0,2580.0,0.0,0.0,0.0,2820.0,0.0,0.0,reco,0.9864492728081391,0.6481201249083278,1.0,5.180217166494683,-0.1985415483676034,,0.0,1.320493917398932,-2.0216336746729997e-16,cons__reco,cons__reco,jam,0.5,1,0
consensus,reco,20,60,ring_plus,-9.69193219905252,9.69193219905252,0.5505348273849393,6120,0.0,0.46078431372549017,0.0,0.0,6120.0,3300.0,0.5392156862745098,0.4607843137254902,105600.0,32.0,0.0,3300.0,0.0,0.0,0.0,2820.0,0.0,0.0,reco,0.9932491294796519,0.6719473098015225,1.0,9.748778175788773,-0.14315321616513757,,0.0,1.55469612182113,7.185689075917253e-16,cons__reco,cons__reco,jam,0.5,2,0
consensus,reco,20,60,ring_plus,-15.130307632370137,15.130307632370137,0.7578645565032024,5040,0.0,0.5833333333333334,0.0,0.0,5040.0,2100.0,0.4166666666666667,0.5833333333333333,67200.0,32.0,0.0,2100.0,0.0,0.0,0.0,2940.0,0.0,0.0,reco,0.9944052557278873,0.6201885722564661,1.0,15.166686426953241,-0.18527152080806472,,0.0,1.2627284000071304,-2.3898125381316e-16,cons__reco,cons__reco,jam,0.5,3,0
consensus,reco,20,60,ring_plus,-9.544723014551197,9.544723014551197,0.4942396736487763,5640,0.0,0.48936170212765956,0.0,0.0,5640.0,2880.0,0.5106382978723404,0.4893617021276596,92160.0,32.0,0.0,2880.0,0.0,0.0,0.0,2760.0,0.0,0.0,reco,0.9961556608524816,0.5070727446716763,1.0,9.573669872026867,-0.09801989040030584,,0.0,1.3711704029417888,9.22679146182269e-17,cons__reco,cons__reco,jam,0.5,4,0
consensus,reco,20,60,ring_plus,-9.395904881705123,9.395904881705123,0.5565343728816952,6360,0.0,0.42452830188679247,0.0,0.0,6360.0,3660.0,0.5754716981132075,0.42452830188679247,117120.0,32.0,0.0,3660.0,0.0,0.0,0.0,2700.0,0.0,0.0,reco,0.994955941627158,0.6484674677942999,1.0,9.421401868897844,-0.09799849954942745,,0.0,1.6160985120576443,5.533258796772204e-16,cons__reco,cons__reco,jam,0.5,5,0
consensus,reco,20,60,ring_plus,-9.499877462929268,9.499877462929268,0.4809829343823213,4680,0.0,0.5256410256410257,0.0,0.0,4680.0,2220.0,0.47435897435897434,0.5256410256410257,71040.0,32.0,0.0,2220.0,0.0,0.0,0.0,2460.0,0.0,0.0,reco,0.9887610686473641,0.5947446604237601,0.75,9.49532216352342,-0.1917542714255071,,0.0,0.9450014459069909,3.928730535098917e-17,cons__reco,cons__reco,jam,0.5,6,0
consensus,reco,20,60,ring_plus,-7.574469672054737,7.574469672054737,0.3839319817640296,6480,0.0,0.49074074074074076,0.0,0.0,6480.0,3300.0,0.5092592592592593,0.4907407407407407,105600.0,32.0,0.0,3300.0,0.0,0.0,0.0,3180.0,0.0,0.0,reco,0.9867143788234448,0.6083467414325927,0.7666666666666667,7.569061916538321,-0.19497726298792725,,0.0,2.218617553571293,4.442157626793808e-16,cons__reco,cons__reco,jam,0.5,7,0
consensus,reco,20,60,ring_plus,-8.204690231614403,8.204690231614403,0.41154327192886714,4200,0.0,0.5285714285714286,0.0,0.0,4200.0,1980.0,0.4714285714285714,0.5285714285714286,63360.0,32.0,0.0,1980.0,0.0,0.0,0.0,2220.0,0.0,0.0,reco,0.9849226736482889,0.6553958814040056,0.43333333333333335,8.204288633415436,-0.08861586066738789,,0.0,0.7964836768628718,7.218723564701772e-17,cons__reco,cons__reco,jam,0.5,8,0
consensus,reco,20,60,ring_plus,-3.804499205946269,3.804499205946269,0.2530422471911425,5280,0.0,0.4772727272727273,0.0,0.0,5280.0,2760.0,0.5227272727272727,0.4772727272727273,88320.0,32.0,0.0,2760.0,0.0,0.0,0.0,2520.0,0.0,0.0,reco,0.9849310122859798,0.6668983043379091,1.0,3.8384575209059264,-0.18249213206731568,,0.0,0.9413291035084279,4.227176087568643e-16,cons__reco,cons__reco,jam,0.5,9,0
consensus,reco,20,60,ring_plus,-8.601268631939782,8.601268631939782,0.43015889166100296,5040,0.0,0.7619047619047619,0.0,0.0,5040.0,1200.0,0.23809523809523808,0.7619047619047619,38400.0,32.0,0.0,1200.0,0.0,0.0,0.0,3840.0,0.0,0.0,reco,0.9980374560813401,0.48453931238898373,1.0,8.604276352852217,-0.03843224396582808,,0.0,1.399646125476325,-2.470145101219242e-16,cons__reco,cons__reco,jam,0.75,0,0
consensus,reco,20,60,ring_plus,-10.190861754282023,10.190861754282023,0.5278354192691279,5400,0.0,0.7555555555555555,0.0,0.0,5400.0,1320.0,0.24444444444444444,0.7555555555555555,42240.0,32.0,0.0,1320.0,0.0,0.0,0.0,4080.0,0.0,0.0,reco,0.9947067321109165,0.6027870862554885,1.0,10.200795581908684,-0.11485551979949292,,0.0,1.320493917398932,-2.73585982193477e-16,cons__reco,cons__reco,jam,0.75,1,0
consensus,reco,20,60,ring_plus,-14.725782753763923,14.725782753763923,0.7437958009032859,6120,0.0,0.7352941176470589,0.0,0.0,6120.0,1620.0,0.2647058823529412,0.7352941176470589,51840.0,32.0,0.0,1620.0,0.0,0.0,0.0,4500.0,0.0,0.0,reco,0.9962763682116004,0.5775742812193323,0.6,14.723047640176828,-0.05925570691994751,,0.0,1.55469612182113,-1.0293380571099687e-17,cons__reco,cons__reco,jam,0.75,2,0
consensus,reco,20,60,ring_plus,-20.827018137401108,20.827018137401108,1.0448362929557011,5040,0.0,0.7738095238095238,0.0,0.0,5040.0,1140.0,0.2261904761904762,0.7738095238095238,36480.0,32.0,0.0,1140.0,0.0,0.0,0.0,3900.0,0.0,0.0,reco,0.9979843027342393,0.5321112582633862,1.0,20.84894605196176,-0.09032634572421519,,0.0,1.2627284000071304,-4.3411469630379086e-16,cons__reco,cons__reco,jam,0.75,3,0
consensus,reco,20,60,ring_plus,-14.285776357924501,14.285776357924501,0.7171307690419018,5640,0.0,0.723404255319149,0.0,0.0,5640.0,1560.0,0.2765957446808511,0.7234042553191489,49920.0,32.0,0.0,1560.0,0.0,0.0,0.0,4080.0,0.0,0.0,reco,0.9981374845670066,0.6484379885508402,0.48333333333333334,14.285121430803926,-0.019002334677417448,,0.0,1.3711704029417888,-1.6685486281983725e-16,cons__reco,cons__reco,jam,0.75,4,0
consensus,reco,20,60,ring_plus,-12.817778176159639,12.817778176159639,0.6495275329008634,6360,0.0,0.7169811320754716,0.0,0.0,6360.0,1800.0,0.2830188679245283,0.7169811320754718,57600.0,32.0,0.0,1800.0,0.0,0.0,0.0,4560.0,0.0,0.0,reco,0.9986689887628387,0.4335189432450379,1.0,12.819744055093492,-0.040967277975185526,,0.0,1.6160985120576443,3.4135284035789766e-16,cons__reco,cons__reco,jam,0.75,5,0
consensus,reco,20,60,ring_plus,-14.680252563024885,14.680252563024885,0.7344948151453481,4680,0.0,0.8076923076923077,0.0,0.0,4680.0,900.0,0.19230769230769232,0.8076923076923077,28800.0,32.0,0.0,900.0,0.0,0.0,0.0,3780.0,0.0,0.0,reco,0.9925428461314214,0.6078212257653823,0.5333333333333333,14.673539446587327,-0.10541468642391351,,0.0,0.9450014459069909,-3.5551152606263237e-16,cons__reco,cons__reco,jam,0.75,6,0
consensus,reco,20,60,ring_plus,-15.740559639190495,15.740559639190495,0.8093427655842825,6480,0.0,0.7222222222222222,0.0,0.0,6480.0,1800.0,0.2777777777777778,0.7222222222222222,57600.0,32.0,0.0,1800.0,0.0,0.0,0.0,4680.0,0.0,0.0,reco,0.9954707961812505,0.6875365092387271,0.55,15.72935547703407,-0.05887576353566463,,0.0,2.218617553571293,-7.007142901653366e-16,cons__reco,cons__reco,jam,0.75,7,0
consensus,reco,20,60,ring_plus,-12.491629733407231,12.491629733407231,0.6274388520904414,4200,0.0,0.7571428571428571,0.0,0.0,4200.0,1020.0,0.24285714285714285,0.7571428571428571,32640.0,32.0,0.0,1020.0,0.0,0.0,0.0,3180.0,0.0,0.0,reco,0.999205391324542,0.6129639799916597,1.0,12.496493282673528,-0.01716686897084075,,0.0,0.7964836768628718,-1.3346272666746056e-17,cons__reco,cons__reco,jam,0.75,8,0
consensus,reco,20,60,ring_plus,-9.866755865030264,9.866755865030264,0.4955087773357458,5280,0.0,0.75,0.0,0.0,5280.0,1320.0,0.25,0.75,42240.0,32.0,0.0,1320.0,0.0,0.0,0.0,3960.0,0.0,0.0,reco,0.9968410759930081,0.439429031672404,1.0,9.867404364359182,-0.08145452108258242,,0.0,0.9413291035084279,-5.307638482904972e-16,cons__reco,cons__reco,jam,0.75,9,0
consensus,reco,20,60,ring_plus,-0.00851207467040009,0.00851207467040009,0.0004340770872938251,5040,0.0,0.0,0.0,0.0,5040.0,5040.0,1.0,0.0,161280.0,32.0,0.0,5040.0,0.0,0.0,0.0,0.0,0.0,0.0,reco,0.8911024792486075,0.9872936322686305,1.0,0.014386542208800772,-0.1816448532536511,33.0,1.0,1.399646125476325,1.3996461254763248,cons__reco,cons__reco,byzantine,0.0,0,0
consensus,reco,20,60,ring_plus,-0.04297828951889143,0.04297828951889143,0.027664809377183224,5400,0.0,0.0,0.0,0.0,5400.0,5400.0,1.0,0.0,172800.0,32.0,0.0,5400.0,0.0,0.0,0.0,0.0,0.0,0.0,reco,0.9081438828781239,0.9882707371676687,1.0,0.06700868951394197,-0.2839869108788785,42.0,1.0,1.320493917398932,1.320493917398932,cons__reco,cons__reco,byzantine,0.0,1,0
consensus,reco,20,60,ring_plus,-0.010444314635784789,0.010444314635784789,0.001340921586707212,6120,0.0,0.0,0.0,0.0,6120.0,6120.0,1.0,0.0,195840.0,32.0,0.0,6120.0,0.0,0.0,0.0,0.0,0.0,0.0,reco,0.8865858769616057,0.9926584079731978,1.0,0.019271114708411953,-0.3045113475720831,33.0,1.0,1.55469612182113,1.5546961218211295,cons__reco,cons__reco,byzantine,0.0,2,0
consensus,reco,20,60,ring_plus,-0.038916044447765294,0.038916044447765294,0.010053799360391667,5040,0.0,0.0,0.0,0.0,5040.0,5040.0,1.0,0.0,161280.0,32.0,0.0,5040.0,0.0,0.0,0.0,0.0,0.0,0.0,reco,0.900592732751324,0.9939735911110833,1.0,0.06686803785142491,-0.4367947139401043,40.0,1.0,1.2627284000071304,1.2627284000071306,cons__reco,cons__reco,byzantine,0.0,3,0
consensus,reco,20,60,ring_plus,-0.01611567802585392,0.01611567802585392,0.004276499590814791,5640,0.0,0.0,0.0,0.0,5640.0,5640.0,1.0,0.0,180480.0,32.0,0.0,5640.0,0.0,0.0,0.0,0.0,0.0,0.0,reco,0.8976476431314317,0.9786058765429498,1.0,0.02592414115038663,-0.25683001267572825,33.0,1.0,1.3711704029417888,1.3711704029417888,cons__reco,cons__reco,byzantine,0.0,4,0
consensus,reco,20,60,ring_plus,-0.025794372513068962,0.025794372513068962,0.004140436130291881,6360,0.0,0.0,0.0,0.0,6360.0,6360.0,1.0,0.0,203520.0,32.0,0.0,6360.0,0.0,0.0,0.0,0.0,0.0,0.0,reco,0.9012474419915016,0.9951174460535895,1.0,0.043974012521267675,-0.2541670080359617,41.0,1.0,1.6160985120576443,1.616098512057644,cons__reco,cons__reco,byzantine,0.0,5,0
consensus,reco,20,60,ring_plus,-0.016584354108769853,0.016584354108769853,0.02662999467904035,4680,0.0,0.0,0.0,0.0,4680.0,4680.0,1.0,0.0,149760.0,32.0,0.0,4680.0,0.0,0.0,0.0,0.0,0.0,0.0,reco,0.891651175084495,0.9756236375559071,1.0,0.02583418938055568,-0.3498091565725155,31.0,1.0,0.9450014459069909,0.9450014459069908,cons__reco,cons__reco,byzantine,0.0,6,0
consensus,reco,20,60,ring_plus,-0.003101793905864215,0.003101793905864215,0.00036916055417152746,6480,0.0,0.0,0.0,0.0,6480.0,6480.0,1.0,0.0,207360.0,32.0,0.0,6480.0,0.0,0.0,0.0,0.0,0.0,0.0,reco,0.8663012170941383,0.9951715943205027,1.0,0.006464743618495087,-0.3211667276237419,28.0,1.0,2.218617553571293,2.218617553571293,cons__reco,cons__reco,byzantine,0.0,7,0
consensus,reco,20,60,ring_plus,-0.06801013163305801,0.06801013163305801,0.007809006923577344,4200,0.0,0.0,0.0,0.0,4200.0,4200.0,1.0,0.0,134400.0,32.0,0.0,4200.0,0.0,0.0,0.0,0.0,0.0,0.0,reco,0.9253767995166333,0.9419629836188614,1.0,0.09056731539153885,-0.22422719566707697,47.0,1.0,0.7964836768628718,0.7964836768628717,cons__reco,cons__reco,byzantine,0.0,8,0
consensus,reco,20,60,ring_plus,-0.03263843783496566,0.03263843783496566,0.0017052727126170297,5280,0.0,0.0,0.0,0.0,5280.0,5280.0,1.0,0.0,168960.0,32.0,0.0,5280.0,0.0,0.0,0.0,0.0,0.0,0.0,reco,0.908690689968099,0.9540190033715124,1.0,0.04531952449820049,-0.24535647820250409,36.0,1.0,0.9413291035084279,0.9413291035084281,cons__reco,cons__reco,byzantine,0.0,9,0
consensus,reco,20,60,ring_plus,-0.03986537792133211,0.03986537792133211,0.006736139987966917,5040,0.0,0.0,0.0,0.0,5040.0,5040.0,1.0,0.0,161280.0,32.0,0.0,5040.0,0.0,0.0,0.0,0.0,0.0,0.0,reco,0.9196154489518135,0.8763603844306995,0.8333333333333334,0.0801574991525084,-0.18112229819946893,34.0,1.0,1.399646125476325,1.3996461254763248,cons__reco,cons__reco,byzantine,0.1,0,0
consensus,reco,20,60,ring_plus,-0.05784486667159402,0.05784486667159402,0.04144069004500788,5400,0.0,0.0,0.0,0.0,5400.0,5400.0,1.0,0.0,172800.0,32.0,0.0,5400.0,0.0,0.0,0.0,0.0,0.0,0.0,reco,0.9179112538826194,0.9561010675019278,0.8333333333333334,0.1070102485120011,-0.28373913459300015,42.0,1.0,1.320493917398932,1.320493917398932,cons__reco,cons__reco,byzantine,0.1,1,0
consensus,reco,20,60,ring_plus,-0.012188516120552577,0.012188516120552577,0.003296817767168417,6120,0.0,0.0,0.0,0.0,6120.0,6120.0,1.0,0.0,195840.0,32.0,0.0,6120.0,0.0,0.0,0.0,0.0,0.0,0.0,reco,0.8954126349998723,0.9622468762646731,0.8166666666666667,0.03336416477856819,-0.30448227754733703,33.0,1.0,1.55469612182113,1.5546961218211295,cons__reco,cons__reco,byzantine,0.1,2,0
consensus,reco,20,60,ring_plus,-0.053033956791890484,0.053033956791890484,0.018695483366782933,5040,0.0,0.0,0.0,0.0,5040.0,5040.0,1.0,0.0,161280.0,32.0,0.0,5040.0,0.0,0.0,0.0,0.0,0.0,0.0,reco,0.9024214397146665,0.9795181770979463,0.95,0.0666452746992388,-0.43655941540103543,38.0,1.0,1.2627284000071304,1.2627284000071306,cons__reco,cons__reco,byzantine,0.1,3,0
consensus,reco,20,60,ring_plus,-0.02042822623134584,0.02042822623134584,0.0010633287299856979,5640,0.0,0.0,0.0,0.0,5640.0,5640.0,1.0,0.0,180480.0,32.0,0.0,5640.0,0.0,0.0,0.0,0.0,0.0,0.0,reco,0.9071707767350238,0.9670744901544005,0.8666666666666667,0.04438587312196254,-0.25675813687230337,38.0,1.0,1.3711704029417888,1.3711704029417888,cons__reco,cons__reco,byzantine,0.1,4,0
consensus,reco,20,60,ring_plus,-0.02439080126357764,0.02439080126357764,0.04087605553532238,6360,0.0,0.0,0.0,0.0,6360.0,6360.0,1.0,0.0,203520.0,32.0,0.0,6360.0,0.0,0.0,0.0,0.0,0.0,0.0,reco,0.8906766175823572,0.9865482740526891,0.8166666666666667,0.03234756738659352,-0.2541904008901199,39.0,1.0,1.6160985120576443,1.616098512057644,cons__reco,cons__reco,byzantine,0.1,5,0
consensus,reco,20,60,ring_plus,-0.07780658172092407,0.07780658172092407,0.0173393404781078,4680,0.0,0.0,0.0,0.0,4680.0,4680.0,1.0,0.0,149760.0,32.0,0.0,4680.0,0.0,0.0,0.0,0.0,0.0,0.0,reco,0.9133467804442748,0.916273192664959,0.8333333333333334,0.09791253020001937,-0.3487887861123129,37.0,1.0,0.9450014459069909,0.9450014459069908,cons__reco,cons__reco,byzantine,0.1,6,0
consensus,reco,20,60,ring_plus,-0.039061346926187804,0.039061346926187804,0.002675611171308906,6480,0.0,0.0,0.0,0.0,6480.0,6480.0,1.0,0.0,207360.0,32.0,0.0,6480.0,0.0,0.0,0.0,0.0,0.0,0.0,reco,0.8743063936636916,0.9622118862673348,0.8333333333333334,0.020155440124415475,-0.32056740174006976,28.0,1.0,2.218617553571293,2.218617553571293,cons__reco,cons__reco,byzantine,0.1,7,0
consensus,reco,20,60,ring_plus,-0.1383405035826192,0.1383405035826192,0.02070705305876751,4200,0.0,0.0,0.0,0.0,4200.0,4200.0,1.0,0.0,134400.0,32.0,0.0,4200.0,0.0,0.0,0.0,0.0,0.0,0.0,reco,0.8973752418782206,0.8981114892181085,0.7333333333333333,0.13905408123533713,-0.22305502280125095,35.0,1.0,0.7964836768628718,0.7964836768628717,cons__reco,cons__reco,byzantine,0.1,8,0
consensus,reco,20,60,ring_plus,-0.06853271147070655,0.06853271147070655,0.005801042401801385,5280,0.0,0.0,0.0,0.0,5280.0,5280.0,1.0,0.0,168960.0,32.0,0.0,5280.0,0.0,0.0,0.0,0.0,0.0,0.0,reco,0.9208827236062122,0.9398841796539361,0.8166666666666667,0.10112380428321495,-0.244758240308575,42.0,1.0,0.9413291035084279,0.9413291035084281,cons__reco,cons__reco,byzantine,0.1,9,0
consensus,reco,20,60,ring_plus,-0.06947633315142848,0.06947633315142848,0.003783524181232383,5040,0.0,0.0,0.0,0.0,5040.0,5040.0,1.0,0.0,161280.0,32.0,0.0,5040.0,0.0,0.0,0.0,0.0,0.0,0.0,reco,0.9313465504249631,0.942657217271495,0.8,0.11168281331231704,-0.1806287822789673,53.0,1.0,1.399646125476325,1.3996461254763248,cons__reco,cons__reco,byzantine,0.25,0,0
consensus,reco,20,60,ring_plus,-0.1304594995572241,0.1304594995572241,0.07796586907555328,5400,0.0,0.0,0.0,0.0,5400.0,5400.0,1.0,0.0,172800.0,32.0,0.0,5400.0,0.0,0.0,0.0,0.0,0.0,0.0,reco,0.9283240125271932,0.9449535281262857,0.8,0.24530290244787625,-0.2825288907115729,48.0,1.0,1.320493917398932,1.320493917398932,cons__reco,cons__reco,byzantine,0.25,1,0
consensus,reco,20,60,ring_plus,-0.055030169626736854,0.055030169626736854,0.004768070832227504,6120,0.0,0.0,0.0,0.0,6120.0,6120.0,1.0,0.0,195840.0,32.0,0.0,6120.0,0.0,0.0,0.0,0.0,0.0,0.0,reco,0.9011102555915804,0.9216449705102884,0.7666666666666667,0.06020255617171951,-0.30376824998890056,30.0,1.0,1.55469612182113,1.5546961218211295,cons__reco,cons__reco,byzantine,0.25,2,0
consensus,reco,20,60,ring_plus,-0.10083551589104002,0.10083551589104002,0.015847913197862905,5040,0.0,0.0,0.0,0.0,5040.0,5040.0,1.0,0.0,161280.0,32.0,0.0,5040.0,0.0,0.0,0.0,0.0,0.0,0.0,reco,0.9099832472758996,0.9379750823808689,0.8833333333333333,0.11698109064391253,-0.4357627227493831,36.0,1.0,1.2627284000071304,1.2627284000071306,cons__reco,cons__reco,byzantine,0.25,3,0
consensus,reco,20,60,ring_plus,-0.07939169111734347,0.07939169111734347,0.004151286655943869,5640,0.0,0.0,0.0,0.0,5640.0,5640.0,1.0,0.0,180480.0,32.0,0.0,5640.0,0.0,0.0,0.0,0.0,0.0,0.0,reco,0.9188292776726531,0.8845589494488793,0.7666666666666667,0.08658934588285844,-0.2557754124575367,42.0,1.0,1.3711704029417888,1.3711704029417888,cons__reco,cons__reco,byzantine,0.25,4,0
consensus,reco,20,60,ring_plus,-0.06267584789113259,0.06267584789113259,0.11016085244549483,6360,0.0,0.0,0.0,0.0,6360.0,6360.0,1.0,0.0,203520.0,32.0,0.0,6360.0,0.0,0.0,0.0,0.0,0.0,0.0,reco,0.9326573784603285,0.8285326470539848,0.7333333333333333,0.2605462574509145,-0.2535523167796606,46.0,1.0,1.6160985120576443,1.616098512057644,cons__reco,cons__reco,byzantine,0.25,5,0
consensus,reco,20,60,ring_plus,-0.0829478883382167,0.0829478883382167,0.033325829426652846,4680,0.0,0.0,0.0,0.0,4680.0,4680.0,1.0,0.0,149760.0,32.0,0.0,4680.0,0.0,0.0,0.0,0.0,0.0,0.0,reco,0.9155720217060496,0.9370114187894716,0.75,0.10834116889939915,-0.34870309766869134,43.0,1.0,0.9450014459069909,0.9450014459069908,cons__reco,cons__reco,byzantine,0.25,6,0
consensus,reco,20,60,ring_plus,-0.03071001518862536,0.03071001518862536,0.01585355719357,6480,0.0,0.0,0.0,0.0,6480.0,6480.0,1.0,0.0,207360.0,32.0,0.0,6480.0,0.0,0.0,0.0,0.0,0.0,0.0,reco,0.8928878999502854,0.9583753491298743,0.8166666666666667,0.04431322744093824,-0.3207065906023624,32.0,1.0,2.218617553571293,2.218617553571293,cons__reco,cons__reco,byzantine,0.25,7,0
consensus,reco,20,60,ring_plus,-0.13759142443603317,0.13759142443603317,0.06190278033226889,4200,0.0,0.0,0.0,0.0,4200.0,4200.0,1.0,0.0,134400.0,32.0,0.0,4200.0,0.0,0.0,0.0,0.0,0.0,0.0,reco,0.9431953099847337,0.7490782814251693,0.6666666666666666,0.23515948568623715,-0.22306750745369408,59.0,1.0,0.7964836768628718,0.7964836768628717,cons__reco,cons__reco,byzantine,0.25,8,0
consensus,reco,20,60,ring_plus,-0.13113171714738373,0.13113171714738373,0.01199273294220974,5280,0.0,0.0,0.0,0.0,5280.0,5280.0,1.0,0.0,168960.0,32.0,0.0,5280.0,0.0,0.0,0.0,0.0,0.0,0.0,reco,0.9364677563710514,0.8794618796330904,0.7,0.19121854067363908,-0.24371492354729712,57.0,1.0,0.9413291035084279,0.9413291035084281,cons__reco,cons__reco,byzantine,0.25,9,0
consensus,reco,20,60,ring_plus,-0.301236934590262,0.301236934590262,0.023610058579460514,5040,0.0,0.0,0.0,0.0,5040.0,5040.0,1.0,0.0,161280.0,32.0,0.0,5040.0,0.0,0.0,0.0,0.0,0.0,0.0,reco,0.9319752437300612,0.8384832627977167,0.6166666666666667,0.17436016032516063,-0.17676610558832007,51.0,1.0,1.399646125476325,1.3996461254763248,cons__reco,cons__reco,byzantine,0.5,0,0
consensus,reco,20,60,ring_plus,-0.31785652315644125,0.31785652315644125,0.08105677639278541,5400,0.0,0.0,0.0,0.0,5400.0,5400.0,1.0,0.0,172800.0,32.0,0.0,5400.0,0.0,0.0,0.0,0.0,0.0,0.0,reco,0.9247831025357777,0.8797686032895443,0.6833333333333333,0.23860006149843094,-0.2794056069849193,52.0,1.0,1.320493917398932,1.320493917398932,cons__reco,cons__reco,byzantine,0.5,1,0
consensus,reco,20,60,ring_plus,-0.2614497074363667,0.2614497074363667,0.04377357329202308,6120,0.0,0.0,0.0,0.0,6120.0,6120.0,1.0,0.0,195840.0,32.0,0.0,6120.0,0.0,0.0,0.0,0.0,0.0,0.0,reco,0.8757473247679134,0.9773322180949482,0.7,0.2021750416325098,-0.30032792435874006,31.0,1.0,1.55469612182113,1.5546961218211295,cons__reco,cons__reco,byzantine,0.5,2,0
consensus,reco,20,60,ring_plus,-0.5886532349350504,0.5886532349350504,0.02948101135399816,5040,0.0,0.0,0.0,0.0,5040.0,5040.0,1.0,0.0,161280.0,32.0,0.0,5040.0,0.0,0.0,0.0,0.0,0.0,0.0,reco,0.9318475715735453,0.8654994034685822,0.7,0.4881722770559834,-0.4276324274319829,,0.0,1.2627284000071304,1.2627284000071306,cons__reco,cons__reco,byzantine,0.5,3,0
consensus,reco,20,60,ring_plus,-0.061618550052554795,0.061618550052554795,0.06389399581653019,5640,0.0,0.0,0.0,0.0,5640.0,5640.0,1.0,0.0,180480.0,32.0,0.0,5640.0,0.0,0.0,0.0,0.0,0.0,0.0,reco,0.9414238349092591,0.7584665807394118,0.7166666666666667,0.220646178184746,-0.25607163147528317,53.0,1.0,1.3711704029417888,1.3711704029417888,cons__reco,cons__reco,byzantine,0.5,4,0
consensus,reco,20,60,ring_plus,-0.32435705701920153,0.32435705701920153,0.286884092496557,6360,0.0,0.0,0.0,0.0,6360.0,6360.0,1.0,0.0,203520.0,32.0,0.0,6360.0,0.0,0.0,0.0,0.0,0.0,0.0,reco,0.9341200386782764,0.9061848568764114,0.65,0.24700615410147983,-0.24919096329419282,51.0,1.0,1.6160985120576443,1.616098512057644,cons__reco,cons__reco,byzantine,0.5,5,0
consensus,reco,20,60,ring_plus,-0.2467381202222198,0.2467381202222198,0.0967681690007834,4680,0.0,0.0,0.0,0.0,4680.0,4680.0,1.0,0.0,149760.0,32.0,0.0,4680.0,0.0,0.0,0.0,0.0,0.0,0.0,reco,0.8948720095713423,0.9356387047989553,0.7166666666666667,0.4518160271075999,-0.3459732604706246,38.0,1.0,0.9450014459069909,0.9450014459069908,cons__reco,cons__reco,byzantine,0.5,6,0
consensus,reco,20,60,ring_plus,-0.25973222524671513,0.25973222524671513,0.019589272346357677,6480,0.0,0.0,0.0,0.0,6480.0,6480.0,1.0,0.0,207360.0,32.0,0.0,6480.0,0.0,0.0,0.0,0.0,0.0,0.0,reco,0.9383621508044638,0.8969321462941886,0.75,0.30317231294544433,-0.3168895537680609,,0.0,2.218617553571293,2.218617553571293,cons__reco,cons__reco,byzantine,0.5,7,0
consensus,reco,20,60,ring_plus,-0.10079376344106031,0.10079376344106031,0.052639684210898804,4200,0.0,0.0,0.0,0.0,4200.0,4200.0,1.0,0.0,134400.0,32.0,0.0,4200.0,0.0,0.0,0.0,0.0,0.0,0.0,reco,0.9013372352706989,0.9105939914233458,0.65,0.28904971844813926,-0.2236808018036103,35.0,1.0,0.7964836768628718,0.7964836768628717,cons__reco,cons__reco,byzantine,0.5,8,0
consensus,reco,20,60,ring_plus,-0.749267771865932,0.749267771865932,0.03995576065143049,5280,0.0,0.0,0.0,0.0,5280.0,5280.0,1.0,0.0,168960.0,32.0,0.0,5280.0,0.0,0.0,0.0,0.0,0.0,0.0,reco,0.9251233567010145,0.7813869454058482,0.7,0.5591214109765573,-0.23341265596865465,32.0,1.0,0.9413291035084279,0.9413291035084281,cons__reco,cons__reco,byzantine,0.5,9,0
consensus,hybrid,20,60,ring_plus,-1.1520751048531266e-06,1.1520751048531266e-06,0.0006178033775865992,2640,0.0,0.0,0.0,0.0,2640.0,2640.0,1.0,0.0,84480.0,32.0,0.0,2640.0,0.0,0.0,0.0,0.0,0.0,0.0,hybrid,0.7859985495869399,0.9941938647865856,1.0,5.554877217742045e-06,-0.18178670196357272,11.0,1.0,0.4688711258507252,0.4688711258507253,cons__hybrid,cons__hybrid,msg_drop,0.0,0,0
consensus,hybrid,20,60,ring_plus,-4.917811884894667e-06,4.917811884894667e-06,0.048494173827918895,2640,0.0,0.0,0.0,0.0,2640.0,2640.0,1.0,0.0,84480.0,32.0,0.0,2640.0,0.0,0.0,0.0,0.0,0.0,0.0,hybrid,0.7899633647657412,0.9984386045715516,1.0,2.371185792094653e-05,-0.28470313374066186,15.0,1.0,0.4688711258507247,0.4688711258507247,cons__hybrid,cons__hybrid,msg_drop,0.0,1,0
consensus,hybrid,20,60,ring_plus,-8.212413405688155e-06,8.212413405688155e-06,0.013374071507959833,2640,0.0,0.0,0.0,0.0,2640.0,2640.0,1.0,0.0,84480.0,32.0,0.0,2640.0,0.0,0.0,0.0,0.0,0.0,0.0,hybrid,0.7919734851583695,0.9995066421900423,1.0,3.959719981602118e-05,-0.3046852826091228,17.0,1.0,0.468871125850723,0.4688711258507228,cons__hybrid,cons__hybrid,msg_drop,0.0,2,0
consensus,hybrid,20,60,ring_plus,-1.1780080000619662e-05,1.1780080000619662e-05,0.26052726327207354,2640,0.0,0.0,0.0,0.0,2640.0,2640.0,1.0,0.0,84480.0,32.0,0.0,2640.0,0.0,0.0,0.0,0.0,0.0,0.0,hybrid,0.791836626826508,0.9994909991592232,1.0,5.6799159831644315e-05,-0.4374431183462336,17.0,1.0,0.4688711258507241,0.4688711258507242,cons__hybrid,cons__hybrid,msg_drop,0.0,3,0
consensus,hybrid,20,60,ring_plus,-4.494102280163635e-06,4.494102280163635e-06,0.0005368863487121414,2640,0.0,0.0,0.0,0.0,2640.0,2640.0,1.0,0.0,84480.0,32.0,0.0,2640.0,0.0,0.0,0.0,0.0,0.0,0.0,hybrid,0.7903284531100236,0.9985785503102245,1.0,2.1668887961487525e-05,-0.25709853240778774,15.0,1.0,0.4688711258507239,0.4688711258507239,cons__hybrid,cons__hybrid,msg_drop,0.0,4,0
consensus,hybrid,20,60,ring_plus,-4.660775796527126e-06,4.660775796527126e-06,0.003415818351459195,2640,0.0,0.0,0.0,0.0,2640.0,2640.0,1.0,0.0,84480.0,32.0,0.0,2640.0,0.0,0.0,0.0,0.0,0.0,0.0,hybrid,0.7899283158383413,0.9984799599559544,1.0,2.24725256019056e-05,-0.2545968365649162,16.0,1.0,0.4688711258507252,0.4688711258507253,cons__hybrid,cons__hybrid,msg_drop,0.0,5,0
consensus,hybrid,20,60,ring_plus,-1.410470568693741e-06,1.410470568693741e-06,0.18337263899247697,2640,0.0,0.0,0.0,0.0,2640.0,2640.0,1.0,0.0,84480.0,32.0,0.0,2640.0,0.0,0.0,0.0,0.0,0.0,0.0,hybrid,0.7834462280929491,0.9910551726277681,1.0,6.800763939198442e-06,-0.3500855389664854,9.0,1.0,0.4688711258507254,0.4688711258507254,cons__hybrid,cons__hybrid,msg_drop,0.0,6,0
consensus,hybrid,20,60,ring_plus,-1.367187489376017e-05,1.367187489376017e-05,0.08094686643803836,2640,0.0,0.0,0.0,0.0,2640.0,2640.0,1.0,0.0,84480.0,32.0,0.0,2640.0,0.0,0.0,0.0,0.0,0.0,0.0,hybrid,0.7933306254242684,0.9999014047341296,1.0,6.592069045780056e-05,-0.32121819632425797,19.0,1.0,0.4688711258507245,0.46887112585072455,cons__hybrid,cons__hybrid,msg_drop,0.0,7,0
consensus,hybrid,20,60,ring_plus,-8.429942507892107e-06,8.429942507892107e-06,0.01989653476218442,2640,0.0,0.0,0.0,0.0,2640.0,2640.0,1.0,0.0,84480.0,32.0,0.0,2640.0,0.0,0.0,0.0,0.0,0.0,0.0,hybrid,0.7927252852800414,0.999853721368469,1.0,4.0646044156931004e-05,-0.22536055736191946,19.0,1.0,0.4688711258507255,0.4688711258507255,cons__hybrid,cons__hybrid,msg_drop,0.0,8,0
consensus,hybrid,20,60,ring_plus,-3.2147585880535797e-06,3.2147585880535797e-06,0.1782106054321475,2640,0.0,0.0,0.0,0.0,2640.0,2640.0,1.0,0.0,84480.0,32.0,0.0,2640.0,0.0,0.0,0.0,0.0,0.0,0.0,hybrid,0.7894398162006566,0.9977007575672052,1.0,1.5500369000331986e-05,-0.24590039858711032,14.0,1.0,0.46887112585072505,0.4688711258507251,cons__hybrid,cons__hybrid,msg_drop,0.0,9,0
consensus,hybrid,20,60,ring_plus,-3.841756410465318e-06,3.841756410465318e-06,0.0005828976677109233,2640,0.0,0.10454545454545454,0.0,0.0,2640.0,2364.0,0.8954545454545455,0.1045454545454545,75648.0,32.0,0.0,2364.0,0.0,0.0,276.0,0.0,0.0,0.0,hybrid,0.7997050358519477,0.9959840536419424,1.0,1.6859440764525212e-05,-0.18178665713555095,14.0,1.0,0.4688711258507252,0.38788538413281864,cons__hybrid,cons__hybrid,msg_drop,0.1,0,0
consensus,hybrid,20,60,ring_plus,-8.373197417265945e-06,8.373197417265945e-06,0.03894649354783352,2640,0.0,0.0981060606060606,0.0,0.0,2640.0,2381.0,0.9018939393939394,0.09810606060606064,76192.0,32.0,0.0,2381.0,0.0,0.0,259.0,0.0,0.0,0.0,hybrid,0.7956917845690757,0.9977460721549183,1.0,3.459806855185281e-05,-0.284703076150903,16.0,1.0,0.4688711258507247,0.3978333135089373,cons__hybrid,cons__hybrid,msg_drop,0.1,1,0
consensus,hybrid,20,60,ring_plus,-1.8271342298074266e-05,1.8271342298074266e-05,0.005597206361762927,2640,0.0,0.09772727272727273,0.0,0.0,2640.0,2382.0,0.9022727272727272,0.09772727272727277,76224.0,32.0,0.0,2382.0,0.0,0.0,258.0,0.0,0.0,0.0,hybrid,0.7991739633755583,0.9986483764926508,1.0,6.950041621596334e-05,-0.3046851149603079,18.0,1.0,0.468871125850723,0.37438975721639967,cons__hybrid,cons__hybrid,msg_drop,0.1,2,0
consensus,hybrid,20,60,ring_plus,-2.4494809410655653e-05,2.4494809410655653e-05,0.27448729253447407,2640,0.0,0.09166666666666666,0.0,0.0,2640.0,2398.0,0.9083333333333333,0.09166666666666667,76736.0,32.0,0.0,2398.0,0.0,0.0,242.0,0.0,0.0,0.0,hybrid,0.80173628988576,0.999179855374179,1.0,0.00010131554954027688,-0.4374429064340768,18.0,1.0,0.4688711258507241,0.4269579779537113,cons__hybrid,cons__hybrid,msg_drop,0.1,3,0
consensus,hybrid,20,60,ring_plus,-1.089937325866704e-05,1.089937325866704e-05,0.0035616061525057543,2640,0.0,0.10454545454545454,0.0,0.0,2640.0,2364.0,0.8954545454545455,0.1045454545454545,75648.0,32.0,0.0,2364.0,0.0,0.0,276.0,0.0,0.0,0.0,hybrid,0.8005343949619986,0.9986538321646752,1.0,4.73535617551288e-05,-0.25709842565327146,17.0,1.0,0.4688711258507239,0.39499275943281753,cons__hybrid,cons__hybrid,msg_drop,0.1,4,0
consensus,hybrid,20,60,ring_plus,-6.740255315127202e-06,6.740255315127202e-06,0.011784848125220609,2640,0.0,0.09356060606060607,0.0,0.0,2640.0,2393.0,0.906439393939394,0.09356060606060601,76576.0,32.0,0.0,2393.0,0.0,0.0,247.0,0.0,0.0,0.0,hybrid,0.7988682243622209,0.9961855953766859,1.0,3.131456151129819e-05,-0.2545968019069243,14.0,1.0,0.4688711258507252,0.3381577174716269,cons__hybrid,cons__hybrid,msg_drop,0.1,5,0
consensus,hybrid,20,60,ring_plus,-2.1307576448318097e-06,2.1307576448318097e-06,0.16147707549270482,2640,0.0,0.09696969696969697,0.0,0.0,2640.0,2384.0,0.9030303030303031,0.09696969696969693,76288.0,32.0,0.0,2384.0,0.0,0.0,256.0,0.0,0.0,0.0,hybrid,0.7899380291075371,0.9861348859567877,1.0,9.748156267718912e-06,-0.35008552696170087,9.0,1.0,0.4688711258507254,0.41132894042535495,cons__hybrid,cons__hybrid,msg_drop,0.1,6,0
consensus,hybrid,20,60,ring_plus,-2.3028667018043718e-05,2.3028667018043718e-05,0.08963151496761189,2640,0.0,0.10492424242424242,0.0,0.0,2640.0,2363.0,0.8950757575757575,0.10492424242424248,75616.0,32.0,0.0,2363.0,0.0,0.0,277.0,0.0,0.0,0.0,hybrid,0.8002656279775524,0.9996715870581627,1.0,9.392456050848138e-05,-0.32121804037772256,19.0,1.0,0.4688711258507245,0.39996672412087764,cons__hybrid,cons__hybrid,msg_drop,0.1,7,0
consensus,hybrid,20,60,ring_plus,-1.9701709604466143e-05,1.9701709604466143e-05,0.030965994284946525,2640,0.0,0.10606060606060606,0.0,0.0,2640.0,2360.0,0.8939393939393939,0.10606060606060608,75520.0,32.0,0.0,2360.0,0.0,0.0,280.0,0.0,0.0,0.0,hybrid,0.8017679785171191,0.999335852945566,1.0,7.09751504614479e-05,-0.22536036949913454,20.0,1.0,0.4688711258507255,0.3722563466044614,cons__hybrid,cons__hybrid,msg_drop,0.1,8,0
consensus,hybrid,20,60,ring_plus,-4.562025083523141e-06,4.562025083523141e-06,0.149574384350172,2640,0.0,0.10681818181818181,0.0,0.0,2640.0,2358.0,0.8931818181818182,0.10681818181818181,75456.0,32.0,0.0,2358.0,0.0,0.0,282.0,0.0,0.0,0.0,hybrid,0.7940104601766483,0.9974527634172441,1.0,2.2775323943894104e-05,-0.24590037613266877,15.0,1.0,0.46887112585072505,0.41134793427013233,cons__hybrid,cons__hybrid,msg_drop,0.1,9,0
consensus,hybrid,20,60,ring_plus,-2.7132671313666816e-05,2.7132671313666816e-05,0.0030418978430261775,2640,0.0,0.29204545454545455,0.0,0.0,2640.0,1869.0,0.7079545454545455,0.2920454545454545,59808.0,32.0,0.0,1869.0,0.0,0.0,771.0,0.0,0.0,0.0,hybrid,0.8263245095020714,0.9929609483512087,1.0,0.0001027998734924613,-0.18178626895363595,15.0,1.0,0.4688711258507252,0.08632737616035722,cons__hybrid,cons__hybrid,msg_drop,0.3,0,0
consensus,hybrid,20,60,ring_plus,-4.541859199360124e-05,4.541859199360124e-05,0.012484573304517655,2640,0.0,0.3015151515151515,0.0,0.0,2640.0,1844.0,0.6984848484848485,0.3015151515151515,59008.0,32.0,0.0,1844.0,0.0,0.0,796.0,0.0,0.0,0.0,hybrid,0.8193847372586514,0.9899555736624478,1.0,0.00016346502361761907,-0.28470245872766003,16.0,1.0,0.4688711258507247,0.06466855457014824,cons__hybrid,cons__hybrid,msg_drop,0.3,1,0
consensus,hybrid,20,60,ring_plus,-7.733128365437985e-05,7.733128365437985e-05,0.008466262204273513,2640,0.0,0.31212121212121213,0.0,0.0,2640.0,1816.0,0.6878787878787879,0.31212121212121213,58112.0,32.0,0.0,1816.0,0.0,0.0,824.0,0.0,0.0,0.0,hybrid,0.8216935014446003,0.9974753963638036,1.0,0.00023863436751947223,-0.304684130627952,19.0,1.0,0.468871125850723,0.061809006649251146,cons__hybrid,cons__hybrid,msg_drop,0.3,2,0
consensus,hybrid,20,60,ring_plus,-0.0001648687035289062,0.0001648687035289062,0.22880200442376775,2640,0.0,0.28674242424242424,0.0,0.0,2640.0,1883.0,0.7132575757575758,0.28674242424242424,60256.0,32.0,0.0,1883.0,0.0,0.0,757.0,0.0,0.0,0.0,hybrid,0.8276393843850474,0.996820114899338,1.0,0.00048569608417736357,-0.4374405668691749,20.0,1.0,0.4688711258507241,0.08920591792603144,cons__hybrid,cons__hybrid,msg_drop,0.3,3,0
consensus,hybrid,20,60,ring_plus,-6.18392681430839e-05,6.18392681430839e-05,0.007086177351069997,2640,0.0,0.2962121212121212,0.0,0.0,2640.0,1858.0,0.7037878787878787,0.29621212121212126,59456.0,32.0,0.0,1858.0,0.0,0.0,782.0,0.0,0.0,0.0,hybrid,0.8196322218002687,0.99633637159828,1.0,0.00018405311972193548,-0.2570975766550234,19.0,1.0,0.4688711258507239,0.09449334885372807,cons__hybrid,cons__hybrid,msg_drop,0.3,4,0
consensus,hybrid,20,60,ring_plus,-5.748303900355737e-05,5.748303900355737e-05,0.0018203915021895475,2640,0.0,0.2962121212121212,0.0,0.0,2640.0,1858.0,0.7037878787878787,0.29621212121212126,59456.0,32.0,0.0,1858.0,0.0,0.0,782.0,0.0,0.0,0.0,hybrid,0.8292339252926093,0.9948795112600215,1.0,0.00024657984078272586,-0.2545959561938627,19.0,1.0,0.4688711258507252,0.08597870025074396,cons__hybrid,cons__hybrid,msg_drop,0.3,5,0
consensus,hybrid,20,60,ring_plus,-3.4604737432396874e-05,3.4604737432396874e-05,0.12970609260877228,2640,0.0,0.30113636363636365,0.0,0.0,2640.0,1845.0,0.6988636363636364,0.30113636363636365,59040.0,32.0,0.0,1845.0,0.0,0.0,795.0,0.0,0.0,0.0,hybrid,0.8155922901109987,0.9777875196092334,1.0,9.360117369256158e-05,-0.35008498572870445,13.0,1.0,0.4688711258507254,0.07459749010148964,cons__hybrid,cons__hybrid,msg_drop,0.3,6,0
consensus,hybrid,20,60,ring_plus,-0.0001193583580005015,0.0001193583580005015,0.036515904296009295,2640,0.0,0.3018939393939394,0.0,0.0,2640.0,1843.0,0.6981060606060606,0.3018939393939394,58976.0,32.0,0.0,1843.0,0.0,0.0,797.0,0.0,0.0,0.0,hybrid,0.8245294285237732,0.998852050603945,1.0,0.00037406659218254995,-0.32121643488287294,22.0,1.0,0.4688711258507245,0.10802696345970045,cons__hybrid,cons__hybrid,msg_drop,0.3,7,0
consensus,hybrid,20,60,ring_plus,-0.00018537550750540442,0.00018537550750540442,0.03082840787143476,2640,0.0,0.3170454545454545,0.0,0.0,2640.0,1803.0,0.6829545454545455,0.3170454545454545,57696.0,32.0,0.0,1803.0,0.0,0.0,837.0,0.0,0.0,0.0,hybrid,0.8340665162400624,0.9986111541088997,1.0,0.0005381449231009935,-0.22535760826916956,24.0,1.0,0.4688711258507255,0.05969458988208867,cons__hybrid,cons__hybrid,msg_drop,0.3,8,0
consensus,hybrid,20,60,ring_plus,-6.102599659893728e-06,6.102599659893728e-06,0.10857996191202346,2640,0.0,0.30606060606060603,0.0,0.0,2640.0,1832.0,0.693939393939394,0.30606060606060603,58624.0,32.0,0.0,1832.0,0.0,0.0,808.0,0.0,0.0,0.0,hybrid,0.8012002663738892,0.9838089343478713,1.0,2.5734396031511223e-05,-0.24590035045642583,11.0,1.0,0.46887112585072505,0.09521948616268432,cons__hybrid,cons__hybrid,msg_drop,0.3,9,0
consensus,hybrid,20,60,ring_plus,-0.0002823247810519212,0.0002823247810519212,0.023797508300105526,2640,0.0,0.49318181818181817,0.0,0.0,2640.0,1338.0,0.5068181818181818,0.49318181818181817,42816.0,32.0,0.0,1338.0,0.0,0.0,1302.0,0.0,0.0,0.0,hybrid,0.8490754991083184,0.9888339403233598,1.0,0.0007263838918846974,-0.1817820157518069,21.0,1.0,0.4688711258507252,-1.510083420749751e-16,cons__hybrid,cons__hybrid,msg_drop,0.5,0,0
consensus,hybrid,20,60,ring_plus,-0.0008421482719745684,0.0008421482719745684,0.0024314282968250145,2640,0.0,0.5106060606060606,0.0,0.0,2640.0,1292.0,0.4893939393939394,0.5106060606060606,41344.0,32.0,0.0,1292.0,0.0,0.0,1348.0,0.0,0.0,0.0,hybrid,0.8559401418071412,0.9867827581465508,1.0,0.0018439140163879677,-0.2846891798996604,21.0,1.0,0.4688711258507247,0.004973964688059479,cons__hybrid,cons__hybrid,msg_drop,0.5,1,0
consensus,hybrid,20,60,ring_plus,-0.001613853240202553,0.001613853240202553,0.027476618143648518,2640,0.0,0.49886363636363634,0.0,0.0,2640.0,1323.0,0.5011363636363636,0.4988636363636364,42336.0,32.0,0.0,1323.0,0.0,0.0,1317.0,0.0,0.0,0.0,hybrid,0.8647387026625267,0.9927943899090119,1.0,0.0036917175648573685,-0.30465852192867615,27.0,1.0,0.468871125850723,-1.743346039634494e-16,cons__hybrid,cons__hybrid,msg_drop,0.5,2,0
consensus,hybrid,20,60,ring_plus,-0.002205609823491438,0.002205609823491438,0.07998289854610732,2640,0.0,0.49242424242424243,0.0,0.0,2640.0,1340.0,0.5075757575757576,0.49242424242424243,42880.0,32.0,0.0,1340.0,0.0,0.0,1300.0,0.0,0.0,0.0,hybrid,0.8682782717055947,0.9853774999246794,0.9833333333333333,0.004675129994185843,-0.4374065545171754,22.0,1.0,0.4688711258507241,-8.885436561130424e-17,cons__hybrid,cons__hybrid,msg_drop,0.5,3,0
consensus,hybrid,20,60,ring_plus,-0.0010308998339241089,0.0010308998339241089,0.00572731420539459,2640,0.0,0.4893939393939394,0.0,0.0,2640.0,1348.0,0.5106060606060606,0.4893939393939394,43136.0,32.0,0.0,1348.0,0.0,0.0,1292.0,0.0,0.0,0.0,hybrid,0.8622537312069792,0.992523666256254,1.0,0.002384628377002935,-0.2570814256455937,23.0,1.0,0.4688711258507239,0.004973964688059425,cons__hybrid,cons__hybrid,msg_drop,0.5,4,0
consensus,hybrid,20,60,ring_plus,-0.0020485385811379376,0.0020485385811379376,0.003680844645832103,2640,0.0,0.4946969696969697,0.0,0.0,2640.0,1334.0,0.5053030303030303,0.49469696969696975,42688.0,32.0,0.0,1334.0,0.0,0.0,1306.0,0.0,0.0,0.0,hybrid,0.8691372337193645,0.9961907795454479,1.0,0.00555926703825128,-0.2545627719348272,30.0,1.0,0.4688711258507252,-1.3442557893485777e-16,cons__hybrid,cons__hybrid,msg_drop,0.5,5,0
consensus,hybrid,20,60,ring_plus,-0.00037487636789686527,0.00037487636789686527,0.10534470428345144,2640,0.0,0.4981060606060606,0.0,0.0,2640.0,1325.0,0.5018939393939394,0.49810606060606055,42400.0,32.0,0.0,1325.0,0.0,0.0,1315.0,0.0,0.0,0.0,hybrid,0.8434708925710485,0.9809651298882137,1.0,0.0009110649795044131,-0.3500793145348633,18.0,1.0,0.4688711258507254,-1.5864055726556452e-16,cons__hybrid,cons__hybrid,msg_drop,0.5,6,0
consensus,hybrid,20,60,ring_plus,-0.0013222589029974797,0.0013222589029974797,0.027920897052636607,2640,0.0,0.49204545454545456,0.0,0.0,2640.0,1341.0,0.5079545454545454,0.49204545454545456,42912.0,32.0,0.0,1341.0,0.0,0.0,1299.0,0.0,0.0,0.0,hybrid,0.8613798230423566,0.9953578732200823,1.0,0.0030054799169073553,-0.3211963865404563,27.0,1.0,0.4688711258507245,-7.568460607993591e-17,cons__hybrid,cons__hybrid,msg_drop,0.5,7,0
consensus,hybrid,20,60,ring_plus,-0.0015406259590295883,0.0015406259590295883,0.011872068449790645,2640,0.0,0.5166666666666667,0.0,0.0,2640.0,1276.0,0.48333333333333334,0.5166666666666666,40832.0,32.0,0.0,1276.0,0.0,0.0,1364.0,0.0,0.0,0.0,hybrid,0.8644915750554459,0.9888145486955665,1.0,0.0026640964382762243,-0.2253350207616441,25.0,1.0,0.4688711258507255,-1.5071998384037493e-16,cons__hybrid,cons__hybrid,msg_drop,0.5,8,0
consensus,hybrid,20,60,ring_plus,-0.0006891041215191312,0.0006891041215191312,0.031188869623617936,2640,0.0,0.5083333333333333,0.0,0.0,2640.0,1298.0,0.49166666666666664,0.5083333333333333,41536.0,32.0,0.0,1298.0,0.0,0.0,1342.0,0.0,0.0,0.0,hybrid,0.8607141096971638,0.9886883553849973,1.0,0.001971692600422401,-0.2458889670977281,23.0,1.0,0.46887112585072505,-1.3342461127228824e-16,cons__hybrid,cons__hybrid,msg_drop,0.5,9,0
consensus,hybrid,20,60,ring_plus,-0.019502812604062718,0.019502812604062718,0.013917412805598536,2640,0.0,0.6984848484848485,0.0,0.0,2640.0,796.0,0.3015151515151515,0.6984848484848485,25472.0,32.0,0.0,796.0,0.0,0.0,1844.0,0.0,0.0,0.0,hybrid,0.8955540149263376,0.9884314867836218,0.95,0.02449048271529795,-0.18146167428809007,39.0,1.0,0.4688711258507252,-1.7373858033686875e-16,cons__hybrid,cons__hybrid,msg_drop,0.7,0,0
consensus,hybrid,20,60,ring_plus,-0.005219419558479474,0.005219419558479474,0.00036530534416647,2640,0.0,0.7079545454545455,0.0,0.0,2640.0,771.0,0.29204545454545455,0.7079545454545455,24672.0,32.0,0.0,771.0,0.0,0.0,1869.0,0.0,0.0,0.0,hybrid,0.8747612944105498,0.9538336571808711,0.9833333333333333,0.007976506321276326,-0.2846162253782187,24.0,1.0,0.4688711258507247,-1.771059050440309e-16,cons__hybrid,cons__hybrid,msg_drop,0.7,1,0
consensus,hybrid,20,60,ring_plus,-0.019445136260311396,0.019445136260311396,0.0059776740313416685,2640,0.0,0.7018939393939394,0.0,0.0,2640.0,787.0,0.2981060606060606,0.7018939393939394,25184.0,32.0,0.0,787.0,0.0,0.0,1853.0,0.0,0.0,0.0,hybrid,0.899804455234646,0.9609423341782481,0.95,0.0277983335121743,-0.30436133387834113,31.0,1.0,0.468871125850723,-1.9784443019068032e-16,cons__hybrid,cons__hybrid,msg_drop,0.7,2,0
consensus,hybrid,20,60,ring_plus,-0.03291631139291966,0.03291631139291966,0.10305431338254485,2640,0.0,0.7,0.0,0.0,2640.0,792.0,0.3,0.7,25344.0,32.0,0.0,792.0,0.0,0.0,1848.0,0.0,0.0,0.0,hybrid,0.9039568747114745,0.9433521890677766,0.95,0.044144165953105996,-0.43689470949101833,31.0,1.0,0.4688711258507241,-2.1444511553448938e-16,cons__hybrid,cons__hybrid,msg_drop,0.7,3,0
consensus,hybrid,20,60,ring_plus,-0.0008532806478158066,0.0008532806478158066,0.023648150177538553,2640,0.0,0.7022727272727273,0.0,0.0,2640.0,786.0,0.29772727272727273,0.7022727272727273,25152.0,32.0,0.0,786.0,0.0,0.0,1854.0,0.0,0.0,0.0,hybrid,0.8463447396803667,0.9972122871948768,1.0,0.0017813972274860182,-0.25708438596536215,28.0,1.0,0.4688711258507239,-1.8288924448375341e-16,cons__hybrid,cons__hybrid,msg_drop,0.7,4,0
consensus,hybrid,20,60,ring_plus,-0.04069292977625668,0.04069292977625668,0.013088248144688685,2640,0.0,0.7026515151515151,0.0,0.0,2640.0,785.0,0.29734848484848486,0.7026515151515151,25120.0,32.0,0.0,785.0,0.0,0.0,1855.0,0.0,0.0,0.0,hybrid,0.9047895256731951,0.9857852735177334,0.95,0.07694533420539652,-0.2539186987482419,43.0,1.0,0.4688711258507252,-2.0026346743505926e-16,cons__hybrid,cons__hybrid,msg_drop,0.7,5,0
consensus,hybrid,20,60,ring_plus,-0.00526730071401902,0.00526730071401902,0.06651930582436962,2640,0.0,0.7007575757575758,0.0,0.0,2640.0,790.0,0.29924242424242425,0.7007575757575757,25280.0,32.0,0.0,790.0,0.0,0.0,1850.0,0.0,0.0,0.0,hybrid,0.87050502963621,0.9902778199260007,0.95,0.009438824014558483,-0.34999777412909455,30.0,1.0,0.4688711258507254,-1.9315478652439355e-16,cons__hybrid,cons__hybrid,msg_drop,0.7,6,0
consensus,hybrid,20,60,ring_plus,-0.011067803158803088,0.011067803158803088,0.021373974188244552,2640,0.0,0.6973484848484849,0.0,0.0,2640.0,799.0,0.30265151515151517,0.6973484848484848,25568.0,32.0,0.0,799.0,0.0,0.0,1841.0,0.0,0.0,0.0,hybrid,0.8922136180461904,0.9875336973404067,0.9666666666666667,0.020098363992849862,-0.3210339608028595,34.0,1.0,0.4688711258507245,-2.05024986033156e-16,cons__hybrid,cons__hybrid,msg_drop,0.7,7,0
consensus,hybrid,20,60,ring_plus,-0.02727217290497613,0.02727217290497613,0.0013746443188726034,2640,0.0,0.7087121212121212,0.0,0.0,2640.0,769.0,0.29128787878787876,0.7087121212121212,24608.0,32.0,0.0,769.0,0.0,0.0,1871.0,0.0,0.0,0.0,hybrid,0.9093342150266336,0.9653290530164326,0.8833333333333333,0.03877134948270631,-0.22490616164587837,41.0,1.0,0.4688711258507255,-1.9501652563610395e-16,cons__hybrid,cons__hybrid,msg_drop,0.7,8,0
consensus,hybrid,20,60,ring_plus,-0.0393872521134275,0.0393872521134275,0.0059650983197314135,2640,0.0,0.7098484848484848,0.0,0.0,2640.0,766.0,0.29015151515151516,0.7098484848484848,24512.0,32.0,0.0,766.0,0.0,0.0,1874.0,0.0,0.0,0.0,hybrid,0.9064950577481234,0.9913708892953411,0.9166666666666666,0.05130832217866924,-0.24524399796452973,42.0,1.0,0.46887112585072505,-2.0984713570824664e-16,cons__hybrid,cons__hybrid,msg_drop,0.7,9,0
consensus,hybrid,20,60,ring_plus,-10.907203269889466,10.907203269889466,0.5453601634944734,2640,0.0,1.0,0.0,0.0,2640.0,0.0,0.0,1.0,0.0,0.0,0.0,0.0,0.0,0.0,2640.0,0.0,0.0,0.0,hybrid,1.0,0.0,1.0,10.907203269889466,0.0,,0.0,0.4688711258507252,0.0,cons__hybrid,cons__hybrid,msg_drop,1.0,0,0
consensus,hybrid,20,60,ring_plus,-17.0821929422516,17.0821929422516,0.85410964711258,2640,0.0,1.0,0.0,0.0,2640.0,0.0,0.0,1.0,0.0,0.0,0.0,0.0,0.0,0.0,2640.0,0.0,0.0,0.0,hybrid,1.0,0.0,1.0,17.0821929422516,0.0,,0.0,0.4688711258507247,0.0,cons__hybrid,cons__hybrid,msg_drop,1.0,1,0
consensus,hybrid,20,60,ring_plus,-18.281125168960774,18.281125168960774,0.9140562584480387,2640,0.0,1.0,0.0,0.0,2640.0,0.0,0.0,1.0,0.0,0.0,0.0,0.0,0.0,0.0,2640.0,0.0,0.0,0.0,hybrid,1.0,0.0,1.0,18.281125168960777,0.0,,0.0,0.468871125850723,0.0,cons__hybrid,cons__hybrid,msg_drop,1.0,2,0
consensus,hybrid,20,60,ring_plus,-26.24659888085402,26.24659888085402,1.312329944042701,2640,0.0,1.0,0.0,0.0,2640.0,0.0,0.0,1.0,0.0,0.0,0.0,0.0,0.0,0.0,2640.0,0.0,0.0,0.0,hybrid,1.0,0.0,1.0,26.246598880854023,0.0,,0.0,0.4688711258507241,0.0,cons__hybrid,cons__hybrid,msg_drop,1.0,3,0
consensus,hybrid,20,60,ring_plus,-15.425916438569548,15.425916438569548,0.7712958219284773,2640,0.0,1.0,0.0,0.0,2640.0,0.0,0.0,1.0,0.0,0.0,0.0,0.0,0.0,0.0,2640.0,0.0,0.0,0.0,hybrid,1.0,0.0,1.0,15.425916438569546,0.0,,0.0,0.4688711258507239,0.0,cons__hybrid,cons__hybrid,msg_drop,1.0,4,0
consensus,hybrid,20,60,ring_plus,-15.27581485467077,15.27581485467077,0.7637907427335385,2640,0.0,1.0,0.0,0.0,2640.0,0.0,0.0,1.0,0.0,0.0,0.0,0.0,0.0,0.0,2640.0,0.0,0.0,0.0,hybrid,1.0,0.0,1.0,15.275814854670775,0.0,,0.0,0.4688711258507252,0.0,cons__hybrid,cons__hybrid,msg_drop,1.0,5,0
consensus,hybrid,20,60,ring_plus,-21.005133748459695,21.005133748459695,1.0502566874229848,2640,0.0,1.0,0.0,0.0,2640.0,0.0,0.0,1.0,0.0,0.0,0.0,0.0,0.0,0.0,2640.0,0.0,0.0,0.0,hybrid,1.0,0.0,1.0,21.00513374845969,0.0,,0.0,0.4688711258507254,0.0,cons__hybrid,cons__hybrid,msg_drop,1.0,6,0
consensus,hybrid,20,60,ring_plus,-19.273105451330373,19.273105451330373,0.9636552725665186,2640,0.0,1.0,0.0,0.0,2640.0,0.0,0.0,1.0,0.0,0.0,0.0,0.0,0.0,0.0,2640.0,0.0,0.0,0.0,hybrid,1.0,0.0,1.0,19.27310545133037,0.0,,0.0,0.4688711258507245,0.0,cons__hybrid,cons__hybrid,msg_drop,1.0,7,0
consensus,hybrid,20,60,ring_plus,-13.521641871657677,13.521641871657677,0.6760820935828838,2640,0.0,1.0,0.0,0.0,2640.0,0.0,0.0,1.0,0.0,0.0,0.0,0.0,0.0,0.0,2640.0,0.0,0.0,0.0,hybrid,1.0,0.0,1.0,13.521641871657673,0.0,,0.0,0.4688711258507255,0.0,cons__hybrid,cons__hybrid,msg_drop,1.0,8,0
consensus,hybrid,20,60,ring_plus,-14.754027129985209,14.754027129985209,0.7377013564992605,2640,0.0,1.0,0.0,0.0,2640.0,0.0,0.0,1.0,0.0,0.0,0.0,0.0,0.0,0.0,2640.0,0.0,0.0,0.0,hybrid,1.0,0.0,1.0,14.75402712998521,0.0,,0.0,0.46887112585072505,0.0,cons__hybrid,cons__hybrid,msg_drop,1.0,9,0
consensus,hybrid,20,60,ring_plus,-1.1520751048531266e-06,1.1520751048531266e-06,0.0006178033775865992,2640,0.0,0.0,0.0,0.0,2640.0,2640.0,1.0,0.0,84480.0,32.0,0.0,2640.0,0.0,0.0,0.0,0.0,0.0,0.0,hybrid,0.7859985495869399,0.9941938647865856,1.0,5.554877217742045e-06,-0.18178670196357272,11.0,1.0,0.4688711258507252,0.4688711258507253,cons__hybrid,cons__hybrid,latency,0.0,0,0
consensus,hybrid,20,60,ring_plus,-4.917811884894667e-06,4.917811884894667e-06,0.048494173827918895,2640,0.0,0.0,0.0,0.0,2640.0,2640.0,1.0,0.0,84480.0,32.0,0.0,2640.0,0.0,0.0,0.0,0.0,0.0,0.0,hybrid,0.7899633647657412,0.9984386045715516,1.0,2.371185792094653e-05,-0.28470313374066186,15.0,1.0,0.4688711258507247,0.4688711258507247,cons__hybrid,cons__hybrid,latency,0.0,1,0
consensus,hybrid,20,60,ring_plus,-8.212413405688155e-06,8.212413405688155e-06,0.013374071507959833,2640,0.0,0.0,0.0,0.0,2640.0,2640.0,1.0,0.0,84480.0,32.0,0.0,2640.0,0.0,0.0,0.0,0.0,0.0,0.0,hybrid,0.7919734851583695,0.9995066421900423,1.0,3.959719981602118e-05,-0.3046852826091228,17.0,1.0,0.468871125850723,0.4688711258507228,cons__hybrid,cons__hybrid,latency,0.0,2,0
consensus,hybrid,20,60,ring_plus,-1.1780080000619662e-05,1.1780080000619662e-05,0.26052726327207354,2640,0.0,0.0,0.0,0.0,2640.0,2640.0,1.0,0.0,84480.0,32.0,0.0,2640.0,0.0,0.0,0.0,0.0,0.0,0.0,hybrid,0.791836626826508,0.9994909991592232,1.0,5.6799159831644315e-05,-0.4374431183462336,17.0,1.0,0.4688711258507241,0.4688711258507242,cons__hybrid,cons__hybrid,latency,0.0,3,0
consensus,hybrid,20,60,ring_plus,-4.494102280163635e-06,4.494102280163635e-06,0.0005368863487121414,2640,0.0,0.0,0.0,0.0,2640.0,2640.0,1.0,0.0,84480.0,32.0,0.0,2640.0,0.0,0.0,0.0,0.0,0.0,0.0,hybrid,0.7903284531100236,0.9985785503102245,1.0,2.1668887961487525e-05,-0.25709853240778774,15.0,1.0,0.4688711258507239,0.4688711258507239,cons__hybrid,cons__hybrid,latency,0.0,4,0
consensus,hybrid,20,60,ring_plus,-4.660775796527126e-06,4.660775796527126e-06,0.003415818351459195,2640,0.0,0.0,0.0,0.0,2640.0,2640.0,1.0,0.0,84480.0,32.0,0.0,2640.0,0.0,0.0,0.0,0.0,0.0,0.0,hybrid,0.7899283158383413,0.9984799599559544,1.0,2.24725256019056e-05,-0.2545968365649162,16.0,1.0,0.4688711258507252,0.4688711258507253,cons__hybrid,cons__hybrid,latency,0.0,5,0
consensus,hybrid,20,60,ring_plus,-1.410470568693741e-06,1.410470568693741e-06,0.18337263899247697,2640,0.0,0.0,0.0,0.0,2640.0,2640.0,1.0,0.0,84480.0,32.0,0.0,2640.0,0.0,0.0,0.0,0.0,0.0,0.0,hybrid,0.7834462280929491,0.9910551726277681,1.0,6.800763939198442e-06,-0.3500855389664854,9.0,1.0,0.4688711258507254,0.4688711258507254,cons__hybrid,cons__hybrid,latency,0.0,6,0
consensus,hybrid,20,60,ring_plus,-1.367187489376017e-05,1.367187489376017e-05,0.08094686643803836,2640,0.0,0.0,0.0,0.0,2640.0,2640.0,1.0,0.0,84480.0,32.0,0.0,2640.0,0.0,0.0,0.0,0.0,0.0,0.0,hybrid,0.7933306254242684,0.9999014047341296,1.0,6.592069045780056e-05,-0.32121819632425797,19.0,1.0,0.4688711258507245,0.46887112585072455,cons__hybrid,cons__hybrid,latency,0.0,7,0
consensus,hybrid,20,60,ring_plus,-8.429942507892107e-06,8.429942507892107e-06,0.01989653476218442,2640,0.0,0.0,0.0,0.0,2640.0,2640.0,1.0,0.0,84480.0,32.0,0.0,2640.0,0.0,0.0,0.0,0.0,0.0,0.0,hybrid,0.7927252852800414,0.999853721368469,1.0,4.0646044156931004e-05,-0.22536055736191946,19.0,1.0,0.4688711258507255,0.4688711258507255,cons__hybrid,cons__hybrid,latency,0.0,8,0
consensus,hybrid,20,60,ring_plus,-3.2147585880535797e-06,3.2147585880535797e-06,0.1782106054321475,2640,0.0,0.0,0.0,0.0,2640.0,2640.0,1.0,0.0,84480.0,32.0,0.0,2640.0,0.0,0.0,0.0,0.0,0.0,0.0,hybrid,0.7894398162006566,0.9977007575672052,1.0,1.5500369000331986e-05,-0.24590039858711032,14.0,1.0,0.46887112585072505,0.4688711258507251,cons__hybrid,cons__hybrid,latency,0.0,9,0
consensus,hybrid,20,60,ring_plus,-2.7504843580398484e-05,2.7504843580398484e-05,0.0006191210160103775,2640,0.0,0.0,1.0,1.0,2640.0,2596.0,0.9833333333333333,0.01666666666666672,83072.0,32.0,0.0,2596.0,0.0,0.0,0.0,0.0,0.0,0.0,hybrid,0.8244176308582,0.9873254646829697,1.0,8.972941783132052e-05,-0.18178626275076476,15.0,1.0,0.4688711258507252,0.46105660708654655,cons__hybrid,cons__hybrid,latency,1.0,0,0
consensus,hybrid,20,60,ring_plus,-0.00011740870545855478,0.00011740870545855478,0.04849979837259756,2640,0.0,0.0,1.0,1.0,2640.0,2596.0,0.9833333333333333,0.01666666666666672,83072.0,32.0,0.0,2596.0,0.0,0.0,0.0,0.0,0.0,0.0,hybrid,0.8291416519510176,0.9961817414036467,1.0,0.0003830239847870127,-0.28470125889243564,20.0,1.0,0.4688711258507247,0.46105660708654594,cons__hybrid,cons__hybrid,latency,1.0,1,0
consensus,hybrid,20,60,ring_plus,-0.0001960646013350158,0.0001960646013350158,0.013383464117356294,2640,0.0,0.0,1.0,1.0,2640.0,2596.0,0.9833333333333333,0.01666666666666672,83072.0,32.0,0.0,2596.0,0.0,0.0,0.0,0.0,0.0,0.0,hybrid,0.8315727452232852,0.9986163025525835,1.0,0.0006396241623287003,-0.30468215173932395,23.0,1.0,0.468871125850723,0.4610566070865441,cons__hybrid,cons__hybrid,latency,1.0,2,0
consensus,hybrid,20,60,ring_plus,-0.0002812397007944279,0.0002812397007944279,0.26054073625311314,2640,0.0,0.0,1.0,1.0,2640.0,2596.0,0.9833333333333333,0.01666666666666672,83072.0,32.0,0.0,2596.0,0.0,0.0,0.0,0.0,0.0,0.0,hybrid,0.8314444504528417,0.9985794137860468,1.0,0.0009174920246149531,-0.4374386273525538,23.0,1.0,0.4688711258507241,0.4610566070865455,cons__hybrid,cons__hybrid,latency,1.0,3,0
consensus,hybrid,20,60,ring_plus,-0.00010729298786989253,0.00010729298786989253,0.0005420262929916278,2640,0.0,0.0,1.0,1.0,2640.0,2596.0,0.9833333333333333,0.01666666666666672,83072.0,32.0,0.0,2596.0,0.0,0.0,0.0,0.0,0.0,0.0,hybrid,0.8294633073551178,0.9964118265823174,1.0,0.00035002334446264,-0.25709681909302806,20.0,1.0,0.4688711258507239,0.4610566070865451,cons__hybrid,cons__hybrid,latency,1.0,4,0
consensus,hybrid,20,60,ring_plus,-0.00011127218069965382,0.00011127218069965382,0.0034211489217043493,2640,0.0,0.0,1.0,1.0,2640.0,2596.0,0.9833333333333333,0.01666666666666672,83072.0,32.0,0.0,2596.0,0.0,0.0,0.0,0.0,0.0,0.0,hybrid,0.8295957444430659,0.9965626313210159,1.0,0.000363004718271363,-0.2545950597081678,21.0,1.0,0.4688711258507252,0.46105660708654655,cons__hybrid,cons__hybrid,latency,1.0,5,0
consensus,hybrid,20,60,ring_plus,-3.36738223083333e-05,3.36738223083333e-05,0.183374252160064,2640,0.0,0.0,1.0,1.0,2640.0,2596.0,0.9833333333333333,0.01666666666666672,83072.0,32.0,0.0,2596.0,0.0,0.0,0.0,0.0,0.0,0.0,hybrid,0.82123240725322,0.9812293551087481,1.0,0.00010985455936313289,-0.35008500124395653,12.0,1.0,0.4688711258507254,0.4610566070865466,cons__hybrid,cons__hybrid,latency,1.0,6,0
consensus,hybrid,20,60,ring_plus,-0.0003264047446382444,0.0003264047446382444,0.08096250308152556,2640,0.0,0.0,1.0,1.0,2640.0,2596.0,0.9833333333333333,0.01666666666666672,83072.0,32.0,0.0,2596.0,0.0,0.0,0.0,0.0,0.0,0.0,hybrid,0.8332145042392108,0.999483389345009,0.9833333333333333,0.0010648345491618978,-0.3212129841097623,25.0,1.0,0.4688711258507245,0.46105660708654583,cons__hybrid,cons__hybrid,latency,1.0,7,0
consensus,hybrid,20,60,ring_plus,-0.00020125792936120102,0.00020125792936120102,0.01990617616152708,2640,0.0,0.0,1.0,1.0,2640.0,2596.0,0.9833333333333333,0.01666666666666672,83072.0,32.0,0.0,2596.0,0.0,0.0,0.0,0.0,0.0,0.0,hybrid,0.8327532136595212,0.9994804274258726,0.9833333333333333,0.0006565664255717144,-0.22535734356213857,25.0,1.0,0.4688711258507255,0.4610566070865467,cons__hybrid,cons__hybrid,latency,1.0,8,0
consensus,hybrid,20,60,ring_plus,-7.674971166435804e-05,7.674971166435804e-05,0.1782142821798013,2640,0.0,0.0,1.0,1.0,2640.0,2596.0,0.9833333333333333,0.01666666666666672,83072.0,32.0,0.0,2596.0,0.0,0.0,0.0,0.0,0.0,0.0,hybrid,0.8285542522482111,0.9945257665538998,1.0,0.0002503816073787378,-0.2458991730045591,19.0,1.0,0.46887112585072505,0.46105660708654633,cons__hybrid,cons__hybrid,latency,1.0,9,0
consensus,hybrid,20,60,ring_plus,-0.00022102682001222317,0.00022102682001222317,0.0006287971145963073,2640,0.0,0.0,2.0,2.0,2640.0,2552.0,0.9666666666666667,0.033333333333333326,81664.0,32.0,0.0,2552.0,0.0,0.0,0.0,0.0,0.0,0.0,hybrid,0.8494411484746325,0.978204915243368,1.0,0.0005638720539993382,-0.18178303738449092,18.0,1.0,0.4688711258507252,0.4532420883223678,cons__hybrid,cons__hybrid,latency,2.0,0,0
consensus,hybrid,20,60,ring_plus,-0.0009434937229191225,0.0009434937229191225,0.04854110260497077,2640,0.0,0.0,2.0,2.0,2640.0,2552.0,0.9666666666666667,0.033333333333333326,81664.0,32.0,0.0,2552.0,0.0,0.0,0.0,0.0,0.0,0.0,hybrid,0.8554878192390653,0.9919236317495868,0.9833333333333333,0.002407024812073185,-0.28468749080881134,25.0,1.0,0.4688711258507247,0.45324208832236723,cons__hybrid,cons__hybrid,latency,2.0,1,0
consensus,hybrid,20,60,ring_plus,-0.001575569826852456,0.001575569826852456,0.013452439373530295,2640,0.0,0.0,2.0,2.0,2640.0,2552.0,0.9666666666666667,0.033333333333333326,81664.0,32.0,0.0,2552.0,0.0,0.0,0.0,0.0,0.0,0.0,hybrid,0.8582724014692874,0.9960363717804649,0.9833333333333333,0.004019561661857454,-0.3046591599855653,28.0,1.0,0.468871125850723,0.45324208832236546,cons__hybrid,cons__hybrid,latency,2.0,2,0
consensus,hybrid,20,60,ring_plus,-0.0022600357209932227,0.0022600357209932227,0.2606396759547358,2640,0.0,0.0,2.0,2.0,2640.0,2552.0,0.9666666666666667,0.033333333333333326,81664.0,32.0,0.0,2552.0,0.0,0.0,0.0,0.0,0.0,0.0,hybrid,0.8582439417501653,0.9959245070659766,0.9833333333333333,0.005765762844375664,-0.4374056474188838,28.0,1.0,0.4688711258507241,0.45324208832236673,cons__hybrid,cons__hybrid,latency,2.0,3,0
consensus,hybrid,20,60,ring_plus,-0.0008622039095870995,0.0008622039095870995,0.0005797718388727581,2640,0.0,0.0,2.0,2.0,2640.0,2552.0,0.9666666666666667,0.033333333333333326,81664.0,32.0,0.0,2552.0,0.0,0.0,0.0,0.0,0.0,0.0,hybrid,0.8556292422957794,0.9922419177814944,0.9833333333333333,0.0021996389567000363,-0.25708423724433266,25.0,1.0,0.4688711258507239,0.45324208832236645,cons__hybrid,cons__hybrid,latency,2.0,4,0
consensus,hybrid,20,60,ring_plus,-0.0008941750058423106,0.0008941750058423106,0.003460294061658491,2640,0.0,0.0,2.0,2.0,2640.0,2552.0,0.9666666666666667,0.033333333333333326,81664.0,32.0,0.0,2552.0,0.0,0.0,0.0,0.0,0.0,0.0,hybrid,0.8564757800622812,0.9936837522499943,1.0,0.002281173868026562,-0.25458201132774877,26.0,1.0,0.4688711258507252,0.4532420883223678,cons__hybrid,cons__hybrid,latency,2.0,5,0
consensus,hybrid,20,60,ring_plus,-0.00027060230490546296,0.00027060230490546296,0.18338609851423973,2640,0.0,0.0,2.0,2.0,2640.0,2552.0,0.9666666666666667,0.033333333333333326,81664.0,32.0,0.0,2552.0,0.0,0.0,0.0,0.0,0.0,0.0,hybrid,0.8458904206745766,0.9673265163255167,1.0,0.0006903570718632071,-0.35008105243591314,16.0,1.0,0.4688711258507254,0.45324208832236784,cons__hybrid,cons__hybrid,latency,2.0,6,0
consensus,hybrid,20,60,ring_plus,-0.002622988459031633,0.002622988459031633,0.08107733223636536,2640,0.0,0.0,2.0,2.0,2640.0,2552.0,0.9666666666666667,0.033333333333333326,81664.0,32.0,0.0,2552.0,0.0,0.0,0.0,0.0,0.0,0.0,hybrid,0.8604887179269071,0.9963413935257546,0.9333333333333333,0.006691760399302175,-0.32117470771452233,31.0,1.0,0.4688711258507245,0.45324208832236706,cons__hybrid,cons__hybrid,latency,2.0,7,0
consensus,hybrid,20,60,ring_plus,-0.001617302874682614,0.001617302874682614,0.019976978401203067,2640,0.0,0.0,2.0,2.0,2640.0,2552.0,0.9666666666666667,0.033333333333333326,81664.0,32.0,0.0,2552.0,0.0,0.0,0.0,0.0,0.0,0.0,hybrid,0.8600152908382054,0.9976203188908441,0.9666666666666667,0.004126028102472744,-0.22533374281304988,30.0,1.0,0.4688711258507255,0.45324208832236795,cons__hybrid,cons__hybrid,latency,2.0,8,0
consensus,hybrid,20,60,ring_plus,-0.0006167561361900593,0.0006167561361900593,0.17824128243304269,2640,0.0,0.0,2.0,2.0,2640.0,2552.0,0.9666666666666667,0.033333333333333326,81664.0,32.0,0.0,2552.0,0.0,0.0,0.0,0.0,0.0,0.0,hybrid,0.8545205471902851,0.9897959717593487,1.0,0.0015734428478175646,-0.24589017289748366,23.0,1.0,0.46887112585072505,0.45324208832236756,cons__hybrid,cons__hybrid,latency,2.0,9,0
consensus,hybrid,20,60,ring_plus,-0.002760483603048587,0.002760483603048587,0.0007557336464438706,2640,0.0,0.0,4.0,4.0,2640.0,2464.0,0.9333333333333333,0.06666666666666665,78848.0,32.0,0.0,2464.0,0.0,0.0,0.0,0.0,0.0,0.0,hybrid,0.8767799118710318,0.9660929395872948,0.9,0.005271237368762352,-0.18174071310477358,26.0,1.0,0.4688711258507252,0.4376130507940103,cons__hybrid,cons__hybrid,latency,4.0,0,0
consensus,hybrid,20,60,ring_plus,-0.012226741107410595,0.012226741107410595,0.04910241479881459,2640,0.0,0.0,4.0,4.0,2640.0,2464.0,0.9333333333333333,0.06666666666666665,78848.0,32.0,0.0,2464.0,0.0,0.0,0.0,0.0,0.0,0.0,hybrid,0.8867621215859228,0.9678865750152561,0.8166666666666667,0.022568385720870946,-0.28449943668573646,37.0,1.0,0.4688711258507247,0.43761305079400975,cons__hybrid,cons__hybrid,latency,4.0,1,0
consensus,hybrid,20,60,ring_plus,-0.02036648461712095,0.02036648461712095,0.014391199091357443,2640,0.0,0.0,4.0,4.0,2640.0,2464.0,0.9333333333333333,0.06666666666666665,78848.0,32.0,0.0,2464.0,0.0,0.0,0.0,0.0,0.0,0.0,hybrid,0.8898544343028963,0.9787061488076327,0.85,0.03773448727354143,-0.3043459780723943,39.0,1.0,0.468871125850723,0.437613050794008,cons__hybrid,cons__hybrid,latency,4.0,2,0
consensus,hybrid,20,60,ring_plus,-0.029276382397655426,0.029276382397655426,0.26197518113002427,2640,0.0,0.0,4.0,4.0,2640.0,2464.0,0.9333333333333333,0.06666666666666665,78848.0,32.0,0.0,2464.0,0.0,0.0,0.0,0.0,0.0,0.0,hybrid,0.890354327466395,0.9744323754144197,0.8166666666666667,0.05407123239943792,-0.4369553749742728,39.0,1.0,0.4688711258507241,0.4376130507940092,cons__hybrid,cons__hybrid,latency,4.0,3,0
consensus,hybrid,20,60,ring_plus,-0.011173789798650632,0.011173789798650632,0.0010953195916490808,2640,0.0,0.0,4.0,4.0,2640.0,2464.0,0.9333333333333333,0.06666666666666665,78848.0,32.0,0.0,2464.0,0.0,0.0,0.0,0.0,0.0,0.0,hybrid,0.8860453266203266,0.973419180912667,0.85,0.020667705597734832,-0.2569123774795149,37.0,1.0,0.4688711258507239,0.437613050794009,cons__hybrid,cons__hybrid,latency,4.0,4,0
consensus,hybrid,20,60,ring_plus,-0.011153341654539786,0.011153341654539786,0.003973051646956906,2640,0.0,0.0,4.0,4.0,2640.0,2464.0,0.9333333333333333,0.06666666666666665,78848.0,32.0,0.0,2464.0,0.0,0.0,0.0,0.0,0.0,0.0,hybrid,0.8889695503219194,0.9848318318180539,1.0,0.021175319250577997,-0.2544110252169372,37.0,1.0,0.4688711258507252,0.4376130507940103,cons__hybrid,cons__hybrid,latency,4.0,5,0
consensus,hybrid,20,60,ring_plus,-0.0035236550784125266,0.0035236550784125266,0.18353797363906152,2640,0.0,0.0,4.0,4.0,2640.0,2464.0,0.9333333333333333,0.06666666666666665,78848.0,32.0,0.0,2464.0,0.0,0.0,0.0,0.0,0.0,0.0,hybrid,0.8729660688564821,0.9318446704855996,0.85,0.006481032546360861,-0.35002683488968805,25.0,1.0,0.4688711258507254,0.43761305079401036,cons__hybrid,cons__hybrid,latency,4.0,6,0
consensus,hybrid,20,60,ring_plus,-0.03454699692734395,0.03454699692734395,0.08266877514008067,2640,0.0,0.0,4.0,4.0,2640.0,2464.0,0.9333333333333333,0.06666666666666665,78848.0,32.0,0.0,2464.0,0.0,0.0,0.0,0.0,0.0,0.0,hybrid,0.8937309476029376,0.9597668483962192,0.8,0.06304363903271916,-0.32064264090671724,41.0,1.0,0.4688711258507245,0.4376130507940096,cons__hybrid,cons__hybrid,latency,4.0,7,0
consensus,hybrid,20,60,ring_plus,-0.020863304923037687,0.020863304923037687,0.020938109132224995,2640,0.0,0.0,4.0,4.0,2640.0,2464.0,0.9333333333333333,0.06666666666666665,78848.0,32.0,0.0,2464.0,0.0,0.0,0.0,0.0,0.0,0.0,hybrid,0.8930525291321006,0.9788620312143874,0.8333333333333334,0.03866075509393519,-0.22501297611224397,41.0,1.0,0.4688711258507255,0.43761305079401047,cons__hybrid,cons__hybrid,latency,4.0,8,0
consensus,hybrid,20,60,ring_plus,-0.007785906841236995,0.007785906841236995,0.17858926585238677,2640,0.0,0.0,4.0,4.0,2640.0,2464.0,0.9333333333333333,0.06666666666666665,78848.0,32.0,0.0,2464.0,0.0,0.0,0.0,0.0,0.0,0.0,hybrid,0.8844043764012446,0.9783438443860264,0.9333333333333333,0.014680230921723861,-0.24577068705239957,33.0,1.0,0.46887112585072505,0.43761305079401003,cons__hybrid,cons__hybrid,latency,4.0,9,0
consensus,hybrid,20,60,ring_plus,-0.08647535822846925,0.08647535822846925,0.004968760307891439,2640,0.0,0.0,8.0,8.0,2640.0,2288.0,0.8666666666666667,0.1333333333333333,73216.0,32.0,0.0,2288.0,0.0,0.0,0.0,0.0,0.0,0.0,hybrid,0.908553086603683,0.894018437957174,0.5833333333333334,0.09064103891248415,-0.18034546519434994,42.0,1.0,0.4688711258507252,0.40635497573729523,cons__hybrid,cons__hybrid,latency,8.0,0,0
consensus,hybrid,20,60,ring_plus,-0.36704239019375856,0.36704239019375856,0.06898494634466235,2640,0.0,0.0,8.0,8.0,2640.0,2288.0,0.8666666666666667,0.1333333333333333,73216.0,32.0,0.0,2288.0,0.0,0.0,0.0,0.0,0.0,0.0,hybrid,0.9079596734948815,0.8484530944297117,0.6,0.2901420814129238,-0.27858584253429725,49.0,1.0,0.4688711258507247,0.4063549757372948,cons__hybrid,cons__hybrid,latency,8.0,1,0
consensus,hybrid,20,60,ring_plus,-0.6769439059912664,0.6769439059912664,0.04781072196481865,2640,0.0,0.0,8.0,8.0,2640.0,2288.0,0.8666666666666667,0.1333333333333333,73216.0,32.0,0.0,2288.0,0.0,0.0,0.0,0.0,0.0,0.0,hybrid,0.9223814778466268,0.8477524048149029,0.5833333333333334,0.5598990088688177,-0.29340302104949173,,0.0,0.468871125850723,0.4063549757372931,cons__hybrid,cons__hybrid,latency,8.0,2,0
consensus,hybrid,20,60,ring_plus,-0.8954398966616701,0.8954398966616701,0.3167895967307059,2640,0.0,0.0,8.0,8.0,2640.0,2288.0,0.8666666666666667,0.1333333333333333,73216.0,32.0,0.0,2288.0,0.0,0.0,0.0,0.0,0.0,0.0,hybrid,0.9172528360762346,0.8297002528852939,0.5833333333333334,0.7143440852789907,-0.42251931640320584,,0.0,0.4688711258507241,0.4063549757372943,cons__hybrid,cons__hybrid,latency,8.0,3,0
consensus,hybrid,20,60,ring_plus,-0.3864877183147298,0.3864877183147298,0.01988471784233142,2640,0.0,0.0,8.0,8.0,2640.0,2288.0,0.8666666666666667,0.1333333333333333,73216.0,32.0,0.0,2288.0,0.0,0.0,0.0,0.0,0.0,0.0,hybrid,0.9154426199599383,0.8666543250219032,0.5666666666666667,0.3164546147874106,-0.2506571453375802,52.0,1.0,0.4688711258507239,0.40635497573729407,cons__hybrid,cons__hybrid,latency,8.0,4,0
consensus,hybrid,20,60,ring_plus,-0.1764152230935032,0.1764152230935032,0.012386996084128295,2640,0.0,0.0,8.0,8.0,2640.0,2288.0,0.8666666666666667,0.1333333333333333,73216.0,32.0,0.0,2288.0,0.0,0.0,0.0,0.0,0.0,0.0,hybrid,0.9137451621247356,0.9487599001769618,0.75,0.19464562500675583,-0.25165666052628777,,0.0,0.4688711258507252,0.40635497573729523,cons__hybrid,cons__hybrid,latency,8.0,5,0
consensus,hybrid,20,60,ring_plus,-0.1130418878880118,0.1130418878880118,0.19711259059451508,2640,0.0,0.0,8.0,8.0,2640.0,2288.0,0.8666666666666667,0.1333333333333333,73216.0,32.0,0.0,2288.0,0.0,0.0,0.0,0.0,0.0,0.0,hybrid,0.8830387622076841,0.8771362727278033,0.6166666666666667,0.08803458391229065,-0.34820153100952816,30.0,1.0,0.4688711258507254,0.40635497573729534,cons__hybrid,cons__hybrid,latency,8.0,6,0
consensus,hybrid,20,60,ring_plus,-1.2727530576465875,1.2727530576465875,0.14815409098576368,2640,0.0,0.0,8.0,8.0,2640.0,2288.0,0.8666666666666667,0.1333333333333333,73216.0,32.0,0.0,2288.0,0.0,0.0,0.0,0.0,0.0,0.0,hybrid,0.9230077681149184,0.7212000891886328,0.5666666666666667,0.9423274295290351,-0.3000058732280631,,0.0,0.4688711258507245,0.4063549757372946,cons__hybrid,cons__hybrid,latency,8.0,7,0
consensus,hybrid,20,60,ring_plus,-0.6166437205409903,0.6166437205409903,0.051605847812928526,2640,0.0,0.0,8.0,8.0,2640.0,2288.0,0.8666666666666667,0.1333333333333333,73216.0,32.0,0.0,2288.0,0.0,0.0,0.0,0.0,0.0,0.0,hybrid,0.9241942044978504,0.8172855896970609,0.5666666666666667,0.5048812249021816,-0.21508330251861138,,0.0,0.4688711258507255,0.40635497573729545,cons__hybrid,cons__hybrid,latency,8.0,8,0
consensus,hybrid,20,60,ring_plus,-0.1935740135329598,0.1935740135329598,0.19574938973380546,2640,0.0,0.0,8.0,8.0,2640.0,2288.0,0.8666666666666667,0.1333333333333333,73216.0,32.0,0.0,2288.0,0.0,0.0,0.0,0.0,0.0,0.0,hybrid,0.9127955689591049,0.9229842953376532,0.6,0.18758459164403193,-0.2426742186075375,51.0,1.0,0.46887112585072505,0.40635497573729507,cons__hybrid,cons__hybrid,latency,8.0,9,0
consensus,hybrid,20,60,ring_plus,-1.1286772409466794e-20,1.1286772409466794e-20,9.420770390216576,2640,0.5057417626482253,0.0,0.0,0.0,2640.0,2640.0,1.0,0.0,2640.0,1.0,0.0,2640.0,0.0,0.0,0.0,0.0,0.0,0.0,hybrid,0.4330791594805038,0.9965106410973175,0.95,2.1268151093858923e-17,-0.18178672116482442,10.0,1.0,0.4688711258507252,0.4688711258507253,cons__hybrid,cons__hybrid,bandwidth,1.0,0,0
consensus,hybrid,20,60,ring_plus,-2.182430233340248e-21,2.182430233340248e-21,6.770270377091842,2640,0.22569252307153959,0.0,0.0,0.0,2640.0,2640.0,1.0,0.0,2640.0,1.0,0.0,2640.0,0.0,0.0,0.0,0.0,0.0,0.0,hybrid,0.4254928641696997,0.9995671525628556,0.9833333333333333,4.1124454514353676e-18,-0.2847032157041933,7.0,1.0,0.4688711258507247,0.4688711258507247,cons__hybrid,cons__hybrid,bandwidth,1.0,1,0
consensus,hybrid,20,60,ring_plus,-112.9591836686025,112.9591836686025,8.178362639001648,2640,1.768201067978224,0.0,0.0,0.0,2640.0,2640.0,1.0,0.0,2640.0,1.0,0.0,2640.0,0.0,0.0,0.0,0.0,0.0,0.0,hybrid,1.0,0.0,0.03333333333333333,112.959183541802,1.5779676416606956,,0.0,0.468871125850723,0.4688711258507228,cons__hybrid,cons__hybrid,bandwidth,1.0,2,0
consensus,hybrid,20,60,ring_plus,-2.1197521052064427e-21,2.1197521052064427e-21,7.338126402347624,2640,0.22188183220698773,0.0,0.0,0.0,2640.0,2640.0,1.0,0.0,2640.0,1.0,0.0,2640.0,0.0,0.0,0.0,0.0,0.0,0.0,hybrid,0.42438392395905183,0.9998179383714827,1.0,3.994332136697753e-18,-0.4374433146809003,7.0,1.0,0.4688711258507241,0.4688711258507242,cons__hybrid,cons__hybrid,bandwidth,1.0,3,0
consensus,hybrid,20,60,ring_plus,-112.95918367005189,112.95918367005189,7.443388727399425,2640,1.7620435491155715,0.0,0.0,0.0,2640.0,2640.0,1.0,0.0,2640.0,1.0,0.0,2640.0,0.0,0.0,0.0,0.0,0.0,0.0,hybrid,1.0,0.0,0.0,112.95918358101342,1.625554453858039,,0.0,0.4688711258507239,0.4688711258507239,cons__hybrid,cons__hybrid,bandwidth,1.0,4,0
consensus,hybrid,20,60,ring_plus,-1.9110956681902977e-20,1.9110956681902977e-20,7.311901594717665,2640,0.328737374289027,0.0,0.0,0.0,2640.0,2640.0,1.0,0.0,2640.0,1.0,0.0,2640.0,0.0,0.0,0.0,0.0,0.0,0.0,hybrid,0.43455927231605573,0.9960923833228982,0.9666666666666667,3.6011451088877085e-17,-0.25459691424451286,10.0,1.0,0.4688711258507252,0.4688711258507253,cons__hybrid,cons__hybrid,bandwidth,1.0,5,0
consensus,hybrid,20,60,ring_plus,-2.1572596261995616e-21,2.1572596261995616e-21,10.384321958196669,2640,0.3108356757570109,0.0,0.0,0.0,2640.0,2640.0,1.0,0.0,2640.0,1.0,0.0,2640.0,0.0,0.0,0.0,0.0,0.0,0.0,hybrid,0.4250824450175495,0.9997015334636001,1.0,4.0650250289178755e-18,-0.3500855624743283,7.0,1.0,0.4688711258507254,0.4688711258507254,cons__hybrid,cons__hybrid,bandwidth,1.0,6,0
consensus,hybrid,20,60,ring_plus,-150.61224489613826,150.61224489613826,7.530616947251133,2640,2.019705525146673,0.0,0.0,0.0,2640.0,2640.0,1.0,0.0,2640.0,1.0,0.0,2640.0,0.0,0.0,0.0,0.0,0.0,0.0,hybrid,1.0,0.0,0.016666666666666666,150.6122448486963,2.188985657413465,,0.0,0.4688711258507245,0.46887112585072455,cons__hybrid,cons__hybrid,bandwidth,1.0,7,0
consensus,hybrid,20,60,ring_plus,-112.95918367140946,112.95918367140946,7.54614562451377,2640,1.6772056934700528,0.0,0.0,0.0,2640.0,2640.0,1.0,0.0,2640.0,1.0,0.0,2640.0,0.0,0.0,0.0,0.0,0.0,0.0,hybrid,1.0,0.0,0.0,112.95918361774041,1.6572923633291965,,0.0,0.4688711258507255,0.4688711258507255,cons__hybrid,cons__hybrid,bandwidth,1.0,8,0
consensus,hybrid,20,60,ring_plus,-2.355981349641846e-21,2.355981349641846e-21,8.857505329702267,2640,0.2829655267767092,0.0,0.0,0.0,2640.0,2640.0,1.0,0.0,2640.0,1.0,0.0,2640.0,0.0,0.0,0.0,0.0,0.0,0.0,hybrid,0.4262447078708113,0.9993894248900173,0.9833333333333333,4.4393957794530716e-18,-0.24590045216642012,8.0,1.0,0.46887112585072505,0.4688711258507251,cons__hybrid,cons__hybrid,bandwidth,1.0,9,0
consensus,hybrid,20,60,ring_plus,-12.551020407979376,12.551020407979376,0.9516846535368767,2640,0.18361160563441759,0.0,0.0,0.0,2640.0,2640.0,1.0,0.0,5280.0,2.0,0.0,2640.0,0.0,0.0,0.0,0.0,0.0,0.0,hybrid,0.6618238543065103,0.7787651850153874,0.13333333333333333,12.55102040318841,0.02739695230149849,,0.0,0.4688711258507252,0.4688711258507253,cons__hybrid,cons__hybrid,bandwidth,2.0,0,0
consensus,hybrid,20,60,ring_plus,-8.735996686753334e-20,8.735996686753334e-20,0.36237308541593344,2640,0.035957711141845324,0.0,0.0,0.0,2640.0,2640.0,1.0,0.0,5280.0,2.0,0.0,2640.0,0.0,0.0,0.0,0.0,0.0,0.0,hybrid,0.4525661954232652,0.989025305014837,0.95,1.6461570532189648e-16,-0.2847032157041933,12.0,1.0,0.4688711258507247,0.4688711258507247,cons__hybrid,cons__hybrid,bandwidth,2.0,1,0
consensus,hybrid,20,60,ring_plus,-12.55102040799438,12.55102040799438,0.9765060917113304,2640,0.1669417303578028,0.0,0.0,0.0,2640.0,2640.0,1.0,0.0,5280.0,2.0,0.0,2640.0,0.0,0.0,0.0,0.0,0.0,0.0,hybrid,0.5810735443955782,0.8890178539859473,0.13333333333333333,12.55102040359435,-0.09550174601610657,,0.0,0.468871125850723,0.4688711258507228,cons__hybrid,cons__hybrid,bandwidth,2.0,2,0
consensus,hybrid,20,60,ring_plus,-12.55102040804432,12.55102040804432,0.6711892427395211,2640,0.1672899654904641,0.0,0.0,0.0,2640.0,2640.0,1.0,0.0,5280.0,2.0,0.0,2640.0,0.0,0.0,0.0,0.0,0.0,0.0,hybrid,0.7159261291367889,0.8980171759941586,0.16666666666666666,12.551020404945346,-0.228259641213495,,0.0,0.4688711258507241,0.4688711258507242,cons__hybrid,cons__hybrid,bandwidth,2.0,3,0
consensus,hybrid,20,60,ring_plus,-16.734693877348125,16.734693877348125,0.8623550513457733,2640,0.223015539131054,0.0,0.0,0.0,2640.0,2640.0,1.0,0.0,5280.0,2.0,0.0,2640.0,0.0,0.0,0.0,0.0,0.0,0.0,hybrid,0.7214083770266367,0.7603209861139203,0.13333333333333333,16.734693872061943,0.021812957312976285,,0.0,0.4688711258507239,0.4688711258507239,cons__hybrid,cons__hybrid,bandwidth,2.0,4,0
consensus,hybrid,20,60,ring_plus,-12.551020408078113,12.551020408078113,0.6691885693430107,2640,0.16519593124368745,0.0,0.0,0.0,2640.0,2640.0,1.0,0.0,5280.0,2.0,0.0,2640.0,0.0,0.0,0.0,0.0,0.0,0.0,hybrid,0.7838669752791041,0.8784832418980725,0.16666666666666666,12.551020405859566,-0.04541324077654429,,0.0,0.4688711258507252,0.4688711258507253,cons__hybrid,cons__hybrid,bandwidth,2.0,5,0
consensus,hybrid,20,60,ring_plus,-8.126080866167215e-22,8.126080866167215e-22,1.4944363368987355,2640,0.02842706748604426,0.0,0.0,0.0,2640.0,2640.0,1.0,0.0,5280.0,2.0,0.0,2640.0,0.0,0.0,0.0,0.0,0.0,0.0,hybrid,0.42328062011983336,0.9999798673048222,1.0,1.531220090340073e-18,-0.35008556247432826,6.0,1.0,0.4688711258507254,0.4688711258507254,cons__hybrid,cons__hybrid,bandwidth,2.0,6,0
consensus,hybrid,20,60,ring_plus,-16.73469387739897,16.73469387739897,0.8367393963141726,2640,0.2097876329128419,0.0,0.0,0.0,2640.0,2640.0,1.0,0.0,5280.0,2.0,0.0,2640.0,0.0,0.0,0.0,0.0,0.0,0.0,hybrid,0.7369227427408804,0.8450064075575148,0.13333333333333333,16.734693873437553,-0.042306859565523366,,0.0,0.4688711258507245,0.46887112585072455,cons__hybrid,cons__hybrid,bandwidth,2.0,7,0
consensus,hybrid,20,60,ring_plus,-12.551020408030249,12.551020408030249,0.7702437190759459,2640,0.16755099010586322,0.0,0.0,0.0,2640.0,2640.0,1.0,0.0,5280.0,2.0,0.0,2640.0,0.0,0.0,0.0,0.0,0.0,0.0,hybrid,0.7159935648154708,0.8560706531465306,0.15,12.551020404564659,-0.01617702439379046,,0.0,0.4688711258507255,0.4688711258507255,cons__hybrid,cons__hybrid,bandwidth,2.0,8,0
consensus,hybrid,20,60,ring_plus,-6.66848010236658e-22,6.66848010236658e-22,0.9528807965852829,2640,0.023072052916901335,0.0,0.0,0.0,2640.0,2640.0,1.0,0.0,5280.0,2.0,0.0,2640.0,0.0,0.0,0.0,0.0,0.0,0.0,hybrid,0.4240861743915846,0.9999280170215574,1.0,1.256560301917213e-18,-0.24590045216642012,6.0,1.0,0.46887112585072505,0.4688711258507251,cons__hybrid,cons__hybrid,bandwidth,2.0,9,0
consensus,hybrid,20,60,ring_plus,-3.0737192835899902,3.0737192835899902,0.15849224584263497,2640,0.0421308209180586,0.0,0.0,0.0,2640.0,2640.0,1.0,0.0,7920.0,3.0,0.0,2640.0,0.0,0.0,0.0,0.0,0.0,0.0,hybrid,0.5857574382695822,0.9108724488560305,0.2,3.073719282500228,-0.13055806643832463,,0.0,0.4688711258507252,0.4688711258507253,cons__hybrid,cons__hybrid,bandwidth,3.0,0,0
consensus,hybrid,20,60,ring_plus,-2.3052894625863587,2.3052894625863587,0.17520691977063763,2640,0.035652350350353045,0.0,0.0,0.0,2640.0,2640.0,1.0,0.0,7920.0,3.0,0.0,2640.0,0.0,0.0,0.0,0.0,0.0,0.0,hybrid,0.674100845551027,0.9798449227351685,0.21666666666666667,2.305289459003768,-0.24628172466108733,,0.0,0.4688711258507247,0.4688711258507247,cons__hybrid,cons__hybrid,bandwidth,3.0,1,0
consensus,hybrid,20,60,ring_plus,-3.073719283639807,3.073719283639807,0.1619168432424833,2640,0.03899796592159837,0.0,0.0,0.0,2640.0,2640.0,1.0,0.0,7920.0,3.0,0.0,2640.0,0.0,0.0,0.0,0.0,0.0,0.0,hybrid,0.9936063799983577,0.17294771153635036,1.0,3.073719283847956,-0.25345676475534945,,0.0,0.468871125850723,0.4688711258507228,cons__hybrid,cons__hybrid,bandwidth,3.0,2,0
consensus,hybrid,20,60,ring_plus,-3.0737192836395426,3.0737192836395426,0.474087804088619,2640,0.041519328581813314,0.0,0.0,0.0,2640.0,2640.0,1.0,0.0,7920.0,3.0,0.0,2640.0,0.0,0.0,0.0,0.0,0.0,0.0,hybrid,0.9904075341999019,0.2103245515137342,1.0,3.073719283840699,-0.38621465995357457,,0.0,0.4688711258507241,0.4688711258507242,cons__hybrid,cons__hybrid,bandwidth,3.0,3,0
consensus,hybrid,20,60,ring_plus,-2.305289462721661,2.305289462721661,0.11820451032794696,2640,0.03099216060192297,0.0,0.0,0.0,2640.0,2640.0,1.0,0.0,7920.0,3.0,0.0,2640.0,0.0,0.0,0.0,0.0,0.0,0.0,hybrid,0.872385421064312,0.6718398429104939,0.45,2.3052894626642906,-0.21867711626413147,,0.0,0.4688711258507239,0.4688711258507239,cons__hybrid,cons__hybrid,bandwidth,3.0,4,0
consensus,hybrid,20,60,ring_plus,-2.3052894627261282,2.3052894627261282,0.12193306988381529,2640,0.029331049000019455,0.0,0.0,0.0,2640.0,2640.0,1.0,0.0,7920.0,3.0,0.0,2640.0,0.0,0.0,0.0,0.0,0.0,0.0,hybrid,0.9930443927487422,0.16911621808784305,1.0,2.305289462785129,-0.21617542319907737,,0.0,0.4688711258507252,0.4688711258507253,cons__hybrid,cons__hybrid,bandwidth,3.0,5,0
consensus,hybrid,20,60,ring_plus,-7.692659870990326e-22,7.692659870990326e-22,0.42385677160830737,2640,0.005254124047293239,0.0,0.0,0.0,2640.0,2640.0,1.0,0.0,7920.0,3.0,0.0,2640.0,0.0,0.0,0.0,0.0,0.0,0.0,hybrid,0.4232535140282265,0.9999727862097223,1.0,1.4495548561140182e-18,-0.35008556247432826,6.0,1.0,0.4688711258507254,0.4688711258507254,cons__hybrid,cons__hybrid,bandwidth,3.0,6,0
consensus,hybrid,20,60,ring_plus,-3.073719283723711,3.073719283723711,0.15369066663043826,2640,0.040335203149271144,0.0,0.0,0.0,2640.0,2640.0,1.0,0.0,7920.0,3.0,0.0,2640.0,0.0,0.0,0.0,0.0,0.0,0.0,hybrid,0.9888878886169252,0.31870804596707003,1.0,3.073719286117898,-0.26998976946011105,,0.0,0.4688711258507245,0.46887112585072455,cons__hybrid,cons__hybrid,bandwidth,3.0,7,0
consensus,hybrid,20,60,ring_plus,-2.305289462753269,2.305289462753269,0.1237344699225813,2640,0.029993751108312233,0.0,0.0,0.0,2640.0,2640.0,1.0,0.0,7920.0,3.0,0.0,2640.0,0.0,0.0,0.0,0.0,0.0,0.0,hybrid,0.9915593705519672,0.24366240734799482,1.0,2.305289463519419,-0.18693920681507345,,0.0,0.4688711258507255,0.4688711258507255,cons__hybrid,cons__hybrid,bandwidth,3.0,8,0
consensus,hybrid,20,60,ring_plus,-7.541486689867262e-22,7.541486689867262e-22,0.16380439934654722,2640,0.005840043749382919,0.0,0.0,0.0,2640.0,2640.0,1.0,0.0,7920.0,3.0,0.0,2640.0,0.0,0.0,0.0,0.0,0.0,0.0,hybrid,0.4246996811137274,0.9999047631274444,1.0,1.4210736993415848e-18,-0.24590045216642012,6.0,1.0,0.46887112585072505,0.4688711258507251,cons__hybrid,cons__hybrid,bandwidth,3.0,9,0
consensus,hybrid,20,60,ring_plus,-0.5020408163279279,0.5020408163279279,0.026042852183610705,2640,0.006743006711333875,0.0,0.0,0.0,2640.0,2640.0,1.0,0.0,10560.0,4.0,0.0,2640.0,0.0,0.0,0.0,0.0,0.0,0.0,hybrid,0.9871988973033906,0.19497369330476289,1.0,0.5020408163643074,-0.17341937422602563,,0.0,0.4688711258507252,0.4688711258507253,cons__hybrid,cons__hybrid,bandwidth,4.0,0,0
consensus,hybrid,20,60,ring_plus,-0.5020408163642409,0.5020408163642409,0.03550080335723845,2640,0.007174840461424299,0.0,0.0,0.0,2640.0,2640.0,1.0,0.0,10560.0,4.0,0.0,2640.0,0.0,0.0,0.0,0.0,0.0,0.0,hybrid,0.9768297340757545,0.33400081438822193,1.0,0.5020408173467412,-0.2763358687647893,,0.0,0.4688711258507247,0.4688711258507247,cons__hybrid,cons__hybrid,bandwidth,4.0,1,0
consensus,hybrid,20,60,ring_plus,-0.6693877551668886,0.6693877551668886,0.041700266818982104,2640,0.00917673380503291,0.0,0.0,0.0,2640.0,2640.0,1.0,0.0,10560.0,4.0,0.0,2640.0,0.0,0.0,0.0,0.0,0.0,0.0,hybrid,0.9761864970912101,0.3632959178939146,1.0,0.6693877568563863,-0.29352895689656466,,0.0,0.468871125850723,0.4688711258507228,cons__hybrid,cons__hybrid,bandwidth,4.0,2,0
consensus,hybrid,20,60,ring_plus,-0.6693877552169327,0.6693877552169327,0.2924461917141554,2640,0.009414130434827871,0.0,0.0,0.0,2640.0,2640.0,1.0,0.0,10560.0,4.0,0.0,2640.0,0.0,0.0,0.0,0.0,0.0,0.0,hybrid,0.9710649513879126,0.4027570093405478,1.0,0.6693877582102948,-0.4262868520939514,,0.0,0.4688711258507241,0.4688711258507242,cons__hybrid,cons__hybrid,bandwidth,4.0,3,0
consensus,hybrid,20,60,ring_plus,-8.281690338536049e-19,8.281690338536049e-19,0.0015949156870348944,2640,0.003154691973649094,0.0,0.0,0.0,2640.0,2640.0,1.0,0.0,10560.0,4.0,0.0,2640.0,0.0,0.0,0.0,0.0,0.0,0.0,hybrid,0.4828702597638662,0.9739321902183566,0.9666666666666667,1.560550591607621e-15,-0.2570986073094924,14.0,1.0,0.4688711258507239,0.4688711258507239,cons__hybrid,cons__hybrid,bandwidth,4.0,4,0
consensus,hybrid,20,60,ring_plus,-0.5020408163905135,0.5020408163905135,0.06673958975627836,2640,0.006712508445969248,0.0,0.0,0.0,2640.0,2640.0,1.0,0.0,10560.0,4.0,0.0,2640.0,0.0,0.0,0.0,0.0,0.0,0.0,hybrid,0.9752917755727483,0.36756967596827306,1.0,0.5020408180575074,-0.24622956730467094,,0.0,0.4688711258507252,0.4688711258507253,cons__hybrid,cons__hybrid,bandwidth,4.0,5,0
consensus,hybrid,20,60,ring_plus,-1.3254546890052083e-21,1.3254546890052083e-21,0.17848208834668727,2640,0.0018766561788964762,0.0,0.0,0.0,2640.0,2640.0,1.0,0.0,10560.0,4.0,0.0,2640.0,0.0,0.0,0.0,0.0,0.0,0.0,hybrid,0.42698456101207,0.9997441805922772,1.0,2.497601712596282e-18,-0.35008556247432826,6.0,1.0,0.4688711258507254,0.4688711258507254,cons__hybrid,cons__hybrid,bandwidth,4.0,6,0
consensus,hybrid,20,60,ring_plus,-0.6693877556982071,0.6693877556982071,0.03347409022952667,2640,0.009937970913390812,0.0,0.0,0.0,2640.0,2640.0,1.0,0.0,10560.0,4.0,0.0,2640.0,0.0,0.0,0.0,0.0,0.0,0.0,hybrid,0.9662302332135033,0.5247167297822986,1.0,0.6693877712305073,-0.31006196159386945,,0.0,0.4688711258507245,0.46887112585072455,cons__hybrid,cons__hybrid,bandwidth,4.0,7,0
consensus,hybrid,20,60,ring_plus,-0.5020408164820187,0.5020408164820187,0.02559724256758967,2640,0.00656112063131248,0.0,0.0,0.0,2640.0,2640.0,1.0,0.0,10560.0,4.0,0.0,2640.0,0.0,0.0,0.0,0.0,0.0,0.0,hybrid,0.9708663045007792,0.4455068090027928,1.0,0.5020408205330344,-0.21699335091959424,,0.0,0.4688711258507255,0.4688711258507255,cons__hybrid,cons__hybrid,bandwidth,4.0,8,0
consensus,hybrid,20,60,ring_plus,-0.6693877551204184,0.6693877551204184,0.17496282438522023,2640,0.00861542908354293,0.0,0.0,0.0,2640.0,2640.0,1.0,0.0,10560.0,4.0,0.0,2640.0,0.0,0.0,0.0,0.0,0.0,0.0,hybrid,0.984108993279847,0.26618633340771725,1.0,0.6693877555992307,-0.2347439895810798,,0.0,0.46887112585072505,0.4688711258507251,cons__hybrid,cons__hybrid,bandwidth,4.0,9,0
consensus,hybrid,20,60,ring_plus,-0.0017371658088660901,0.0017371658088660901,0.00035536503969201287,2640,2.8740207676233408e-05,0.0,0.0,0.0,2640.0,2640.0,1.0,0.0,21120.0,8.0,0.0,2640.0,0.0,0.0,0.0,0.0,0.0,0.0,hybrid,0.8903076873769159,0.7416516578155032,1.0,0.0017371750436106631,-0.18175776840134333,11.0,1.0,0.4688711258507252,0.4688711258507253,cons__hybrid,cons__hybrid,bandwidth,8.0,0,0
consensus,hybrid,20,60,ring_plus,-0.0017371690510310622,0.0017371690510310622,0.0483204088861332,2640,3.08444028071656e-05,0.0,0.0,0.0,2640.0,2640.0,1.0,0.0,21120.0,8.0,0.0,2640.0,0.0,0.0,0.0,0.0,0.0,0.0,hybrid,0.8637204251130594,0.851115310934646,1.0,0.001737262760349179,-0.28467426288667613,15.0,1.0,0.4688711258507247,0.4688711258507247,cons__hybrid,cons__hybrid,bandwidth,8.0,1,0
consensus,hybrid,20,60,ring_plus,-0.0023162282878173707,0.0023162282878173707,0.013169696462713787,2640,3.680353567533599e-05,0.0,0.0,0.0,2640.0,2640.0,1.0,0.0,21120.0,8.0,0.0,2640.0,0.0,0.0,0.0,0.0,0.0,0.0,hybrid,0.8615027195585991,0.8702901180854407,1.0,0.0023164284539459673,-0.3046468156778826,17.0,1.0,0.468871125850723,0.4688711258507228,cons__hybrid,cons__hybrid,bandwidth,8.0,2,0
consensus,hybrid,20,60,ring_plus,-0.0023162386625494072,0.0023162386625494072,0.2590926264724206,2640,3.517717590316723e-05,0.0,0.0,0.0,2640.0,2640.0,1.0,0.0,21120.0,8.0,0.0,2640.0,0.0,0.0,0.0,0.0,0.0,0.0,hybrid,0.8541225089259079,0.8944082726083371,1.0,0.002316709259166585,-0.4374047107031912,17.0,1.0,0.4688711258507241,0.4688711258507242,cons__hybrid,cons__hybrid,bandwidth,8.0,3,0
consensus,hybrid,20,60,ring_plus,-0.002316224350271158,0.002316224350271158,0.0009094549979209065,2640,3.683641685533873e-05,0.0,0.0,0.0,2640.0,2640.0,1.0,0.0,21120.0,8.0,0.0,2640.0,0.0,0.0,0.0,0.0,0.0,0.0,hybrid,0.8720232759973522,0.8401300120074817,1.0,0.002316321912398719,-0.2570600035703212,15.0,1.0,0.4688711258507239,0.4688711258507239,cons__hybrid,cons__hybrid,bandwidth,8.0,4,0
consensus,hybrid,20,60,ring_plus,-0.0017371700943204543,0.0017371700943204543,0.00404029151211411,2640,3.0084502035252226e-05,0.0,0.0,0.0,2640.0,2640.0,1.0,0.0,21120.0,8.0,0.0,2640.0,0.0,0.0,0.0,0.0,0.0,0.0,hybrid,0.8652713298063294,0.8509532050948255,1.0,0.0017372909877718492,-0.25456796140960747,16.0,1.0,0.4688711258507252,0.4688711258507253,cons__hybrid,cons__hybrid,bandwidth,8.0,5,0
consensus,hybrid,20,60,ring_plus,-0.0023162209920375887,0.0023162209920375887,0.18867681063511083,2640,3.5077984782774285e-05,0.0,0.0,0.0,2640.0,2640.0,1.0,0.0,21120.0,8.0,0.0,2640.0,0.0,0.0,0.0,0.0,0.0,0.0,hybrid,0.8901091553394495,0.7190615623336958,1.0,0.0023162310527033284,-0.35004695879112757,9.0,1.0,0.4688711258507254,0.4688711258507254,cons__hybrid,cons__hybrid,bandwidth,8.0,6,0
consensus,hybrid,20,60,ring_plus,-0.0023162402179133807,0.0023162402179133807,0.08106828965415372,2640,3.7074496648649626e-05,0.0,0.0,0.0,2640.0,2640.0,1.0,0.0,21120.0,8.0,0.0,2640.0,0.0,0.0,0.0,0.0,0.0,0.0,hybrid,0.8529982633104689,0.8946292435405628,1.0,0.0023167513887616628,-0.32117982018520763,19.0,1.0,0.4688711258507245,0.46887112585072455,cons__hybrid,cons__hybrid,bandwidth,8.0,7,0
consensus,hybrid,20,60,ring_plus,-0.0017371739813350857,0.0017371739813350857,0.019658922535838886,2640,3.363326716823516e-05,0.0,0.0,0.0,2640.0,2640.0,1.0,0.0,21120.0,8.0,0.0,2640.0,0.0,0.0,0.0,0.0,0.0,0.0,hybrid,0.8560221577002549,0.8829867666012763,1.0,0.0017373961628973148,-0.22533174496127237,19.0,1.0,0.4688711258507255,0.4688711258507255,cons__hybrid,cons__hybrid,bandwidth,8.0,8,0
consensus,hybrid,20,60,ring_plus,-0.002316222195804456,0.002316222195804456,0.17922671274206228,2640,3.490209622117998e-05,0.0,0.0,0.0,2640.0,2640.0,1.0,0.0,21120.0,8.0,0.0,2640.0,0.0,0.0,0.0,0.0,0.0,0.0,hybrid,0.8788320055937153,0.8063911112138231,1.0,0.0023162636202563145,-0.24586184846315673,14.0,1.0,0.46887112585072505,0.4688711258507251,cons__hybrid,cons__hybrid,bandwidth,8.0,9,0
consensus,hybrid,20,60,ring_plus,-1.1520751048531266e-06,1.1520751048531266e-06,0.0006178033775865992,2640,0.0,0.0,0.0,0.0,2640.0,2640.0,1.0,0.0,84480.0,32.0,0.0,2640.0,0.0,0.0,0.0,0.0,0.0,0.0,hybrid,0.7859985495869399,0.9941938647865856,1.0,5.554877217742045e-06,-0.18178670196357272,11.0,1.0,0.4688711258507252,0.4688711258507253,cons__hybrid,cons__hybrid,bandwidth,0.0,0,0
consensus,hybrid,20,60,ring_plus,-4.917811884894667e-06,4.917811884894667e-06,0.048494173827918895,2640,0.0,0.0,0.0,0.0,2640.0,2640.0,1.0,0.0,84480.0,32.0,0.0,2640.0,0.0,0.0,0.0,0.0,0.0,0.0,hybrid,0.7899633647657412,0.9984386045715516,1.0,2.371185792094653e-05,-0.28470313374066186,15.0,1.0,0.4688711258507247,0.4688711258507247,cons__hybrid,cons__hybrid,bandwidth,0.0,1,0
consensus,hybrid,20,60,ring_plus,-8.212413405688155e-06,8.212413405688155e-06,0.013374071507959833,2640,0.0,0.0,0.0,0.0,2640.0,2640.0,1.0,0.0,84480.0,32.0,0.0,2640.0,0.0,0.0,0.0,0.0,0.0,0.0,hybrid,0.7919734851583695,0.9995066421900423,1.0,3.959719981602118e-05,-0.3046852826091228,17.0,1.0,0.468871125850723,0.4688711258507228,cons__hybrid,cons__hybrid,bandwidth,0.0,2,0
consensus,hybrid,20,60,ring_plus,-1.1780080000619662e-05,1.1780080000619662e-05,0.26052726327207354,2640,0.0,0.0,0.0,0.0,2640.0,2640.0,1.0,0.0,84480.0,32.0,0.0,2640.0,0.0,0.0,0.0,0.0,0.0,0.0,hybrid,0.791836626826508,0.9994909991592232,1.0,5.6799159831644315e-05,-0.4374431183462336,17.0,1.0,0.4688711258507241,0.4688711258507242,cons__hybrid,cons__hybrid,bandwidth,0.0,3,0
consensus,hybrid,20,60,ring_plus,-4.494102280163635e-06,4.494102280163635e-06,0.0005368863487121414,2640,0.0,0.0,0.0,0.0,2640.0,2640.0,1.0,0.0,84480.0,32.0,0.0,2640.0,0.0,0.0,0.0,0.0,0.0,0.0,hybrid,0.7903284531100236,0.9985785503102245,1.0,2.1668887961487525e-05,-0.25709853240778774,15.0,1.0,0.4688711258507239,0.4688711258507239,cons__hybrid,cons__hybrid,bandwidth,0.0,4,0
consensus,hybrid,20,60,ring_plus,-4.660775796527126e-06,4.660775796527126e-06,0.003415818351459195,2640,0.0,0.0,0.0,0.0,2640.0,2640.0,1.0,0.0,84480.0,32.0,0.0,2640.0,0.0,0.0,0.0,0.0,0.0,0.0,hybrid,0.7899283158383413,0.9984799599559544,1.0,2.24725256019056e-05,-0.2545968365649162,16.0,1.0,0.4688711258507252,0.4688711258507253,cons__hybrid,cons__hybrid,bandwidth,0.0,5,0
consensus,hybrid,20,60,ring_plus,-1.410470568693741e-06,1.410470568693741e-06,0.18337263899247697,2640,0.0,0.0,0.0,0.0,2640.0,2640.0,1.0,0.0,84480.0,32.0,0.0,2640.0,0.0,0.0,0.0,0.0,0.0,0.0,hybrid,0.7834462280929491,0.9910551726277681,1.0,6.800763939198442e-06,-0.3500855389664854,9.0,1.0,0.4688711258507254,0.4688711258507254,cons__hybrid,cons__hybrid,bandwidth,0.0,6,0
consensus,hybrid,20,60,ring_plus,-1.367187489376017e-05,1.367187489376017e-05,0.08094686643803836,2640,0.0,0.0,0.0,0.0,2640.0,2640.0,1.0,0.0,84480.0,32.0,0.0,2640.0,0.0,0.0,0.0,0.0,0.0,0.0,hybrid,0.7933306254242684,0.9999014047341296,1.0,6.592069045780056e-05,-0.32121819632425797,19.0,1.0,0.4688711258507245,0.46887112585072455,cons__hybrid,cons__hybrid,bandwidth,0.0,7,0
consensus,hybrid,20,60,ring_plus,-8.429942507892107e-06,8.429942507892107e-06,0.01989653476218442,2640,0.0,0.0,0.0,0.0,2640.0,2640.0,1.0,0.0,84480.0,32.0,0.0,2640.0,0.0,0.0,0.0,0.0,0.0,0.0,hybrid,0.7927252852800414,0.999853721368469,1.0,4.0646044156931004e-05,-0.22536055736191946,19.0,1.0,0.4688711258507255,0.4688711258507255,cons__hybrid,cons__hybrid,bandwidth,0.0,8,0
consensus,hybrid,20,60,ring_plus,-3.2147585880535797e-06,3.2147585880535797e-06,0.1782106054321475,2640,0.0,0.0,0.0,0.0,2640.0,2640.0,1.0,0.0,84480.0,32.0,0.0,2640.0,0.0,0.0,0.0,0.0,0.0,0.0,hybrid,0.7894398162006566,0.9977007575672052,1.0,1.5500369000331986e-05,-0.24590039858711032,14.0,1.0,0.46887112585072505,0.4688711258507251,cons__hybrid,cons__hybrid,bandwidth,0.0,9,0
consensus,hybrid,20,60,ring_plus,-1.1520751048531266e-06,1.1520751048531266e-06,0.0006178033775865992,2640,0.0,0.0,0.0,0.0,2640.0,2640.0,1.0,0.0,84480.0,32.0,0.0,2640.0,0.0,0.0,0.0,0.0,0.0,0.0,hybrid,0.7859985495869399,0.9941938647865856,1.0,5.554877217742045e-06,-0.18178670196357272,11.0,1.0,0.4688711258507252,0.4688711258507253,cons__hybrid,cons__hybrid,spoof,0.0,0,0
consensus,hybrid,20,60,ring_plus,-4.917811884894667e-06,4.917811884894667e-06,0.048494173827918895,2640,0.0,0.0,0.0,0.0,2640.0,2640.0,1.0,0.0,84480.0,32.0,0.0,2640.0,0.0,0.0,0.0,0.0,0.0,0.0,hybrid,0.7899633647657412,0.9984386045715516,1.0,2.371185792094653e-05,-0.28470313374066186,15.0,1.0,0.4688711258507247,0.4688711258507247,cons__hybrid,cons__hybrid,spoof,0.0,1,0
consensus,hybrid,20,60,ring_plus,-8.212413405688155e-06,8.212413405688155e-06,0.013374071507959833,2640,0.0,0.0,0.0,0.0,2640.0,2640.0,1.0,0.0,84480.0,32.0,0.0,2640.0,0.0,0.0,0.0,0.0,0.0,0.0,hybrid,0.7919734851583695,0.9995066421900423,1.0,3.959719981602118e-05,-0.3046852826091228,17.0,1.0,0.468871125850723,0.4688711258507228,cons__hybrid,cons__hybrid,spoof,0.0,2,0
consensus,hybrid,20,60,ring_plus,-1.1780080000619662e-05,1.1780080000619662e-05,0.26052726327207354,2640,0.0,0.0,0.0,0.0,2640.0,2640.0,1.0,0.0,84480.0,32.0,0.0,2640.0,0.0,0.0,0.0,0.0,0.0,0.0,hybrid,0.791836626826508,0.9994909991592232,1.0,5.6799159831644315e-05,-0.4374431183462336,17.0,1.0,0.4688711258507241,0.4688711258507242,cons__hybrid,cons__hybrid,spoof,0.0,3,0
consensus,hybrid,20,60,ring_plus,-4.494102280163635e-06,4.494102280163635e-06,0.0005368863487121414,2640,0.0,0.0,0.0,0.0,2640.0,2640.0,1.0,0.0,84480.0,32.0,0.0,2640.0,0.0,0.0,0.0,0.0,0.0,0.0,hybrid,0.7903284531100236,0.9985785503102245,1.0,2.1668887961487525e-05,-0.25709853240778774,15.0,1.0,0.4688711258507239,0.4688711258507239,cons__hybrid,cons__hybrid,spoof,0.0,4,0
consensus,hybrid,20,60,ring_plus,-4.660775796527126e-06,4.660775796527126e-06,0.003415818351459195,2640,0.0,0.0,0.0,0.0,2640.0,2640.0,1.0,0.0,84480.0,32.0,0.0,2640.0,0.0,0.0,0.0,0.0,0.0,0.0,hybrid,0.7899283158383413,0.9984799599559544,1.0,2.24725256019056e-05,-0.2545968365649162,16.0,1.0,0.4688711258507252,0.4688711258507253,cons__hybrid,cons__hybrid,spoof,0.0,5,0
consensus,hybrid,20,60,ring_plus,-1.410470568693741e-06,1.410470568693741e-06,0.18337263899247697,2640,0.0,0.0,0.0,0.0,2640.0,2640.0,1.0,0.0,84480.0,32.0,0.0,2640.0,0.0,0.0,0.0,0.0,0.0,0.0,hybrid,0.7834462280929491,0.9910551726277681,1.0,6.800763939198442e-06,-0.3500855389664854,9.0,1.0,0.4688711258507254,0.4688711258507254,cons__hybrid,cons__hybrid,spoof,0.0,6,0
consensus,hybrid,20,60,ring_plus,-1.367187489376017e-05,1.367187489376017e-05,0.08094686643803836,2640,0.0,0.0,0.0,0.0,2640.0,2640.0,1.0,0.0,84480.0,32.0,0.0,2640.0,0.0,0.0,0.0,0.0,0.0,0.0,hybrid,0.7933306254242684,0.9999014047341296,1.0,6.592069045780056e-05,-0.32121819632425797,19.0,1.0,0.4688711258507245,0.46887112585072455,cons__hybrid,cons__hybrid,spoof,0.0,7,0
consensus,hybrid,20,60,ring_plus,-8.429942507892107e-06,8.429942507892107e-06,0.01989653476218442,2640,0.0,0.0,0.0,0.0,2640.0,2640.0,1.0,0.0,84480.0,32.0,0.0,2640.0,0.0,0.0,0.0,0.0,0.0,0.0,hybrid,0.7927252852800414,0.999853721368469,1.0,4.0646044156931004e-05,-0.22536055736191946,19.0,1.0,0.4688711258507255,0.4688711258507255,cons__hybrid,cons__hybrid,spoof,0.0,8,0
consensus,hybrid,20,60,ring_plus,-3.2147585880535797e-06,3.2147585880535797e-06,0.1782106054321475,2640,0.0,0.0,0.0,0.0,2640.0,2640.0,1.0,0.0,84480.0,32.0,0.0,2640.0,0.0,0.0,0.0,0.0,0.0,0.0,hybrid,0.7894398162006566,0.9977007575672052,1.0,1.5500369000331986e-05,-0.24590039858711032,14.0,1.0,0.46887112585072505,0.4688711258507251,cons__hybrid,cons__hybrid,spoof,0.0,9,0
consensus,hybrid,20,60,ring_plus,-0.4144251070876645,0.4144251070876645,0.02357558416347156,2640,0.12118021588894451,0.0,0.0,0.0,2640.0,2640.0,1.0,0.0,84480.0,32.0,0.0,2358.0,0.0,282.0,0.0,0.0,0.0,0.0,hybrid,0.9024530460060631,0.49791952575118537,0.7166666666666667,0.32359114797577226,-0.17487963604669673,12.0,1.0,0.4688711258507252,0.4688711258507253,cons__hybrid,cons__hybrid,spoof,0.1,0,0
consensus,hybrid,20,60,ring_plus,-0.33321827668691845,0.33321827668691845,0.1421600246972236,2640,0.11739615342361788,0.0,0.0,0.0,2640.0,2640.0,1.0,0.0,84480.0,32.0,0.0,2370.0,0.0,270.0,0.0,0.0,0.0,0.0,hybrid,0.9647999790597654,0.3268695569771619,0.6666666666666666,0.48006022530923426,-0.27914957775941135,14.0,1.0,0.4688711258507247,0.4688711258507247,cons__hybrid,cons__hybrid,spoof,0.1,1,0
consensus,hybrid,20,60,ring_plus,-0.2881623725385854,0.2881623725385854,0.020872476817751045,2640,0.08716250169826702,0.0,0.0,0.0,2640.0,2640.0,1.0,0.0,84480.0,32.0,0.0,2377.0,0.0,263.0,0.0,0.0,0.0,0.0,hybrid,0.9011519846218454,0.6504460556695109,0.6666666666666666,0.20609393300266146,-0.2998827132737031,18.0,1.0,0.468871125850723,0.4688711258507228,cons__hybrid,cons__hybrid,spoof,0.1,2,0
consensus,hybrid,20,60,ring_plus,-0.0517114088542287,0.0517114088542287,0.02841694864508571,2640,0.11081043625178316,0.0,0.0,0.0,2640.0,2640.0,1.0,0.0,84480.0,32.0,0.0,2389.0,0.0,251.0,0.0,0.0,0.0,0.0,hybrid,0.9401580914775667,0.6342036362504306,0.6833333333333333,0.14704870305784107,-0.4365814578666632,17.0,1.0,0.4688711258507241,0.4688711258507242,cons__hybrid,cons__hybrid,spoof,0.1,3,0
consensus,hybrid,20,60,ring_plus,-0.265421301893138,0.265421301893138,0.04120696178436907,2640,0.10706289694834058,0.0,0.0,0.0,2640.0,2640.0,1.0,0.0,84480.0,32.0,0.0,2360.0,0.0,280.0,0.0,0.0,0.0,0.0,hybrid,0.970722524315207,0.28794760343699455,0.6666666666666666,0.3857931965425885,-0.2526749189446068,44.0,1.0,0.4688711258507239,0.4688711258507239,cons__hybrid,cons__hybrid,spoof,0.1,4,0
consensus,hybrid,20,60,ring_plus,-0.36325522510127334,0.36325522510127334,0.07725996234738708,2640,0.08976790483302803,0.0,0.0,0.0,2640.0,2640.0,1.0,0.0,84480.0,32.0,0.0,2393.0,0.0,247.0,0.0,0.0,0.0,0.0,hybrid,0.8154012081593498,0.8771583781085117,0.6333333333333333,0.4515627903992856,-0.24854266049282495,19.0,1.0,0.4688711258507252,0.4688711258507253,cons__hybrid,cons__hybrid,spoof,0.1,5,0
consensus,hybrid,20,60,ring_plus,-0.30275670601578564,0.30275670601578564,0.030885833069116065,2640,0.11617869551010153,0.0,0.0,0.0,2640.0,2640.0,1.0,0.0,84480.0,32.0,0.0,2388.0,0.0,252.0,0.0,0.0,0.0,0.0,hybrid,0.8421191316296207,0.7294374005515869,0.7,0.23636039811391218,-0.34503961737406513,14.0,1.0,0.4688711258507254,0.4688711258507254,cons__hybrid,cons__hybrid,spoof,0.1,6,0
consensus,hybrid,20,60,ring_plus,-0.1501145880358957,0.1501145880358957,0.013448598050199528,2640,0.12090867563225549,0.0,0.0,0.0,2640.0,2640.0,1.0,0.0,84480.0,32.0,0.0,2364.0,0.0,276.0,0.0,0.0,0.0,0.0,hybrid,0.9348659623832051,0.608112662730601,0.7166666666666667,0.48485920785956144,-0.3187165143882413,27.0,1.0,0.4688711258507245,0.46887112585072455,cons__hybrid,cons__hybrid,spoof,0.1,7,0
consensus,hybrid,20,60,ring_plus,-0.5608802300531013,0.5608802300531013,0.03815808995496657,2640,0.10400644230650004,0.0,0.0,0.0,2640.0,2640.0,1.0,0.0,84480.0,32.0,0.0,2362.0,0.0,278.0,0.0,0.0,0.0,0.0,hybrid,0.9181556786693481,0.6410642348875035,0.6333333333333333,0.3597212454474561,-0.21601269402674292,33.0,1.0,0.4688711258507255,0.4688711258507255,cons__hybrid,cons__hybrid,spoof,0.1,8,0
consensus,hybrid,20,60,ring_plus,-0.9901048846516403,0.9901048846516403,0.07010614738669076,2640,0.12153314701674847,0.0,0.0,0.0,2640.0,2640.0,1.0,0.0,84480.0,32.0,0.0,2356.0,0.0,284.0,0.0,0.0,0.0,0.0,hybrid,0.9166216545661596,0.6974504229695071,0.6666666666666666,0.5998041970361335,-0.22939870408889285,30.0,1.0,0.46887112585072505,0.4688711258507251,cons__hybrid,cons__hybrid,spoof,0.1,9,0
consensus,hybrid,20,60,ring_plus,-0.7964625150823165,0.7964625150823165,0.04328336711895993,2640,0.307286709117259,0.0,0.0,0.0,2640.0,2640.0,1.0,0.0,84480.0,32.0,0.0,1860.0,0.0,780.0,0.0,0.0,0.0,0.0,hybrid,0.8656808607263856,0.7406341315456452,0.48333333333333334,1.3564604015601756,-0.1685123459134525,,0.0,0.4688711258507252,0.4688711258507253,cons__hybrid,cons__hybrid,spoof,0.3,0,0
consensus,hybrid,20,60,ring_plus,-0.9274360563230688,0.9274360563230688,0.2113592169440505,2640,0.3228236096624123,0.0,0.0,0.0,2640.0,2640.0,1.0,0.0,84480.0,32.0,0.0,1874.0,0.0,766.0,0.0,0.0,0.0,0.0,hybrid,0.9848653976507359,0.0886429551093737,0.6333333333333333,1.0295496409765772,-0.26924594809880886,,0.0,0.4688711258507247,0.4688711258507247,cons__hybrid,cons__hybrid,spoof,0.3,1,0
consensus,hybrid,20,60,ring_plus,-0.1883362060799002,0.1883362060799002,0.018895633397154617,2640,0.3077857384847777,0.0,0.0,0.0,2640.0,2640.0,1.0,0.0,84480.0,32.0,0.0,1821.0,0.0,819.0,0.0,0.0,0.0,0.0,hybrid,0.9819346397634202,0.1955228376528103,0.5833333333333334,1.2171417998342309,-0.30154648271468115,,0.0,0.468871125850723,0.4688711258507228,cons__hybrid,cons__hybrid,spoof,0.3,2,0
consensus,hybrid,20,60,ring_plus,-1.5620587106372055,1.5620587106372055,0.16925785389968923,2640,0.3401255512081831,0.0,0.0,0.0,2640.0,2640.0,1.0,0.0,84480.0,32.0,0.0,1861.0,0.0,779.0,0.0,0.0,0.0,0.0,hybrid,0.9580011508417624,0.4316323908564683,0.6666666666666666,1.2627609183199173,-0.41140900283694687,,0.0,0.4688711258507241,0.4688711258507242,cons__hybrid,cons__hybrid,spoof,0.3,3,0
consensus,hybrid,20,60,ring_plus,-1.1080551731939527,1.1080551731939527,0.05698554207154387,2640,0.306891688299,0.0,0.0,0.0,2640.0,2640.0,1.0,0.0,84480.0,32.0,0.0,1837.0,0.0,803.0,0.0,0.0,0.0,0.0,hybrid,0.9672816925844661,0.29907795468237175,0.5833333333333334,0.8829388968445556,-0.2386310210895932,,0.0,0.4688711258507239,0.4688711258507239,cons__hybrid,cons__hybrid,spoof,0.3,4,0
consensus,hybrid,20,60,ring_plus,-0.41517045747136216,0.41517045747136216,0.05897324423233474,2640,0.30837976125960315,0.0,0.0,0.0,2640.0,2640.0,1.0,0.0,84480.0,32.0,0.0,1870.0,0.0,770.0,0.0,0.0,0.0,0.0,hybrid,0.894297703502922,0.7680071301225917,0.5166666666666667,0.9286758961110498,-0.24767740661999016,,0.0,0.4688711258507252,0.4688711258507253,cons__hybrid,cons__hybrid,spoof,0.3,5,0
consensus,hybrid,20,60,ring_plus,-0.5231087738103246,0.5231087738103246,0.07683565005684476,2640,0.31506888510736347,0.0,0.0,0.0,2640.0,2640.0,1.0,0.0,84480.0,32.0,0.0,1850.0,0.0,790.0,0.0,0.0,0.0,0.0,hybrid,0.7984863364397924,0.8604809161457194,0.5833333333333334,1.113025060235861,-0.3413670829108229,16.0,1.0,0.4688711258507254,0.4688711258507254,cons__hybrid,cons__hybrid,spoof,0.3,6,0
consensus,hybrid,20,60,ring_plus,-0.9052263938799754,0.9052263938799754,0.04766105140056971,2640,0.3472250991282981,0.0,0.0,0.0,2640.0,2640.0,1.0,0.0,84480.0,32.0,0.0,1853.0,0.0,787.0,0.0,0.0,0.0,0.0,hybrid,0.9715242697231631,0.24814450222163986,0.6166666666666667,0.6789205849400456,-0.3061313176241732,,0.0,0.4688711258507245,0.46887112585072455,cons__hybrid,cons__hybrid,spoof,0.3,7,0
consensus,hybrid,20,60,ring_plus,-0.9595286942386536,0.9595286942386536,0.07972436226208762,2640,0.32584981135119867,0.0,0.0,0.0,2640.0,2640.0,1.0,0.0,84480.0,32.0,0.0,1792.0,0.0,848.0,0.0,0.0,0.0,0.0,hybrid,0.888093433507262,0.7555736051651387,0.5833333333333334,1.0001322326817574,-0.2093685529569837,,0.0,0.4688711258507255,0.4688711258507255,cons__hybrid,cons__hybrid,spoof,0.3,8,0
consensus,hybrid,20,60,ring_plus,-0.7858722708474775,0.7858722708474775,0.04228413559393033,2640,0.32860980727331596,0.0,0.0,0.0,2640.0,2640.0,1.0,0.0,84480.0,32.0,0.0,1831.0,0.0,809.0,0.0,0.0,0.0,0.0,hybrid,0.8449550636217984,0.5541772872003455,0.5333333333333333,1.0575456925726574,-0.2328025809856288,,0.0,0.46887112585072505,0.4688711258507251,cons__hybrid,cons__hybrid,spoof,0.3,9,0
consensus,hybrid,20,60,ring_plus,-2.6975245606848626,2.6975245606848626,0.14258777007544893,2640,0.49903364414039464,0.0,0.0,0.0,2640.0,2640.0,1.0,0.0,84480.0,32.0,0.0,1329.0,0.0,1311.0,0.0,0.0,0.0,0.0,hybrid,0.8649537349338612,0.7958098291029618,0.5166666666666667,2.1653218688336184,-0.13682797848674338,,0.0,0.4688711258507252,0.4688711258507253,cons__hybrid,cons__hybrid,spoof,0.5,0,0
consensus,hybrid,20,60,ring_plus,-1.547996052418959,1.547996052418959,0.1651379493787262,2640,0.55799113833632,0.0,0.0,0.0,2640.0,2640.0,1.0,0.0,84480.0,32.0,0.0,1308.0,0.0,1332.0,0.0,0.0,0.0,0.0,hybrid,0.98089870094144,0.2322152310775889,0.5333333333333333,1.3331025616246308,-0.2589032814972107,,0.0,0.4688711258507247,0.4688711258507247,cons__hybrid,cons__hybrid,spoof,0.5,1,0
consensus,hybrid,20,60,ring_plus,-1.5072501649484058,1.5072501649484058,0.08841124110526108,2640,0.5083106692290925,0.0,0.0,0.0,2640.0,2640.0,1.0,0.0,84480.0,32.0,0.0,1317.0,0.0,1323.0,0.0,0.0,0.0,0.0,hybrid,0.929471609604072,0.5722776649566903,0.55,1.8422461135696577,-0.2795645834002061,,0.0,0.468871125850723,0.4688711258507228,cons__hybrid,cons__hybrid,spoof,0.5,2,0
consensus,hybrid,20,60,ring_plus,-2.065902411517531,2.065902411517531,0.16069307853015707,2640,0.5793509397063936,0.0,0.0,0.0,2640.0,2640.0,1.0,0.0,84480.0,32.0,0.0,1325.0,0.0,1315.0,0.0,0.0,0.0,0.0,hybrid,0.9754240655754932,0.15234461821866485,0.5666666666666667,2.899214869344259,-0.4030116078222748,,0.0,0.4688711258507241,0.4688711258507242,cons__hybrid,cons__hybrid,spoof,0.5,3,0
consensus,hybrid,20,60,ring_plus,-2.080343186664496,2.080343186664496,0.11546203830142698,2640,0.5161716430105551,0.0,0.0,0.0,2640.0,2640.0,1.0,0.0,84480.0,32.0,0.0,1328.0,0.0,1312.0,0.0,0.0,0.0,0.0,hybrid,0.9880243799402415,0.09808855439029507,0.55,1.2495078712005472,-0.22242622086508418,,0.0,0.4688711258507239,0.4688711258507239,cons__hybrid,cons__hybrid,spoof,0.5,4,0
consensus,hybrid,20,60,ring_plus,-0.9989866048525186,0.9989866048525186,0.09967264584650583,2640,0.5448382034605629,0.0,0.0,0.0,2640.0,2640.0,1.0,0.0,84480.0,32.0,0.0,1336.0,0.0,1304.0,0.0,0.0,0.0,0.0,hybrid,0.8717431560732702,0.7638024560439481,0.5666666666666667,1.7354875511972738,-0.23794713749697097,,0.0,0.4688711258507252,0.4688711258507253,cons__hybrid,cons__hybrid,spoof,0.5,5,0
consensus,hybrid,20,60,ring_plus,-2.389131391478875,2.389131391478875,0.16701333159526416,2640,0.5358140304717857,0.0,0.0,0.0,2640.0,2640.0,1.0,0.0,84480.0,32.0,0.0,1347.0,0.0,1293.0,0.0,0.0,0.0,0.0,hybrid,0.9826277194579228,0.1644227807295956,0.5333333333333333,2.092660484756795,-0.31026670594968037,,0.0,0.4688711258507254,0.4688711258507254,cons__hybrid,cons__hybrid,spoof,0.5,6,0
consensus,hybrid,20,60,ring_plus,-2.8812290443821538,2.8812290443821538,0.1444481229130273,2640,0.5438401998312739,0.0,0.0,0.0,2640.0,2640.0,1.0,0.0,84480.0,32.0,0.0,1345.0,0.0,1295.0,0.0,0.0,0.0,0.0,hybrid,0.957600310229671,0.26123365378024554,0.5833333333333334,1.9301053289549828,-0.2731979401158036,,0.0,0.4688711258507245,0.46887112585072455,cons__hybrid,cons__hybrid,spoof,0.5,7,0
consensus,hybrid,20,60,ring_plus,-1.6759425889684958,1.6759425889684958,0.12330200230886064,2640,0.5592167855891998,0.0,0.0,0.0,2640.0,2640.0,1.0,0.0,84480.0,32.0,0.0,1275.0,0.0,1365.0,0.0,0.0,0.0,0.0,hybrid,0.9575696528651563,0.2675906998529317,0.48333333333333334,1.459702441975528,-0.197428321378153,,0.0,0.4688711258507255,0.4688711258507255,cons__hybrid,cons__hybrid,spoof,0.5,8,0
consensus,hybrid,20,60,ring_plus,-1.2885294653361994,1.2885294653361994,0.06465544381792596,2640,0.5484547844831652,0.0,0.0,0.0,2640.0,2640.0,1.0,0.0,84480.0,32.0,0.0,1283.0,0.0,1357.0,0.0,0.0,0.0,0.0,hybrid,0.8890458692228219,0.596352499291971,0.5833333333333334,1.2923520228549006,-0.22442496107748353,,0.0,0.46887112585072505,0.4688711258507251,cons__hybrid,cons__hybrid,spoof,0.5,9,0
consensus,hybrid,20,60,ring_plus,-3.9578943279537713,3.9578943279537713,0.19844325572307528,2640,1.0886858077197432,0.0,0.0,0.0,2640.0,2640.0,1.0,0.0,84480.0,32.0,0.0,0.0,0.0,2640.0,0.0,0.0,0.0,0.0,hybrid,0.8580714841124574,0.6199704412740323,0.48333333333333334,3.81102775626133,-0.11582181569892823,,0.0,0.4688711258507252,0.4688711258507253,cons__hybrid,cons__hybrid,spoof,1.0,0,0
consensus,hybrid,20,60,ring_plus,-2.481819437782522,2.481819437782522,0.4602443258408743,2640,1.1553606735388962,0.0,0.0,0.0,2640.0,2640.0,1.0,0.0,84480.0,32.0,0.0,0.0,0.0,2640.0,0.0,0.0,0.0,0.0,hybrid,0.9732570139711588,0.4334590035670477,0.5166666666666667,3.694212925683743,-0.24333955840781796,,0.0,0.4688711258507247,0.4688711258507247,cons__hybrid,cons__hybrid,spoof,1.0,1,0
consensus,hybrid,20,60,ring_plus,-1.928398277299074,1.928398277299074,0.1277034920633659,2640,1.0742090202414054,0.0,0.0,0.0,2640.0,2640.0,1.0,0.0,84480.0,32.0,0.0,0.0,0.0,2640.0,0.0,0.0,0.0,0.0,hybrid,0.9517884298594869,0.39383873508357903,0.55,2.5140336486019392,-0.2725454481943617,,0.0,0.468871125850723,0.4688711258507228,cons__hybrid,cons__hybrid,spoof,1.0,2,0
consensus,hybrid,20,60,ring_plus,-2.8950368468466734,2.8950368468466734,0.18900891534459704,2640,1.0552984399298495,0.0,0.0,0.0,2640.0,2640.0,1.0,0.0,84480.0,32.0,0.0,0.0,0.0,2640.0,0.0,0.0,0.0,0.0,hybrid,0.984711049621038,0.24312470073936443,0.5166666666666667,2.544424543472877,-0.3891927005667892,,0.0,0.4688711258507241,0.4688711258507242,cons__hybrid,cons__hybrid,spoof,1.0,3,0
consensus,hybrid,20,60,ring_plus,-3.232214800128201,3.232214800128201,0.21891475936196478,2640,1.1006109961908586,0.0,0.0,0.0,2640.0,2640.0,1.0,0.0,84480.0,32.0,0.0,0.0,0.0,2640.0,0.0,0.0,0.0,0.0,hybrid,0.9844076410884545,0.05408597931341219,0.5333333333333333,3.4622949341395532,-0.20322836064068914,,0.0,0.4688711258507239,0.4688711258507239,cons__hybrid,cons__hybrid,spoof,1.0,4,0
consensus,hybrid,20,60,ring_plus,-2.90059535548712,2.90059535548712,0.2401703360867014,2640,1.1123823883090398,0.0,0.0,0.0,2640.0,2640.0,1.0,0.0,84480.0,32.0,0.0,0.0,0.0,2640.0,0.0,0.0,0.0,0.0,hybrid,0.9965196856724962,0.00956520868082511,0.5333333333333333,3.2154998417463916,-0.20625365831972747,,0.0,0.4688711258507252,0.4688711258507253,cons__hybrid,cons__hybrid,spoof,1.0,5,0
consensus,hybrid,20,60,ring_plus,-3.445577596068059,3.445577596068059,0.17503879081869672,2640,1.0946290819336197,0.0,0.0,0.0,2640.0,2640.0,1.0,0.0,84480.0,32.0,0.0,0.0,0.0,2640.0,0.0,0.0,0.0,0.0,hybrid,0.9258796980535069,0.333425655870485,0.45,3.19823764310525,-0.2926592692065274,,0.0,0.4688711258507254,0.4688711258507254,cons__hybrid,cons__hybrid,spoof,1.0,6,0
consensus,hybrid,20,60,ring_plus,-2.359444002305725,2.359444002305725,0.1277301331851189,2640,1.1566330940541196,0.0,0.0,0.0,2640.0,2640.0,1.0,0.0,84480.0,32.0,0.0,0.0,0.0,2640.0,0.0,0.0,0.0,0.0,hybrid,0.9770791838666886,0.19252880215818546,0.6166666666666667,2.979829858025962,-0.2818943574837441,,0.0,0.4688711258507245,0.46887112585072455,cons__hybrid,cons__hybrid,spoof,1.0,7,0
consensus,hybrid,20,60,ring_plus,-2.577778050521458,2.577778050521458,0.13544009801443135,2640,1.071418392166617,0.0,0.0,0.0,2640.0,2640.0,1.0,0.0,84480.0,32.0,0.0,0.0,0.0,2640.0,0.0,0.0,0.0,0.0,hybrid,0.7820745857953088,0.8008071526439766,0.55,2.8565899000896855,-0.1823977303522703,,0.0,0.4688711258507255,0.4688711258507255,cons__hybrid,cons__hybrid,spoof,1.0,8,0
consensus,hybrid,20,60,ring_plus,-4.555046067746959,4.555046067746959,0.23218566556332315,2640,1.1259902050288801,0.0,0.0,0.0,2640.0,2640.0,1.0,0.0,84480.0,32.0,0.0,0.0,0.0,2640.0,0.0,0.0,0.0,0.0,hybrid,0.9783094656913718,0.21221422690121228,0.5333333333333333,3.311286615839869,-0.16998301770397084,,0.0,0.46887112585072505,0.4688711258507251,cons__hybrid,cons__hybrid,spoof,1.0,9,0
consensus,hybrid,20,60,ring_plus,-1.1520751048531266e-06,1.1520751048531266e-06,0.0006178033775865992,2640,0.0,0.0,0.0,0.0,2640.0,2640.0,1.0,0.0,84480.0,32.0,0.0,2640.0,0.0,0.0,0.0,0.0,0.0,0.0,hybrid,0.7859985495869399,0.9941938647865856,1.0,5.554877217742045e-06,-0.18178670196357272,11.0,1.0,0.4688711258507252,0.4688711258507253,cons__hybrid,cons__hybrid,jam,0.0,0,0
consensus,hybrid,20,60,ring_plus,-4.917811884894667e-06,4.917811884894667e-06,0.048494173827918895,2640,0.0,0.0,0.0,0.0,2640.0,2640.0,1.0,0.0,84480.0,32.0,0.0,2640.0,0.0,0.0,0.0,0.0,0.0,0.0,hybrid,0.7899633647657412,0.9984386045715516,1.0,2.371185792094653e-05,-0.28470313374066186,15.0,1.0,0.4688711258507247,0.4688711258507247,cons__hybrid,cons__hybrid,jam,0.0,1,0
consensus,hybrid,20,60,ring_plus,-8.212413405688155e-06,8.212413405688155e-06,0.013374071507959833,2640,0.0,0.0,0.0,0.0,2640.0,2640.0,1.0,0.0,84480.0,32.0,0.0,2640.0,0.0,0.0,0.0,0.0,0.0,0.0,hybrid,0.7919734851583695,0.9995066421900423,1.0,3.959719981602118e-05,-0.3046852826091228,17.0,1.0,0.468871125850723,0.4688711258507228,cons__hybrid,cons__hybrid,jam,0.0,2,0
consensus,hybrid,20,60,ring_plus,-1.1780080000619662e-05,1.1780080000619662e-05,0.26052726327207354,2640,0.0,0.0,0.0,0.0,2640.0,2640.0,1.0,0.0,84480.0,32.0,0.0,2640.0,0.0,0.0,0.0,0.0,0.0,0.0,hybrid,0.791836626826508,0.9994909991592232,1.0,5.6799159831644315e-05,-0.4374431183462336,17.0,1.0,0.4688711258507241,0.4688711258507242,cons__hybrid,cons__hybrid,jam,0.0,3,0
consensus,hybrid,20,60,ring_plus,-4.494102280163635e-06,4.494102280163635e-06,0.0005368863487121414,2640,0.0,0.0,0.0,0.0,2640.0,2640.0,1.0,0.0,84480.0,32.0,0.0,2640.0,0.0,0.0,0.0,0.0,0.0,0.0,hybrid,0.7903284531100236,0.9985785503102245,1.0,2.1668887961487525e-05,-0.25709853240778774,15.0,1.0,0.4688711258507239,0.4688711258507239,cons__hybrid,cons__hybrid,jam,0.0,4,0
consensus,hybrid,20,60,ring_plus,-4.660775796527126e-06,4.660775796527126e-06,0.003415818351459195,2640,0.0,0.0,0.0,0.0,2640.0,2640.0,1.0,0.0,84480.0,32.0,0.0,2640.0,0.0,0.0,0.0,0.0,0.0,0.0,hybrid,0.7899283158383413,0.9984799599559544,1.0,2.24725256019056e-05,-0.2545968365649162,16.0,1.0,0.4688711258507252,0.4688711258507253,cons__hybrid,cons__hybrid,jam,0.0,5,0
consensus,hybrid,20,60,ring_plus,-1.410470568693741e-06,1.410470568693741e-06,0.18337263899247697,2640,0.0,0.0,0.0,0.0,2640.0,2640.0,1.0,0.0,84480.0,32.0,0.0,2640.0,0.0,0.0,0.0,0.0,0.0,0.0,hybrid,0.7834462280929491,0.9910551726277681,1.0,6.800763939198442e-06,-0.3500855389664854,9.0,1.0,0.4688711258507254,0.4688711258507254,cons__hybrid,cons__hybrid,jam,0.0,6,0
consensus,hybrid,20,60,ring_plus,-1.367187489376017e-05,1.367187489376017e-05,0.08094686643803836,2640,0.0,0.0,0.0,0.0,2640.0,2640.0,1.0,0.0,84480.0,32.0,0.0,2640.0,0.0,0.0,0.0,0.0,0.0,0.0,hybrid,0.7933306254242684,0.9999014047341296,1.0,6.592069045780056e-05,-0.32121819632425797,19.0,1.0,0.4688711258507245,0.46887112585072455,cons__hybrid,cons__hybrid,jam,0.0,7,0
consensus,hybrid,20,60,ring_plus,-8.429942507892107e-06,8.429942507892107e-06,0.01989653476218442,2640,0.0,0.0,0.0,0.0,2640.0,2640.0,1.0,0.0,84480.0,32.0,0.0,2640.0,0.0,0.0,0.0,0.0,0.0,0.0,hybrid,0.7927252852800414,0.999853721368469,1.0,4.0646044156931004e-05,-0.22536055736191946,19.0,1.0,0.4688711258507255,0.4688711258507255,cons__hybrid,cons__hybrid,jam,0.0,8,0
consensus,hybrid,20,60,ring_plus,-3.2147585880535797e-06,3.2147585880535797e-06,0.1782106054321475,2640,0.0,0.0,0.0,0.0,2640.0,2640.0,1.0,0.0,84480.0,32.0,0.0,2640.0,0.0,0.0,0.0,0.0,0.0,0.0,hybrid,0.7894398162006566,0.9977007575672052,1.0,1.5500369000331986e-05,-0.24590039858711032,14.0,1.0,0.46887112585072505,0.4688711258507251,cons__hybrid,cons__hybrid,jam,0.0,9,0
consensus,hybrid,20,60,ring_plus,-0.13728711195821308,0.13728711195821308,0.05021724073908494,2640,0.0,0.18181818181818182,0.0,0.0,2640.0,2160.0,0.8181818181818182,0.18181818181818177,69120.0,32.0,0.0,2160.0,0.0,0.0,0.0,480.0,0.0,0.0,hybrid,0.9254761553260828,0.6306592447532642,0.6,0.13522796829948502,-0.17949860263218753,,0.0,0.4688711258507252,1.1108239812663299e-15,cons__hybrid,cons__hybrid,jam,0.1,0,0
consensus,hybrid,20,60,ring_plus,-0.48646845870958244,0.48646845870958244,0.06851848351001945,2640,0.0,0.045454545454545456,0.0,0.0,2640.0,2520.0,0.9545454545454546,0.045454545454545414,80640.0,32.0,0.0,2520.0,0.0,0.0,0.0,120.0,0.0,0.0,hybrid,0.9649357766623534,0.7557671736996254,1.0,0.538187926635909,-0.2765954080590335,,0.0,0.4688711258507247,0.4688711258507247,cons__hybrid,cons__hybrid,jam,0.1,1,0
consensus,hybrid,20,60,ring_plus,-0.05357376326745794,0.05357376326745794,0.0784476261562553,2640,0.0,0.045454545454545456,0.0,0.0,2640.0,2520.0,0.9545454545454546,0.045454545454545414,80640.0,32.0,0.0,2520.0,0.0,0.0,0.0,120.0,0.0,0.0,hybrid,0.9391442447978982,0.6002615532740918,1.0,0.05454489471832802,-0.30379252342822194,14.0,1.0,0.468871125850723,0.4688711258507228,cons__hybrid,cons__hybrid,jam,0.1,2,0
consensus,hybrid,20,60,ring_plus,-1.4397712413928938,1.4397712413928938,4.634707251191375,2640,0.0,0.18181818181818182,0.0,0.0,2640.0,2160.0,0.8181818181818182,0.18181818181818177,69120.0,32.0,0.0,2160.0,0.0,0.0,0.0,480.0,0.0,0.0,hybrid,0.9568787947848517,0.961281773550784,0.9833333333333333,1.5315563411817241,-0.4134471273243522,,0.0,0.4688711258507241,1.9347241724978932e-17,cons__hybrid,cons__hybrid,jam,0.1,3,0
consensus,hybrid,20,60,ring_plus,-2.3517181256952013,2.3517181256952013,1.1419492986535604,2640,0.0,0.18181818181818182,0.0,0.0,2640.0,2160.0,0.8181818181818182,0.18181818181818177,69120.0,32.0,0.0,2160.0,0.0,0.0,0.0,480.0,0.0,0.0,hybrid,0.9751797677631963,0.8096307856328545,0.8166666666666667,2.327928843101355,-0.21790330521457243,,0.0,0.4688711258507239,1.1108239581052727e-15,cons__hybrid,cons__hybrid,jam,0.1,4,0
consensus,hybrid,20,60,ring_plus,-2.0670208913885935,2.0670208913885935,0.8269485633687905,2640,0.0,0.045454545454545456,0.0,0.0,2640.0,2520.0,0.9545454545454546,0.045454545454545414,80640.0,32.0,0.0,2520.0,0.0,0.0,0.0,120.0,0.0,0.0,hybrid,0.9759039297759741,0.9639414062959576,1.0,2.351874674870197,-0.22014656605470298,,0.0,0.4688711258507252,0.4688711258507253,cons__hybrid,cons__hybrid,jam,0.1,5,0
consensus,hybrid,20,60,ring_plus,-7.748047431549748,7.748047431549748,1.2080538632646203,2640,0.0,0.18181818181818182,0.0,0.0,2640.0,2160.0,0.8181818181818182,0.18181818181818177,69120.0,32.0,0.0,2160.0,0.0,0.0,0.0,480.0,0.0,0.0,hybrid,0.9596515813516441,0.44507787967626833,0.25,7.662934156059155,-0.22095143861516578,,0.0,0.4688711258507254,-1.7738690078366461e-15,cons__hybrid,cons__hybrid,jam,0.1,6,0
consensus,hybrid,20,60,ring_plus,-0.5903329477665125,0.5903329477665125,1.014956073052407,2640,0.0,0.18181818181818182,0.0,0.0,2640.0,2160.0,0.8181818181818182,0.18181818181818177,69120.0,32.0,0.0,2160.0,0.0,0.0,0.0,480.0,0.0,0.0,hybrid,0.9533720346628746,0.8088245527971024,0.9666666666666667,0.5936843373661901,-0.3113795417260644,,0.0,0.4688711258507245,1.1831169339630181e-18,cons__hybrid,cons__hybrid,jam,0.1,7,0
consensus,hybrid,20,60,ring_plus,-1.302535073093815,1.302535073093815,2.3286219583101118,2640,0.0,0.18181818181818182,0.0,0.0,2640.0,2160.0,0.8181818181818182,0.18181818181818177,69120.0,32.0,0.0,2160.0,0.0,0.0,0.0,480.0,0.0,0.0,hybrid,0.9619049098759769,0.9579446884475407,0.95,1.359238961438307,-0.20365177997606437,,0.0,0.4688711258507255,1.781002401449533e-15,cons__hybrid,cons__hybrid,jam,0.1,8,0
consensus,hybrid,20,60,ring_plus,-0.6881971065075796,0.6881971065075796,1.6078574503882872,2640,0.0,0.18181818181818182,0.0,0.0,2640.0,2160.0,0.8181818181818182,0.18181818181818177,69120.0,32.0,0.0,2160.0,0.0,0.0,0.0,480.0,0.0,0.0,hybrid,0.9650103218435709,0.8604321667283439,1.0,0.6992350738787342,-0.23443050039129382,,0.0,0.46887112585072505,8.04012565090006e-18,cons__hybrid,cons__hybrid,jam,0.1,9,0
consensus,hybrid,20,60,ring_plus,-2.948019958341464,2.948019958341464,0.15838496222885154,2640,0.0,0.25,0.0,0.0,2640.0,1980.0,0.75,0.25,63360.0,32.0,0.0,1980.0,0.0,0.0,0.0,660.0,0.0,0.0,hybrid,0.9345333478021665,0.5737590676034073,0.23333333333333334,2.9238096745544193,-0.13265305519246676,,0.0,0.4688711258507252,-5.841242051191007e-16,cons__hybrid,cons__hybrid,jam,0.25,0,0
consensus,hybrid,20,60,ring_plus,-3.134199164104533,3.134199164104533,0.31801731042902787,2640,0.0,0.25,0.0,0.0,2640.0,1980.0,0.75,0.25,63360.0,32.0,0.0,1980.0,0.0,0.0,0.0,660.0,0.0,0.0,hybrid,0.9058491486174428,0.7386028377982341,0.26666666666666666,3.059113964575186,-0.23246656296911775,,0.0,0.4688711258507247,-4.487374672599949e-16,cons__hybrid,cons__hybrid,jam,0.25,1,0
consensus,hybrid,20,60,ring_plus,-9.386701854270015,9.386701854270015,1.4675477306437452,2640,0.0,0.25,0.0,0.0,2640.0,1980.0,0.75,0.25,63360.0,32.0,0.0,1980.0,0.0,0.0,0.0,660.0,0.0,0.0,hybrid,0.9326240409698772,0.6886546377820606,0.23333333333333334,8.869196634167071,-0.14824038857817934,,0.0,0.468871125850723,0.0,cons__hybrid,cons__hybrid,jam,0.25,2,0
consensus,hybrid,20,60,ring_plus,-21.00126836301298,21.00126836301298,4.024184970060145,2640,0.0,0.25,0.0,0.0,2640.0,1980.0,0.75,0.25,63360.0,32.0,0.0,1980.0,0.0,0.0,0.0,660.0,0.0,0.0,hybrid,0.9524399126719243,0.6776905600114418,0.18333333333333332,20.190761449234564,-0.08742217529735068,,0.0,0.4688711258507241,-9.682317411805637e-16,cons__hybrid,cons__hybrid,jam,0.25,3,0
consensus,hybrid,20,60,ring_plus,-6.0407961430631305,6.0407961430631305,0.9495037055446212,2640,0.0,0.25,0.0,0.0,2640.0,1980.0,0.75,0.25,63360.0,32.0,0.0,1980.0,0.0,0.0,0.0,660.0,0.0,0.0,hybrid,0.8991038183596098,0.6937405852656212,0.2,5.731172155354479,-0.15641867159177364,,0.0,0.4688711258507239,-1.9622361613666403e-16,cons__hybrid,cons__hybrid,jam,0.25,4,0
consensus,hybrid,20,60,ring_plus,-5.124430030851974,5.124430030851974,0.6003600417980286,2640,0.0,0.25,0.0,0.0,2640.0,1980.0,0.75,0.25,63360.0,32.0,0.0,1980.0,0.0,0.0,0.0,660.0,0.0,0.0,hybrid,0.9899780948867247,0.7076463430986789,1.0,5.16208854268138,-0.1691897470636466,,0.0,0.4688711258507252,-1.4731094619389698e-16,cons__hybrid,cons__hybrid,jam,0.25,5,0
consensus,hybrid,20,60,ring_plus,-8.872776148232713,8.872776148232713,1.096608915774914,2640,0.0,0.25,0.0,0.0,2640.0,1980.0,0.75,0.25,63360.0,32.0,0.0,1980.0,0.0,0.0,0.0,660.0,0.0,0.0,hybrid,0.8893718106852733,0.6843912583628405,0.13333333333333333,8.711453764076992,-0.202205960003783,,0.0,0.4688711258507254,-6.585650780902922e-16,cons__hybrid,cons__hybrid,jam,0.25,6,0
consensus,hybrid,20,60,ring_plus,-7.706548263355481,7.706548263355481,0.9887451058166711,2640,0.0,0.25,0.0,0.0,2640.0,1980.0,0.75,0.25,63360.0,32.0,0.0,1980.0,0.0,0.0,0.0,660.0,0.0,0.0,hybrid,0.9404825339165097,0.8610054184770776,0.2833333333333333,7.505962447917884,-0.19277595313291485,,0.0,0.4688711258507245,-8.622273691502622e-17,cons__hybrid,cons__hybrid,jam,0.25,7,0
consensus,hybrid,20,60,ring_plus,-6.3588772572447025,6.3588772572447025,1.9069219538049036,2640,0.0,0.25,0.0,0.0,2640.0,1980.0,0.75,0.25,63360.0,32.0,0.0,1980.0,0.0,0.0,0.0,660.0,0.0,0.0,hybrid,0.9460123224560687,0.7329165642039048,0.3,5.95302256291578,-0.11937941024021623,,0.0,0.4688711258507255,-4.475785422096111e-16,cons__hybrid,cons__hybrid,jam,0.25,8,0
consensus,hybrid,20,60,ring_plus,-4.835474915266108,4.835474915266108,1.3196550827510216,2640,0.0,0.25,0.0,0.0,2640.0,1980.0,0.75,0.25,63360.0,32.0,0.0,1980.0,0.0,0.0,0.0,660.0,0.0,0.0,hybrid,0.8618878551180743,0.6920529495060652,0.16666666666666666,4.600093223583079,-0.1653092035786517,,0.0,0.46887112585072505,-8.91482352001598e-16,cons__hybrid,cons__hybrid,jam,0.25,9,0
consensus,hybrid,20,60,ring_plus,-6.850082757591485,6.850082757591485,0.3765294311043031,2640,0.0,0.5,0.0,0.0,2640.0,1320.0,0.5,0.5,42240.0,32.0,0.0,1320.0,0.0,0.0,0.0,1320.0,0.0,0.0,hybrid,0.9846009834591622,0.42059897821649805,0.26666666666666666,6.842256980119508,-0.06761867520496635,,0.0,0.4688711258507252,-4.770548212241661e-16,cons__hybrid,cons__hybrid,jam,0.5,0,0
consensus,hybrid,20,60,ring_plus,-8.552114790744058,8.552114790744058,0.5942025556254158,2640,0.0,0.5,0.0,0.0,2640.0,1320.0,0.5,0.5,42240.0,32.0,0.0,1320.0,0.0,0.0,0.0,1320.0,0.0,0.0,hybrid,0.9041857356754291,0.7670421848468469,0.15,8.462985474425725,-0.1421679691917923,,0.0,0.4688711258507247,-7.436777863118045e-16,cons__hybrid,cons__hybrid,jam,0.5,1,0
consensus,hybrid,20,60,ring_plus,-9.053026311110795,9.053026311110795,0.6293486946036926,2640,0.0,0.5,0.0,0.0,2640.0,1320.0,0.5,0.5,42240.0,32.0,0.0,1320.0,0.0,0.0,0.0,1320.0,0.0,0.0,hybrid,0.9928085126855299,0.5995808324606102,0.9333333333333333,9.05327010567501,-0.15380164763083298,,0.0,0.468871125850723,-4.73364884978327e-16,cons__hybrid,cons__hybrid,jam,0.5,2,0
consensus,hybrid,20,60,ring_plus,-16.945042664282322,16.945042664282322,1.0600880915044342,2640,0.0,0.5,0.0,0.0,2640.0,1320.0,0.5,0.5,42240.0,32.0,0.0,1320.0,0.0,0.0,0.0,1320.0,0.0,0.0,hybrid,0.9156525638463783,0.658240510187019,0.08333333333333333,16.91794232903701,-0.15502593694286163,,0.0,0.4688711258507241,-4.55581512271462e-16,cons__hybrid,cons__hybrid,jam,0.5,3,0
consensus,hybrid,20,60,ring_plus,-10.940439082942229,10.940439082942229,0.5511119443860145,2640,0.0,0.5,0.0,0.0,2640.0,1320.0,0.5,0.5,42240.0,32.0,0.0,1320.0,0.0,0.0,0.0,1320.0,0.0,0.0,hybrid,0.9234179756303952,0.7027533074707508,0.08333333333333333,10.912175294153334,-0.07475795592712199,,0.0,0.4688711258507239,-2.922134017974386e-16,cons__hybrid,cons__hybrid,jam,0.5,4,0
consensus,hybrid,20,60,ring_plus,-9.608227913671934,9.608227913671934,0.5274260749327068,2640,0.0,0.5,0.0,0.0,2640.0,1320.0,0.5,0.5,42240.0,32.0,0.0,1320.0,0.0,0.0,0.0,1320.0,0.0,0.0,hybrid,0.996662550437296,0.5334714427815193,1.0,9.621747209372659,-0.0944597823499806,,0.0,0.4688711258507252,-1.0025436511178998e-15,cons__hybrid,cons__hybrid,jam,0.5,5,0
consensus,hybrid,20,60,ring_plus,-11.285551431500963,11.285551431500963,0.6853882422727244,2640,0.0,0.5,0.0,0.0,2640.0,1320.0,0.5,0.5,42240.0,32.0,0.0,1320.0,0.0,0.0,0.0,1320.0,0.0,0.0,hybrid,0.9061640084868025,0.699924059042164,0.1,11.267628363894156,-0.16199303861597886,,0.0,0.4688711258507254,-4.832052675285454e-16,cons__hybrid,cons__hybrid,jam,0.5,6,0
consensus,hybrid,20,60,ring_plus,-7.335768571297329,7.335768571297329,0.3759683808851363,2640,0.0,0.5,0.0,0.0,2640.0,1320.0,0.5,0.5,42240.0,32.0,0.0,1320.0,0.0,0.0,0.0,1320.0,0.0,0.0,hybrid,0.9923511520051815,0.47177482211758737,1.0,7.3388107688803315,-0.1989556146672174,,0.0,0.4688711258507245,-5.219860388549186e-16,cons__hybrid,cons__hybrid,jam,0.5,7,0
consensus,hybrid,20,60,ring_plus,-10.939520068553016,10.939520068553016,0.7489446387739156,2640,0.0,0.5,0.0,0.0,2640.0,1320.0,0.5,0.5,42240.0,32.0,0.0,1320.0,0.0,0.0,0.0,1320.0,0.0,0.0,hybrid,0.9453553872475041,0.6135440863110544,0.11666666666666667,10.843708298286542,-0.04303536338507768,,0.0,0.4688711258507255,-4.102698221492653e-16,cons__hybrid,cons__hybrid,jam,0.5,8,0
consensus,hybrid,20,60,ring_plus,-6.142437655428554,6.142437655428554,0.7958131775903668,2640,0.0,0.5,0.0,0.0,2640.0,1320.0,0.5,0.5,42240.0,32.0,0.0,1320.0,0.0,0.0,0.0,1320.0,0.0,0.0,hybrid,0.8681920379150173,0.6830139179878396,0.13333333333333333,6.056548011347023,-0.14352649124261094,,0.0,0.46887112585072505,-3.3653741430556334e-16,cons__hybrid,cons__hybrid,jam,0.5,9,0
consensus,hybrid,20,60,ring_plus,-8.862143530738697,8.862143530738697,0.44439128932198385,2640,0.0,0.75,0.0,0.0,2640.0,660.0,0.25,0.75,21120.0,32.0,0.0,660.0,0.0,0.0,0.0,1980.0,0.0,0.0,hybrid,0.973701183162577,0.6056427756942262,0.11666666666666667,8.858255819557263,-0.03408432898584615,,0.0,0.4688711258507252,-1.6067298552746113e-16,cons__hybrid,cons__hybrid,jam,0.75,0,0
consensus,hybrid,20,60,ring_plus,-10.52985857466529,10.52985857466529,0.5269331587304225,2640,0.0,0.75,0.0,0.0,2640.0,660.0,0.25,0.75,21120.0,32.0,0.0,660.0,0.0,0.0,0.0,1980.0,0.0,0.0,hybrid,0.9976557215516721,0.31498742628968435,1.0,10.533020865141813,-0.10920557279310514,,0.0,0.4688711258507247,-1.6067298552746113e-16,cons__hybrid,cons__hybrid,jam,0.75,1,0
consensus,hybrid,20,60,ring_plus,-14.566161226634286,14.566161226634286,0.7339999436682925,2640,0.0,0.75,0.0,0.0,2640.0,660.0,0.25,0.75,21120.0,32.0,0.0,660.0,0.0,0.0,0.0,1980.0,0.0,0.0,hybrid,0.9986019345558133,0.400759191582189,1.0,14.567115030944988,-0.06191606570544147,,0.0,0.468871125850723,0.0,cons__hybrid,cons__hybrid,jam,0.75,2,0
consensus,hybrid,20,60,ring_plus,-21.714434744603732,21.714434744603732,1.187615006389336,2640,0.0,0.75,0.0,0.0,2640.0,660.0,0.25,0.75,21120.0,32.0,0.0,660.0,0.0,0.0,0.0,1980.0,0.0,0.0,hybrid,0.9242805335278409,0.7088481284104589,0.05,21.706312940611443,-0.0755360689375048,,0.0,0.4688711258507241,-1.8224006276325767e-16,cons__hybrid,cons__hybrid,jam,0.75,3,0
consensus,hybrid,20,60,ring_plus,-14.140853036907167,14.140853036907167,0.7088872283956652,2640,0.0,0.75,0.0,0.0,2640.0,660.0,0.25,0.75,21120.0,32.0,0.0,660.0,0.0,0.0,0.0,1980.0,0.0,0.0,hybrid,0.9996538701783474,0.22895189212921352,1.0,14.141079245195456,-0.02141772336103968,,0.0,0.4688711258507239,-1.3603021408245818e-16,cons__hybrid,cons__hybrid,jam,0.75,4,0
consensus,hybrid,20,60,ring_plus,-12.813274303438504,12.813274303438504,0.6437357478919675,2640,0.0,0.75,0.0,0.0,2640.0,660.0,0.25,0.75,21120.0,32.0,0.0,660.0,0.0,0.0,0.0,1980.0,0.0,0.0,hybrid,0.9993077126884659,0.23098709136297502,1.0,12.814086671290262,-0.04104234252053776,,0.0,0.4688711258507252,-1.6067298552746113e-16,cons__hybrid,cons__hybrid,jam,0.75,5,0
consensus,hybrid,20,60,ring_plus,-16.136079861206337,16.136079861206337,0.8299332582237581,2640,0.0,0.75,0.0,0.0,2640.0,660.0,0.25,0.75,21120.0,32.0,0.0,660.0,0.0,0.0,0.0,1980.0,0.0,0.0,hybrid,0.9646688443060072,0.6047840534909906,0.1,16.135053859226222,-0.0811508981208893,,0.0,0.4688711258507254,-1.6067298552746113e-16,cons__hybrid,cons__hybrid,jam,0.75,6,0
consensus,hybrid,20,60,ring_plus,-18.15815480509104,18.15815480509104,1.0186026780528827,2640,0.0,0.75,0.0,0.0,2640.0,660.0,0.25,0.75,21120.0,32.0,0.0,660.0,0.0,0.0,0.0,1980.0,0.0,0.0,hybrid,0.9762205072236182,0.8474552564679043,0.13333333333333333,18.123184356630038,-0.018582510770655543,,0.0,0.4688711258507245,-1.131670433130039e-16,cons__hybrid,cons__hybrid,jam,0.75,7,0
consensus,hybrid,20,60,ring_plus,-12.398602893426803,12.398602893426803,0.6383784645268396,2640,0.0,0.75,0.0,0.0,2640.0,660.0,0.25,0.75,21120.0,32.0,0.0,660.0,0.0,0.0,0.0,1980.0,0.0,0.0,hybrid,0.9918253215822942,0.5308487287422361,0.13333333333333333,12.397332346719113,-0.01871731630384789,,0.0,0.4688711258507255,-1.942890293094024e-16,cons__hybrid,cons__hybrid,jam,0.75,8,0
consensus,hybrid,20,60,ring_plus,-13.587219201654001,13.587219201654001,0.767864293714551,2640,0.0,0.75,0.0,0.0,2640.0,660.0,0.25,0.75,21120.0,32.0,0.0,660.0,0.0,0.0,0.0,1980.0,0.0,0.0,hybrid,0.9320143305456915,0.7765008291271047,0.08333333333333333,13.555161124650796,-0.01944679880552013,,0.0,0.46887112585072505,-1.6067298552746113e-16,cons__hybrid,cons__hybrid,jam,0.75,9,0
consensus,hybrid,20,60,ring_plus,-1.1520751048531266e-06,1.1520751048531266e-06,0.0006178033775865992,2640,0.0,0.0,0.0,0.0,2640.0,2640.0,1.0,0.0,84480.0,32.0,0.0,2640.0,0.0,0.0,0.0,0.0,0.0,0.0,hybrid,0.7859985495869399,0.9941938647865856,1.0,5.554877217742045e-06,-0.18178670196357272,11.0,1.0,0.4688711258507252,0.4688711258507253,cons__hybrid,cons__hybrid,byzantine,0.0,0,0
consensus,hybrid,20,60,ring_plus,-4.917811884894667e-06,4.917811884894667e-06,0.048494173827918895,2640,0.0,0.0,0.0,0.0,2640.0,2640.0,1.0,0.0,84480.0,32.0,0.0,2640.0,0.0,0.0,0.0,0.0,0.0,0.0,hybrid,0.7899633647657412,0.9984386045715516,1.0,2.371185792094653e-05,-0.28470313374066186,15.0,1.0,0.4688711258507247,0.4688711258507247,cons__hybrid,cons__hybrid,byzantine,0.0,1,0
consensus,hybrid,20,60,ring_plus,-8.212413405688155e-06,8.212413405688155e-06,0.013374071507959833,2640,0.0,0.0,0.0,0.0,2640.0,2640.0,1.0,0.0,84480.0,32.0,0.0,2640.0,0.0,0.0,0.0,0.0,0.0,0.0,hybrid,0.7919734851583695,0.9995066421900423,1.0,3.959719981602118e-05,-0.3046852826091228,17.0,1.0,0.468871125850723,0.4688711258507228,cons__hybrid,cons__hybrid,byzantine,0.0,2,0
consensus,hybrid,20,60,ring_plus,-1.1780080000619662e-05,1.1780080000619662e-05,0.26052726327207354,2640,0.0,0.0,0.0,0.0,2640.0,2640.0,1.0,0.0,84480.0,32.0,0.0,2640.0,0.0,0.0,0.0,0.0,0.0,0.0,hybrid,0.791836626826508,0.9994909991592232,1.0,5.6799159831644315e-05,-0.4374431183462336,17.0,1.0,0.4688711258507241,0.4688711258507242,cons__hybrid,cons__hybrid,byzantine,0.0,3,0
consensus,hybrid,20,60,ring_plus,-4.494102280163635e-06,4.494102280163635e-06,0.0005368863487121414,2640,0.0,0.0,0.0,0.0,2640.0,2640.0,1.0,0.0,84480.0,32.0,0.0,2640.0,0.0,0.0,0.0,0.0,0.0,0.0,hybrid,0.7903284531100236,0.9985785503102245,1.0,2.1668887961487525e-05,-0.25709853240778774,15.0,1.0,0.4688711258507239,0.4688711258507239,cons__hybrid,cons__hybrid,byzantine,0.0,4,0
consensus,hybrid,20,60,ring_plus,-4.660775796527126e-06,4.660775796527126e-06,0.003415818351459195,2640,0.0,0.0,0.0,0.0,2640.0,2640.0,1.0,0.0,84480.0,32.0,0.0,2640.0,0.0,0.0,0.0,0.0,0.0,0.0,hybrid,0.7899283158383413,0.9984799599559544,1.0,2.24725256019056e-05,-0.2545968365649162,16.0,1.0,0.4688711258507252,0.4688711258507253,cons__hybrid,cons__hybrid,byzantine,0.0,5,0
consensus,hybrid,20,60,ring_plus,-1.410470568693741e-06,1.410470568693741e-06,0.18337263899247697,2640,0.0,0.0,0.0,0.0,2640.0,2640.0,1.0,0.0,84480.0,32.0,0.0,2640.0,0.0,0.0,0.0,0.0,0.0,0.0,hybrid,0.7834462280929491,0.9910551726277681,1.0,6.800763939198442e-06,-0.3500855389664854,9.0,1.0,0.4688711258507254,0.4688711258507254,cons__hybrid,cons__hybrid,byzantine,0.0,6,0
consensus,hybrid,20,60,ring_plus,-1.367187489376017e-05,1.367187489376017e-05,0.08094686643803836,2640,0.0,0.0,0.0,0.0,2640.0,2640.0,1.0,0.0,84480.0,32.0,0.0,2640.0,0.0,0.0,0.0,0.0,0.0,0.0,hybrid,0.7933306254242684,0.9999014047341296,1.0,6.592069045780056e-05,-0.32121819632425797,19.0,1.0,0.4688711258507245,0.46887112585072455,cons__hybrid,cons__hybrid,byzantine,0.0,7,0
consensus,hybrid,20,60,ring_plus,-8.429942507892107e-06,8.429942507892107e-06,0.01989653476218442,2640,0.0,0.0,0.0,0.0,2640.0,2640.0,1.0,0.0,84480.0,32.0,0.0,2640.0,0.0,0.0,0.0,0.0,0.0,0.0,hybrid,0.7927252852800414,0.999853721368469,1.0,4.0646044156931004e-05,-0.22536055736191946,19.0,1.0,0.4688711258507255,0.4688711258507255,cons__hybrid,cons__hybrid,byzantine,0.0,8,0
consensus,hybrid,20,60,ring_plus,-3.2147585880535797e-06,3.2147585880535797e-06,0.1782106054321475,2640,0.0,0.0,0.0,0.0,2640.0,2640.0,1.0,0.0,84480.0,32.0,0.0,2640.0,0.0,0.0,0.0,0.0,0.0,0.0,hybrid,0.7894398162006566,0.9977007575672052,1.0,1.5500369000331986e-05,-0.24590039858711032,14.0,1.0,0.46887112585072505,0.4688711258507251,cons__hybrid,cons__hybrid,byzantine,0.0,9,0
consensus,hybrid,20,60,ring_plus,-8.481222624410117,8.481222624410117,0.4424066784193066,2640,0.0,0.0,0.0,0.0,2640.0,2640.0,1.0,0.0,84480.0,32.0,0.0,2640.0,0.0,0.0,0.0,0.0,0.0,0.0,hybrid,0.9659195287802627,0.08816505671909114,0.55,7.3030242147390725,-0.040433010757989475,43.0,1.0,0.4688711258507252,0.4688711258507253,cons__hybrid,cons__hybrid,byzantine,0.1,0,0
consensus,hybrid,20,60,ring_plus,-0.1087951793299884,0.1087951793299884,0.056246772504152144,2640,0.0,0.0,0.0,0.0,2640.0,2640.0,1.0,0.0,84480.0,32.0,0.0,2640.0,0.0,0.0,0.0,0.0,0.0,0.0,hybrid,0.933072275351399,0.38649936308849764,0.75,0.23680061237662178,-0.2828899627153602,18.0,1.0,0.4688711258507247,0.4688711258507247,cons__hybrid,cons__hybrid,byzantine,0.1,1,0
consensus,hybrid,20,60,ring_plus,-0.05321983784922603,0.05321983784922603,0.10920103538558497,2640,0.0,0.0,0.0,0.0,2640.0,2640.0,1.0,0.0,84480.0,32.0,0.0,2640.0,0.0,0.0,0.0,0.0,0.0,0.0,hybrid,0.9295534533888118,0.39967414422148395,0.6,0.06469545530619043,-0.30379842218519243,12.0,1.0,0.468871125850723,0.4688711258507228,cons__hybrid,cons__hybrid,byzantine,0.1,2,0
consensus,hybrid,20,60,ring_plus,-0.019560702691775705,0.019560702691775705,0.023059149163493005,2640,0.0,0.0,0.0,0.0,2640.0,2640.0,1.0,0.0,84480.0,32.0,0.0,2640.0,0.0,0.0,0.0,0.0,0.0,0.0,hybrid,0.9750182142035383,0.08799352090459411,0.5833333333333334,1.2451328375124797,-0.43711730296937057,29.0,1.0,0.4688711258507241,0.4688711258507242,cons__hybrid,cons__hybrid,byzantine,0.1,3,0
consensus,hybrid,20,60,ring_plus,-0.6322999116515017,0.6322999116515017,0.1556600183707128,2640,0.0,0.0,0.0,0.0,2640.0,2640.0,1.0,0.0,84480.0,32.0,0.0,2640.0,0.0,0.0,0.0,0.0,0.0,0.0,hybrid,0.8710665882008873,0.42068820977917964,0.6333333333333333,5.266688081327862,-0.2465602754486343,13.0,1.0,0.4688711258507239,0.4688711258507239,cons__hybrid,cons__hybrid,byzantine,0.1,4,0
consensus,hybrid,20,60,ring_plus,-0.15418379103990312,0.15418379103990312,0.09201938747712142,2640,0.0,0.0,0.0,0.0,2640.0,2640.0,1.0,0.0,84480.0,32.0,0.0,2640.0,0.0,0.0,0.0,0.0,0.0,0.0,hybrid,0.9297853952480498,0.5232242990554068,0.7,0.11814947822790589,-0.2520271843938478,15.0,1.0,0.4688711258507252,0.4688711258507253,cons__hybrid,cons__hybrid,byzantine,0.1,5,0
consensus,hybrid,20,60,ring_plus,-4.268858031984646,4.268858031984646,0.23817798832688664,2640,0.0,0.0,0.0,0.0,2640.0,2640.0,1.0,0.0,84480.0,32.0,0.0,2640.0,0.0,0.0,0.0,0.0,0.0,0.0,hybrid,0.9954227784387392,0.0012311332463078584,0.5166666666666667,7.858716059934622,-0.2789379286079175,12.0,1.0,0.4688711258507254,0.4688711258507254,cons__hybrid,cons__hybrid,byzantine,0.1,6,0
consensus,hybrid,20,60,ring_plus,-13.1785249115456,13.1785249115456,1.1706767252287995,2640,0.0,0.0,0.0,0.0,2640.0,2640.0,1.0,0.0,84480.0,32.0,0.0,2640.0,0.0,0.0,0.0,0.0,0.0,0.0,hybrid,0.8538635290952596,0.5589182001550568,0.5333333333333333,4.463775533952485,-0.10157634232974644,27.0,1.0,0.4688711258507245,0.46887112585072455,cons__hybrid,cons__hybrid,byzantine,0.1,7,0
consensus,hybrid,20,60,ring_plus,-0.04953616764695335,0.04953616764695335,0.015236405595118713,2640,0.0,0.0,0.0,0.0,2640.0,2640.0,1.0,0.0,84480.0,32.0,0.0,2640.0,0.0,0.0,0.0,0.0,0.0,0.0,hybrid,0.9245094447372508,0.20570428119580297,0.5666666666666667,4.51971415519817,-0.22453509506684544,21.0,1.0,0.4688711258507255,0.4688711258507255,cons__hybrid,cons__hybrid,byzantine,0.1,8,0
consensus,hybrid,20,60,ring_plus,-0.2729725224736842,0.2729725224736842,0.017091041792800573,2640,0.0,0.0,0.0,0.0,2640.0,2640.0,1.0,0.0,84480.0,32.0,0.0,2640.0,0.0,0.0,0.0,0.0,0.0,0.0,hybrid,0.9956870667899005,0.001910281981120976,0.55,3.151154562992488,-0.24135091012519214,26.0,1.0,0.46887112585072505,0.4688711258507251,cons__hybrid,cons__hybrid,byzantine,0.1,9,0
consensus,hybrid,20,60,ring_plus,-2.1023466430594264,2.1023466430594264,0.1663237543002551,2640,0.0,0.0,0.0,0.0,2640.0,2640.0,1.0,0.0,84480.0,32.0,0.0,2640.0,0.0,0.0,0.0,0.0,0.0,0.0,hybrid,0.9015981113425807,0.32540041191847247,0.55,1.9981645371878634,-0.14674761044716725,16.0,1.0,0.4688711258507252,0.4688711258507253,cons__hybrid,cons__hybrid,byzantine,0.25,0,0
consensus,hybrid,20,60,ring_plus,-0.4224798009522711,0.4224798009522711,0.02635241486354458,2640,0.0,0.0,0.0,0.0,2640.0,2640.0,1.0,0.0,84480.0,32.0,0.0,2640.0,0.0,0.0,0.0,0.0,0.0,0.0,hybrid,0.9058670162555924,0.40876359239277327,0.48333333333333334,7.172046119584901,-0.2776618856883217,22.0,1.0,0.4688711258507247,0.4688711258507247,cons__hybrid,cons__hybrid,byzantine,0.25,1,0
consensus,hybrid,20,60,ring_plus,-11.895605428264004,11.895605428264004,1.337611927177158,2640,0.0,0.0,0.0,0.0,2640.0,2640.0,1.0,0.0,84480.0,32.0,0.0,2640.0,0.0,0.0,0.0,0.0,0.0,0.0,hybrid,0.8956020255198989,0.24883464646867315,0.5,6.405488991859635,-0.10642532901161275,19.0,1.0,0.468871125850723,0.4688711258507228,cons__hybrid,cons__hybrid,byzantine,0.25,2,0
consensus,hybrid,20,60,ring_plus,-22.19013417340442,22.19013417340442,1.4791033217524987,2640,0.0,0.0,0.0,0.0,2640.0,2640.0,1.0,0.0,84480.0,32.0,0.0,2640.0,0.0,0.0,0.0,0.0,0.0,0.0,hybrid,0.9445237306870015,0.10888903259036797,0.55,8.21566995212525,-0.06760774512416003,18.0,1.0,0.4688711258507241,0.4688711258507242,cons__hybrid,cons__hybrid,byzantine,0.25,3,0
consensus,hybrid,20,60,ring_plus,-2.207133287185568,2.207133287185568,0.1104177040560634,2640,0.0,0.0,0.0,0.0,2640.0,2640.0,1.0,0.0,84480.0,32.0,0.0,2640.0,0.0,0.0,0.0,0.0,0.0,0.0,hybrid,0.9279292830792764,0.23440118282696054,0.5,2.87085943119193,-0.2203130525230667,19.0,1.0,0.4688711258507239,0.4688711258507239,cons__hybrid,cons__hybrid,byzantine,0.25,4,0
consensus,hybrid,20,60,ring_plus,-6.182599213016512,6.182599213016512,0.559953143303684,2640,0.0,0.0,0.0,0.0,2640.0,2640.0,1.0,0.0,84480.0,32.0,0.0,2640.0,0.0,0.0,0.0,0.0,0.0,0.0,hybrid,0.9009355423500214,0.18544307277248906,0.48333333333333334,2.825464484414553,-0.15155359402757085,23.0,1.0,0.4688711258507252,0.4688711258507253,cons__hybrid,cons__hybrid,byzantine,0.25,5,0
consensus,hybrid,20,60,ring_plus,-0.9886230818841001,0.9886230818841001,0.1633310102593846,2640,0.0,0.0,0.0,0.0,2640.0,2640.0,1.0,0.0,84480.0,32.0,0.0,2640.0,0.0,0.0,0.0,0.0,0.0,0.0,hybrid,0.9741940066630843,0.043458830186940745,0.5166666666666667,7.89286213095107,-0.3336085111095933,27.0,1.0,0.4688711258507254,0.4688711258507254,cons__hybrid,cons__hybrid,byzantine,0.25,6,0
consensus,hybrid,20,60,ring_plus,-3.315054318395553,3.315054318395553,0.2490121869639704,2640,0.0,0.0,0.0,0.0,2640.0,2640.0,1.0,0.0,84480.0,32.0,0.0,2640.0,0.0,0.0,0.0,0.0,0.0,0.0,hybrid,0.9021728777663,0.5004132564293082,0.5333333333333333,3.0237503625555813,-0.265967518882247,30.0,1.0,0.4688711258507245,0.46887112585072455,cons__hybrid,cons__hybrid,byzantine,0.25,7,0
consensus,hybrid,20,60,ring_plus,-3.608271005961654,3.608271005961654,0.24465023640129618,2640,0.0,0.0,0.0,0.0,2640.0,2640.0,1.0,0.0,84480.0,32.0,0.0,2640.0,0.0,0.0,0.0,0.0,0.0,0.0,hybrid,0.9980452949637145,0.0005295717993776261,0.5166666666666667,9.503686372062203,-0.16522284776160057,57.0,1.0,0.4688711258507255,0.4688711258507255,cons__hybrid,cons__hybrid,byzantine,0.25,8,0
consensus,hybrid,20,60,ring_plus,-1.807596830871191,1.807596830871191,0.15443443043582875,2640,0.0,0.0,0.0,0.0,2640.0,2640.0,1.0,0.0,84480.0,32.0,0.0,2640.0,0.0,0.0,0.0,0.0,0.0,0.0,hybrid,0.9674639643105524,0.10874320983427588,0.5333333333333333,3.811339755928905,-0.2157738383185671,48.0,1.0,0.46887112585072505,0.4688711258507251,cons__hybrid,cons__hybrid,byzantine,0.25,9,0
consensus,hybrid,20,60,ring_plus,-0.6084451242341803,0.6084451242341803,0.03733192510644406,2640,0.0,0.0,0.0,0.0,2640.0,2640.0,1.0,0.0,84480.0,32.0,0.0,2640.0,0.0,0.0,0.0,0.0,0.0,0.0,hybrid,0.9772223452741648,0.1066774443428894,0.55,7.360938931316729,-0.17164596909425536,,0.0,0.4688711258507252,0.4688711258507253,cons__hybrid,cons__hybrid,byzantine,0.5,0,0
consensus,hybrid,20,60,ring_plus,-33.51605588765952,33.51605588765952,1.6759912041963905,2640,0.0,0.0,0.0,0.0,2640.0,2640.0,1.0,0.0,84480.0,32.0,0.0,2640.0,0.0,0.0,0.0,0.0,0.0,0.0,hybrid,0.8375808691401397,0.64162069612126,0.43333333333333335,14.20687770158407,0.27389771575679894,,0.0,0.4688711258507247,0.4688711258507247,cons__hybrid,cons__hybrid,byzantine,0.5,1,0
consensus,hybrid,20,60,ring_plus,-32.055371927430635,32.055371927430635,1.7978969829371088,2640,0.0,0.0,0.0,0.0,2640.0,2640.0,1.0,0.0,84480.0,32.0,0.0,2640.0,0.0,0.0,0.0,0.0,0.0,0.0,hybrid,0.9520623072728391,0.09601174201606266,0.5666666666666667,15.76413683899608,0.22957077930783096,,0.0,0.468871125850723,0.4688711258507228,cons__hybrid,cons__hybrid,byzantine,0.5,2,0
consensus,hybrid,20,60,ring_plus,-7.818091026197171,7.818091026197171,1.429133993488826,2640,0.0,0.0,0.0,0.0,2640.0,2640.0,1.0,0.0,84480.0,32.0,0.0,2640.0,0.0,0.0,0.0,0.0,0.0,0.0,hybrid,1.0276741330208208,0.06324436242036968,0.5833333333333334,18.617090644659065,-0.3071417975776144,,0.0,0.4688711258507241,0.4688711258507242,cons__hybrid,cons__hybrid,byzantine,0.5,3,0
consensus,hybrid,20,60,ring_plus,-3.43329541324646,3.43329541324646,0.5278169281715342,2640,0.0,0.0,0.0,0.0,2640.0,2640.0,1.0,0.0,84480.0,32.0,0.0,2640.0,0.0,0.0,0.0,0.0,0.0,0.0,hybrid,0.9623369754431501,0.12795399346116443,0.48333333333333334,15.180665315972732,-0.19987701708871827,,0.0,0.4688711258507239,0.4688711258507239,cons__hybrid,cons__hybrid,byzantine,0.5,4,0
consensus,hybrid,20,60,ring_plus,-12.560291062078912,12.560291062078912,1.553141060790241,2640,0.0,0.0,0.0,0.0,2640.0,2640.0,1.0,0.0,84480.0,32.0,0.0,2640.0,0.0,0.0,0.0,0.0,0.0,0.0,hybrid,0.858258645388371,0.20087176358445402,0.5833333333333334,15.403656945081032,-0.04525872987653097,,0.0,0.4688711258507252,0.4688711258507253,cons__hybrid,cons__hybrid,byzantine,0.5,5,0
consensus,hybrid,20,60,ring_plus,-13.881958832662844,13.881958832662844,0.7432631652620739,2640,0.0,0.0,0.0,0.0,2640.0,2640.0,1.0,0.0,84480.0,32.0,0.0,2640.0,0.0,0.0,0.0,0.0,0.0,0.0,hybrid,0.9660777383738371,0.054340068454294066,0.4666666666666667,30.993788261236336,-0.11871958192994748,,0.0,0.4688711258507254,0.4688711258507254,cons__hybrid,cons__hybrid,byzantine,0.5,6,0
consensus,hybrid,20,60,ring_plus,-2.7216978815607695,2.7216978815607695,0.5733843947172722,2640,0.0,0.0,0.0,0.0,2640.0,2640.0,1.0,0.0,84480.0,32.0,0.0,2640.0,0.0,0.0,0.0,0.0,0.0,0.0,hybrid,0.9162414777726441,0.38610175461379537,0.48333333333333334,19.867517826492115,-0.27585679282949355,,0.0,0.4688711258507245,0.46887112585072455,cons__hybrid,cons__hybrid,byzantine,0.5,7,0
consensus,hybrid,20,60,ring_plus,-2.4732687906248474,2.4732687906248474,0.3772831867989838,2640,0.0,0.0,0.0,0.0,2640.0,2640.0,1.0,0.0,84480.0,32.0,0.0,2640.0,0.0,0.0,0.0,0.0,0.0,0.0,hybrid,0.9403358358990289,0.23030753573603369,0.5166666666666667,21.452740966501498,-0.1841395513505469,,0.0,0.4688711258507255,0.4688711258507255,cons__hybrid,cons__hybrid,byzantine,0.5,8,0
consensus,hybrid,20,60,ring_plus,-15.975757295942824,15.975757295942824,0.8124037343456487,2640,0.0,0.0,0.0,0.0,2640.0,2640.0,1.0,0.0,84480.0,32.0,0.0,2640.0,0.0,0.0,0.0,0.0,0.0,0.0,hybrid,0.9744411741050761,0.11507991880682478,0.48333333333333334,15.80648453729828,0.02036216943262688,,0.0,0.46887112585072505,0.4688711258507251,cons__hybrid,cons__hybrid,byzantine,0.5,9,0
