task_name,family,value,n_seeds,n_agents_p25,n_agents_p50,n_agents_p75,n_agents_mean,steps_p25,steps_p50,steps_p75,steps_mean,return_p25,return_p50,return_p75,return_mean,final_disagreement_p25,final_disagreement_p50,final_disagreement_p75,final_disagreement_mean,consensus_error_p25,consensus_error_p50,consensus_error_p75,consensus_error_mean,msgs_sent_p25,msgs_sent_p50,msgs_sent_p75,msgs_sent_mean,comm_mse_p25,comm_mse_p50,comm_mse_p75,comm_mse_mean,comm_zero_frac_p25,comm_zero_frac_p50,comm_zero_frac_p75,comm_zero_frac_mean,comm_age_mean_p25,comm_age_mean_p50,comm_age_mean_p75,comm_age_mean_mean,comm_age_peak_p25,comm_age_peak_p50,comm_age_peak_p75,comm_age_peak_mean,sent_msgs_p25,sent_msgs_p50,sent_msgs_p75,sent_msgs_mean,delivered_real_msgs_p25,delivered_real_msgs_p50,delivered_real_msgs_p75,delivered_real_msgs_mean,delivery_rate_p25,delivery_rate_p50,delivery_rate_p75,delivery_rate_mean,loss_rate_p25,loss_rate_p50,loss_rate_p75,loss_rate_mean,delivered_bits_p25,delivered_bits_p50,delivered_bits_p75,delivered_bits_mean,bits_per_delivered_p25,bits_per_delivered_p50,bits_per_delivered_p75,bits_per_delivered_mean,status_none_p25,status_none_p50,status_none_p75,status_none_mean,status_delivered_p25,status_delivered_p50,status_delivered_p75,status_delivered_mean,status_replayed_p25,status_replayed_p50,status_replayed_p75,status_replayed_mean,status_spoofed_p25,status_spoofed_p50,status_spoofed_p75,status_spoofed_mean,status_dropped_p25,status_dropped_p50,status_dropped_p75,status_dropped_mean,status_jammed_p25,status_jammed_p50,status_jammed_p75,status_jammed_mean,status_partitioned_p25,status_partitioned_p50,status_partitioned_p75,status_partitioned_mean,status_stale_p25,status_stale_p50,status_stale_p75,status_stale_mean,lyap_rho_p25,lyap_rho_p50,lyap_rho_p75,lyap_rho_mean,lyap_rho_r2_p25,lyap_rho_r2_p50,lyap_rho_r2_p75,lyap_rho_r2_mean,lyap_monotone_frac_p25,lyap_monotone_frac_p50,lyap_monotone_frac_p75,lyap_monotone_frac_mean,lyap_ultimate_bound_p25,lyap_ultimate_bound_p50,lyap_ultimate_bound_p75,lyap_ultimate_bound_mean,lyap_mean_drift_p25,lyap_mean_drift_p50,lyap_mean_drift_p75,lyap_mean_drift_mean,time_to_eps_p25,time_to_eps_p50,time_to_eps_p75,time_to_eps_mean,converged_p25,converged_p50,converged_p75,converged_mean,nominal_lambda2_p25,nominal_lambda2_p50,nominal_lambda2_p75,nominal_lambda2_mean,eff_lambda2_p25,eff_lambda2_p50,eff_lambda2_p75,eff_lambda2_mean,demand_p25,demand_p50,demand_p75,demand_mean,lambda_opt_p25,lambda_opt_p50,lambda_opt_p75,lambda_opt_mean,final_lambda_disagreement_p25,final_lambda_disagreement_p50,final_lambda_disagreement_p75,final_lambda_disagreement_mean,final_power_mismatch_p25,final_power_mismatch_p50,final_power_mismatch_p75,final_power_mismatch_mean,final_cost_gap_p25,final_cost_gap_p50,final_cost_gap_p75,final_cost_gap_mean,final_dispatch_regret_p25,final_dispatch_regret_p50,final_dispatch_regret_p75,final_dispatch_regret_mean,phys_violation_frac_p25,phys_violation_frac_p50,phys_violation_frac_p75,phys_violation_frac_mean,phys_infeasible_p25,phys_infeasible_p50,phys_infeasible_p75,phys_infeasible_mean,phys_max_loading_p25,phys_max_loading_p50,phys_max_loading_p75,phys_max_loading_mean,phys_pmin_p25,phys_pmin_p50,phys_pmin_p75,phys_pmin_mean,phys_pmax_p25,phys_pmax_p50,phys_pmax_p75,phys_pmax_mean
cons__gnn,bandwidth,0.0,10,20.0,20.0,20.0,20.0,60.0,60.0,60.0,60.0,-0.000147447448222825,-3.251436630342986e-05,-5.055503730394804e-06,-0.00025522565336490426,5.055503730394804e-06,3.251436630342986e-05,0.000147447448222825,0.00025522565336490426,0.00080456168637185,0.0016016641724255001,0.0070531968927976,0.00342620606835402,5040.0,5340.0,6000.0,5424.0,0.0,0.0,0.0,0.0,0.0,0.0,0.0,0.0,0.0,0.0,0.0,0.0,0.0,0.0,0.0,0.0,5040.0,5340.0,6000.0,5424.0,5040.0,5340.0,6000.0,5424.0,1.0,1.0,1.0,1.0,0.0,0.0,0.0,0.0,161280.0,170880.0,192000.0,173568.0,32.0,32.0,32.0,32.0,0.0,0.0,0.0,0.0,5040.0,5340.0,6000.0,5424.0,0.0,0.0,0.0,0.0,0.0,0.0,0.0,0.0,0.0,0.0,0.0,0.0,0.0,0.0,0.0,0.0,0.0,0.0,0.0,0.0,0.0,0.0,0.0,0.0,0.7751823148861303,0.8017804312866479,0.8244725864254765,0.7976882782553805,0.9748857184348677,0.9914447490765876,0.9970804973187001,0.9848699097040257,1.0,1.0,1.0,1.0,2.1305264092043885e-05,0.00012568370607327268,0.00070216520923705,0.000757266112831757,-0.3170851646418427,-0.2709003696007378,-0.24807298464870536,-0.28628367916682584,15.75,19.0,21.75,20.9,1.0,1.0,1.0,1.0,1.0244331844320256,1.3458321601703604,1.5159336227349287,1.3426265259552532,1.0244331844320258,1.3458321601703604,1.5159336227349285,1.3426265259552532,,,,,,,,,,,,,,,,,,,,,,,,,,,,,,,,,,,,,,,,,,,,
cons__gnn,bandwidth,1.0,10,20.0,20.0,20.0,20.0,60.0,60.0,60.0,60.0,-161.13318713217765,-154.98252024151427,-137.23681775133952,-126.13869558938549,137.23681775133952,154.98252024151427,161.13318713217765,126.13869558938549,8.31949149019259,8.679366332769265,8.819265558454651,8.393670703831427,5040.0,5340.0,6000.0,5424.0,0.45369978033885683,0.5026663629002676,0.5461525149298863,0.5187220312428544,0.0,0.0,0.0,0.0,0.0,0.0,0.0,0.0,0.0,0.0,0.0,0.0,5040.0,5340.0,6000.0,5424.0,5040.0,5340.0,6000.0,5424.0,1.0,1.0,1.0,1.0,0.0,0.0,0.0,0.0,5040.0,5340.0,6000.0,5424.0,1.0,1.0,1.0,1.0,0.0,0.0,0.0,0.0,5040.0,5340.0,6000.0,5424.0,0.0,0.0,0.0,0.0,0.0,0.0,0.0,0.0,0.0,0.0,0.0,0.0,0.0,0.0,0.0,0.0,0.0,0.0,0.0,0.0,0.0,0.0,0.0,0.0,1.0,1.0,1.0,0.9109962850684123,0.0,0.0,0.0,0.1990286856329678,0.0,0.0,0.0,0.18333333333333332,137.2367709009259,154.9816182809526,161.13307789828215,126.13676080792223,1.985095511703314,2.2953188738575925,2.4728607893460155,1.8160236602287099,15.0,15.0,15.0,15.0,0.0,0.0,0.0,0.2,1.0244331844320256,1.3458321601703604,1.5159336227349287,1.3426265259552532,1.0244331844320258,1.3458321601703604,1.5159336227349285,1.3426265259552532,,,,,,,,,,,,,,,,,,,,,,,,,,,,,,,,,,,,,,,,,,,,
cons__gnn,bandwidth,2.0,10,20.0,20.0,20.0,20.0,60.0,60.0,60.0,60.0,-17.979077452888397,-17.58464455173143,-17.106287168452052,-19.685320532233654,17.106287168452052,17.58464455173143,17.979077452888397,19.685320532233654,0.8719013275145737,0.8909031514389378,0.9041477210179518,1.0168124955593387,5040.0,5340.0,6000.0,5424.0,0.016849859862768348,0.01867395665427935,0.02249779310665725,0.020282642267693142,0.0,0.0,0.0,0.0,0.0,0.0,0.0,0.0,0.0,0.0,0.0,0.0,5040.0,5340.0,6000.0,5424.0,5040.0,5340.0,6000.0,5424.0,1.0,1.0,1.0,1.0,0.0,0.0,0.0,0.0,10080.0,10680.0,12000.0,10848.0,2.0,2.0,2.0,2.0,0.0,0.0,0.0,0.0,5040.0,5340.0,6000.0,5424.0,0.0,0.0,0.0,0.0,0.0,0.0,0.0,0.0,0.0,0.0,0.0,0.0,0.0,0.0,0.0,0.0,0.0,0.0,0.0,0.0,0.0,0.0,0.0,0.0,0.9373348077285018,0.9589169205151474,0.9937097497650499,0.9568176420617706,0.198515738345664,0.8263660820808998,0.8798332404417575,0.6018239417162986,0.054166666666666655,0.0833333333333333,0.1,0.08166666666666664,17.106286843106556,17.584644008190118,17.97907734615882,19.685320108614512,0.004573650875745351,0.0402824018062868,0.05734910323937563,0.04180074260951232,,,,,0.0,0.0,0.0,0.0,1.0244331844320256,1.3458321601703604,1.5159336227349287,1.3426265259552532,1.0244331844320258,1.3458321601703604,1.5159336227349285,1.3426265259552532,,,,,,,,,,,,,,,,,,,,,,,,,,,,,,,,,,,,,,,,,,,,
cons__gnn,bandwidth,3.0,10,20.0,20.0,20.0,20.0,60.0,60.0,60.0,60.0,-1.033041286588491,-3.0684929659535926e-12,-4.4089040988440663e-13,-2.322549913047793,4.4089040988440663e-13,3.0684929659535926e-12,1.033041286588491,2.322549913047793,0.0701714479917136,0.12159815477692075,0.19896421376203763,0.19033309230993653,5040.0,5340.0,6000.0,5424.0,0.015382098949778825,0.02085568359134595,0.025717973720070623,0.03102762492792661,0.0,0.0,0.0,0.0,0.0,0.0,0.0,0.0,0.0,0.0,0.0,0.0,5040.0,5340.0,6000.0,5424.0,5040.0,5340.0,6000.0,5424.0,1.0,1.0,1.0,1.0,0.0,0.0,0.0,0.0,15120.0,16020.0,18000.0,16272.0,3.0,3.0,3.0,3.0,0.0,0.0,0.0,0.0,5040.0,5340.0,6000.0,5424.0,0.0,0.0,0.0,0.0,0.0,0.0,0.0,0.0,0.0,0.0,0.0,0.0,0.0,0.0,0.0,0.0,0.0,0.0,0.0,0.0,0.0,0.0,0.0,0.0,0.5741370162324987,0.5942126951701417,0.7391141078973487,0.6763759085076642,0.9722858213880213,0.977993056521488,0.9885448899952489,0.9339149099720002,0.6541666666666668,1.0,1.0,0.8016666666666665,6.527034609929862e-11,4.588183463235263e-10,1.033040972530729,2.32254784945179,-0.2996898685379084,-0.25584776077699706,-0.2132782816608825,-0.24757876771025203,16.0,17.0,20.0,17.857142857142858,0.25,1.0,1.0,0.7,1.0244331844320256,1.3458321601703604,1.5159336227349287,1.3426265259552532,1.0244331844320258,1.3458321601703604,1.5159336227349285,1.3426265259552532,,,,,,,,,,,,,,,,,,,,,,,,,,,,,,,,,,,,,,,,,,,,
cons__gnn,bandwidth,4.0,10,20.0,20.0,20.0,20.0,60.0,60.0,60.0,60.0,-0.2920091130864079,-0.0001849475220631981,-2.3631208648022426e-12,-1.1775889865616764,2.3631208648022426e-12,0.00018494752206319807,0.2920091130864079,1.1775889865616764,0.0119811012209981,0.0165304900945509,0.03391605500852275,0.07621205777468441,5040.0,5340.0,6000.0,5424.0,0.005119385660449575,0.0063207807882769505,0.012706044929796276,0.00863848959574669,0.0,0.0,0.0,0.0,0.0,0.0,0.0,0.0,0.0,0.0,0.0,0.0,5040.0,5340.0,6000.0,5424.0,5040.0,5340.0,6000.0,5424.0,1.0,1.0,1.0,1.0,0.0,0.0,0.0,0.0,20160.0,21360.0,24000.0,21696.0,4.0,4.0,4.0,4.0,0.0,0.0,0.0,0.0,5040.0,5340.0,6000.0,5424.0,0.0,0.0,0.0,0.0,0.0,0.0,0.0,0.0,0.0,0.0,0.0,0.0,0.0,0.0,0.0,0.0,0.0,0.0,0.0,0.0,0.0,0.0,0.0,0.0,0.5861420283501055,0.6751187479567176,0.9170001330302464,0.7428574371814133,0.7206012313620958,0.966580714216416,0.9866000039233211,0.8324420889125104,1.0,1.0,1.0,0.925,3.525208329830418e-10,0.014280149224170488,0.29201023633086404,1.179693208929812,-0.2986826965880426,-0.2558477607765439,-0.22531101916263313,-0.26666144981835394,14.5,17.0,21.75,21.0,0.0,1.0,1.0,0.6,1.0244331844320256,1.3458321601703604,1.5159336227349287,1.3426265259552532,1.0244331844320258,1.3458321601703604,1.5159336227349285,1.3426265259552532,,,,,,,,,,,,,,,,,,,,,,,,,,,,,,,,,,,,,,,,,,,,
cons__gnn,bandwidth,8.0,10,20.0,20.0,20.0,20.0,60.0,60.0,60.0,60.0,-0.001363307497334925,-0.0008773185086815,-0.0006007307063097251,-0.0012622469912891535,0.0006007307063097251,0.0008773185086815,0.001363307497334925,0.0012622469912891535,0.00075795811156185,0.0015286088341535,0.0058790192285507,0.0032099734550994153,5040.0,5340.0,6000.0,5424.0,4.538732683863752e-05,4.83444086998556e-05,4.9381046618614995e-05,4.59495879440618e-05,0.0,0.0,0.0,0.0,0.0,0.0,0.0,0.0,0.0,0.0,0.0,0.0,5040.0,5340.0,6000.0,5424.0,5040.0,5340.0,6000.0,5424.0,1.0,1.0,1.0,1.0,0.0,0.0,0.0,0.0,40320.0,42720.0,48000.0,43392.0,8.0,8.0,8.0,8.0,0.0,0.0,0.0,0.0,5040.0,5340.0,6000.0,5424.0,0.0,0.0,0.0,0.0,0.0,0.0,0.0,0.0,0.0,0.0,0.0,0.0,0.0,0.0,0.0,0.0,0.0,0.0,0.0,0.0,0.0,0.0,0.0,0.0,0.7987673906742487,0.8214625308088549,0.833667239108274,0.8123461141629059,0.9326399933011431,0.9554451005930942,0.9614566544087552,0.9446386596875334,0.8,0.9583333333333333,1.0,0.9083333333333332,0.00062564491459995,0.0009936453341322,0.00248024950215265,0.0016083612004530626,-0.31707386162787676,-0.27088839537446685,-0.24803842612068094,-0.2862668954778604,15.75,19.0,21.75,20.8,1.0,1.0,1.0,1.0,1.0244331844320256,1.3458321601703604,1.5159336227349287,1.3426265259552532,1.0244331844320258,1.3458321601703604,1.5159336227349285,1.3426265259552532,,,,,,,,,,,,,,,,,,,,,,,,,,,,,,,,,,,,,,,,,,,,
cons__gnn,byzantine,0.0,10,20.0,20.0,20.0,20.0,60.0,60.0,60.0,60.0,-0.000147447448222825,-3.251436630342986e-05,-5.055503730394804e-06,-0.00025522565336490426,5.055503730394804e-06,3.251436630342986e-05,0.000147447448222825,0.00025522565336490426,0.00080456168637185,0.0016016641724255001,0.0070531968927976,0.00342620606835402,5040.0,5340.0,6000.0,5424.0,0.0,0.0,0.0,0.0,0.0,0.0,0.0,0.0,0.0,0.0,0.0,0.0,0.0,0.0,0.0,0.0,5040.0,5340.0,6000.0,5424.0,5040.0,5340.0,6000.0,5424.0,1.0,1.0,1.0,1.0,0.0,0.0,0.0,0.0,161280.0,170880.0,192000.0,173568.0,32.0,32.0,32.0,32.0,0.0,0.0,0.0,0.0,5040.0,5340.0,6000.0,5424.0,0.0,0.0,0.0,0.0,0.0,0.0,0.0,0.0,0.0,0.0,0.0,0.0,0.0,0.0,0.0,0.0,0.0,0.0,0.0,0.0,0.0,0.0,0.0,0.0,0.7751823148861303,0.8017804312866479,0.8244725864254765,0.7976882782553805,0.9748857184348677,0.9914447490765876,0.9970804973187001,0.9848699097040257,1.0,1.0,1.0,1.0,2.1305264092043885e-05,0.00012568370607327268,0.00070216520923705,0.000757266112831757,-0.3170851646418427,-0.2709003696007378,-0.24807298464870536,-0.28628367916682584,15.75,19.0,21.75,20.9,1.0,1.0,1.0,1.0,1.0244331844320256,1.3458321601703604,1.5159336227349287,1.3426265259552532,1.0244331844320258,1.3458321601703604,1.5159336227349285,1.3426265259552532,,,,,,,,,,,,,,,,,,,,,,,,,,,,,,,,,,,,,,,,,,,,
cons__gnn,byzantine,0.1,10,20.0,20.0,20.0,20.0,60.0,60.0,60.0,60.0,-0.01340700309927005,-0.0072471947220739,-0.004732567124678,-0.01014870700922736,0.004732567124678,0.0072471947220739,0.01340700309927005,0.01014870700922736,0.001956676376883875,0.0032052217764274,0.0054076455765770005,0.011343369849196061,5040.0,5340.0,6000.0,5424.0,0.0,0.0,0.0,0.0,0.0,0.0,0.0,0.0,0.0,0.0,0.0,0.0,0.0,0.0,0.0,0.0,5040.0,5340.0,6000.0,5424.0,5040.0,5340.0,6000.0,5424.0,1.0,1.0,1.0,1.0,0.0,0.0,0.0,0.0,161280.0,170880.0,192000.0,173568.0,32.0,32.0,32.0,32.0,0.0,0.0,0.0,0.0,5040.0,5340.0,6000.0,5424.0,0.0,0.0,0.0,0.0,0.0,0.0,0.0,0.0,0.0,0.0,0.0,0.0,0.0,0.0,0.0,0.0,0.0,0.0,0.0,0.0,0.0,0.0,0.0,0.0,0.8335759243323879,0.843955737409139,0.8516085878692724,0.8469678276715324,0.8360891856808417,0.8730737735577914,0.9358425944937501,0.8782865203686019,0.7541666666666667,0.8,0.8375,0.7966666666666666,0.0083681360734418,0.0099547157378652,0.022459905752138076,0.015701237673569617,-0.31701038194249315,-0.27077668955184797,-0.24796702784346075,-0.28611878781089467,14.5,19.0,23.25,19.5,1.0,1.0,1.0,1.0,1.0244331844320256,1.3458321601703604,1.5159336227349287,1.3426265259552532,1.0244331844320258,1.3458321601703604,1.5159336227349285,1.3426265259552532,,,,,,,,,,,,,,,,,,,,,,,,,,,,,,,,,,,,,,,,,,,,
cons__gnn,byzantine,0.25,10,20.0,20.0,20.0,20.0,60.0,60.0,60.0,60.0,-0.07208612277748486,-0.03538553817239945,-0.025460539754041875,-0.04762417923728553,0.025460539754041875,0.03538553817239945,0.07208612277748486,0.04762417923728553,0.0026515650946893,0.00480971804695645,0.00578092367332355,0.031139025188972196,5040.0,5340.0,6000.0,5424.0,0.0,0.0,0.0,0.0,0.0,0.0,0.0,0.0,0.0,0.0,0.0,0.0,0.0,0.0,0.0,0.0,5040.0,5340.0,6000.0,5424.0,5040.0,5340.0,6000.0,5424.0,1.0,1.0,1.0,1.0,0.0,0.0,0.0,0.0,161280.0,170880.0,192000.0,173568.0,32.0,32.0,32.0,32.0,0.0,0.0,0.0,0.0,5040.0,5340.0,6000.0,5424.0,0.0,0.0,0.0,0.0,0.0,0.0,0.0,0.0,0.0,0.0,0.0,0.0,0.0,0.0,0.0,0.0,0.0,0.0,0.0,0.0,0.0,0.0,0.0,0.0,0.8645741771893651,0.8913938480584214,0.8976208896801361,0.8884433452725276,0.8087394479145071,0.8930030398990961,0.905369109804966,0.8168753044301512,0.7041666666666666,0.7333333333333334,0.7666666666666667,0.7266666666666667,0.030546870119603275,0.04778543645965545,0.06263139340939858,0.08631167387965347,-0.3165283174717034,-0.2699043948103003,-0.24757351042093795,-0.2854941966070938,21.5,24.5,26.75,24.8,1.0,1.0,1.0,1.0,1.0244331844320256,1.3458321601703604,1.5159336227349287,1.3426265259552532,1.0244331844320258,1.3458321601703604,1.5159336227349285,1.3426265259552532,,,,,,,,,,,,,,,,,,,,,,,,,,,,,,,,,,,,,,,,,,,,
cons__gnn,byzantine,0.5,10,20.0,20.0,20.0,20.0,60.0,60.0,60.0,60.0,-0.9724542654720163,-0.586010313333821,-0.37624863751280874,-0.7681427274992462,0.37624863751280874,0.586010313333821,0.9724542654720163,0.7681427274992462,0.041923182525385475,0.05843868525117405,0.09725911338756088,0.0811571605469391,5040.0,5340.0,6000.0,5424.0,0.0,0.0,0.0,0.0,0.0,0.0,0.0,0.0,0.0,0.0,0.0,0.0,0.0,0.0,0.0,0.0,5040.0,5340.0,6000.0,5424.0,5040.0,5340.0,6000.0,5424.0,1.0,1.0,1.0,1.0,0.0,0.0,0.0,0.0,161280.0,170880.0,192000.0,173568.0,32.0,32.0,32.0,32.0,0.0,0.0,0.0,0.0,5040.0,5340.0,6000.0,5424.0,0.0,0.0,0.0,0.0,0.0,0.0,0.0,0.0,0.0,0.0,0.0,0.0,0.0,0.0,0.0,0.0,0.0,0.0,0.0,0.0,0.0,0.0,0.0,0.0,0.918498033300904,0.9292881153269112,0.9581185970261785,0.9174701632063197,0.5606398662162378,0.7401549570509447,0.8275005483396435,0.6712416635391418,0.5875,0.6166666666666667,0.6708333333333334,0.6266666666666667,0.4146517624887065,0.8722472794780802,1.121734347639266,0.9855999478861566,-0.3020398148364662,-0.2645972759002616,-0.23671277445746244,-0.27348555413606107,27.0,39.0,51.0,38.2,0.0,0.5,1.0,0.5,1.0244331844320256,1.3458321601703604,1.5159336227349287,1.3426265259552532,1.0244331844320258,1.3458321601703604,1.5159336227349285,1.3426265259552532,,,,,,,,,,,,,,,,,,,,,,,,,,,,,,,,,,,,,,,,,,,,
cons__gnn,jam,0.0,10,20.0,20.0,20.0,20.0,60.0,60.0,60.0,60.0,-0.000147447448222825,-3.251436630342986e-05,-5.055503730394804e-06,-0.00025522565336490426,5.055503730394804e-06,3.251436630342986e-05,0.000147447448222825,0.00025522565336490426,0.00080456168637185,0.0016016641724255001,0.0070531968927976,0.00342620606835402,5040.0,5340.0,6000.0,5424.0,0.0,0.0,0.0,0.0,0.0,0.0,0.0,0.0,0.0,0.0,0.0,0.0,0.0,0.0,0.0,0.0,5040.0,5340.0,6000.0,5424.0,5040.0,5340.0,6000.0,5424.0,1.0,1.0,1.0,1.0,0.0,0.0,0.0,0.0,161280.0,170880.0,192000.0,173568.0,32.0,32.0,32.0,32.0,0.0,0.0,0.0,0.0,5040.0,5340.0,6000.0,5424.0,0.0,0.0,0.0,0.0,0.0,0.0,0.0,0.0,0.0,0.0,0.0,0.0,0.0,0.0,0.0,0.0,0.0,0.0,0.0,0.0,0.0,0.0,0.0,0.0,0.7751823148861303,0.8017804312866479,0.8244725864254765,0.7976882782553805,0.9748857184348677,0.9914447490765876,0.9970804973187001,0.9848699097040257,1.0,1.0,1.0,1.0,2.1305264092043885e-05,0.00012568370607327268,0.00070216520923705,0.000757266112831757,-0.3170851646418427,-0.2709003696007378,-0.24807298464870536,-0.28628367916682584,15.75,19.0,21.75,20.9,1.0,1.0,1.0,1.0,1.0244331844320256,1.3458321601703604,1.5159336227349287,1.3426265259552532,1.0244331844320258,1.3458321601703604,1.5159336227349285,1.3426265259552532,,,,,,,,,,,,,,,,,,,,,,,,,,,,,,,,,,,,,,,,,,,,
cons__gnn,jam,0.1,10,20.0,20.0,20.0,20.0,60.0,60.0,60.0,60.0,-5.562262556870461,-1.8251883578966461,-0.27786202036662255,-3.615205881585127,0.27786202036662255,1.8251883578966461,5.562262556870461,3.615205881585127,0.1298623658952512,0.20797841056369987,0.556068023263268,0.33000263640653665,5040.0,5340.0,6000.0,5424.0,0.0,0.0,0.0,0.0,0.09680851063829785,0.10241841491841486,0.12321428571428565,0.10738710361416808,0.0,0.0,0.0,0.0,0.0,0.0,0.0,0.0,5040.0,5340.0,6000.0,5424.0,4320.0,4800.0,5415.0,4848.0,0.8767857142857143,0.8975815850815851,0.9031914893617021,0.892612896385832,0.09680851063829782,0.10241841491841486,0.12321428571428565,0.10738710361416806,138240.0,153600.0,173280.0,155136.0,32.0,32.0,32.0,32.0,0.0,0.0,0.0,0.0,4320.0,4800.0,5415.0,4848.0,0.0,0.0,0.0,0.0,0.0,0.0,0.0,0.0,0.0,0.0,0.0,0.0,495.0,540.0,540.0,576.0,0.0,0.0,0.0,0.0,0.0,0.0,0.0,0.0,0.9423267781607606,0.9611568188855266,0.9863925582865054,0.963129788429289,0.6477744870313831,0.7360230916207198,0.883199024165365,0.7400697623975645,1.0,1.0,1.0,0.9083333333333334,0.30815758411599536,1.8604112661552166,5.6120219915802965,3.7109723930914753,-0.29169567118582507,-0.22107972377301222,-0.1801329720453151,-0.22603450156796306,46.0,46.0,46.0,46.0,0.0,0.0,0.0,0.1,1.0244331844320256,1.3458321601703604,1.5159336227349287,1.3426265259552532,0.8842162870286435,1.2130110633697608,1.3433138973250773,1.2033878608038124,,,,,,,,,,,,,,,,,,,,,,,,,,,,,,,,,,,,,,,,,,,,
cons__gnn,jam,0.25,10,20.0,20.0,20.0,20.0,60.0,60.0,60.0,60.0,-6.945799305238676,-5.2105188698073235,-2.6291698526519913,-6.839549146942173,2.6291698526519913,5.2105188698073235,6.945799305238676,6.839549146942173,0.17221927890688307,0.31080978612907756,0.4343257586514998,0.3983211507944936,5040.0,5340.0,6000.0,5424.0,0.0,0.0,0.0,0.0,0.2194570135746606,0.24734042553191485,0.29166666666666663,0.2551112578583238,0.0,0.0,0.0,0.0,0.0,0.0,0.0,0.0,5040.0,5340.0,6000.0,5424.0,3645.0,4050.0,4485.0,4050.0,0.7083333333333334,0.7526595744680851,0.7805429864253394,0.7448887421416763,0.2194570135746606,0.24734042553191485,0.29166666666666663,0.2551112578583238,116640.0,129600.0,143520.0,129600.0,32.0,32.0,32.0,32.0,0.0,0.0,0.0,0.0,3645.0,4050.0,4485.0,4050.0,0.0,0.0,0.0,0.0,0.0,0.0,0.0,0.0,0.0,0.0,0.0,0.0,1275.0,1320.0,1470.0,1374.0,0.0,0.0,0.0,0.0,0.0,0.0,0.0,0.0,0.9757695568824576,0.9862830612140605,0.9931212595614505,0.9789833251218065,0.5683141381886903,0.6698722220043141,0.9295026004482603,0.7120584058041255,0.7708333333333333,0.9833333333333334,1.0,0.8366666666666667,2.6295923385348434,5.2123923752405705,7.076284458901641,6.842350287979087,-0.20877500866325174,-0.1749350198382652,-0.13638184464152053,-0.17229544714534564,,,,,0.0,0.0,0.0,0.0,1.0244331844320256,1.3458321601703604,1.5159336227349287,1.3426265259552532,0.5686907553582905,0.6983085111830164,0.7270296305536392,0.6997044264029464,,,,,,,,,,,,,,,,,,,,,,,,,,,,,,,,,,,,,,,,,,,,
cons__gnn,jam,0.5,10,20.0,20.0,20.0,20.0,60.0,60.0,60.0,60.0,-11.841385787027788,-9.611474603448112,-8.39874148824548,-10.640556477218894,8.39874148824548,9.611474603448112,11.841385787027788,10.640556477218894,0.42536792599654843,0.5240336768884222,0.6053939034117344,0.5584108161920696,5040.0,5340.0,6000.0,5424.0,0.0,0.0,0.0,0.0,0.48029497098646035,0.5064814814814815,0.5251831501831502,0.5026265319330944,0.0,0.0,0.0,0.0,0.0,0.0,0.0,0.0,5040.0,5340.0,6000.0,5424.0,2265.0,2670.0,3195.0,2718.0,0.47481684981684974,0.4935185185185186,0.5197050290135397,0.4973734680669056,0.48029497098646035,0.5064814814814814,0.5251831501831502,0.5026265319330944,72480.0,85440.0,102240.0,86976.0,32.0,32.0,32.0,32.0,0.0,0.0,0.0,0.0,2265.0,2670.0,3195.0,2718.0,0.0,0.0,0.0,0.0,0.0,0.0,0.0,0.0,0.0,0.0,0.0,0.0,2550.0,2730.0,2820.0,2706.0,0.0,0.0,0.0,0.0,0.0,0.0,0.0,0.0,0.9703093371449215,0.9886024308373895,0.9946687858814327,0.9789722403360865,0.7148984715858697,0.8060343884574707,0.9000007742037386,0.7828225317630677,0.44166666666666665,0.7749999999999999,0.9875,0.6933333333333334,8.385166468391365,9.676273663095987,11.849941904020408,10.61123386479905,-0.1393832630734662,-0.0988714003846056,-0.08096878496804037,-0.10894532497406698,,,,,0.0,0.0,0.0,0.0,1.0244331844320256,1.3458321601703604,1.5159336227349287,1.3426265259552532,4.7512287924996306e-17,1.466400018336613e-16,4.3884122419875164e-16,2.1024380820900604e-16,,,,,,,,,,,,,,,,,,,,,,,,,,,,,,,,,,,,,,,,,,,,
cons__gnn,jam,0.75,10,20.0,20.0,20.0,20.0,60.0,60.0,60.0,60.0,-15.894683685465601,-14.026235623637955,-11.994605064156762,-14.656873936903002,11.994605064156762,14.026235623637955,15.894683685465601,14.656873936903002,0.6103652368186876,0.7038231946813502,0.8111618024663971,0.7472770813609133,5040.0,5340.0,6000.0,5424.0,0.0,0.0,0.0,0.0,0.7263767209011265,0.7527777777777778,0.7607142857142857,0.7504006733368908,0.0,0.0,0.0,0.0,0.0,0.0,0.0,0.0,5040.0,5340.0,6000.0,5424.0,1155.0,1320.0,1605.0,1368.0,0.2392857142857142,0.2472222222222222,0.27362327909887363,0.2495993266631092,0.7263767209011264,0.7527777777777778,0.7607142857142857,0.7504006733368908,36960.0,42240.0,51360.0,43776.0,32.0,32.0,32.0,32.0,0.0,0.0,0.0,0.0,1155.0,1320.0,1605.0,1368.0,0.0,0.0,0.0,0.0,0.0,0.0,0.0,0.0,0.0,0.0,0.0,0.0,3855.0,4020.0,4395.0,4056.0,0.0,0.0,0.0,0.0,0.0,0.0,0.0,0.0,0.9880324551978322,0.9932459748376243,0.9957335673074341,0.9906582829762748,0.667919298203798,0.7558058029662575,0.8136366610646346,0.7239805768944615,0.20833333333333334,0.29166666666666663,0.6166666666666666,0.4066666666666666,11.995368637781004,14.025027107264023,15.519043392398153,14.580637869161842,-0.05399782445367475,-0.03853519144324695,-0.017277499889774277,-0.042006700645998464,,,,,0.0,0.0,0.0,0.0,1.0244331844320256,1.3458321601703604,1.5159336227349287,1.3426265259552532,-4.1446390374350124e-16,-2.603002461577006e-16,-5.172342020501885e-17,-2.3908465288374433e-16,,,,,,,,,,,,,,,,,,,,,,,,,,,,,,,,,,,,,,,,,,,,
cons__gnn,latency,0.0,10,20.0,20.0,20.0,20.0,60.0,60.0,60.0,60.0,-0.000147447448222825,-3.251436630342986e-05,-5.055503730394804e-06,-0.00025522565336490426,5.055503730394804e-06,3.251436630342986e-05,0.000147447448222825,0.00025522565336490426,0.00080456168637185,0.0016016641724255001,0.0070531968927976,0.00342620606835402,5040.0,5340.0,6000.0,5424.0,0.0,0.0,0.0,0.0,0.0,0.0,0.0,0.0,0.0,0.0,0.0,0.0,0.0,0.0,0.0,0.0,5040.0,5340.0,6000.0,5424.0,5040.0,5340.0,6000.0,5424.0,1.0,1.0,1.0,1.0,0.0,0.0,0.0,0.0,161280.0,170880.0,192000.0,173568.0,32.0,32.0,32.0,32.0,0.0,0.0,0.0,0.0,5040.0,5340.0,6000.0,5424.0,0.0,0.0,0.0,0.0,0.0,0.0,0.0,0.0,0.0,0.0,0.0,0.0,0.0,0.0,0.0,0.0,0.0,0.0,0.0,0.0,0.0,0.0,0.0,0.0,0.7751823148861303,0.8017804312866479,0.8244725864254765,0.7976882782553805,0.9748857184348677,0.9914447490765876,0.9970804973187001,0.9848699097040257,1.0,1.0,1.0,1.0,2.1305264092043885e-05,0.00012568370607327268,0.00070216520923705,0.000757266112831757,-0.3170851646418427,-0.2709003696007378,-0.24807298464870536,-0.28628367916682584,15.75,19.0,21.75,20.9,1.0,1.0,1.0,1.0,1.0244331844320256,1.3458321601703604,1.5159336227349287,1.3426265259552532,1.0244331844320258,1.3458321601703604,1.5159336227349285,1.3426265259552532,,,,,,,,,,,,,,,,,,,,,,,,,,,,,,,,,,,,,,,,,,,,
cons__gnn,latency,1.0,10,20.0,20.0,20.0,20.0,60.0,60.0,60.0,60.0,-0.001439504758650075,-0.00034573440306915,-5.64291158075978e-05,-0.0018607737063002147,5.64291158075978e-05,0.00034573440306915,0.001439504758650075,0.0018607737063002147,0.00015561624265425001,0.0028757554138054498,0.0058037068178452755,0.004432710613007993,5040.0,5340.0,6000.0,5424.0,0.0,0.0,0.0,0.0,0.0,0.0,0.0,0.0,1.0,1.0,1.0,1.0,1.0,1.0,1.0,1.0,5040.0,5340.0,6000.0,5424.0,4956.0,5251.0,5900.0,5333.6,0.9833333333333332,0.9833333333333332,0.9833333333333332,0.9833333333333331,0.0166666666666667,0.0166666666666667,0.0166666666666667,0.016666666666666698,158592.0,168032.0,188800.0,170675.2,32.0,32.0,32.0,32.0,0.0,0.0,0.0,0.0,4956.0,5251.0,5900.0,5333.6,0.0,0.0,0.0,0.0,0.0,0.0,0.0,0.0,0.0,0.0,0.0,0.0,0.0,0.0,0.0,0.0,0.0,0.0,0.0,0.0,0.0,0.0,0.0,0.0,0.8035577403260773,0.8305746731159165,0.84274888313804,0.8264075793835209,0.9792966877193989,0.9919600410989584,0.9954254114697354,0.9774390448332124,1.0,1.0,1.0,1.0,0.00018491943491602452,0.0008553096860656501,0.005394976431814075,0.00496745162422303,-0.3170850372177478,-0.27089513933878445,-0.24806822812438675,-0.2862569200326102,20.5,24.0,27.75,26.3,1.0,1.0,1.0,1.0,1.0244331844320256,1.3458321601703604,1.5159336227349287,1.3426265259552532,1.0073592980248252,1.3234016241675213,1.4906680623560127,1.3202494171893324,,,,,,,,,,,,,,,,,,,,,,,,,,,,,,,,,,,,,,,,,,,,
cons__gnn,latency,2.0,10,20.0,20.0,20.0,20.0,60.0,60.0,60.0,60.0,-0.00827994262317025,-0.00150836147238105,-0.00034135229995952505,-0.0089980552225206,0.00034135229995952505,0.00150836147238105,0.00827994262317025,0.0089980552225206,0.000544607246923925,0.0043821153412145,0.007634594008804426,0.005850877388251667,5040.0,5340.0,6000.0,5424.0,0.0,0.0,0.0,0.0,0.0,0.0,0.0,0.0,2.0,2.0,2.0,2.0,2.0,2.0,2.0,2.0,5040.0,5340.0,6000.0,5424.0,4872.0,5162.0,5800.0,5243.2,0.9666666666666668,0.9666666666666668,0.9666666666666668,0.9666666666666668,0.0333333333333333,0.0333333333333333,0.0333333333333333,0.033333333333333305,155904.0,165184.0,185600.0,167782.4,32.0,32.0,32.0,32.0,0.0,0.0,0.0,0.0,4872.0,5162.0,5800.0,5243.2,0.0,0.0,0.0,0.0,0.0,0.0,0.0,0.0,0.0,0.0,0.0,0.0,0.0,0.0,0.0,0.0,0.0,0.0,0.0,0.0,0.0,0.0,0.0,0.0,0.8264858387960852,0.8544414960001676,0.8711473147269573,0.8509475748926839,0.9762113220576303,0.989986736215771,0.9939840690363096,0.9673148726818084,1.0,1.0,1.0,1.0,0.0009362972934671,0.00342376562386655,0.015014090144150552,0.02429697004185606,-0.3170840478628299,-0.2708649015799939,-0.24804977384678134,-0.2861379653406732,26.25,29.0,34.25,31.9,1.0,1.0,1.0,1.0,1.0244331844320256,1.3458321601703604,1.5159336227349287,1.3426265259552532,0.990285411617625,1.3009710881646819,1.4654025019770973,1.2978723084234116,,,,,,,,,,,,,,,,,,,,,,,,,,,,,,,,,,,,,,,,,,,,
cons__gnn,latency,4.0,10,20.0,20.0,20.0,20.0,60.0,60.0,60.0,60.0,-0.037434749365165,-0.0138905600129978,-0.004203417650634025,-0.2471727546662485,0.004203417650634025,0.0138905600129978,0.037434749365165,0.2471727546662485,0.0040601596926157,0.008799719203628,0.0213164635061028,0.01978071061716962,5040.0,5340.0,6000.0,5424.0,0.0,0.0,0.0,0.0,0.0,0.0,0.0,0.0,4.0,4.0,4.0,4.0,4.0,4.0,4.0,4.0,5040.0,5340.0,6000.0,5424.0,4704.0,4984.0,5600.0,5062.4,0.9333333333333332,0.9333333333333332,0.9333333333333332,0.9333333333333332,0.0666666666666666,0.0666666666666666,0.0666666666666666,0.06666666666666661,150528.0,159488.0,179200.0,161996.8,32.0,32.0,32.0,32.0,0.0,0.0,0.0,0.0,4704.0,4984.0,5600.0,5062.4,0.0,0.0,0.0,0.0,0.0,0.0,0.0,0.0,0.0,0.0,0.0,0.0,0.0,0.0,0.0,0.0,0.0,0.0,0.0,0.0,0.0,0.0,0.0,0.0,0.8605320833717165,0.8845597635268952,0.9066894713003684,0.8915158200310416,0.9631770985782416,0.9864967067320192,0.9924892885329601,0.966918454356532,1.0,1.0,1.0,1.0,0.011364146036340726,0.026815863931934,0.06387947823054985,0.6191334567909673,-0.31705861879956687,-0.2705282181070082,-0.24786970602715722,-0.28216838701661107,35.25,38.5,40.75,38.0,1.0,1.0,1.0,0.8,1.0244331844320256,1.3458321601703604,1.5159336227349287,1.3426265259552532,0.9561376388032239,1.256110016159003,1.4148713812192664,1.25311809089157,,,,,,,,,,,,,,,,,,,,,,,,,,,,,,,,,,,,,,,,,,,,
cons__gnn,latency,8.0,10,20.0,20.0,20.0,20.0,60.0,60.0,60.0,60.0,-0.1970592690309657,-0.1634650594669363,-0.10607523151213123,-1.4089149314246003,0.10607523151213123,0.1634650594669363,0.1970592690309657,1.4089149314246003,0.015442683777127625,0.02325326117758185,0.03050533513986905,0.0823627514627495,5040.0,5340.0,6000.0,5424.0,0.0,0.0,0.0,0.0,0.0,0.0,0.0,0.0,8.0,8.0,8.0,8.0,8.0,8.0,8.0,8.0,5040.0,5340.0,6000.0,5424.0,4368.0,4628.0,5200.0,4700.8,0.8666666666666667,0.8666666666666667,0.8666666666666667,0.8666666666666668,0.1333333333333333,0.1333333333333333,0.1333333333333333,0.1333333333333333,139776.0,148096.0,166400.0,150425.6,32.0,32.0,32.0,32.0,0.0,0.0,0.0,0.0,4368.0,4628.0,5200.0,4700.8,0.0,0.0,0.0,0.0,0.0,0.0,0.0,0.0,0.0,0.0,0.0,0.0,0.0,0.0,0.0,0.0,0.0,0.0,0.0,0.0,0.0,0.0,0.0,0.0,0.9155995251070094,0.9224334137478888,0.9270620903563574,0.9275229249061754,0.9589428170952485,0.9816413108868992,0.9893162817080027,0.9731501223679041,0.9374999999999999,0.9666666666666666,0.9958333333333333,0.9649999999999999,0.22944539686828438,0.24531395810338866,0.3309112925056112,1.700918218091239,-0.2977446320162413,-0.2530883611882012,-0.2276153594902136,-0.26280601740397186,48.0,56.0,59.0,53.8,0.0,0.5,1.0,0.5,1.0244331844320256,1.3458321601703604,1.5159336227349287,1.3426265259552532,0.8878420931744222,1.166387872147646,1.3138091397036042,1.1636096558278861,,,,,,,,,,,,,,,,,,,,,,,,,,,,,,,,,,,,,,,,,,,,
cons__gnn,msg_drop,0.0,10,20.0,20.0,20.0,20.0,60.0,60.0,60.0,60.0,-0.000147447448222825,-3.251436630342986e-05,-5.055503730394804e-06,-0.00025522565336490426,5.055503730394804e-06,3.251436630342986e-05,0.000147447448222825,0.00025522565336490426,0.00080456168637185,0.0016016641724255001,0.0070531968927976,0.00342620606835402,5040.0,5340.0,6000.0,5424.0,0.0,0.0,0.0,0.0,0.0,0.0,0.0,0.0,0.0,0.0,0.0,0.0,0.0,0.0,0.0,0.0,5040.0,5340.0,6000.0,5424.0,5040.0,5340.0,6000.0,5424.0,1.0,1.0,1.0,1.0,0.0,0.0,0.0,0.0,161280.0,170880.0,192000.0,173568.0,32.0,32.0,32.0,32.0,0.0,0.0,0.0,0.0,5040.0,5340.0,6000.0,5424.0,0.0,0.0,0.0,0.0,0.0,0.0,0.0,0.0,0.0,0.0,0.0,0.0,0.0,0.0,0.0,0.0,0.0,0.0,0.0,0.0,0.0,0.0,0.0,0.0,0.7751823148861303,0.8017804312866479,0.8244725864254765,0.7976882782553805,0.9748857184348677,0.9914447490765876,0.9970804973187001,0.9848699097040257,1.0,1.0,1.0,1.0,2.1305264092043885e-05,0.00012568370607327268,0.00070216520923705,0.000757266112831757,-0.3170851646418427,-0.2709003696007378,-0.24807298464870536,-0.28628367916682584,15.75,19.0,21.75,20.9,1.0,1.0,1.0,1.0,1.0244331844320256,1.3458321601703604,1.5159336227349287,1.3426265259552532,1.0244331844320258,1.3458321601703604,1.5159336227349285,1.3426265259552532,,,,,,,,,,,,,,,,,,,,,,,,,,,,,,,,,,,,,,,,,,,,
cons__gnn,msg_drop,0.1,10,20.0,20.0,20.0,20.0,60.0,60.0,60.0,60.0,-8.227166336182359e-05,-3.42353747417868e-05,-5.988567366016156e-06,-0.00011753359241648945,5.988567366016156e-06,3.42353747417868e-05,8.227166336182359e-05,0.00011753359241648945,0.001757822935351825,0.0027032581013207,0.00347620192633365,0.0043450939005118434,5040.0,5340.0,6000.0,5424.0,0.0,0.0,0.0,0.0,0.09877999068250638,0.1027186761229314,0.10337381164587045,0.10125260185705628,0.0,0.0,0.0,0.0,0.0,0.0,0.0,0.0,5040.0,5340.0,6000.0,5424.0,4533.75,4787.0,5381.25,4875.3,0.8966261883541295,0.8972813238770685,0.9012200093174936,0.8987473981429437,0.0987799906825063,0.1027186761229314,0.10337381164587045,0.10125260185705628,145080.0,153184.0,172200.0,156009.6,32.0,32.0,32.0,32.0,0.0,0.0,0.0,0.0,4533.75,4787.0,5381.25,4875.3,0.0,0.0,0.0,0.0,0.0,0.0,0.0,0.0,482.75,553.0,613.5,548.7,0.0,0.0,0.0,0.0,0.0,0.0,0.0,0.0,0.0,0.0,0.0,0.0,0.7799712869415321,0.7936142396165569,0.8021976527654733,0.7931760076263406,0.9855927206336288,0.990891878953623,0.9969644668484114,0.9888279517456933,1.0,1.0,1.0,1.0,2.628349709945698e-05,0.00012305811830514088,0.0002122456982119,0.0003138933422396582,-0.3170851650762402,-0.2709003409172639,-0.2480733279873708,-0.28628597403450823,15.75,19.5,21.0,19.2,1.0,1.0,1.0,1.0,1.0244331844320256,1.3458321601703604,1.5159336227349287,1.3426265259552532,1.002316302524644,1.289004468589311,1.483943162620112,1.2966025515428263,,,,,,,,,,,,,,,,,,,,,,,,,,,,,,,,,,,,,,,,,,,,
cons__gnn,msg_drop,0.3,10,20.0,20.0,20.0,20.0,60.0,60.0,60.0,60.0,-4.2651726635209904e-05,-1.3011322652609408e-05,-3.833309814207457e-06,-0.0001057115416090195,3.833309814207457e-06,1.3011322652609408e-05,4.2651726635209904e-05,0.0001057115416090195,0.0007292383524111836,0.0052211027625714,0.007494094995874775,0.007823156912590805,5040.0,5340.0,6000.0,5424.0,0.0,0.0,0.0,0.0,0.29615299823633157,0.2991537717601547,0.3033909853249476,0.30012270076560144,0.0,0.0,0.0,0.0,0.0,0.0,0.0,0.0,5040.0,5340.0,6000.0,5424.0,3561.5,3730.5,4171.0,3796.7,0.6966090146750524,0.7008462282398453,0.7038470017636684,0.6998772992343985,0.29615299823633157,0.2991537717601547,0.3033909853249475,0.30012270076560144,113968.0,119376.0,133472.0,121494.4,32.0,32.0,32.0,32.0,0.0,0.0,0.0,0.0,3561.5,3730.5,4171.0,3796.7,0.0,0.0,0.0,0.0,0.0,0.0,0.0,0.0,1457.5,1609.5,1829.0,1627.3,0.0,0.0,0.0,0.0,0.0,0.0,0.0,0.0,0.0,0.0,0.0,0.0,0.7821862794289481,0.7908168677957521,0.8004830206782427,0.7924592167947,0.9861992283111402,0.9937457445628266,0.9959005439324408,0.9895630674006443,1.0,1.0,1.0,1.0,1.527910199792797e-05,4.9166046228269276e-05,0.00019144726988402498,0.00025801156259427433,-0.3170851653768436,-0.2709005784236143,-0.248073069846351,-0.28628617106868837,15.0,16.0,19.5,17.1,1.0,1.0,1.0,1.0,1.0244331844320256,1.3458321601703604,1.5159336227349287,1.3426265259552532,0.7523290846794906,0.9585068278325497,1.1559670439757588,0.978214917434881,,,,,,,,,,,,,,,,,,,,,,,,,,,,,,,,,,,,,,,,,,,,
cons__gnn,msg_drop,0.5,10,20.0,20.0,20.0,20.0,60.0,60.0,60.0,60.0,-0.0002470951532538767,-1.7304522925469293e-05,-8.020755942089102e-06,-0.0001653493031101376,8.020755942089102e-06,1.7304522925469293e-05,0.0002470951532538767,0.0001653493031101376,0.001399417805882825,0.00459870025706875,0.023447971586762748,0.01547263491464794,5040.0,5340.0,6000.0,5424.0,0.0,0.0,0.0,0.0,0.49408068783068776,0.49688285570638513,0.5059596555174386,0.4996235639791135,0.0,0.0,0.0,0.0,0.0,0.0,0.0,0.0,5040.0,5340.0,6000.0,5424.0,2550.5,2613.5,3019.0,2715.7,0.49404034448256146,0.5031171442936149,0.5059193121693122,0.5003764360208864,0.49408068783068776,0.49688285570638513,0.5059596555174386,0.4996235639791135,81616.0,83632.0,96608.0,86902.4,32.0,32.0,32.0,32.0,0.0,0.0,0.0,0.0,2550.5,2613.5,3019.0,2715.7,0.0,0.0,0.0,0.0,0.0,0.0,0.0,0.0,2480.5,2726.5,2981.0,2708.3,0.0,0.0,0.0,0.0,0.0,0.0,0.0,0.0,0.0,0.0,0.0,0.0,0.7884371831653441,0.797994476903791,0.8355178799017083,0.8045272250606408,0.9833744425279586,0.9924045281079902,0.9971044503477602,0.9892891583670345,1.0,1.0,1.0,0.9983333333333334,2.895448811661824e-05,5.797012156480975e-05,0.0005950119029947,0.000402536956738923,-0.31708515751808775,-0.27090063368043393,-0.24806459523055863,-0.2862851771059967,16.0,17.0,19.0,17.4,1.0,1.0,1.0,1.0,1.0244331844320256,1.3458321601703604,1.5159336227349287,1.3426265259552532,0.3557292448486561,0.45435695571874035,0.6217194377620987,0.4903705255914555,,,,,,,,,,,,,,,,,,,,,,,,,,,,,,,,,,,,,,,,,,,,
cons__gnn,msg_drop,0.7,10,20.0,20.0,20.0,20.0,60.0,60.0,60.0,60.0,-0.002126368485285175,-0.00034791645240155,-9.255252638997331e-05,-0.0022190256773840997,9.255252638997331e-05,0.00034791645240155,0.002126368485285175,0.0022190256773840997,0.000217744057822725,0.00324276342134755,0.00856260781513545,0.008387760294440137,5040.0,5340.0,6000.0,5424.0,0.0,0.0,0.0,0.0,0.6952040745376165,0.7012484737484737,0.70645964360587,0.7010229071834448,0.0,0.0,0.0,0.0,0.0,0.0,0.0,0.0,5040.0,5340.0,6000.0,5424.0,1496.75,1555.0,1824.5,1622.7,0.29354035639412995,0.29875152625152623,0.30479592546238354,0.29897709281655505,0.6952040745376165,0.7012484737484737,0.70645964360587,0.7010229071834448,47896.0,49760.0,58384.0,51926.4,32.0,32.0,32.0,32.0,0.0,0.0,0.0,0.0,1496.75,1555.0,1824.5,1622.7,0.0,0.0,0.0,0.0,0.0,0.0,0.0,0.0,3512.5,3788.5,4175.5,3801.3,0.0,0.0,0.0,0.0,0.0,0.0,0.0,0.0,0.0,0.0,0.0,0.0,0.8185074932763915,0.8358439341810509,0.8682931242297705,0.8419381794726707,0.9807456568536269,0.9918032733157633,0.9930609277671192,0.985525568834434,0.9708333333333334,0.9833333333333332,0.9958333333333333,0.9816666666666665,0.0002520204957434,0.0008615052118779,0.0057386573571301756,0.003943170542914655,-0.31708503134631516,-0.27089521113236026,-0.24792223241121153,-0.28625094916642546,18.5,21.0,23.75,21.9,1.0,1.0,1.0,1.0,1.0244331844320256,1.3458321601703604,1.5159336227349287,1.3426265259552532,0.027585435928264925,0.0555434265707872,0.09714241227975975,0.07433397059509782,,,,,,,,,,,,,,,,,,,,,,,,,,,,,,,,,,,,,,,,,,,,
cons__gnn,msg_drop,1.0,10,20.0,20.0,20.0,20.0,60.0,60.0,60.0,60.0,-19.025110380737974,-16.254054690410573,-14.884474061156599,-17.177275975662912,14.884474061156599,16.254054690410573,19.025110380737974,17.177275975662912,0.74422370305783,0.8127027345205287,0.9512555190368986,0.8588637987831456,5040.0,5340.0,6000.0,5424.0,0.0,0.0,0.0,0.0,1.0,1.0,1.0,1.0,0.0,0.0,0.0,0.0,0.0,0.0,0.0,0.0,5040.0,5340.0,6000.0,5424.0,0.0,0.0,0.0,0.0,0.0,0.0,0.0,0.0,1.0,1.0,1.0,1.0,0.0,0.0,0.0,0.0,0.0,0.0,0.0,0.0,0.0,0.0,0.0,0.0,0.0,0.0,0.0,0.0,0.0,0.0,0.0,0.0,0.0,0.0,0.0,0.0,5040.0,5340.0,6000.0,5424.0,0.0,0.0,0.0,0.0,0.0,0.0,0.0,0.0,0.0,0.0,0.0,0.0,1.0,1.0,1.0,1.0,0.0,0.0,0.0,0.0,1.0,1.0,1.0,1.0,14.884474061156602,16.254054690410573,19.02511038073797,17.177275975662912,0.0,0.0,0.0,0.0,,,,,0.0,0.0,0.0,0.0,1.0244331844320256,1.3458321601703604,1.5159336227349287,1.3426265259552532,0.0,0.0,0.0,0.0,,,,,,,,,,,,,,,,,,,,,,,,,,,,,,,,,,,,,,,,,,,,
cons__gnn,spoof,0.0,10,20.0,20.0,20.0,20.0,60.0,60.0,60.0,60.0,-0.000147447448222825,-3.251436630342986e-05,-5.055503730394804e-06,-0.00025522565336490426,5.055503730394804e-06,3.251436630342986e-05,0.000147447448222825,0.00025522565336490426,0.00080456168637185,0.0016016641724255001,0.0070531968927976,0.00342620606835402,5040.0,5340.0,6000.0,5424.0,0.0,0.0,0.0,0.0,0.0,0.0,0.0,0.0,0.0,0.0,0.0,0.0,0.0,0.0,0.0,0.0,5040.0,5340.0,6000.0,5424.0,5040.0,5340.0,6000.0,5424.0,1.0,1.0,1.0,1.0,0.0,0.0,0.0,0.0,161280.0,170880.0,192000.0,173568.0,32.0,32.0,32.0,32.0,0.0,0.0,0.0,0.0,5040.0,5340.0,6000.0,5424.0,0.0,0.0,0.0,0.0,0.0,0.0,0.0,0.0,0.0,0.0,0.0,0.0,0.0,0.0,0.0,0.0,0.0,0.0,0.0,0.0,0.0,0.0,0.0,0.0,0.7751823148861303,0.8017804312866479,0.8244725864254765,0.7976882782553805,0.9748857184348677,0.9914447490765876,0.9970804973187001,0.9848699097040257,1.0,1.0,1.0,1.0,2.1305264092043885e-05,0.00012568370607327268,0.00070216520923705,0.000757266112831757,-0.3170851646418427,-0.2709003696007378,-0.24807298464870536,-0.28628367916682584,15.75,19.0,21.75,20.9,1.0,1.0,1.0,1.0,1.0244331844320256,1.3458321601703604,1.5159336227349287,1.3426265259552532,1.0244331844320258,1.3458321601703604,1.5159336227349285,1.3426265259552532,,,,,,,,,,,,,,,,,,,,,,,,,,,,,,,,,,,,,,,,,,,,
cons__gnn,spoof,0.1,10,20.0,20.0,20.0,20.0,60.0,60.0,60.0,60.0,-0.05161336390829273,-0.026255498510901448,-0.023549979542305876,-0.04094719449294772,0.023549979542305876,0.026255498510901448,0.05161336390829273,0.04094719449294772,0.002736901356811775,0.0060708982025089505,0.009264071510155375,0.00649519804817415,5040.0,5340.0,6000.0,5424.0,0.10465994094388295,0.11185227380287896,0.11902480600275095,0.11285020149241745,0.0,0.0,0.0,0.0,0.0,0.0,0.0,0.0,0.0,0.0,0.0,0.0,5040.0,5340.0,6000.0,5424.0,5040.0,5340.0,6000.0,5424.0,1.0,1.0,1.0,1.0,0.0,0.0,0.0,0.0,161280.0,170880.0,192000.0,173568.0,32.0,32.0,32.0,32.0,0.0,0.0,0.0,0.0,4535.25,4790.5,5382.0,4879.4,0.0,0.0,0.0,0.0,488.25,549.5,603.0,544.6,0.0,0.0,0.0,0.0,0.0,0.0,0.0,0.0,0.0,0.0,0.0,0.0,0.0,0.0,0.0,0.0,0.8353918363691366,0.8804500644980922,0.8921265840061544,0.8685207366784912,0.8235593206231069,0.8709980480488381,0.9190188016077214,0.8532310317756144,0.7166666666666667,0.7333333333333333,0.775,0.745,0.023354159700855925,0.0359670006149993,0.04355260340809522,0.03517316164535269,-0.3166497029567026,-0.2699502510236872,-0.24770487343774578,-0.285605479686166,17.5,19.5,23.75,21.0,1.0,1.0,1.0,1.0,1.0244331844320256,1.3458321601703604,1.5159336227349287,1.3426265259552532,1.0244331844320258,1.3458321601703604,1.5159336227349285,1.3426265259552532,,,,,,,,,,,,,,,,,,,,,,,,,,,,,,,,,,,,,,,,,,,,
cons__gnn,spoof,0.3,10,20.0,20.0,20.0,20.0,60.0,60.0,60.0,60.0,-0.1316621952102422,-0.1140025573201306,-0.09032647817030982,-0.11392633233190523,0.09032647817030982,0.1140025573201306,0.1316621952102422,0.11392633233190523,0.00942160325717605,0.0235864196049499,0.035162731246197725,0.02825898525406112,5040.0,5340.0,6000.0,5424.0,0.31077141671720154,0.32178774679395694,0.3301493842963748,0.3250957499798447,0.0,0.0,0.0,0.0,0.0,0.0,0.0,0.0,0.0,0.0,0.0,0.0,5040.0,5340.0,6000.0,5424.0,5040.0,5340.0,6000.0,5424.0,1.0,1.0,1.0,1.0,0.0,0.0,0.0,0.0,161280.0,170880.0,192000.0,173568.0,32.0,32.0,32.0,32.0,0.0,0.0,0.0,0.0,3534.0,3754.5,4193.75,3808.6,0.0,0.0,0.0,0.0,1492.0,1585.5,1806.25,1615.4,0.0,0.0,0.0,0.0,0.0,0.0,0.0,0.0,0.0,0.0,0.0,0.0,0.0,0.0,0.0,0.0,0.8509105505879463,0.8633915089485664,0.8845814179793797,0.8638605204312869,0.7491517220990522,0.8474512294292782,0.9119504846045603,0.8185300309866262,0.6208333333333333,0.65,0.7125,0.6633333333333333,0.08964470384460466,0.0979997748359322,0.10847816346678613,0.1037282999395315,-0.3159693768789276,-0.2684403826892253,-0.24596434867536868,-0.28438916072218345,18.25,20.5,21.0,19.9,1.0,1.0,1.0,1.0,1.0244331844320256,1.3458321601703604,1.5159336227349287,1.3426265259552532,1.0244331844320258,1.3458321601703604,1.5159336227349285,1.3426265259552532,,,,,,,,,,,,,,,,,,,,,,,,,,,,,,,,,,,,,,,,,,,,
cons__gnn,spoof,0.5,10,20.0,20.0,20.0,20.0,60.0,60.0,60.0,60.0,-0.25005486111586583,-0.22076410366828358,-0.16666007201609756,-0.21002364779126387,0.16666007201609756,0.22076410366828358,0.25005486111586583,0.21002364779126387,0.017232234454764052,0.0266168610142925,0.049446419920797,0.045710929757700816,5040.0,5340.0,6000.0,5424.0,0.5310046284275963,0.5421707968182687,0.5547188663561498,0.5466851108018881,0.0,0.0,0.0,0.0,0.0,0.0,0.0,0.0,0.0,0.0,0.0,0.0,5040.0,5340.0,6000.0,5424.0,5040.0,5340.0,6000.0,5424.0,1.0,1.0,1.0,1.0,0.0,0.0,0.0,0.0,161280.0,170880.0,192000.0,173568.0,32.0,32.0,32.0,32.0,0.0,0.0,0.0,0.0,2479.5,2610.5,2967.0,2694.7,0.0,0.0,0.0,0.0,2537.5,2729.5,3033.0,2729.3,0.0,0.0,0.0,0.0,0.0,0.0,0.0,0.0,0.0,0.0,0.0,0.0,0.0,0.0,0.0,0.0,0.8870238837507819,0.9265546102279265,0.9414502314717236,0.9156590494866311,0.6240251565835975,0.7191999669545267,0.8322844445508818,0.7265179069630269,0.6166666666666667,0.625,0.6625,0.6433333333333333,0.18961441938176127,0.21041649577423116,0.24644421145427292,0.2137831035798247,-0.31308583829381226,-0.2676248287291253,-0.24339405272436507,-0.2827875387978608,24.0,28.0,34.0,30.22222222222222,1.0,1.0,1.0,0.9,1.0244331844320256,1.3458321601703604,1.5159336227349287,1.3426265259552532,1.0244331844320258,1.3458321601703604,1.5159336227349285,1.3426265259552532,,,,,,,,,,,,,,,,,,,,,,,,,,,,,,,,,,,,,,,,,,,,
cons__gnn,spoof,1.0,10,20.0,20.0,20.0,20.0,60.0,60.0,60.0,60.0,-1.1223799379990886,-0.7973840982561732,-0.5817961788877294,-0.8674787219606076,0.5817961788877294,0.7973840982561732,1.1223799379990886,0.8674787219606076,0.05051031128360783,0.06996055979924105,0.14176351107073734,0.09061176775693093,5040.0,5340.0,6000.0,5424.0,1.0999502488699768,1.1167512986915487,1.13574631703678,1.117230203553199,0.0,0.0,0.0,0.0,0.0,0.0,0.0,0.0,0.0,0.0,0.0,0.0,5040.0,5340.0,6000.0,5424.0,5040.0,5340.0,6000.0,5424.0,1.0,1.0,1.0,1.0,0.0,0.0,0.0,0.0,161280.0,170880.0,192000.0,173568.0,32.0,32.0,32.0,32.0,0.0,0.0,0.0,0.0,0.0,0.0,0.0,0.0,0.0,0.0,0.0,0.0,5040.0,5340.0,6000.0,5424.0,0.0,0.0,0.0,0.0,0.0,0.0,0.0,0.0,0.0,0.0,0.0,0.0,0.0,0.0,0.0,0.0,0.9342071091625218,0.952238834701048,0.9570059869719207,0.9474588382843067,0.6693396269892564,0.758952414010517,0.841429478777021,0.7262609603108588,0.5833333333333334,0.6083333333333334,0.6625,0.6133333333333333,0.7635638270887211,0.9113781571081103,1.1165758993105899,0.9150707224151367,-0.3023888172177871,-0.2619448012074884,-0.22539346390073106,-0.27182995422837175,,,,,0.0,0.0,0.0,0.0,1.0244331844320256,1.3458321601703604,1.5159336227349287,1.3426265259552532,1.0244331844320258,1.3458321601703604,1.5159336227349285,1.3426265259552532,,,,,,,,,,,,,,,,,,,,,,,,,,,,,,,,,,,,,,,,,,,,
cons__hybrid,bandwidth,0.0,10,20.0,20.0,20.0,20.0,60.0,60.0,60.0,60.0,-8.37556023234112e-06,-4.789293840710896e-06,-3.5345945110810938e-06,-6.194430503114597e-06,3.5345945110810938e-06,4.789293840710896e-06,8.37556023234112e-06,6.194430503114597e-06,0.005905381640584275,0.0341953542950516,0.1538946706836202,0.0789392662310557,2640.0,2640.0,2640.0,2640.0,0.0,0.0,0.0,0.0,0.0,0.0,0.0,0.0,0.0,0.0,0.0,0.0,0.0,0.0,0.0,0.0,2640.0,2640.0,2640.0,2640.0,2640.0,2640.0,2640.0,2640.0,1.0,1.0,1.0,1.0,0.0,0.0,0.0,0.0,84480.0,84480.0,84480.0,84480.0,32.0,32.0,32.0,32.0,0.0,0.0,0.0,0.0,2640.0,2640.0,2640.0,2640.0,0.0,0.0,0.0,0.0,0.0,0.0,0.0,0.0,0.0,0.0,0.0,0.0,0.0,0.0,0.0,0.0,0.0,0.0,0.0,0.0,0.0,0.0,0.0,0.0,0.7895619411100778,0.7901459089378824,0.7919392705754041,0.7898970750283839,0.9978852193182919,0.9985292551330893,0.9995027314323376,0.9977199677271154,1.0,1.0,1.0,1.0,1.7042498740620872e-05,2.3092191761426066e-05,4.038383307170355e-05,2.986723759040092e-05,-0.31708496789547413,-0.27090083307422475,-0.24807450808156178,-0.2862878296872068,14.25,15.5,17.0,15.2,1.0,1.0,1.0,1.0,0.4688711258507242,0.4688711258507249,0.4688711258507252,0.4688711258507247,0.46887112585072427,0.4688711258507249,0.4688711258507253,0.4688711258507247,,,,,,,,,,,,,,,,,,,,,,,,,,,,,,,,,,,,,,,,,,,,
cons__hybrid,bandwidth,1.0,10,20.0,20.0,20.0,20.0,60.0,60.0,60.0,60.0,-112.95918366968954,-1.5198864545684885e-20,-2.2258180124156474e-21,-48.94897959062021,2.2258180124156474e-21,1.5198864545684885e-20,112.95918366968954,48.94897959062021,7.364441983610574,7.538381285882451,8.687719657027113,8.078140999043862,2640.0,2640.0,2640.0,2640.0,0.28993306402178465,0.4172395684686262,1.740834085204192,0.9103010530460021,0.0,0.0,0.0,0.0,0.0,0.0,0.0,0.0,0.0,0.0,0.0,0.0,2640.0,2640.0,2640.0,2640.0,2640.0,2640.0,2640.0,2640.0,1.0,1.0,1.0,1.0,0.0,0.0,0.0,0.0,2640.0,2640.0,2640.0,2640.0,1.0,1.0,1.0,1.0,0.0,0.0,0.0,0.0,2640.0,2640.0,2640.0,2640.0,0.0,0.0,0.0,0.0,0.0,0.0,0.0,0.0,0.0,0.0,0.0,0.0,0.0,0.0,0.0,0.0,0.0,0.0,0.0,0.0,0.0,0.0,0.0,0.0,0.4256808250949776,0.43381921589827976,1.0,0.6568842372813671,0.0,0.9963015122101079,0.999522720644646,0.5991079073708171,0.020833333333333273,0.9583333333333334,0.9833333333333332,0.5933333333333333,4.194183033439795e-18,2.8639801091368004e-17,112.95918357121056,48.94897955892522,-0.2771766403392732,-0.21384358666562225,1.613657750808703,0.5295283935826218,7.0,7.5,9.5,8.166666666666666,0.0,1.0,1.0,0.6,0.4688711258507242,0.4688711258507249,0.4688711258507252,0.4688711258507247,0.46887112585072427,0.4688711258507249,0.4688711258507253,0.4688711258507247,,,,,,,,,,,,,,,,,,,,,,,,,,,,,,,,,,,,,,,,,,,,
cons__hybrid,bandwidth,2.0,10,20.0,20.0,20.0,20.0,60.0,60.0,60.0,60.0,-12.551020408069663,-12.551020408012313,-3.137755101994844,-9.622448979487354,3.137755101994844,12.551020408012313,12.551020408069663,9.622448979487354,0.6959528618236273,0.8495472238299729,0.9525817608231812,0.8547596942966583,2640.0,2640.0,2640.0,2640.0,0.06826726616730583,0.16711584792413345,0.17959645175227892,0.13708502264209216,0.0,0.0,0.0,0.0,0.0,0.0,0.0,0.0,0.0,0.0,0.0,0.0,2640.0,2640.0,2640.0,2640.0,2640.0,2640.0,2640.0,2640.0,1.0,1.0,1.0,1.0,0.0,0.0,0.0,0.0,5280.0,5280.0,5280.0,5280.0,2.0,2.0,2.0,2.0,0.0,0.0,0.0,0.0,2640.0,2640.0,2640.0,2640.0,0.0,0.0,0.0,0.0,0.0,0.0,0.0,0.0,0.0,0.0,0.0,0.0,0.0,0.0,0.0,0.0,0.0,0.0,0.0,0.0,0.0,0.0,0.0,0.0,0.48469303266634345,0.6888749917216496,0.7200546739738453,0.6216948177635653,0.8477724689547688,0.8837505479420099,0.9662732727596675,0.8894614693052748,0.1333333333333333,0.1583333333333333,0.7541666666666667,0.3966666666666666,3.1377551007971025,12.551020404079505,12.55102040563101,9.622448976765185,-0.2414902494281888,-0.07045749339632534,-0.022709483186723625,-0.12591378326959263,6.0,6.0,9.0,8.0,0.0,0.0,0.75,0.3,0.4688711258507242,0.4688711258507249,0.4688711258507252,0.4688711258507247,0.46887112585072427,0.4688711258507249,0.4688711258507253,0.4688711258507247,,,,,,,,,,,,,,,,,,,,,,,,,,,,,,,,,,,,,,,,,,,,
cons__hybrid,bandwidth,3.0,10,20.0,20.0,20.0,20.0,60.0,60.0,60.0,60.0,-3.0737192836271543,-2.3052894627396983,-2.305289462620184,-2.151603498538047,2.305289462620184,2.3052894627396983,3.0737192836271543,2.151603498538047,0.13122351909954552,0.1602045445425591,0.172356289664615,0.2074927700664011,2640.0,2640.0,2640.0,2640.0,0.0294967245270926,0.03332225547613795,0.040000893842352905,0.030004679742802493,0.0,0.0,0.0,0.0,0.0,0.0,0.0,0.0,0.0,0.0,0.0,0.0,2640.0,2640.0,2640.0,2640.0,2640.0,2640.0,2640.0,2640.0,1.0,1.0,1.0,1.0,0.0,0.0,0.0,0.0,7920.0,7920.0,7920.0,7920.0,3.0,3.0,3.0,3.0,0.0,0.0,0.0,0.0,2640.0,2640.0,2640.0,2640.0,0.0,0.0,0.0,0.0,0.0,0.0,0.0,0.0,0.0,0.0,0.0,0.0,0.0,0.0,0.0,0.0,0.0,0.0,0.0,0.0,0.0,0.0,0.0,0.0,0.6078432900899433,0.9306366548406186,0.9912714114639509,0.793770246614277,0.21865901547229935,0.4952739444387819,0.9626018042653839,0.5677193698291852,0.5875,1.0,1.0,0.7866666666666667,2.3052894599188987,2.305289463152274,3.0737192835055813,2.1516034984279386,-0.2658565182839206,-0.2460910884137537,-0.2168008464653408,-0.2504278746187477,6.0,6.0,6.0,6.0,0.0,0.0,0.0,0.2,0.4688711258507242,0.4688711258507249,0.4688711258507252,0.4688711258507247,0.46887112585072427,0.4688711258507249,0.4688711258507253,0.4688711258507247,,,,,,,,,,,,,,,,,,,,,,,,,,,,,,,,,,,,,,,,,,,,
cons__hybrid,bandwidth,4.0,10,20.0,20.0,20.0,20.0,60.0,60.0,60.0,60.0,-0.669387755155271,-0.5020408164362661,-0.5020408163370061,-0.46857142867671475,0.5020408163370061,0.5020408164362661,0.669387755155271,0.46857142867671475,0.027900661695089674,0.03860053508811025,0.14790701572798473,0.08765408650463233,2640.0,2640.0,2640.0,2640.0,0.0065989675849766,0.006958923586379,0.0090364076246604,0.00693670886393794,0.0,0.0,0.0,0.0,0.0,0.0,0.0,0.0,0.0,0.0,0.0,0.0,2640.0,2640.0,2640.0,2640.0,2640.0,2640.0,2640.0,2640.0,1.0,1.0,1.0,1.0,0.0,0.0,0.0,0.0,10560.0,10560.0,10560.0,10560.0,4.0,4.0,4.0,4.0,0.0,0.0,0.0,0.0,2640.0,2640.0,2640.0,2640.0,0.0,0.0,0.0,0.0,0.0,0.0,0.0,0.0,0.0,0.0,0.0,0.0,0.0,0.0,0.0,0.0,0.0,0.0,0.0,0.0,0.0,0.0,0.0,0.0,0.9673892510353221,0.9731783634803305,0.9766689248296183,0.8717632207201081,0.34132459026464507,0.38516334265441043,0.5049142495874221,0.4872683353899162,1.0,1.0,1.0,0.9966666666666667,0.5020408166099158,0.502040819295271,0.6693877565420974,0.4685714314198012,-0.30592871041954317,-0.26671723803714087,-0.23761538401197757,-0.27847840911643656,8.0,10.0,12.0,10.0,0.0,0.0,0.0,0.2,0.4688711258507242,0.4688711258507249,0.4688711258507252,0.4688711258507247,0.46887112585072427,0.4688711258507249,0.4688711258507253,0.4688711258507247,,,,,,,,,,,,,,,,,,,,,,,,,,,,,,,,,,,,,,,,,,,,
cons__hybrid,bandwidth,8.0,10,20.0,20.0,20.0,20.0,60.0,60.0,60.0,60.0,-0.00231622730343075,-0.00231622159392095,-0.00173717106607405,-0.00208460536419454,0.00173717106607405,0.00231622159392095,0.00231622730343075,0.00208460536419454,0.006322642749764,0.033989665710985995,0.1546871069700851,0.079451857893816,2640.0,2640.0,2640.0,2640.0,3.154161889743299e-05,3.4990040501977134e-05,3.63969457322938e-05,3.391740857733323e-05,0.0,0.0,0.0,0.0,0.0,0.0,0.0,0.0,0.0,0.0,0.0,0.0,2640.0,2640.0,2640.0,2640.0,2640.0,2640.0,2640.0,2640.0,1.0,1.0,1.0,1.0,0.0,0.0,0.0,0.0,21120.0,21120.0,21120.0,21120.0,8.0,8.0,8.0,8.0,0.0,0.0,0.0,0.0,2640.0,2640.0,2640.0,2640.0,0.0,0.0,0.0,0.0,0.0,0.0,0.0,0.0,0.0,0.0,0.0,0.0,0.0,0.0,0.0,0.0,0.0,0.0,0.0,0.0,0.0,0.0,0.0,0.0,0.857392298164841,0.8644958774596944,0.8771298231946245,0.8684909528722052,0.8148258364122378,0.8510342580147358,0.8798126044723174,0.8351617260235592,1.0,1.0,1.0,1.0,0.001737317281553175,0.0023162473364798,0.0023164018185591,0.0020847830641861098,-0.31704656905837636,-0.27086713322849865,-0.2480383766997694,-0.2862531895049786,14.25,15.5,17.0,15.2,1.0,1.0,1.0,1.0,0.4688711258507242,0.4688711258507249,0.4688711258507252,0.4688711258507247,0.46887112585072427,0.4688711258507249,0.4688711258507253,0.4688711258507247,,,,,,,,,,,,,,,,,,,,,,,,,,,,,,,,,,,,,,,,,,,,
cons__hybrid,byzantine,0.0,10,20.0,20.0,20.0,20.0,60.0,60.0,60.0,60.0,-8.37556023234112e-06,-4.789293840710896e-06,-3.5345945110810938e-06,-6.194430503114597e-06,3.5345945110810938e-06,4.789293840710896e-06,8.37556023234112e-06,6.194430503114597e-06,0.005905381640584275,0.0341953542950516,0.1538946706836202,0.0789392662310557,2640.0,2640.0,2640.0,2640.0,0.0,0.0,0.0,0.0,0.0,0.0,0.0,0.0,0.0,0.0,0.0,0.0,0.0,0.0,0.0,0.0,2640.0,2640.0,2640.0,2640.0,2640.0,2640.0,2640.0,2640.0,1.0,1.0,1.0,1.0,0.0,0.0,0.0,0.0,84480.0,84480.0,84480.0,84480.0,32.0,32.0,32.0,32.0,0.0,0.0,0.0,0.0,2640.0,2640.0,2640.0,2640.0,0.0,0.0,0.0,0.0,0.0,0.0,0.0,0.0,0.0,0.0,0.0,0.0,0.0,0.0,0.0,0.0,0.0,0.0,0.0,0.0,0.0,0.0,0.0,0.0,0.7895619411100778,0.7901459089378824,0.7919392705754041,0.7898970750283839,0.9978852193182919,0.9985292551330893,0.9995027314323376,0.9977199677271154,1.0,1.0,1.0,1.0,1.7042498740620872e-05,2.3092191761426066e-05,4.038383307170355e-05,2.986723759040092e-05,-0.31708496789547413,-0.27090083307422475,-0.24807450808156178,-0.2862878296872068,14.25,15.5,17.0,15.2,1.0,1.0,1.0,1.0,0.4688711258507242,0.4688711258507249,0.4688711258507252,0.4688711258507247,0.46887112585072427,0.4688711258507249,0.4688711258507253,0.4688711258507247,,,,,,,,,,,,,,,,,,,,,,,,,,,,,,,,,,,,,,,,,,,,
cons__hybrid,byzantine,0.1,10,20.0,20.0,20.0,20.0,60.0,60.0,60.0,60.0,-3.3597185019013596,-0.21357815675679365,-0.06711367321941661,-2.721917368062339,0.06711367321941661,0.21357815675679365,3.3597185019013596,2.721917368062339,0.031356054998657776,0.10061021143135315,0.21754849583784316,0.23197752022639762,2640.0,2640.0,2640.0,2640.0,0.0,0.0,0.0,0.0,0.0,0.0,0.0,0.0,0.0,0.0,0.0,0.0,0.0,0.0,0.0,0.0,2640.0,2640.0,2640.0,2640.0,2640.0,2640.0,2640.0,2640.0,1.0,1.0,1.0,1.0,0.0,0.0,0.0,0.0,84480.0,84480.0,84480.0,84480.0,32.0,32.0,32.0,32.0,0.0,0.0,0.0,0.0,2640.0,2640.0,2640.0,2640.0,0.0,0.0,0.0,0.0,0.0,0.0,0.0,0.0,0.0,0.0,0.0,0.0,0.0,0.0,0.0,0.0,0.0,0.0,0.0,0.0,0.0,0.0,0.0,0.0,0.9257704469001411,0.9314288352997244,0.9727435428477195,0.9373898274234099,0.08803640485821834,0.29610182214215025,0.4154346933897557,0.2674008490346541,0.55,0.575,0.625,0.5983333333333334,0.48888366866058613,3.8074650484724866,5.079944599795439,3.4227850991567896,-0.2819019541884995,-0.24929372992124105,-0.2287390488314321,-0.24092264346000963,13.5,19.5,26.75,21.6,1.0,1.0,1.0,1.0,0.4688711258507242,0.4688711258507249,0.4688711258507252,0.4688711258507247,0.46887112585072427,0.4688711258507249,0.4688711258507253,0.4688711258507247,,,,,,,,,,,,,,,,,,,,,,,,,,,,,,,,,,,,,,,,,,,,
cons__hybrid,byzantine,0.25,10,20.0,20.0,20.0,20.0,60.0,60.0,60.0,60.0,-5.539017161252797,-2.7610938027905605,-1.8812842839182498,-5.471984378299469,1.8812842839182498,2.7610938027905605,5.539017161252797,5.471984378299469,0.15665857539171768,0.20548699535077558,0.48221790421875554,0.4491190129513683,2640.0,2640.0,2640.0,2640.0,0.0,0.0,0.0,0.0,0.0,0.0,0.0,0.0,0.0,0.0,0.0,0.0,0.0,0.0,0.0,0.0,2640.0,2640.0,2640.0,2640.0,2640.0,2640.0,2640.0,2640.0,1.0,1.0,1.0,1.0,0.0,0.0,0.0,0.0,84480.0,84480.0,84480.0,84480.0,32.0,32.0,32.0,32.0,0.0,0.0,0.0,0.0,2640.0,2640.0,2640.0,2640.0,0.0,0.0,0.0,0.0,0.0,0.0,0.0,0.0,0.0,0.0,0.0,0.0,0.0,0.0,0.0,0.0,0.0,0.0,0.0,0.0,0.0,0.0,0.0,0.0,0.9017418029485106,0.9168981496674344,0.9617289059046646,0.9318331852938023,0.10877966552329882,0.20992212779972474,0.3062589705560226,0.21648768072196384,0.5,0.5166666666666667,0.5333333333333333,0.5166666666666666,2.909082164032843,5.10841437389427,7.712658128109528,5.371933213786189,-0.25455390229245195,-0.1904983430400838,-0.1479491063422681,-0.1950881932893907,19.0,22.5,29.25,27.9,1.0,1.0,1.0,1.0,0.4688711258507242,0.4688711258507249,0.4688711258507252,0.4688711258507247,0.46887112585072427,0.4688711258507249,0.4688711258507253,0.4688711258507247,,,,,,,,,,,,,,,,,,,,,,,,,,,,,,,,,,,,,,,,,,,,
cons__hybrid,byzantine,0.5,10,20.0,20.0,20.0,20.0,60.0,60.0,60.0,60.0,-15.452307680122829,-10.189191044138042,-2.8995972644821917,-12.504423324163817,2.8995972644821917,10.189191044138042,15.452307680122829,12.504423324163817,0.5392087948079687,0.7778334498038613,1.5221392939648872,0.9527646575814523,2640.0,2640.0,2640.0,2640.0,0.0,0.0,0.0,0.0,0.0,0.0,0.0,0.0,0.0,0.0,0.0,0.0,0.0,0.0,0.0,0.0,2640.0,2640.0,2640.0,2640.0,2640.0,2640.0,2640.0,2640.0,1.0,1.0,1.0,1.0,0.0,0.0,0.0,0.0,84480.0,84480.0,84480.0,84480.0,32.0,32.0,32.0,32.0,0.0,0.0,0.0,0.0,2640.0,2640.0,2640.0,2640.0,0.0,0.0,0.0,0.0,0.0,0.0,0.0,0.0,0.0,0.0,0.0,0.0,0.0,0.0,0.0,0.0,0.0,0.0,0.0,0.0,0.0,0.0,0.0,0.0,0.9222650673042402,0.9571996413579946,0.9723503151722663,0.9412231501690072,0.0986781675977693,0.12151695613399455,0.22294859269813871,0.20222092795571472,0.4833333333333333,0.5,0.5625,0.515,15.236413223249807,15.785310688147181,19.554911031033853,17.46538979691379,-0.19594265065417538,-0.14518277551210135,0.003956944605337374,-0.07788087752498499,,,,,0.0,0.0,0.0,0.0,0.4688711258507242,0.4688711258507249,0.4688711258507252,0.4688711258507247,0.46887112585072427,0.4688711258507249,0.4688711258507253,0.4688711258507247,,,,,,,,,,,,,,,,,,,,,,,,,,,,,,,,,,,,,,,,,,,,
cons__hybrid,jam,0.0,10,20.0,20.0,20.0,20.0,60.0,60.0,60.0,60.0,-8.37556023234112e-06,-4.789293840710896e-06,-3.5345945110810938e-06,-6.194430503114597e-06,3.5345945110810938e-06,4.789293840710896e-06,8.37556023234112e-06,6.194430503114597e-06,0.005905381640584275,0.0341953542950516,0.1538946706836202,0.0789392662310557,2640.0,2640.0,2640.0,2640.0,0.0,0.0,0.0,0.0,0.0,0.0,0.0,0.0,0.0,0.0,0.0,0.0,0.0,0.0,0.0,0.0,2640.0,2640.0,2640.0,2640.0,2640.0,2640.0,2640.0,2640.0,1.0,1.0,1.0,1.0,0.0,0.0,0.0,0.0,84480.0,84480.0,84480.0,84480.0,32.0,32.0,32.0,32.0,0.0,0.0,0.0,0.0,2640.0,2640.0,2640.0,2640.0,0.0,0.0,0.0,0.0,0.0,0.0,0.0,0.0,0.0,0.0,0.0,0.0,0.0,0.0,0.0,0.0,0.0,0.0,0.0,0.0,0.0,0.0,0.0,0.0,0.7895619411100778,0.7901459089378824,0.7919392705754041,0.7898970750283839,0.9978852193182919,0.9985292551330893,0.9995027314323376,0.9977199677271154,1.0,1.0,1.0,1.0,1.7042498740620872e-05,2.3092191761426066e-05,4.038383307170355e-05,2.986723759040092e-05,-0.31708496789547413,-0.27090083307422475,-0.24807450808156178,-0.2862878296872068,14.25,15.5,17.0,15.2,1.0,1.0,1.0,1.0,0.4688711258507242,0.4688711258507249,0.4688711258507252,0.4688711258507247,0.46887112585072427,0.4688711258507249,0.4688711258507253,0.4688711258507247,,,,,,,,,,,,,,,,,,,,,,,,,,,,,,,,,,,,,,,,,,,,
cons__hybrid,jam,0.1,10,20.0,20.0,20.0,20.0,60.0,60.0,60.0,60.0,-1.9102084788896683,-0.9953660898006973,-0.5124345809738149,-1.6864952151329597,0.5124345809738149,0.9953660898006973,1.9102084788896683,1.6864952151329597,0.2655728604593891,1.0784526858529837,1.5079065536073706,1.2960277808634513,2640.0,2640.0,2640.0,2640.0,0.0,0.0,0.0,0.0,0.0795454545454545,0.1818181818181818,0.1818181818181818,0.1409090909090909,0.0,0.0,0.0,0.0,0.0,0.0,0.0,0.0,2640.0,2640.0,2640.0,2640.0,2160.0,2160.0,2430.0,2268.0,0.8181818181818182,0.8181818181818182,0.9204545454545455,0.8590909090909091,0.07954545454545447,0.1818181818181817,0.1818181818181817,0.14090909090909082,69120.0,69120.0,77760.0,72576.0,32.0,32.0,32.0,32.0,0.0,0.0,0.0,0.0,2160.0,2160.0,2430.0,2268.0,0.0,0.0,0.0,0.0,0.0,0.0,0.0,0.0,0.0,0.0,0.0,0.0,210.0,480.0,480.0,372.0,0.0,0.0,0.0,0.0,0.0,0.0,0.0,0.0,0.9542487246933689,0.9607782456138103,0.9649916855482665,0.9577457516844422,0.6619362269898545,0.8092276692149785,0.9335665580177416,0.7793821224855833,0.85,0.975,1.0,0.8566666666666667,0.5520620293184793,1.0292370176585206,2.128835717621447,1.7254413177549384,-0.2969932445859248,-0.22769096950322976,-0.21846412042460503,-0.2581796793421659,14.0,14.0,14.0,14.0,0.0,0.0,0.0,0.1,0.4688711258507242,0.4688711258507249,0.4688711258507252,0.4688711258507247,1.0866904669419777e-17,1.1108239696858015e-15,0.3516533443880426,0.1406613377552175,,,,,,,,,,,,,,,,,,,,,,,,,,,,,,,,,,,,,,,,,,,,
cons__hybrid,jam,0.25,10,20.0,20.0,20.0,20.0,60.0,60.0,60.0,60.0,-8.581219177013406,-6.1998367001539165,-4.907713694162574,-7.54090920977431,4.907713694162574,6.1998367001539165,8.581219177013406,7.54090920977431,0.6876459577346767,1.0426770107957926,1.4305745686705644,1.282992977885193,2640.0,2640.0,2640.0,2640.0,0.0,0.0,0.0,0.0,0.25,0.25,0.25,0.25,0.0,0.0,0.0,0.0,0.0,0.0,0.0,0.0,2640.0,2640.0,2640.0,2640.0,1980.0,1980.0,1980.0,1980.0,0.75,0.75,0.75,0.75,0.25,0.25,0.25,0.25,63360.0,63360.0,63360.0,63360.0,32.0,32.0,32.0,32.0,0.0,0.0,0.0,0.0,1980.0,1980.0,1980.0,1980.0,0.0,0.0,0.0,0.0,0.0,0.0,0.0,0.0,0.0,0.0,0.0,0.0,660.0,660.0,660.0,660.0,0.0,0.0,0.0,0.0,0.0,0.0,0.0,0.0,0.9007901509240681,0.9335786943860218,0.944629875321179,0.9252282885483671,0.6854571032176455,0.6928967673858433,0.7265990089275983,0.7050460222109332,0.18749999999999997,0.2333333333333333,0.2791666666666667,0.29999999999999993,4.740592053357655,5.8420973591351295,8.410080935037215,7.270667441906083,-0.18687940161559774,-0.16086393758521267,-0.13654988853889485,-0.16060611276481002,,,,,0.0,0.0,0.0,0.0,0.4688711258507242,0.4688711258507249,0.4688711258507252,0.4688711258507247,-6.399548598474943e-16,-4.48158004734803e-16,-1.5953911367958873e-16,-4.428476685106748e-16,,,,,,,,,,,,,,,,,,,,,,,,,,,,,,,,,,,,,,,,,,,,
cons__hybrid,jam,0.5,10,20.0,20.0,20.0,20.0,60.0,60.0,60.0,60.0,-10.940209329344926,-9.330627112391365,-7.639855126159011,-9.76522112471227,7.639855126159011,9.330627112391365,10.940209329344926,9.76522112471227,0.5333475422960336,0.6117756251145542,0.7330555396486178,0.634482123167871,2640.0,2640.0,2640.0,2640.0,0.0,0.0,0.0,0.0,0.5,0.5,0.5,0.5,0.0,0.0,0.0,0.0,0.0,0.0,0.0,0.0,2640.0,2640.0,2640.0,2640.0,1320.0,1320.0,1320.0,1320.0,0.5,0.5,0.5,0.5,0.5,0.5,0.5,0.5,42240.0,42240.0,42240.0,42240.0,32.0,32.0,32.0,32.0,0.0,0.0,0.0,0.0,1320.0,1320.0,1320.0,1320.0,0.0,0.0,0.0,0.0,0.0,0.0,0.0,0.0,0.0,0.0,0.0,0.0,1320.0,1320.0,1320.0,1320.0,0.0,0.0,0.0,0.0,0.0,0.0,0.0,0.0,0.9085361473266964,0.9343866814389497,0.9904136098686768,0.9429390907388697,0.5499987902012919,0.6358922982490367,0.6956965237785829,0.614994414142189,0.10416666666666666,0.14166666666666666,0.7666666666666666,0.38666666666666666,7.61985444526668,9.337508657523834,10.895058545186636,9.73170728351913,-0.15471986461485443,-0.1428472302172016,-0.07968341253283658,-0.12353424751584403,,,,,0.0,0.0,0.0,0.0,0.4688711258507242,0.4688711258507249,0.4688711258507252,0.4688711258507247,-5.122908460233253e-16,-4.752098531012466e-16,-4.2159774467981447e-16,-5.19643460053939e-16,,,,,,,,,,,,,,,,,,,,,,,,,,,,,,,,,,,,,,,,,,,,
cons__hybrid,jam,0.75,10,20.0,20.0,20.0,20.0,60.0,60.0,60.0,60.0,-15.743600202563325,-13.864036119280584,-12.50227074592973,-14.290678217836586,12.50227074592973,13.864036119280584,15.743600202563325,14.290678217836586,0.6397177853681215,0.7214435860319788,0.8144160170964563,0.7500341068915699,2640.0,2640.0,2640.0,2640.0,0.0,0.0,0.0,0.0,0.75,0.75,0.75,0.75,0.0,0.0,0.0,0.0,0.0,0.0,0.0,0.0,2640.0,2640.0,2640.0,2640.0,660.0,660.0,660.0,660.0,0.25,0.25,0.25,0.25,0.75,0.75,0.75,0.75,21120.0,21120.0,21120.0,21120.0,32.0,32.0,32.0,32.0,0.0,0.0,0.0,0.0,660.0,660.0,660.0,660.0,0.0,0.0,0.0,0.0,0.0,0.0,0.0,0.0,0.0,0.0,0.0,0.0,1980.0,1980.0,1980.0,1980.0,0.0,0.0,0.0,0.0,0.0,0.0,0.0,0.0,0.9669269290201497,0.9840229144029562,0.9983653813047779,0.9757929959322327,0.3364303676128105,0.5678163911166134,0.6830467902314007,0.5249765373296983,0.10416666666666666,0.1333333333333333,1.0,0.4616666666666666,12.5015209278619,13.848120184923125,15.743069152155913,14.28306022599674,-0.07213106812948894,-0.0375633357531919,-0.019939529944399976,-0.04810996263043874,,,,,0.0,0.0,0.0,0.0,0.4688711258507242,0.4688711258507249,0.4688711258507252,0.4688711258507247,-1.606729855274611e-16,-1.606729855274611e-16,-1.421909069437089e-16,-1.4290912771054276e-16,,,,,,,,,,,,,,,,,,,,,,,,,,,,,,,,,,,,,,,,,,,,
cons__hybrid,latency,0.0,10,20.0,20.0,20.0,20.0,60.0,60.0,60.0,60.0,-8.37556023234112e-06,-4.789293840710896e-06,-3.5345945110810938e-06,-6.194430503114597e-06,3.5345945110810938e-06,4.789293840710896e-06,8.37556023234112e-06,6.194430503114597e-06,0.005905381640584275,0.0341953542950516,0.1538946706836202,0.0789392662310557,2640.0,2640.0,2640.0,2640.0,0.0,0.0,0.0,0.0,0.0,0.0,0.0,0.0,0.0,0.0,0.0,0.0,0.0,0.0,0.0,0.0,2640.0,2640.0,2640.0,2640.0,2640.0,2640.0,2640.0,2640.0,1.0,1.0,1.0,1.0,0.0,0.0,0.0,0.0,84480.0,84480.0,84480.0,84480.0,32.0,32.0,32.0,32.0,0.0,0.0,0.0,0.0,2640.0,2640.0,2640.0,2640.0,0.0,0.0,0.0,0.0,0.0,0.0,0.0,0.0,0.0,0.0,0.0,0.0,0.0,0.0,0.0,0.0,0.0,0.0,0.0,0.0,0.0,0.0,0.0,0.0,0.7895619411100778,0.7901459089378824,0.7919392705754041,0.7898970750283839,0.9978852193182919,0.9985292551330893,0.9995027314323376,0.9977199677271154,1.0,1.0,1.0,1.0,1.7042498740620872e-05,2.3092191761426066e-05,4.038383307170355e-05,2.986723759040092e-05,-0.31708496789547413,-0.27090083307422475,-0.24807450808156178,-0.2862878296872068,14.25,15.5,17.0,15.2,1.0,1.0,1.0,1.0,0.4688711258507242,0.4688711258507249,0.4688711258507252,0.4688711258507247,0.46887112585072427,0.4688711258507249,0.4688711258507253,0.4688711258507247,,,,,,,,,,,,,,,,,,,,,,,,,,,,,,,,,,,,,,,,,,,,
cons__hybrid,latency,1.0,10,20.0,20.0,20.0,20.0,60.0,60.0,60.0,60.0,-0.00019995959735465,-0.00011434044307905,-8.438553071571852e-05,-0.00014788692277097897,8.438553071571852e-05,0.00011434044307905,0.00019995959735465,0.00014788692277097897,0.0059117277206172745,0.03420298726706225,0.15390133740523235,0.07894635085566908,2640.0,2640.0,2640.0,2640.0,0.0,0.0,0.0,0.0,0.0,0.0,0.0,0.0,1.0,1.0,1.0,1.0,1.0,1.0,1.0,1.0,2640.0,2640.0,2640.0,2640.0,2596.0,2596.0,2596.0,2596.0,0.9833333333333332,0.9833333333333332,0.9833333333333332,0.9833333333333331,0.0166666666666667,0.0166666666666667,0.0166666666666667,0.016666666666666698,83072.0,83072.0,83072.0,83072.0,32.0,32.0,32.0,32.0,0.0,0.0,0.0,0.0,2596.0,2596.0,2596.0,2596.0,0.0,0.0,0.0,0.0,0.0,0.0,0.0,0.0,0.0,0.0,0.0,0.0,0.0,0.0,0.0,0.0,0.0,0.0,0.0,0.0,0.0,0.0,0.0,0.0,0.8287011021739128,0.8295295258990918,0.8315406715306743,0.829138990768369,0.9949397602663366,0.9964872289516666,0.9986070803609494,0.9948396318762107,1.0,1.0,1.0,0.9966666666666667,0.00027529204164967503,0.00037301435152915004,0.0006523308597609499,0.0004824534793771121,-0.3170802760171527,-0.2708990389927318,-0.24807314468046127,-0.286285468145669,19.25,20.5,23.0,20.3,1.0,1.0,1.0,1.0,0.4688711258507242,0.4688711258507249,0.4688711258507252,0.4688711258507247,0.46105660708654556,0.46105660708654606,0.4610566070865465,0.4610566070865459,,,,,,,,,,,,,,,,,,,,,,,,,,,,,,,,,,,,,,,,,,,,
cons__hybrid,latency,2.0,10,20.0,20.0,20.0,20.0,60.0,60.0,60.0,60.0,-0.0016068696127250499,-0.0009188343643807,-0.00067811807953925,-0.00118841547810158,0.00067811807953925,0.0009188343643807,0.0016068696127250499,0.00118841547810158,0.00595833038962635,0.034259040503086854,0.15395029488387327,0.07899837725332147,2640.0,2640.0,2640.0,2640.0,0.0,0.0,0.0,0.0,0.0,0.0,0.0,0.0,2.0,2.0,2.0,2.0,2.0,2.0,2.0,2.0,2640.0,2640.0,2640.0,2640.0,2552.0,2552.0,2552.0,2552.0,0.9666666666666668,0.9666666666666668,0.9666666666666668,0.9666666666666668,0.0333333333333333,0.0333333333333333,0.0333333333333333,0.033333333333333305,81664.0,81664.0,81664.0,81664.0,32.0,32.0,32.0,32.0,0.0,0.0,0.0,0.0,2552.0,2552.0,2552.0,2552.0,0.0,0.0,0.0,0.0,0.0,0.0,0.0,0.0,0.0,0.0,0.0,0.0,0.0,0.0,0.0,0.0,0.0,0.0,0.0,0.0,0.0,0.0,0.0,0.0,0.8547623652024802,0.8560525111790303,0.8582652865395068,0.8554465309921186,0.9903278867569083,0.9929628350157444,0.9960084056018428,0.989909929637235,0.9833333333333332,0.9833333333333332,1.0,0.9833333333333332,0.001729991875038125,0.0023440993400498,0.004099411492318875,0.00303186226184874,-0.31704582078228305,-0.27088586402657194,-0.24806313250504988,-0.28626812600308016,23.5,25.5,28.0,25.0,1.0,1.0,1.0,1.0,0.4688711258507242,0.4688711258507249,0.4688711258507252,0.4688711258507247,0.4532420883223668,0.45324208832236734,0.4532420883223678,0.4532420883223671,,,,,,,,,,,,,,,,,,,,,,,,,,,,,,,,,,,,,,,,,,,,
cons__hybrid,latency,4.0,10,20.0,20.0,20.0,20.0,60.0,60.0,60.0,60.0,-0.020739099846558424,-0.01170026545303055,-0.0086277655445626,-0.01536770869484565,0.0086277655445626,0.01170026545303055,0.020739099846558424,0.01536770869484565,0.006577588508057025,0.0350202619655197,0.15460914317431018,0.07970270236689996,2640.0,2640.0,2640.0,2640.0,0.0,0.0,0.0,0.0,0.0,0.0,0.0,0.0,4.0,4.0,4.0,4.0,4.0,4.0,4.0,4.0,2640.0,2640.0,2640.0,2640.0,2464.0,2464.0,2464.0,2464.0,0.9333333333333332,0.9333333333333332,0.9333333333333332,0.9333333333333332,0.0666666666666666,0.0666666666666666,0.0666666666666666,0.06666666666666661,78848.0,78848.0,78848.0,78848.0,32.0,32.0,32.0,32.0,0.0,0.0,0.0,0.0,2464.0,2464.0,2464.0,2464.0,0.0,0.0,0.0,0.0,0.0,0.0,0.0,0.0,0.0,0.0,0.0,0.0,0.0,0.0,0.0,0.0,0.0,0.0,0.0,0.0,0.0,0.0,0.0,0.0,0.8848146139560151,0.8878658359539211,0.8902293541755203,0.8862919594161257,0.9665413484442851,0.9739257781635433,0.9786155727022312,0.9694186446037557,0.8208333333333333,0.85,0.8875,0.8649999999999999,0.01617709959072655,0.021871852485724402,0.038429188138836674,0.028435402520566404,-0.31656847519813647,-0.27070590708262565,-0.2479307715935339,-0.28603180444946774,34.0,37.0,39.0,35.5,1.0,1.0,1.0,1.0,0.4688711258507242,0.4688711258507249,0.4688711258507252,0.4688711258507247,0.4376130507940093,0.4376130507940098,0.4376130507940103,0.4376130507940097,,,,,,,,,,,,,,,,,,,,,,,,,,,,,,,,,,,,,,,,,,,,
cons__hybrid,latency,8.0,10,20.0,20.0,20.0,20.0,60.0,60.0,60.0,60.0,-0.6618688596286973,-0.3767650542542441,-0.18070492070336736,-0.47848171720919463,0.18070492070336736,0.3767650542542441,0.6618688596286973,0.47848171720919463,0.0268662188729532,0.0602953970787954,0.18385056504679495,0.10634476584015502,2640.0,2640.0,2640.0,2640.0,0.0,0.0,0.0,0.0,0.0,0.0,0.0,0.0,8.0,8.0,8.0,8.0,8.0,8.0,8.0,8.0,2640.0,2640.0,2640.0,2640.0,2288.0,2288.0,2288.0,2288.0,0.8666666666666667,0.8666666666666667,0.8666666666666667,0.8666666666666668,0.1333333333333333,0.1333333333333333,0.1333333333333333,0.1333333333333333,73216.0,73216.0,73216.0,73216.0,32.0,32.0,32.0,32.0,0.0,0.0,0.0,0.0,2288.0,2288.0,2288.0,2288.0,0.0,0.0,0.0,0.0,0.0,0.0,0.0,0.0,0.0,0.0,0.0,0.0,0.0,0.0,0.0,0.0,0.0,0.0,0.0,0.0,0.0,0.0,0.0,0.0,0.9096137071925384,0.914593891042337,0.9210993174040287,0.9128371159885658,0.8342132908676961,0.8575537097258075,0.8897978966498312,0.8573944662237099,0.5708333333333333,0.5833333333333334,0.6,0.6016666666666666,0.18934984998471288,0.3032983481001672,0.5461445628771586,0.3888954284254922,-0.29835516018342023,-0.2651212515302924,-0.24466995029004818,-0.2783132376408953,42.0,49.0,51.0,44.8,0.0,0.5,1.0,0.5,0.4688711258507242,0.4688711258507249,0.4688711258507252,0.4688711258507247,0.4063549757372944,0.4063549757372949,0.4063549757372952,0.4063549757372947,,,,,,,,,,,,,,,,,,,,,,,,,,,,,,,,,,,,,,,,,,,,
cons__hybrid,msg_drop,0.0,10,20.0,20.0,20.0,20.0,60.0,60.0,60.0,60.0,-8.37556023234112e-06,-4.789293840710896e-06,-3.5345945110810938e-06,-6.194430503114597e-06,3.5345945110810938e-06,4.789293840710896e-06,8.37556023234112e-06,6.194430503114597e-06,0.005905381640584275,0.0341953542950516,0.1538946706836202,0.0789392662310557,2640.0,2640.0,2640.0,2640.0,0.0,0.0,0.0,0.0,0.0,0.0,0.0,0.0,0.0,0.0,0.0,0.0,0.0,0.0,0.0,0.0,2640.0,2640.0,2640.0,2640.0,2640.0,2640.0,2640.0,2640.0,1.0,1.0,1.0,1.0,0.0,0.0,0.0,0.0,84480.0,84480.0,84480.0,84480.0,32.0,32.0,32.0,32.0,0.0,0.0,0.0,0.0,2640.0,2640.0,2640.0,2640.0,0.0,0.0,0.0,0.0,0.0,0.0,0.0,0.0,0.0,0.0,0.0,0.0,0.0,0.0,0.0,0.0,0.0,0.0,0.0,0.0,0.0,0.0,0.0,0.0,0.7895619411100778,0.7901459089378824,0.7919392705754041,0.7898970750283839,0.9978852193182919,0.9985292551330893,0.9995027314323376,0.9977199677271154,1.0,1.0,1.0,1.0,1.7042498740620872e-05,2.3092191761426066e-05,4.038383307170355e-05,2.986723759040092e-05,-0.31708496789547413,-0.27090083307422475,-0.24807450808156178,-0.2862878296872068,14.25,15.5,17.0,15.2,1.0,1.0,1.0,1.0,0.4688711258507242,0.4688711258507249,0.4688711258507252,0.4688711258507247,0.46887112585072427,0.4688711258507249,0.4688711258507253,0.4688711258507247,,,,,,,,,,,,,,,,,,,,,,,,,,,,,,,,,,,,,,,,,,,,
cons__hybrid,msg_drop,0.1,10,20.0,20.0,20.0,20.0,60.0,60.0,60.0,60.0,-1.9344117777868174e-05,-9.636285337966492e-06,-5.106582641424156e-06,-1.2204389346112024e-05,5.106582641424156e-06,9.636285337966492e-06,1.9344117777868174e-05,1.2204389346112024e-05,0.0071441168026273255,0.034956243916390004,0.13458866700453195,0.07666093134849428,2640.0,2640.0,2640.0,2640.0,0.0,0.0,0.0,0.0,0.09715909090909085,0.10132575757575754,0.10482954545454543,0.10049242424242419,0.0,0.0,0.0,0.0,0.0,0.0,0.0,0.0,2640.0,2640.0,2640.0,2640.0,2363.25,2372.5,2383.5,2374.7,0.8951704545454545,0.8986742424242424,0.9028409090909092,0.8995075757575759,0.09715909090909085,0.10132575757575754,0.10482954545454543,0.10049242424242419,75624.0,75920.0,76272.0,75990.4,32.0,32.0,32.0,32.0,0.0,0.0,0.0,0.0,2363.25,2372.5,2383.5,2374.7,0.0,0.0,0.0,0.0,0.0,0.0,0.0,0.0,256.5,267.5,276.75,265.3,0.0,0.0,0.0,0.0,0.0,0.0,0.0,0.0,0.0,0.0,0.0,0.0,0.7964858945173621,0.799439499613753,0.800467203215887,0.7981691788785418,0.9965023873868255,0.9981972243237847,0.999048349571803,0.9968992874582812,1.0,1.0,1.0,1.0,2.4910133335745125e-05,4.09758151534908e-05,7.060646690007676e-05,4.983647895205106e-05,-0.3170848090233689,-0.2709007509020872,-0.2480744825762326,-0.2862877295212261,14.25,16.5,18.0,16.0,1.0,1.0,1.0,1.0,0.4688711258507242,0.4688711258507249,0.4688711258507252,0.4688711258507247,0.37776366394550437,0.3964130364708774,0.40848838634923557,0.39151168551371374,,,,,,,,,,,,,,,,,,,,,,,,,,,,,,,,,,,,,,,,,,,,
cons__hybrid,msg_drop,0.3,10,20.0,20.0,20.0,20.0,60.0,60.0,60.0,60.0,-0.00010885158941396996,-5.966115357332063e-05,-3.7308201072697964e-05,-7.795147602353797e-05,3.7308201072697964e-05,5.966115357332063e-05,0.00010885158941396996,7.795147602353797e-05,0.0074311985643708,0.02165649058797615,0.09056394750801985,0.05673316733170838,2640.0,2640.0,2640.0,2640.0,0.0,0.0,0.0,0.0,0.2962121212121212,0.3013257575757575,0.3050189393939393,0.30109848484848484,0.0,0.0,0.0,0.0,0.0,0.0,0.0,0.0,2640.0,2640.0,2640.0,2640.0,1834.75,1844.5,1858.0,1845.1,0.6949810606060607,0.6986742424242425,0.7037878787878787,0.6989015151515152,0.2962121212121212,0.3013257575757575,0.3050189393939393,0.30109848484848484,58712.0,59024.0,59456.0,59043.2,32.0,32.0,32.0,32.0,0.0,0.0,0.0,0.0,1834.75,1844.5,1858.0,1845.1,0.0,0.0,0.0,0.0,0.0,0.0,0.0,0.0,782.0,795.5,805.25,794.9,0.0,0.0,0.0,0.0,0.0,0.0,0.0,0.0,0.0,0.0,0.0,0.0,0.8194466083940557,0.8231114649841867,0.8273106656643033,0.8219296780931972,0.9907069173346381,0.9956079414291508,0.9973115759976872,0.992748757480505,1.0,1.0,1.0,1.0,0.00011796616102369999,0.00021134374362065,0.00034219490433255,0.0002452775394318773,-0.3170833588191427,-0.2709000176913417,-0.24807425189078502,-0.28628663373644814,15.25,19.0,19.75,17.8,1.0,1.0,1.0,1.0,0.4688711258507242,0.4688711258507249,0.4688711258507252,0.4688711258507247,0.06715078845298354,0.08615303820555055,0.09317149112180384,0.08200214340162226,,,,,,,,,,,,,,,,,,,,,,,,,,,,,,,,,,,,,,,,,,,,
cons__hybrid,msg_drop,0.5,10,20.0,20.0,20.0,20.0,60.0,60.0,60.0,60.0,-0.00159554641990925,-0.0011765793684607498,-0.00072736515913295,-0.0011950239883225101,0.00072736515913295,0.0011765793684607498,0.00159554641990925,0.0011950239883225101,0.007263502766493525,0.025637063221877,0.030371876480872577,0.03194231515474094,2640.0,2640.0,2640.0,2640.0,0.0,0.0,0.0,0.0,0.4926136363636363,0.49640151515151515,0.505965909090909,0.49943181818181814,0.0,0.0,0.0,0.0,0.0,0.0,0.0,0.0,2640.0,2640.0,2640.0,2640.0,1304.25,1329.5,1339.5,1321.5,0.49403409090909084,0.5035984848484849,0.5073863636363636,0.5005681818181817,0.4926136363636363,0.4964015151515151,0.5059659090909091,0.49943181818181814,41736.0,42544.0,42864.0,42288.0,32.0,32.0,32.0,32.0,0.0,0.0,0.0,0.0,1304.25,1329.5,1339.5,1321.5,0.0,0.0,0.0,0.0,0.0,0.0,0.0,0.0,1300.5,1310.5,1335.75,1318.5,0.0,0.0,0.0,0.0,0.0,0.0,0.0,0.0,0.0,0.0,0.0,0.0,0.8571336337796468,0.8618167771246679,0.8646769207607565,0.8599479980575939,0.9872591574561624,0.988824244509463,0.9927267089958225,0.9896328941294165,1.0,1.0,1.0,0.9983333333333334,0.001875858662396525,0.00252436240763955,0.0035201581528698,0.002743337481768,-0.31706192038751124,-0.27088530277262707,-0.24805741830700287,-0.2862680158612432,21.25,23.0,26.5,23.7,1.0,1.0,1.0,1.0,0.4688711258507242,0.4688711258507249,0.4688711258507252,0.4688711258507247,-1.5093625251632506e-16,-1.3392509510357298e-16,-7.897704596277798e-17,0.0009947929376117734,,,,,,,,,,,,,,,,,,,,,,,,,,,,,,,,,,,,,,,,,,,,
cons__hybrid,msg_drop,0.7,10,20.0,20.0,20.0,20.0,60.0,60.0,60.0,60.0,-0.031505276770933725,-0.019473974432187,-0.006717426325215,-0.0201624419131071,0.006717426325215,0.019473974432187,0.031505276770933725,0.0201624419131071,0.00596824224763395,0.01350283047514355,0.023079606180215,0.02552841265370965,2640.0,2640.0,2640.0,2640.0,0.0,0.0,0.0,0.0,0.700189393939394,0.7020833333333334,0.7066287878787879,0.7029924242424243,0.0,0.0,0.0,0.0,0.0,0.0,0.0,0.0,2640.0,2640.0,2640.0,2640.0,774.5,786.5,791.5,784.1,0.2933712121212121,0.2979166666666666,0.29981060606060606,0.29700757575757575,0.700189393939394,0.7020833333333334,0.7066287878787879,0.7029924242424243,24784.0,25168.0,25328.0,25091.2,32.0,32.0,32.0,32.0,0.0,0.0,0.0,0.0,774.5,786.5,791.5,784.1,0.0,0.0,0.0,0.0,0.0,0.0,0.0,0.0,1848.5,1853.5,1865.5,1855.9,0.0,0.0,0.0,0.0,0.0,0.0,0.0,0.0,0.0,0.0,0.0,0.0,0.87912437531946,0.8976792350804919,0.9045813629327649,0.8903758825093726,0.9620390138877941,0.98665948542907,0.9898162366404061,0.9764068687501309,0.95,0.95,0.9625000000000001,0.9499999999999998,0.01210370900913125,0.0261444081137361,0.042800961835505996,0.03027530796035206,-0.31686580407172993,-0.27085030567179036,-0.24741267316045776,-0.2859518922291634,30.25,32.5,40.5,34.3,1.0,1.0,1.0,1.0,0.4688711258507242,0.4688711258507249,0.4688711258507252,0.4688711258507247,-2.0383460638363181e-16,-1.9643047791339214e-16,-1.8545562999391343e-16,-1.949330176926782e-16,,,,,,,,,,,,,,,,,,,,,,,,,,,,,,,,,,,,,,,,,,,,
cons__hybrid,msg_drop,1.0,10,20.0,20.0,20.0,20.0,60.0,60.0,60.0,60.0,-19.025110380737974,-16.254054690410573,-14.884474061156599,-17.177275975662912,14.884474061156599,16.254054690410573,19.025110380737974,17.177275975662912,0.74422370305783,0.8127027345205287,0.9512555190368986,0.8588637987831456,2640.0,2640.0,2640.0,2640.0,0.0,0.0,0.0,0.0,1.0,1.0,1.0,1.0,0.0,0.0,0.0,0.0,0.0,0.0,0.0,0.0,2640.0,2640.0,2640.0,2640.0,0.0,0.0,0.0,0.0,0.0,0.0,0.0,0.0,1.0,1.0,1.0,1.0,0.0,0.0,0.0,0.0,0.0,0.0,0.0,0.0,0.0,0.0,0.0,0.0,0.0,0.0,0.0,0.0,0.0,0.0,0.0,0.0,0.0,0.0,0.0,0.0,2640.0,2640.0,2640.0,2640.0,0.0,0.0,0.0,0.0,0.0,0.0,0.0,0.0,0.0,0.0,0.0,0.0,1.0,1.0,1.0,1.0,0.0,0.0,0.0,0.0,1.0,1.0,1.0,1.0,14.884474061156602,16.254054690410573,19.02511038073797,17.177275975662912,0.0,0.0,0.0,0.0,,,,,0.0,0.0,0.0,0.0,0.4688711258507242,0.4688711258507249,0.4688711258507252,0.4688711258507247,0.0,0.0,0.0,0.0,,,,,,,,,,,,,,,,,,,,,,,,,,,,,,,,,,,,,,,,,,,,
cons__hybrid,spoof,0.0,10,20.0,20.0,20.0,20.0,60.0,60.0,60.0,60.0,-8.37556023234112e-06,-4.789293840710896e-06,-3.5345945110810938e-06,-6.194430503114597e-06,3.5345945110810938e-06,4.789293840710896e-06,8.37556023234112e-06,6.194430503114597e-06,0.005905381640584275,0.0341953542950516,0.1538946706836202,0.0789392662310557,2640.0,2640.0,2640.0,2640.0,0.0,0.0,0.0,0.0,0.0,0.0,0.0,0.0,0.0,0.0,0.0,0.0,0.0,0.0,0.0,0.0,2640.0,2640.0,2640.0,2640.0,2640.0,2640.0,2640.0,2640.0,1.0,1.0,1.0,1.0,0.0,0.0,0.0,0.0,84480.0,84480.0,84480.0,84480.0,32.0,32.0,32.0,32.0,0.0,0.0,0.0,0.0,2640.0,2640.0,2640.0,2640.0,0.0,0.0,0.0,0.0,0.0,0.0,0.0,0.0,0.0,0.0,0.0,0.0,0.0,0.0,0.0,0.0,0.0,0.0,0.0,0.0,0.0,0.0,0.0,0.0,0.7895619411100778,0.7901459089378824,0.7919392705754041,0.7898970750283839,0.9978852193182919,0.9985292551330893,0.9995027314323376,0.9977199677271154,1.0,1.0,1.0,1.0,1.7042498740620872e-05,2.3092191761426066e-05,4.038383307170355e-05,2.986723759040092e-05,-0.31708496789547413,-0.27090083307422475,-0.24807450808156178,-0.2862878296872068,14.25,15.5,17.0,15.2,1.0,1.0,1.0,1.0,0.4688711258507242,0.4688711258507249,0.4688711258507252,0.4688711258507247,0.46887112585072427,0.4688711258507249,0.4688711258507253,0.4688711258507247,,,,,,,,,,,,,,,,,,,,,,,,,,,,,,,,,,,,,,,,,,,,
cons__hybrid,spoof,0.1,10,20.0,20.0,20.0,20.0,60.0,60.0,60.0,60.0,-0.4016326365910667,-0.31798749135135196,-0.27110656955449985,-0.3720050100918231,0.27110656955449985,0.31798749135135196,0.4016326365910667,0.3720050100918231,0.02478592528387505,0.034521961512041247,0.06288135098611028,0.04860906269162605,2640.0,2640.0,2640.0,2640.0,0.10477055596696012,0.11349456588094231,0.120030545080096,0.10960070695095862,0.0,0.0,0.0,0.0,0.0,0.0,0.0,0.0,0.0,0.0,0.0,0.0,2640.0,2640.0,2640.0,2640.0,2640.0,2640.0,2640.0,2640.0,1.0,1.0,1.0,1.0,0.0,0.0,0.0,0.0,84480.0,84480.0,84480.0,84480.0,32.0,32.0,32.0,32.0,0.0,0.0,0.0,0.0,2360.5,2367.0,2385.25,2371.7,0.0,0.0,0.0,0.0,254.75,273.0,279.5,268.3,0.0,0.0,0.0,0.0,0.0,0.0,0.0,0.0,0.0,0.0,0.0,0.0,0.0,0.0,0.0,0.0,0.9014772499678999,0.9173886666177538,0.9388350592039764,0.910644926088813,0.5254678099960393,0.6376339355689671,0.6856993311445081,0.5950609477332993,0.6666666666666666,0.6666666666666666,0.6958333333333333,0.6749999999999999,0.25816808557937715,0.3727572209950223,0.472935866581747,0.36748950447444456,-0.31400806410960674,-0.26591224835200905,-0.2341846931898758,-0.2800878494261848,14.75,18.5,29.25,22.8,1.0,1.0,1.0,1.0,0.4688711258507242,0.4688711258507249,0.4688711258507252,0.4688711258507247,0.46887112585072427,0.4688711258507249,0.4688711258507253,0.4688711258507247,,,,,,,,,,,,,,,,,,,,,,,,,,,,,,,,,,,,,,,,,,,,
cons__hybrid,spoof,0.3,10,20.0,20.0,20.0,20.0,60.0,60.0,60.0,60.0,-0.9515055347597574,-0.850844454481146,-0.5887996480696128,-0.8171255251564238,0.5887996480696128,0.850844454481146,0.9515055347597574,0.8171255251564238,0.04437778818936235,0.05797939315193925,0.07900218421077687,0.0805260056977165,2640.0,2640.0,2640.0,2640.0,0.30793424417848403,0.31894624738488786,0.32791980829278655,0.32100466608914113,0.0,0.0,0.0,0.0,0.0,0.0,0.0,0.0,0.0,0.0,0.0,0.0,2640.0,2640.0,2640.0,2640.0,2640.0,2640.0,2640.0,2640.0,1.0,1.0,1.0,1.0,0.0,0.0,0.0,0.0,84480.0,84480.0,84480.0,84480.0,32.0,32.0,32.0,32.0,0.0,0.0,0.0,0.0,1832.5,1851.5,1860.75,1844.9,0.0,0.0,0.0,0.0,779.25,788.5,807.5,795.1,0.0,0.0,0.0,0.0,0.0,0.0,0.0,0.0,0.0,0.0,0.0,0.0,0.0,0.0,0.0,0.0,0.8712840039216048,0.9261494271723423,0.9704636254384889,0.9155120548361708,0.2608778653368228,0.4929048390284069,0.7518387367602654,0.4941893710702104,0.5458333333333334,0.5833333333333334,0.6083333333333334,0.5783333333333334,0.9465399802537268,1.0435476667746173,1.1911126149346383,1.0527151124076828,-0.3049851088968002,-0.25846167735939946,-0.23425969101161992,-0.2726691741751081,16.0,16.0,16.0,16.0,0.0,0.0,0.0,0.1,0.4688711258507242,0.4688711258507249,0.4688711258507252,0.4688711258507247,0.46887112585072427,0.4688711258507249,0.4688711258507253,0.4688711258507247,,,,,,,,,,,,,,,,,,,,,,,,,,,,,,,,,,,,,,,,,,,,
cons__hybrid,spoof,0.5,10,20.0,20.0,20.0,20.0,60.0,60.0,60.0,60.0,-2.3119343402752803,-1.8709225002430134,-1.5174366368160441,-1.9132835471252498,1.5174366368160441,1.8709225002430134,2.3119343402752803,1.9132835471252498,0.10361999396023608,0.13294488619215475,0.15663183962587457,0.12713836238726037,2640.0,2640.0,2640.0,2640.0,0.5210822398758628,0.5443392016459183,0.5556070498730312,0.5393022038258743,0.0,0.0,0.0,0.0,0.0,0.0,0.0,0.0,0.0,0.0,0.0,0.0,2640.0,2640.0,2640.0,2640.0,2640.0,2640.0,2640.0,2640.0,1.0,1.0,1.0,1.0,0.0,0.0,0.0,0.0,84480.0,84480.0,84480.0,84480.0,32.0,32.0,32.0,32.0,0.0,0.0,0.0,0.0,1310.25,1326.5,1334.25,1319.3,0.0,0.0,0.0,0.0,1305.75,1313.5,1329.75,1320.7,0.0,0.0,0.0,0.0,0.0,0.0,0.0,0.0,0.0,0.0,0.0,0.0,0.0,0.0,0.0,0.0,0.8991523043181344,0.9575849815474137,0.9795300420999533,0.9397359198843949,0.18137089331659392,0.2644121768165886,0.5903337907081508,0.3904137987444893,0.5333333333333333,0.55,0.5666666666666667,0.5466666666666666,1.3647525317123552,1.7888668323834658,2.052021695806342,1.7999701114312192,-0.2779729225791055,-0.2484252094970908,-0.22292590591818395,-0.254399873808961,,,,,0.0,0.0,0.0,0.0,0.4688711258507242,0.4688711258507249,0.4688711258507252,0.4688711258507247,0.46887112585072427,0.4688711258507249,0.4688711258507253,0.4688711258507247,,,,,,,,,,,,,,,,,,,,,,,,,,,,,,,,,,,,,,,,,,,,
cons__hybrid,spoof,1.0,10,20.0,20.0,20.0,20.0,60.0,60.0,60.0,60.0,-3.3922368970830945,-2.897816101166897,-2.505809090967256,-3.0333804762139565,2.505809090967256,2.897816101166897,3.3922368970830945,3.0333804762139565,0.14533977121549765,0.19372608553383608,0.2288679390129835,0.21048797720021484,2640.0,2640.0,2640.0,2640.0,1.0778282171109899,1.097620039062239,1.1225882508489198,1.103521809911303,0.0,0.0,0.0,0.0,0.0,0.0,0.0,0.0,0.0,0.0,0.0,0.0,2640.0,2640.0,2640.0,2640.0,2640.0,2640.0,2640.0,2640.0,1.0,1.0,1.0,1.0,0.0,0.0,0.0,0.0,84480.0,84480.0,84480.0,84480.0,32.0,32.0,32.0,32.0,0.0,0.0,0.0,0.0,0.0,0.0,0.0,0.0,0.0,0.0,0.0,0.0,2640.0,2640.0,2640.0,2640.0,0.0,0.0,0.0,0.0,0.0,0.0,0.0,0.0,0.0,0.0,0.0,0.0,0.0,0.0,0.0,0.0,0.9323568810050018,0.9751680989189238,0.9828830972391838,0.9412098237731966,0.1974501583439421,0.2882751783049247,0.4235539364461805,0.3293019906232119,0.5166666666666667,0.5333333333333333,0.5458333333333334,0.5283333333333333,2.8873998895737545,3.2068687424258213,3.4245428545646317,3.15874376669666,-0.2795571301613985,-0.22479660836377263,-0.187605387924375,-0.23573159165748261,,,,,0.0,0.0,0.0,0.0,0.4688711258507242,0.4688711258507249,0.4688711258507252,0.4688711258507247,0.46887112585072427,0.4688711258507249,0.4688711258507253,0.4688711258507247,,,,,,,,,,,,,,,,,,,,,,,,,,,,,,,,,,,,,,,,,,,,
cons__mean,bandwidth,0.0,10,20.0,20.0,20.0,20.0,60.0,60.0,60.0,60.0,-4.812688350691565e-07,-6.002494390527209e-08,-1.6733141846591753e-08,-6.521510734215485e-06,1.6733141846591753e-08,6.002494390527209e-08,4.812688350691565e-07,6.521510734215485e-06,0.00010672575956553191,0.00086430545991775,0.0031974376416924752,0.003726416701468575,5040.0,5340.0,6000.0,5424.0,0.0,0.0,0.0,0.0,0.0,0.0,0.0,0.0,0.0,0.0,0.0,0.0,0.0,0.0,0.0,0.0,5040.0,5340.0,6000.0,5424.0,5040.0,5340.0,6000.0,5424.0,1.0,1.0,1.0,1.0,0.0,0.0,0.0,0.0,161280.0,170880.0,192000.0,173568.0,32.0,32.0,32.0,32.0,0.0,0.0,0.0,0.0,5040.0,5340.0,6000.0,5424.0,0.0,0.0,0.0,0.0,0.0,0.0,0.0,0.0,0.0,0.0,0.0,0.0,0.0,0.0,0.0,0.0,0.0,0.0,0.0,0.0,0.0,0.0,0.0,0.0,0.7124144840678776,0.741608514443812,0.7639210630173829,0.7408038101265858,0.9916691271222455,0.9948264142084143,0.9972522214893982,0.9939140999522719,1.0,1.0,1.0,1.0,1.6413120287899623e-07,3.8569663256736695e-07,2.4139615000273653e-06,2.0570255460057833e-05,-0.3170851730086804,-0.27090090861700233,-0.24807433723116465,-0.28628782423586957,9.0,10.0,11.75,10.4,1.0,1.0,1.0,1.0,1.0244331844320256,1.3458321601703604,1.5159336227349287,1.3426265259552532,1.0244331844320258,1.3458321601703604,1.5159336227349285,1.3426265259552532,,,,,,,,,,,,,,,,,,,,,,,,,,,,,,,,,,,,,,,,,,,,
cons__mean,bandwidth,1.0,10,20.0,20.0,20.0,20.0,60.0,60.0,60.0,60.0,-41.50476530383016,-33.62895918320641,-4.039249739186758e-18,-27.941353060456333,4.039249739186758e-18,33.62895918320641,41.50476530383016,27.941353060456333,3.4812646355212933,4.693426367088675,7.176493790296041,5.475232674169552,5040.0,5340.0,6000.0,5424.0,0.6997816080411297,2.4024056797347333,3.4348457521548337,2.1427304284323534,0.0,0.0,0.0,0.0,0.0,0.0,0.0,0.0,0.0,0.0,0.0,0.0,5040.0,5340.0,6000.0,5424.0,5040.0,5340.0,6000.0,5424.0,1.0,1.0,1.0,1.0,0.0,0.0,0.0,0.0,5040.0,5340.0,6000.0,5424.0,1.0,1.0,1.0,1.0,0.0,0.0,0.0,0.0,5040.0,5340.0,6000.0,5424.0,0.0,0.0,0.0,0.0,0.0,0.0,0.0,0.0,0.0,0.0,0.0,0.0,0.0,0.0,0.0,0.0,0.0,0.0,0.0,0.0,0.0,0.0,0.0,0.0,0.4720783836035364,0.8922907634351771,1.0,0.7592870495913454,0.0,0.3837828547299985,0.9716939472779074,0.47049199521411744,0.054166666666666655,0.5,0.9125,0.4966666666666667,7.611312719484876e-15,33.62895917103786,41.504765244107595,27.94135304044308,-0.2771766403392732,0.2431918346184577,0.39807131919634675,0.179401284746557,8.75,12.5,16.0,12.25,0.0,0.0,1.0,0.4,1.0244331844320256,1.3458321601703604,1.5159336227349287,1.3426265259552532,1.0244331844320258,1.3458321601703604,1.5159336227349285,1.3426265259552532,,,,,,,,,,,,,,,,,,,,,,,,,,,,,,,,,,,,,,,,,,,,
cons__mean,bandwidth,2.0,10,20.0,20.0,20.0,20.0,60.0,60.0,60.0,60.0,-5.668246881668286,-3.7365510203836996,-1.535893328181427e-18,-3.2715645123153436,1.535893328181427e-18,3.7365510203836996,5.668246881668286,3.2715645123153436,0.37708866731039625,0.4833258970311963,0.6893096308604898,0.5270250595001768,5040.0,5340.0,6000.0,5424.0,0.09089463168448111,0.2540688283562546,0.3438018704586853,0.21888341396793765,0.0,0.0,0.0,0.0,0.0,0.0,0.0,0.0,0.0,0.0,0.0,0.0,5040.0,5340.0,6000.0,5424.0,5040.0,5340.0,6000.0,5424.0,1.0,1.0,1.0,1.0,0.0,0.0,0.0,0.0,10080.0,10680.0,12000.0,10848.0,2.0,2.0,2.0,2.0,0.0,0.0,0.0,0.0,5040.0,5340.0,6000.0,5424.0,0.0,0.0,0.0,0.0,0.0,0.0,0.0,0.0,0.0,0.0,0.0,0.0,0.0,0.0,0.0,0.0,0.0,0.0,0.0,0.0,0.0,0.0,0.0,0.0,0.4814790416730868,0.5663018449471504,0.628003605604392,0.5888171292950377,0.9054535450043546,0.9406777071080322,0.970860026966887,0.8627742952716343,0.17083333333333328,0.6666666666666666,0.9875,0.585,2.8941425216697445e-15,3.736551019746328,5.66824687078091,3.271564508242844,-0.299689868538058,-0.24930605318103222,-0.15422920959105013,-0.23176185772245947,8.75,12.0,15.0,11.75,0.0,0.0,1.0,0.4,1.0244331844320256,1.3458321601703604,1.5159336227349287,1.3426265259552532,1.0244331844320258,1.3458321601703604,1.5159336227349285,1.3426265259552532,,,,,,,,,,,,,,,,,,,,,,,,,,,,,,,,,,,,,,,,,,,,
cons__mean,bandwidth,3.0,10,20.0,20.0,20.0,20.0,60.0,60.0,60.0,60.0,-0.5327436484782149,-2.3901516569489026e-20,-6.619627263117404e-21,-0.3724406497198226,6.619627263117404e-21,2.3901516569489026e-20,0.5327436484782149,0.3724406497198226,0.023841496830533826,0.0572868355755711,0.07791619918846777,0.06461174221271915,5040.0,5340.0,6000.0,5424.0,0.008024844314108624,0.011358743340205549,0.04096534580342913,0.026285586665662754,0.0,0.0,0.0,0.0,0.0,0.0,0.0,0.0,0.0,0.0,0.0,0.0,5040.0,5340.0,6000.0,5424.0,5040.0,5340.0,6000.0,5424.0,1.0,1.0,1.0,1.0,0.0,0.0,0.0,0.0,15120.0,16020.0,18000.0,16272.0,3.0,3.0,3.0,3.0,0.0,0.0,0.0,0.0,5040.0,5340.0,6000.0,5424.0,0.0,0.0,0.0,0.0,0.0,0.0,0.0,0.0,0.0,0.0,0.0,0.0,0.0,0.0,0.0,0.0,0.0,0.0,0.0,0.0,0.0,0.0,0.0,0.0,0.43785788406427106,0.4484669012149911,0.5330000135265208,0.5282193328322371,0.9722249677646784,0.99378615547762,0.9970762263283772,0.938662976650871,0.5875,1.0,1.0,0.805,1.2473616249177682e-17,4.503854692443776e-17,0.5327436484369243,0.3724406494734455,-0.3170851730122995,-0.27090091150684287,-0.22971181258500972,-0.2800805887657182,8.5,9.0,9.5,9.571428571428571,0.25,1.0,1.0,0.7,1.0244331844320256,1.3458321601703604,1.5159336227349287,1.3426265259552532,1.0244331844320258,1.3458321601703604,1.5159336227349285,1.3426265259552532,,,,,,,,,,,,,,,,,,,,,,,,,,,,,,,,,,,,,,,,,,,,
cons__mean,bandwidth,4.0,10,20.0,20.0,20.0,20.0,60.0,60.0,60.0,60.0,-0.23019287701273816,-0.0860539455904842,-3.219580745404736e-19,-0.12934365420475027,3.219580745404736e-19,0.0860539455904842,0.23019287701273816,0.12934365420475027,0.011300475737091475,0.014542462402001001,0.0217600478736889,0.016551964121925812,5040.0,5340.0,6000.0,5424.0,0.0023849949074514253,0.00782477696225635,0.01388002355471555,0.008537388349412641,0.0,0.0,0.0,0.0,0.0,0.0,0.0,0.0,0.0,0.0,0.0,0.0,5040.0,5340.0,6000.0,5424.0,5040.0,5340.0,6000.0,5424.0,1.0,1.0,1.0,1.0,0.0,0.0,0.0,0.0,20160.0,21360.0,24000.0,21696.0,4.0,4.0,4.0,4.0,0.0,0.0,0.0,0.0,5040.0,5340.0,6000.0,5424.0,0.0,0.0,0.0,0.0,0.0,0.0,0.0,0.0,0.0,0.0,0.0,0.0,0.0,0.0,0.0,0.0,0.0,0.0,0.0,0.0,0.0,0.0,0.0,0.0,0.45589904042771817,0.6019977130505882,0.9644664635101596,0.6897758504335357,0.37639823822412566,0.9103437664430516,0.9903767866028294,0.719529621622182,1.0,1.0,1.0,0.9349999999999999,6.066779264990098e-16,0.08605394590972268,0.23019287775816788,0.12934365445848436,-0.3170851730122995,-0.2689040940463252,-0.24306603480615158,-0.28413220535763606,8.25,9.0,10.5,9.333333333333334,0.0,1.0,1.0,0.6,1.0244331844320256,1.3458321601703604,1.5159336227349287,1.3426265259552532,1.0244331844320258,1.3458321601703604,1.5159336227349285,1.3426265259552532,,,,,,,,,,,,,,,,,,,,,,,,,,,,,,,,,,,,,,,,,,,,
cons__mean,bandwidth,8.0,10,20.0,20.0,20.0,20.0,60.0,60.0,60.0,60.0,-0.000957547603224025,-0.0008834160959268001,-0.0001746689244165604,-0.0011103958996781494,0.0001746689244165604,0.0008834160959268001,0.000957547603224025,0.0011103958996781494,0.00021982257554417498,0.0010474027169952499,0.0032774208632092502,0.003931501212467365,5040.0,5340.0,6000.0,5424.0,2.49615279328991e-05,4.5136340663441645e-05,4.8966743134403425e-05,3.803737518345617e-05,0.0,0.0,0.0,0.0,0.0,0.0,0.0,0.0,0.0,0.0,0.0,0.0,5040.0,5340.0,6000.0,5424.0,5040.0,5340.0,6000.0,5424.0,1.0,1.0,1.0,1.0,0.0,0.0,0.0,0.0,40320.0,42720.0,48000.0,43392.0,8.0,8.0,8.0,8.0,0.0,0.0,0.0,0.0,5040.0,5340.0,6000.0,5424.0,0.0,0.0,0.0,0.0,0.0,0.0,0.0,0.0,0.0,0.0,0.0,0.0,0.0,0.0,0.0,0.0,0.0,0.0,0.0,0.0,0.0,0.0,0.0,0.0,0.6421041409497363,0.8646926769772805,0.8855816440196292,0.7734820852508714,0.7355590209550016,0.7965745344419408,0.9223719284351046,0.8184575127453675,1.0,1.0,1.0,1.0,0.00017467015109183715,0.0008834197775949,0.0009575618076041,0.0011104805049042346,-0.31708517301229955,-0.27089290827867135,-0.24803456534284746,-0.28626942632938723,9.0,10.0,11.75,10.4,1.0,1.0,1.0,1.0,1.0244331844320256,1.3458321601703604,1.5159336227349287,1.3426265259552532,1.0244331844320258,1.3458321601703604,1.5159336227349285,1.3426265259552532,,,,,,,,,,,,,,,,,,,,,,,,,,,,,,,,,,,,,,,,,,,,
cons__mean,byzantine,0.0,10,20.0,20.0,20.0,20.0,60.0,60.0,60.0,60.0,-4.812688350691565e-07,-6.002494390527209e-08,-1.6733141846591753e-08,-6.521510734215485e-06,1.6733141846591753e-08,6.002494390527209e-08,4.812688350691565e-07,6.521510734215485e-06,0.00010672575956553191,0.00086430545991775,0.0031974376416924752,0.003726416701468575,5040.0,5340.0,6000.0,5424.0,0.0,0.0,0.0,0.0,0.0,0.0,0.0,0.0,0.0,0.0,0.0,0.0,0.0,0.0,0.0,0.0,5040.0,5340.0,6000.0,5424.0,5040.0,5340.0,6000.0,5424.0,1.0,1.0,1.0,1.0,0.0,0.0,0.0,0.0,161280.0,170880.0,192000.0,173568.0,32.0,32.0,32.0,32.0,0.0,0.0,0.0,0.0,5040.0,5340.0,6000.0,5424.0,0.0,0.0,0.0,0.0,0.0,0.0,0.0,0.0,0.0,0.0,0.0,0.0,0.0,0.0,0.0,0.0,0.0,0.0,0.0,0.0,0.0,0.0,0.0,0.0,0.7124144840678776,0.741608514443812,0.7639210630173829,0.7408038101265858,0.9916691271222455,0.9948264142084143,0.9972522214893982,0.9939140999522719,1.0,1.0,1.0,1.0,1.6413120287899623e-07,3.8569663256736695e-07,2.4139615000273653e-06,2.0570255460057833e-05,-0.3170851730086804,-0.27090090861700233,-0.24807433723116465,-0.28628782423586957,9.0,10.0,11.75,10.4,1.0,1.0,1.0,1.0,1.0244331844320256,1.3458321601703604,1.5159336227349287,1.3426265259552532,1.0244331844320258,1.3458321601703604,1.5159336227349285,1.3426265259552532,,,,,,,,,,,,,,,,,,,,,,,,,,,,,,,,,,,,,,,,,,,,
cons__mean,byzantine,0.1,10,20.0,20.0,20.0,20.0,60.0,60.0,60.0,60.0,-0.6870351969231183,-0.3779637496265278,-0.22481781355435054,-0.48117586537334417,0.22481781355435054,0.3779637496265278,0.6870351969231183,0.48117586537334417,0.0437488481866886,0.10741228595397814,0.11743712368568494,0.09350069524992907,5040.0,5340.0,6000.0,5424.0,0.0,0.0,0.0,0.0,0.0,0.0,0.0,0.0,0.0,0.0,0.0,0.0,0.0,0.0,0.0,0.0,5040.0,5340.0,6000.0,5424.0,5040.0,5340.0,6000.0,5424.0,1.0,1.0,1.0,1.0,0.0,0.0,0.0,0.0,161280.0,170880.0,192000.0,173568.0,32.0,32.0,32.0,32.0,0.0,0.0,0.0,0.0,5040.0,5340.0,6000.0,5424.0,0.0,0.0,0.0,0.0,0.0,0.0,0.0,0.0,0.0,0.0,0.0,0.0,0.0,0.0,0.0,0.0,0.0,0.0,0.0,0.0,0.0,0.0,0.0,0.0,0.852722257477349,0.9046482205639916,0.9446560636264731,0.889773122997207,0.28697774811140947,0.47503852324918666,0.6555633758525727,0.4854257382282576,0.5333333333333333,0.5583333333333333,0.5833333333333334,0.5633333333333334,0.5112848933577616,0.7330570236260352,0.9883909974479885,0.7499777110393949,-0.29994444990897084,-0.26705218513179063,-0.2455440702853612,-0.27826833517149285,11.25,12.5,16.75,15.0,1.0,1.0,1.0,1.0,1.0244331844320256,1.3458321601703604,1.5159336227349287,1.3426265259552532,1.0244331844320258,1.3458321601703604,1.5159336227349285,1.3426265259552532,,,,,,,,,,,,,,,,,,,,,,,,,,,,,,,,,,,,,,,,,,,,
cons__mean,byzantine,0.25,10,20.0,20.0,20.0,20.0,60.0,60.0,60.0,60.0,-2.0075848714051183,-1.0594691138898087,-0.8176103077811285,-1.3892151732272495,0.8176103077811285,1.0594691138898087,2.0075848714051183,1.3892151732272495,0.08249016723965735,0.12869942732358355,0.26136735595634475,0.18012373829971148,5040.0,5340.0,6000.0,5424.0,0.0,0.0,0.0,0.0,0.0,0.0,0.0,0.0,0.0,0.0,0.0,0.0,0.0,0.0,0.0,0.0,5040.0,5340.0,6000.0,5424.0,5040.0,5340.0,6000.0,5424.0,1.0,1.0,1.0,1.0,0.0,0.0,0.0,0.0,161280.0,170880.0,192000.0,173568.0,32.0,32.0,32.0,32.0,0.0,0.0,0.0,0.0,5040.0,5340.0,6000.0,5424.0,0.0,0.0,0.0,0.0,0.0,0.0,0.0,0.0,0.0,0.0,0.0,0.0,0.0,0.0,0.0,0.0,0.0,0.0,0.0,0.0,0.0,0.0,0.0,0.0,0.9493971081440942,0.9599087167375271,0.9742520477456482,0.9545377065418965,0.21058313553471736,0.2676047415130931,0.41980386891347554,0.2905600596631236,0.5,0.5083333333333333,0.5291666666666667,0.5166666666666667,1.3998621902986832,1.4898282900779933,1.6656198835655665,1.5433002237991338,-0.29906310520062146,-0.25485057675794376,-0.22292974836018636,-0.26313434670726105,35.0,38.0,42.0,38.666666666666664,0.0,0.0,0.75,0.3,1.0244331844320256,1.3458321601703604,1.5159336227349287,1.3426265259552532,1.0244331844320258,1.3458321601703604,1.5159336227349285,1.3426265259552532,,,,,,,,,,,,,,,,,,,,,,,,,,,,,,,,,,,,,,,,,,,,
cons__mean,byzantine,0.5,10,20.0,20.0,20.0,20.0,60.0,60.0,60.0,60.0,-4.226388328530481,-3.3594829541017592,-1.6383933269996456,-3.43844605359896,1.6383933269996456,3.3594829541017592,4.226388328530481,3.43844605359896,0.19158041079860483,0.26835809707040914,0.3220050404109236,0.29254777644855057,5040.0,5340.0,6000.0,5424.0,0.0,0.0,0.0,0.0,0.0,0.0,0.0,0.0,0.0,0.0,0.0,0.0,0.0,0.0,0.0,0.0,5040.0,5340.0,6000.0,5424.0,5040.0,5340.0,6000.0,5424.0,1.0,1.0,1.0,1.0,0.0,0.0,0.0,0.0,161280.0,170880.0,192000.0,173568.0,32.0,32.0,32.0,32.0,0.0,0.0,0.0,0.0,5040.0,5340.0,6000.0,5424.0,0.0,0.0,0.0,0.0,0.0,0.0,0.0,0.0,0.0,0.0,0.0,0.0,0.0,0.0,0.0,0.0,0.0,0.0,0.0,0.0,0.0,0.0,0.0,0.0,0.9585018505678624,0.9806255522373675,0.9930394914135464,0.9054631582886945,0.04789947445963402,0.18385326552375386,0.27779905477910105,0.2826867720444839,0.48749999999999993,0.525,0.55,0.5216666666666666,3.034157446996547,3.5376354268164896,4.316633343610185,3.712229702099009,-0.28518601696692536,-0.2084681134635879,-0.19812639005501806,-0.22898049870106582,,,,,0.0,0.0,0.0,0.0,1.0244331844320256,1.3458321601703604,1.5159336227349287,1.3426265259552532,1.0244331844320258,1.3458321601703604,1.5159336227349285,1.3426265259552532,,,,,,,,,,,,,,,,,,,,,,,,,,,,,,,,,,,,,,,,,,,,
cons__mean,jam,0.0,10,20.0,20.0,20.0,20.0,60.0,60.0,60.0,60.0,-4.812688350691565e-07,-6.002494390527209e-08,-1.6733141846591753e-08,-6.521510734215485e-06,1.6733141846591753e-08,6.002494390527209e-08,4.812688350691565e-07,6.521510734215485e-06,0.00010672575956553191,0.00086430545991775,0.0031974376416924752,0.003726416701468575,5040.0,5340.0,6000.0,5424.0,0.0,0.0,0.0,0.0,0.0,0.0,0.0,0.0,0.0,0.0,0.0,0.0,0.0,0.0,0.0,0.0,5040.0,5340.0,6000.0,5424.0,5040.0,5340.0,6000.0,5424.0,1.0,1.0,1.0,1.0,0.0,0.0,0.0,0.0,161280.0,170880.0,192000.0,173568.0,32.0,32.0,32.0,32.0,0.0,0.0,0.0,0.0,5040.0,5340.0,6000.0,5424.0,0.0,0.0,0.0,0.0,0.0,0.0,0.0,0.0,0.0,0.0,0.0,0.0,0.0,0.0,0.0,0.0,0.0,0.0,0.0,0.0,0.0,0.0,0.0,0.0,0.7124144840678776,0.741608514443812,0.7639210630173829,0.7408038101265858,0.9916691271222455,0.9948264142084143,0.9972522214893982,0.9939140999522719,1.0,1.0,1.0,1.0,1.6413120287899623e-07,3.8569663256736695e-07,2.4139615000273653e-06,2.0570255460057833e-05,-0.3170851730086804,-0.27090090861700233,-0.24807433723116465,-0.28628782423586957,9.0,10.0,11.75,10.4,1.0,1.0,1.0,1.0,1.0244331844320256,1.3458321601703604,1.5159336227349287,1.3426265259552532,1.0244331844320258,1.3458321601703604,1.5159336227349285,1.3426265259552532,,,,,,,,,,,,,,,,,,,,,,,,,,,,,,,,,,,,,,,,,,,,
cons__mean,jam,0.1,10,20.0,20.0,20.0,20.0,60.0,60.0,60.0,60.0,-1.2403497793924438,-0.8748702094971618,-0.24647639075178268,-1.2035564106396996,0.24647639075178268,0.8748702094971618,1.2403497793924438,1.2035564106396996,0.21710672843309065,0.4955163949986353,1.0136126888813994,0.8342540576323956,5040.0,5340.0,6000.0,5424.0,0.0,0.0,0.0,0.0,0.09680851063829785,0.10241841491841486,0.12321428571428565,0.10738710361416808,0.0,0.0,0.0,0.0,0.0,0.0,0.0,0.0,5040.0,5340.0,6000.0,5424.0,4320.0,4800.0,5415.0,4848.0,0.8767857142857143,0.8975815850815851,0.9031914893617021,0.892612896385832,0.09680851063829782,0.10241841491841486,0.12321428571428565,0.10738710361416806,138240.0,153600.0,173280.0,155136.0,32.0,32.0,32.0,32.0,0.0,0.0,0.0,0.0,4320.0,4800.0,5415.0,4848.0,0.0,0.0,0.0,0.0,0.0,0.0,0.0,0.0,0.0,0.0,0.0,0.0,495.0,540.0,540.0,576.0,0.0,0.0,0.0,0.0,0.0,0.0,0.0,0.0,0.9578737455542117,0.9622640330353749,0.9694346738037121,0.9592614843381098,0.5802724149737903,0.7004329718872478,0.8120698024966201,0.6876273779852552,0.8583333333333334,1.0,1.0,0.875,0.26454920799407816,0.9187328527248738,1.3984924645344559,1.2374999586255475,-0.2972671815469414,-0.24715600107086366,-0.23154880157742652,-0.26622865941705354,36.0,36.0,36.0,36.0,0.0,0.0,0.0,0.2,1.0244331844320256,1.3458321601703604,1.5159336227349287,1.3426265259552532,0.8842162870286435,1.2130110633697608,1.3433138973250773,1.2033878608038124,,,,,,,,,,,,,,,,,,,,,,,,,,,,,,,,,,,,,,,,,,,,
cons__mean,jam,0.25,10,20.0,20.0,20.0,20.0,60.0,60.0,60.0,60.0,-6.070122459112773,-4.71249841887064,-3.051181651860556,-5.397320206514588,3.051181651860556,4.71249841887064,6.070122459112773,5.397320206514588,0.289556623669418,0.4028184664015088,0.5519214623626589,0.48864720463761896,5040.0,5340.0,6000.0,5424.0,0.0,0.0,0.0,0.0,0.2194570135746606,0.24734042553191485,0.29166666666666663,0.2551112578583238,0.0,0.0,0.0,0.0,0.0,0.0,0.0,0.0,5040.0,5340.0,6000.0,5424.0,3645.0,4050.0,4485.0,4050.0,0.7083333333333334,0.7526595744680851,0.7805429864253394,0.7448887421416763,0.2194570135746606,0.24734042553191485,0.29166666666666663,0.2551112578583238,116640.0,129600.0,143520.0,129600.0,32.0,32.0,32.0,32.0,0.0,0.0,0.0,0.0,3645.0,4050.0,4485.0,4050.0,0.0,0.0,0.0,0.0,0.0,0.0,0.0,0.0,0.0,0.0,0.0,0.0,1275.0,1320.0,1470.0,1374.0,0.0,0.0,0.0,0.0,0.0,0.0,0.0,0.0,0.8999470858262877,0.9294495214062314,0.982794277558729,0.9302064601777227,0.5323891254100979,0.6375928184327895,0.6910221159535073,0.6059713408255366,0.19166666666666662,0.2833333333333333,0.8041666666666667,0.4833333333333334,3.010718605661491,4.7043593907785874,6.076337846729728,5.389518367445866,-0.21743435654424548,-0.19821173219936325,-0.1694562638638527,-0.196332596152472,,,,,0.0,0.0,0.0,0.0,1.0244331844320256,1.3458321601703604,1.5159336227349287,1.3426265259552532,0.5686907553582905,0.6983085111830164,0.7270296305536392,0.6997044264029464,,,,,,,,,,,,,,,,,,,,,,,,,,,,,,,,,,,,,,,,,,,,
cons__mean,jam,0.5,10,20.0,20.0,20.0,20.0,60.0,60.0,60.0,60.0,-10.136306329394342,-9.120865307004813,-7.667238249255661,-9.023470080166792,7.667238249255661,9.120865307004813,10.136306329394342,9.023470080166792,0.3882898355569349,0.4780364961178078,0.5799112780933878,0.5188919092782288,5040.0,5340.0,6000.0,5424.0,0.0,0.0,0.0,0.0,0.48029497098646035,0.5064814814814815,0.5251831501831502,0.5026265319330944,0.0,0.0,0.0,0.0,0.0,0.0,0.0,0.0,5040.0,5340.0,6000.0,5424.0,2265.0,2670.0,3195.0,2718.0,0.47481684981684974,0.4935185185185186,0.5197050290135397,0.4973734680669056,0.48029497098646035,0.5064814814814814,0.5251831501831502,0.5026265319330944,72480.0,85440.0,102240.0,86976.0,32.0,32.0,32.0,32.0,0.0,0.0,0.0,0.0,2265.0,2670.0,3195.0,2718.0,0.0,0.0,0.0,0.0,0.0,0.0,0.0,0.0,0.0,0.0,0.0,0.0,2550.0,2730.0,2820.0,2706.0,0.0,0.0,0.0,0.0,0.0,0.0,0.0,0.0,0.916423933650453,0.9683031588356803,0.9956667547590327,0.9557323885008653,0.2567915824563731,0.6152588803318435,0.6827619393879581,0.4831186775335823,0.1291666666666666,0.225,0.8833333333333333,0.45166666666666666,7.667519051460534,9.120802815963339,10.136403765021239,9.023129726107586,-0.1804365369185112,-0.15168752120418175,-0.08792435377116392,-0.13589676492493527,,,,,0.0,0.0,0.0,0.0,1.0244331844320256,1.3458321601703604,1.5159336227349287,1.3426265259552532,4.7512287924996306e-17,1.466400018336613e-16,4.3884122419875164e-16,2.1024380820900604e-16,,,,,,,,,,,,,,,,,,,,,,,,,,,,,,,,,,,,,,,,,,,,
cons__mean,jam,0.75,10,20.0,20.0,20.0,20.0,60.0,60.0,60.0,60.0,-15.289120054241119,-13.749050942709381,-11.083533655616598,-13.668186235973597,11.083533655616598,13.749050942709381,15.289120054241119,13.668186235973597,0.5633700635346006,0.6907208886702869,0.7811994653970237,0.694454627145191,5040.0,5340.0,6000.0,5424.0,0.0,0.0,0.0,0.0,0.7263767209011265,0.7527777777777778,0.7607142857142857,0.7504006733368908,0.0,0.0,0.0,0.0,0.0,0.0,0.0,0.0,5040.0,5340.0,6000.0,5424.0,1155.0,1320.0,1605.0,1368.0,0.2392857142857142,0.2472222222222222,0.27362327909887363,0.2495993266631092,0.7263767209011264,0.7527777777777778,0.7607142857142857,0.7504006733368908,36960.0,42240.0,51360.0,43776.0,32.0,32.0,32.0,32.0,0.0,0.0,0.0,0.0,1155.0,1320.0,1605.0,1368.0,0.0,0.0,0.0,0.0,0.0,0.0,0.0,0.0,0.0,0.0,0.0,0.0,3855.0,4020.0,4395.0,4056.0,0.0,0.0,0.0,0.0,0.0,0.0,0.0,0.0,0.9569367711610937,0.9747633949617109,0.9974594357631813,0.9743277367982792,0.3166158859566377,0.6837942919834382,0.7287735037881307,0.5366919960095393,0.08749999999999998,0.7,0.95,0.5533333333333333,11.083568116203994,13.74905113340617,15.28910925477291,13.668188860859766,-0.08696089361660715,-0.049531410143759697,-0.037421296436191596,-0.0584848289948219,,,,,0.0,0.0,0.0,0.0,1.0244331844320256,1.3458321601703604,1.5159336227349287,1.3426265259552532,-4.1446390374350124e-16,-2.603002461577006e-16,-5.172342020501885e-17,-2.3908465288374433e-16,,,,,,,,,,,,,,,,,,,,,,,,,,,,,,,,,,,,,,,,,,,,
cons__mean,latency,0.0,10,20.0,20.0,20.0,20.0,60.0,60.0,60.0,60.0,-4.812688350691565e-07,-6.002494390527209e-08,-1.6733141846591753e-08,-6.521510734215485e-06,1.6733141846591753e-08,6.002494390527209e-08,4.812688350691565e-07,6.521510734215485e-06,0.00010672575956553191,0.00086430545991775,0.0031974376416924752,0.003726416701468575,5040.0,5340.0,6000.0,5424.0,0.0,0.0,0.0,0.0,0.0,0.0,0.0,0.0,0.0,0.0,0.0,0.0,0.0,0.0,0.0,0.0,5040.0,5340.0,6000.0,5424.0,5040.0,5340.0,6000.0,5424.0,1.0,1.0,1.0,1.0,0.0,0.0,0.0,0.0,161280.0,170880.0,192000.0,173568.0,32.0,32.0,32.0,32.0,0.0,0.0,0.0,0.0,5040.0,5340.0,6000.0,5424.0,0.0,0.0,0.0,0.0,0.0,0.0,0.0,0.0,0.0,0.0,0.0,0.0,0.0,0.0,0.0,0.0,0.0,0.0,0.0,0.0,0.0,0.0,0.0,0.0,0.7124144840678776,0.741608514443812,0.7639210630173829,0.7408038101265858,0.9916691271222455,0.9948264142084143,0.9972522214893982,0.9939140999522719,1.0,1.0,1.0,1.0,1.6413120287899623e-07,3.8569663256736695e-07,2.4139615000273653e-06,2.0570255460057833e-05,-0.3170851730086804,-0.27090090861700233,-0.24807433723116465,-0.28628782423586957,9.0,10.0,11.75,10.4,1.0,1.0,1.0,1.0,1.0244331844320256,1.3458321601703604,1.5159336227349287,1.3426265259552532,1.0244331844320258,1.3458321601703604,1.5159336227349285,1.3426265259552532,,,,,,,,,,,,,,,,,,,,,,,,,,,,,,,,,,,,,,,,,,,,
cons__mean,latency,1.0,10,20.0,20.0,20.0,20.0,60.0,60.0,60.0,60.0,-1.2078937751564736e-05,-2.078019346326647e-06,-9.095868043635401e-07,-8.184116355226053e-05,9.095868043635401e-07,2.078019346326647e-06,1.2078937751564736e-05,8.184116355226053e-05,0.00010792638845390909,0.0008650472291239,0.0031967509702735004,0.0037185297364748125,5040.0,5340.0,6000.0,5424.0,0.0,0.0,0.0,0.0,0.0,0.0,0.0,0.0,1.0,1.0,1.0,1.0,1.0,1.0,1.0,1.0,5040.0,5340.0,6000.0,5424.0,4956.0,5251.0,5900.0,5333.6,0.9833333333333332,0.9833333333333332,0.9833333333333332,0.9833333333333331,0.0166666666666667,0.0166666666666667,0.0166666666666667,0.016666666666666698,158592.0,168032.0,188800.0,170675.2,32.0,32.0,32.0,32.0,0.0,0.0,0.0,0.0,4956.0,5251.0,5900.0,5333.6,0.0,0.0,0.0,0.0,0.0,0.0,0.0,0.0,0.0,0.0,0.0,0.0,0.0,0.0,0.0,0.0,0.0,0.0,0.0,0.0,0.0,0.0,0.0,0.0,0.7575587500538594,0.7816867241349768,0.8011504368026325,0.7806303998739186,0.9833868315404042,0.9922383605688572,0.996308992426003,0.9896587601862421,1.0,1.0,1.0,1.0,4.6011005263135024e-06,9.143833294131905e-06,4.315777970541427e-05,0.00019581182165329586,-0.317085172763057,-0.2709008031380875,-0.24807152270373542,-0.28628656890832266,12.0,13.0,15.75,13.7,1.0,1.0,1.0,1.0,1.0244331844320256,1.3458321601703604,1.5159336227349287,1.3426265259552532,1.0073592980248252,1.3234016241675213,1.4906680623560127,1.3202494171893324,,,,,,,,,,,,,,,,,,,,,,,,,,,,,,,,,,,,,,,,,,,,
cons__mean,latency,2.0,10,20.0,20.0,20.0,20.0,60.0,60.0,60.0,60.0,-0.0001134119331892,-2.4518993100375472e-05,-1.2348135695426893e-05,-0.0004204990835047141,1.2348135695426893e-05,2.4518993100375472e-05,0.0001134119331892,0.0004204990835047141,0.00012014052524658112,0.00086916638150415,0.0031953087229875748,0.003716523989995972,5040.0,5340.0,6000.0,5424.0,0.0,0.0,0.0,0.0,0.0,0.0,0.0,0.0,2.0,2.0,2.0,2.0,2.0,2.0,2.0,2.0,5040.0,5340.0,6000.0,5424.0,4872.0,5162.0,5800.0,5243.2,0.9666666666666668,0.9666666666666668,0.9666666666666668,0.9666666666666668,0.0333333333333333,0.0333333333333333,0.0333333333333333,0.033333333333333305,155904.0,165184.0,185600.0,167782.4,32.0,32.0,32.0,32.0,0.0,0.0,0.0,0.0,4872.0,5162.0,5800.0,5243.2,0.0,0.0,0.0,0.0,0.0,0.0,0.0,0.0,0.0,0.0,0.0,0.0,0.0,0.0,0.0,0.0,0.0,0.0,0.0,0.0,0.0,0.0,0.0,0.0,0.790691730714487,0.8090992578260379,0.826007484210881,0.808594026096281,0.9769045129136706,0.9894908986300002,0.995244801065777,0.9849894292880943,1.0,1.0,1.0,1.0,4.1955029248222185e-05,8.624827478473848e-05,0.000352371761464675,0.0008583379377143631,-0.3170851678169804,-0.27089965415191153,-0.248058687309909,-0.28628092460965676,14.25,16.0,19.5,16.9,1.0,1.0,1.0,1.0,1.0244331844320256,1.3458321601703604,1.5159336227349287,1.3426265259552532,0.990285411617625,1.3009710881646819,1.4654025019770973,1.2978723084234116,,,,,,,,,,,,,,,,,,,,,,,,,,,,,,,,,,,,,,,,,,,,
cons__mean,latency,4.0,10,20.0,20.0,20.0,20.0,60.0,60.0,60.0,60.0,-0.002152719840962825,-0.0006093514303974,-0.000284896420082025,-0.0031752728548206308,0.000284896420082025,0.0006093514303974,0.002152719840962825,0.0031752728548206308,0.000313588865330125,0.00093522193174205,0.0032033172948985004,0.0038065456342153614,5040.0,5340.0,6000.0,5424.0,0.0,0.0,0.0,0.0,0.0,0.0,0.0,0.0,4.0,4.0,4.0,4.0,4.0,4.0,4.0,4.0,5040.0,5340.0,6000.0,5424.0,4704.0,4984.0,5600.0,5062.4,0.9333333333333332,0.9333333333333332,0.9333333333333332,0.9333333333333332,0.0666666666666666,0.0666666666666666,0.0666666666666666,0.06666666666666661,150528.0,159488.0,179200.0,161996.8,32.0,32.0,32.0,32.0,0.0,0.0,0.0,0.0,4704.0,4984.0,5600.0,5062.4,0.0,0.0,0.0,0.0,0.0,0.0,0.0,0.0,0.0,0.0,0.0,0.0,0.0,0.0,0.0,0.0,0.0,0.0,0.0,0.0,0.0,0.0,0.0,0.0,0.8338899690541096,0.8420746648162761,0.8609680410641646,0.8437194498333541,0.9731182818751043,0.986487800541785,0.9931886565541301,0.979027598805342,0.9583333333333333,0.9916666666666666,1.0,0.9799999999999999,0.000711911174626425,0.0015506037935197501,0.004824229534380725,0.005528037008865785,-0.3170848882702455,-0.27087525055607214,-0.24796059901361564,-0.28623501171346816,20.5,22.5,27.25,23.7,1.0,1.0,1.0,1.0,1.0244331844320256,1.3458321601703604,1.5159336227349287,1.3426265259552532,0.9561376388032239,1.256110016159003,1.4148713812192664,1.25311809089157,,,,,,,,,,,,,,,,,,,,,,,,,,,,,,,,,,,,,,,,,,,,
cons__mean,latency,8.0,10,20.0,20.0,20.0,20.0,60.0,60.0,60.0,60.0,-0.04515220973792837,-0.0256228867844951,-0.0163020511467294,-0.04041735622303768,0.0163020511467294,0.0256228867844951,0.04515220973792837,0.04041735622303768,0.00191096159758205,0.00288802660524415,0.003988256537554524,0.0056140475747459995,5040.0,5340.0,6000.0,5424.0,0.0,0.0,0.0,0.0,0.0,0.0,0.0,0.0,8.0,8.0,8.0,8.0,8.0,8.0,8.0,8.0,5040.0,5340.0,6000.0,5424.0,4368.0,4628.0,5200.0,4700.8,0.8666666666666667,0.8666666666666667,0.8666666666666667,0.8666666666666668,0.1333333333333333,0.1333333333333333,0.1333333333333333,0.1333333333333333,139776.0,148096.0,166400.0,150425.6,32.0,32.0,32.0,32.0,0.0,0.0,0.0,0.0,4368.0,4628.0,5200.0,4700.8,0.0,0.0,0.0,0.0,0.0,0.0,0.0,0.0,0.0,0.0,0.0,0.0,0.0,0.0,0.0,0.0,0.0,0.0,0.0,0.0,0.0,0.0,0.0,0.0,0.8817210986757409,0.8861098298160889,0.8979539470297271,0.8858013096531195,0.9319888020134665,0.9523909528347284,0.9796483897773047,0.9552278984700336,0.625,0.6916666666666667,0.8541666666666667,0.7549999999999999,0.027034484371176677,0.04328592769408875,0.07044423815404524,0.05580263453837481,-0.31699115062118277,-0.2703255817951329,-0.24728755767724658,-0.28561431032399787,32.0,39.0,40.0,36.22222222222222,1.0,1.0,1.0,0.9,1.0244331844320256,1.3458321601703604,1.5159336227349287,1.3426265259552532,0.8878420931744222,1.166387872147646,1.3138091397036042,1.1636096558278861,,,,,,,,,,,,,,,,,,,,,,,,,,,,,,,,,,,,,,,,,,,,
cons__mean,msg_drop,0.0,10,20.0,20.0,20.0,20.0,60.0,60.0,60.0,60.0,-4.812688350691565e-07,-6.002494390527209e-08,-1.6733141846591753e-08,-6.521510734215485e-06,1.6733141846591753e-08,6.002494390527209e-08,4.812688350691565e-07,6.521510734215485e-06,0.00010672575956553191,0.00086430545991775,0.0031974376416924752,0.003726416701468575,5040.0,5340.0,6000.0,5424.0,0.0,0.0,0.0,0.0,0.0,0.0,0.0,0.0,0.0,0.0,0.0,0.0,0.0,0.0,0.0,0.0,5040.0,5340.0,6000.0,5424.0,5040.0,5340.0,6000.0,5424.0,1.0,1.0,1.0,1.0,0.0,0.0,0.0,0.0,161280.0,170880.0,192000.0,173568.0,32.0,32.0,32.0,32.0,0.0,0.0,0.0,0.0,5040.0,5340.0,6000.0,5424.0,0.0,0.0,0.0,0.0,0.0,0.0,0.0,0.0,0.0,0.0,0.0,0.0,0.0,0.0,0.0,0.0,0.0,0.0,0.0,0.0,0.0,0.0,0.0,0.0,0.7124144840678776,0.741608514443812,0.7639210630173829,0.7408038101265858,0.9916691271222455,0.9948264142084143,0.9972522214893982,0.9939140999522719,1.0,1.0,1.0,1.0,1.6413120287899623e-07,3.8569663256736695e-07,2.4139615000273653e-06,2.0570255460057833e-05,-0.3170851730086804,-0.27090090861700233,-0.24807433723116465,-0.28628782423586957,9.0,10.0,11.75,10.4,1.0,1.0,1.0,1.0,1.0244331844320256,1.3458321601703604,1.5159336227349287,1.3426265259552532,1.0244331844320258,1.3458321601703604,1.5159336227349285,1.3426265259552532,,,,,,,,,,,,,,,,,,,,,,,,,,,,,,,,,,,,,,,,,,,,
cons__mean,msg_drop,0.1,10,20.0,20.0,20.0,20.0,60.0,60.0,60.0,60.0,-2.9381369153935294e-07,-6.413853298021147e-08,-1.512373630757496e-08,-6.9253161750231896e-06,1.512373630757496e-08,6.413853298021147e-08,2.9381369153935294e-07,6.9253161750231896e-06,0.00022702904415000002,0.000772970168001,0.0036259207608809498,0.0032673186326553894,5040.0,5340.0,6000.0,5424.0,0.0,0.0,0.0,0.0,0.09877999068250638,0.1027186761229314,0.10337381164587045,0.10125260185705628,0.0,0.0,0.0,0.0,0.0,0.0,0.0,0.0,5040.0,5340.0,6000.0,5424.0,4533.75,4787.0,5381.25,4875.3,0.8966261883541295,0.8972813238770685,0.9012200093174936,0.8987473981429437,0.0987799906825063,0.1027186761229314,0.10337381164587045,0.10125260185705628,145080.0,153184.0,172200.0,156009.6,32.0,32.0,32.0,32.0,0.0,0.0,0.0,0.0,4533.75,4787.0,5381.25,4875.3,0.0,0.0,0.0,0.0,0.0,0.0,0.0,0.0,482.75,553.0,613.5,548.7,0.0,0.0,0.0,0.0,0.0,0.0,0.0,0.0,0.0,0.0,0.0,0.0,0.7119210070528978,0.7435433305177652,0.7580260028108587,0.7414491214295629,0.990083940860117,0.9944009533679092,0.9975194976053299,0.9933553681613765,1.0,1.0,1.0,1.0,1.5699579732506196e-07,4.030037181894476e-07,1.8369544314913343e-06,2.1580750847862187e-05,-0.31708517300630923,-0.27090090836796493,-0.24807434863335953,-0.2862878175057789,9.0,10.0,11.0,10.2,1.0,1.0,1.0,1.0,1.0244331844320256,1.3458321601703604,1.5159336227349287,1.3426265259552532,1.002316302524644,1.289004468589311,1.483943162620112,1.2966025515428263,,,,,,,,,,,,,,,,,,,,,,,,,,,,,,,,,,,,,,,,,,,,
cons__mean,msg_drop,0.3,10,20.0,20.0,20.0,20.0,60.0,60.0,60.0,60.0,-7.739855363088468e-07,-5.603726029676775e-08,-1.2602195373524842e-08,-7.817601207361123e-06,1.2602195373524842e-08,5.603726029676775e-08,7.739855363088468e-07,7.817601207361123e-06,0.00085147398245995,0.0017502706552376,0.00294198115579055,0.0035391156465541,5040.0,5340.0,6000.0,5424.0,0.0,0.0,0.0,0.0,0.29615299823633157,0.2991537717601547,0.3033909853249476,0.30012270076560144,0.0,0.0,0.0,0.0,0.0,0.0,0.0,0.0,5040.0,5340.0,6000.0,5424.0,3561.5,3730.5,4171.0,3796.7,0.6966090146750524,0.7008462282398453,0.7038470017636684,0.6998772992343985,0.29615299823633157,0.2991537717601547,0.3033909853249475,0.30012270076560144,113968.0,119376.0,133472.0,121494.4,32.0,32.0,32.0,32.0,0.0,0.0,0.0,0.0,3561.5,3730.5,4171.0,3796.7,0.0,0.0,0.0,0.0,0.0,0.0,0.0,0.0,1457.5,1609.5,1829.0,1627.3,0.0,0.0,0.0,0.0,0.0,0.0,0.0,0.0,0.0,0.0,0.0,0.0,0.7051079153057742,0.7387933908047932,0.7685876180630361,0.7432068800587818,0.9906189525768975,0.9946338716165151,0.9969009217715168,0.993290873411642,1.0,1.0,1.0,1.0,9.778970286676284e-08,4.14174702269128e-07,3.828418033115744e-06,2.396115996019989e-05,-0.3170851730049289,-0.27090090819026413,-0.24807432519527334,-0.2862878026343617,9.0,10.5,11.75,10.5,1.0,1.0,1.0,1.0,1.0244331844320256,1.3458321601703604,1.5159336227349287,1.3426265259552532,0.7523290846794906,0.9585068278325497,1.1559670439757588,0.978214917434881,,,,,,,,,,,,,,,,,,,,,,,,,,,,,,,,,,,,,,,,,,,,
cons__mean,msg_drop,0.5,10,20.0,20.0,20.0,20.0,60.0,60.0,60.0,60.0,-5.418606679366107e-06,-1.7845882132960883e-07,-3.964780008959523e-08,-1.1801109146414454e-05,3.964780008959523e-08,1.7845882132960885e-07,5.418606679366107e-06,1.1801109146414454e-05,0.001549701344521,0.00376574286372735,0.006652830067066775,0.005446732971701761,5040.0,5340.0,6000.0,5424.0,0.0,0.0,0.0,0.0,0.49408068783068776,0.49688285570638513,0.5059596555174386,0.4996235639791135,0.0,0.0,0.0,0.0,0.0,0.0,0.0,0.0,5040.0,5340.0,6000.0,5424.0,2550.5,2613.5,3019.0,2715.7,0.49404034448256146,0.5031171442936149,0.5059193121693122,0.5003764360208864,0.49408068783068776,0.49688285570638513,0.5059596555174386,0.4996235639791135,81616.0,83632.0,96608.0,86902.4,32.0,32.0,32.0,32.0,0.0,0.0,0.0,0.0,2550.5,2613.5,3019.0,2715.7,0.0,0.0,0.0,0.0,0.0,0.0,0.0,0.0,2480.5,2726.5,2981.0,2708.3,0.0,0.0,0.0,0.0,0.0,0.0,0.0,0.0,0.0,0.0,0.0,0.0,0.7236554256301971,0.742498387520617,0.7890279799294742,0.7547680245039484,0.9870121207566815,0.9953970733630898,0.9968726910532336,0.9922061121085182,1.0,1.0,1.0,0.9966666666666667,2.593502638517722e-07,1.1978970506393488e-06,2.216527008349121e-05,3.7874874364244606e-05,-0.31708517297424765,-0.270900906759615,-0.24807351877939726,-0.28628773624256276,10.25,12.0,13.0,11.6,1.0,1.0,1.0,1.0,1.0244331844320256,1.3458321601703604,1.5159336227349287,1.3426265259552532,0.3557292448486561,0.45435695571874035,0.6217194377620987,0.4903705255914555,,,,,,,,,,,,,,,,,,,,,,,,,,,,,,,,,,,,,,,,,,,,
cons__mean,msg_drop,0.7,10,20.0,20.0,20.0,20.0,60.0,60.0,60.0,60.0,-0.0002123524076062704,-1.9905916315994615e-05,-1.265498970999163e-06,-0.0005887795970889713,1.265498970999163e-06,1.990591631599462e-05,0.0002123524076062704,0.0005887795970889713,0.000521297758331525,0.00151594564286435,0.004707430680351225,0.004305322913547309,5040.0,5340.0,6000.0,5424.0,0.0,0.0,0.0,0.0,0.6952040745376165,0.7012484737484737,0.70645964360587,0.7010229071834448,0.0,0.0,0.0,0.0,0.0,0.0,0.0,0.0,5040.0,5340.0,6000.0,5424.0,1496.75,1555.0,1824.5,1622.7,0.29354035639412995,0.29875152625152623,0.30479592546238354,0.29897709281655505,0.6952040745376165,0.7012484737484737,0.70645964360587,0.7010229071834448,47896.0,49760.0,58384.0,51926.4,32.0,32.0,32.0,32.0,0.0,0.0,0.0,0.0,1496.75,1555.0,1824.5,1622.7,0.0,0.0,0.0,0.0,0.0,0.0,0.0,0.0,3512.5,3788.5,4175.5,3801.3,0.0,0.0,0.0,0.0,0.0,0.0,0.0,0.0,0.0,0.0,0.0,0.0,0.7661311315719049,0.7974868484960684,0.8458054342753247,0.804960834325238,0.9850529057362245,0.992026269339966,0.9943729499596421,0.9888016043028127,0.9833333333333332,0.9833333333333332,0.9958333333333333,0.9849999999999998,5.604085367780445e-06,6.158274608549161e-05,0.00091209896272675,0.0010749011311637884,-0.3170851716712925,-0.27090051236232143,-0.24801711230764284,-0.28627811993443036,12.5,15.5,17.5,16.2,1.0,1.0,1.0,1.0,1.0244331844320256,1.3458321601703604,1.5159336227349287,1.3426265259552532,0.027585435928264925,0.0555434265707872,0.09714241227975975,0.07433397059509782,,,,,,,,,,,,,,,,,,,,,,,,,,,,,,,,,,,,,,,,,,,,
cons__mean,msg_drop,1.0,10,20.0,20.0,20.0,20.0,60.0,60.0,60.0,60.0,-19.025110380737974,-16.254054690410573,-14.884474061156599,-17.177275975662912,14.884474061156599,16.254054690410573,19.025110380737974,17.177275975662912,0.74422370305783,0.8127027345205287,0.9512555190368986,0.8588637987831456,5040.0,5340.0,6000.0,5424.0,0.0,0.0,0.0,0.0,1.0,1.0,1.0,1.0,0.0,0.0,0.0,0.0,0.0,0.0,0.0,0.0,5040.0,5340.0,6000.0,5424.0,0.0,0.0,0.0,0.0,0.0,0.0,0.0,0.0,1.0,1.0,1.0,1.0,0.0,0.0,0.0,0.0,0.0,0.0,0.0,0.0,0.0,0.0,0.0,0.0,0.0,0.0,0.0,0.0,0.0,0.0,0.0,0.0,0.0,0.0,0.0,0.0,5040.0,5340.0,6000.0,5424.0,0.0,0.0,0.0,0.0,0.0,0.0,0.0,0.0,0.0,0.0,0.0,0.0,1.0,1.0,1.0,1.0,0.0,0.0,0.0,0.0,1.0,1.0,1.0,1.0,14.884474061156602,16.254054690410573,19.02511038073797,17.177275975662912,0.0,0.0,0.0,0.0,,,,,0.0,0.0,0.0,0.0,1.0244331844320256,1.3458321601703604,1.5159336227349287,1.3426265259552532,0.0,0.0,0.0,0.0,,,,,,,,,,,,,,,,,,,,,,,,,,,,,,,,,,,,,,,,,,,,
cons__mean,spoof,0.0,10,20.0,20.0,20.0,20.0,60.0,60.0,60.0,60.0,-4.812688350691565e-07,-6.002494390527209e-08,-1.6733141846591753e-08,-6.521510734215485e-06,1.6733141846591753e-08,6.002494390527209e-08,4.812688350691565e-07,6.521510734215485e-06,0.00010672575956553191,0.00086430545991775,0.0031974376416924752,0.003726416701468575,5040.0,5340.0,6000.0,5424.0,0.0,0.0,0.0,0.0,0.0,0.0,0.0,0.0,0.0,0.0,0.0,0.0,0.0,0.0,0.0,0.0,5040.0,5340.0,6000.0,5424.0,5040.0,5340.0,6000.0,5424.0,1.0,1.0,1.0,1.0,0.0,0.0,0.0,0.0,161280.0,170880.0,192000.0,173568.0,32.0,32.0,32.0,32.0,0.0,0.0,0.0,0.0,5040.0,5340.0,6000.0,5424.0,0.0,0.0,0.0,0.0,0.0,0.0,0.0,0.0,0.0,0.0,0.0,0.0,0.0,0.0,0.0,0.0,0.0,0.0,0.0,0.0,0.0,0.0,0.0,0.0,0.7124144840678776,0.741608514443812,0.7639210630173829,0.7408038101265858,0.9916691271222455,0.9948264142084143,0.9972522214893982,0.9939140999522719,1.0,1.0,1.0,1.0,1.6413120287899623e-07,3.8569663256736695e-07,2.4139615000273653e-06,2.0570255460057833e-05,-0.3170851730086804,-0.27090090861700233,-0.24807433723116465,-0.28628782423586957,9.0,10.0,11.75,10.4,1.0,1.0,1.0,1.0,1.0244331844320256,1.3458321601703604,1.5159336227349287,1.3426265259552532,1.0244331844320258,1.3458321601703604,1.5159336227349285,1.3426265259552532,,,,,,,,,,,,,,,,,,,,,,,,,,,,,,,,,,,,,,,,,,,,
cons__mean,spoof,0.1,10,20.0,20.0,20.0,20.0,60.0,60.0,60.0,60.0,-0.09629365105164416,-0.0683604661053492,-0.04635702255784367,-0.08334724573410868,0.04635702255784367,0.0683604661053492,0.09629365105164416,0.08334724573410868,0.0056167447624411,0.0242530503659344,0.05174095735600355,0.03546228929589268,5040.0,5340.0,6000.0,5424.0,0.09997332119851488,0.1040457847615392,0.10856432254250488,0.10544066388460019,0.0,0.0,0.0,0.0,0.0,0.0,0.0,0.0,0.0,0.0,0.0,0.0,5040.0,5340.0,6000.0,5424.0,5040.0,5340.0,6000.0,5424.0,1.0,1.0,1.0,1.0,0.0,0.0,0.0,0.0,161280.0,170880.0,192000.0,173568.0,32.0,32.0,32.0,32.0,0.0,0.0,0.0,0.0,4535.25,4790.5,5382.0,4879.4,0.0,0.0,0.0,0.0,488.25,549.5,603.0,544.6,0.0,0.0,0.0,0.0,0.0,0.0,0.0,0.0,0.0,0.0,0.0,0.0,0.0,0.0,0.0,0.0,0.9128799965426111,0.9271037760648867,0.9413313807466122,0.9139896809958588,0.4221588504026624,0.49634305466474543,0.7090662599141297,0.5653512656001969,0.575,0.6,0.6333333333333333,0.61,0.09356466193942875,0.12060657641070645,0.141830793003394,0.1261849132109463,-0.3159908488825075,-0.26890680915423604,-0.24729228894444089,-0.28489881216548,11.0,11.5,14.0,13.6,1.0,1.0,1.0,1.0,1.0244331844320256,1.3458321601703604,1.5159336227349287,1.3426265259552532,1.0244331844320258,1.3458321601703604,1.5159336227349285,1.3426265259552532,,,,,,,,,,,,,,,,,,,,,,,,,,,,,,,,,,,,,,,,,,,,
cons__mean,spoof,0.3,10,20.0,20.0,20.0,20.0,60.0,60.0,60.0,60.0,-0.32895267507065995,-0.2290434630774001,-0.19487022572651963,-0.3050740061567382,0.19487022572651963,0.2290434630774001,0.32895267507065995,0.3050740061567382,0.020323950667955497,0.02927970823286025,0.09607832942157596,0.062358754791228564,5040.0,5340.0,6000.0,5424.0,0.30132415984210614,0.3083752362601051,0.31313005578404784,0.30857487640590564,0.0,0.0,0.0,0.0,0.0,0.0,0.0,0.0,0.0,0.0,0.0,0.0,5040.0,5340.0,6000.0,5424.0,5040.0,5340.0,6000.0,5424.0,1.0,1.0,1.0,1.0,0.0,0.0,0.0,0.0,161280.0,170880.0,192000.0,173568.0,32.0,32.0,32.0,32.0,0.0,0.0,0.0,0.0,3534.0,3754.5,4193.75,3808.6,0.0,0.0,0.0,0.0,1492.0,1585.5,1806.25,1615.4,0.0,0.0,0.0,0.0,0.0,0.0,0.0,0.0,0.0,0.0,0.0,0.0,0.0,0.0,0.0,0.0,0.9424359424065336,0.9529313457890046,0.9658890033757981,0.9424183507042321,0.3043033697226195,0.3825836668328303,0.45791319549975884,0.4041539978090755,0.5333333333333333,0.5666666666666667,0.5833333333333334,0.5616666666666666,0.2282601091807202,0.2557476612061471,0.289185777197584,0.2749319353181868,-0.31409768147946,-0.2678699366112165,-0.24326851854663206,-0.2812033661584362,9.0,11.0,21.0,15.714285714285714,0.25,1.0,1.0,0.7,1.0244331844320256,1.3458321601703604,1.5159336227349287,1.3426265259552532,1.0244331844320258,1.3458321601703604,1.5159336227349285,1.3426265259552532,,,,,,,,,,,,,,,,,,,,,,,,,,,,,,,,,,,,,,,,,,,,
cons__mean,spoof,0.5,10,20.0,20.0,20.0,20.0,60.0,60.0,60.0,60.0,-0.6418695858513872,-0.4774360949761324,-0.42541040552235,-0.5190526129304323,0.42541040552235,0.4774360949761324,0.6418695858513872,0.5190526129304323,0.03246372036958275,0.06149884173520791,0.08860646058592381,0.06876312490754352,5040.0,5340.0,6000.0,5424.0,0.5235232205990028,0.528924124060614,0.5328638628283202,0.5272238826195863,0.0,0.0,0.0,0.0,0.0,0.0,0.0,0.0,0.0,0.0,0.0,0.0,5040.0,5340.0,6000.0,5424.0,5040.0,5340.0,6000.0,5424.0,1.0,1.0,1.0,1.0,0.0,0.0,0.0,0.0,161280.0,170880.0,192000.0,173568.0,32.0,32.0,32.0,32.0,0.0,0.0,0.0,0.0,2479.5,2610.5,2967.0,2694.7,0.0,0.0,0.0,0.0,2537.5,2729.5,3033.0,2729.3,0.0,0.0,0.0,0.0,0.0,0.0,0.0,0.0,0.0,0.0,0.0,0.0,0.0,0.0,0.0,0.0,0.885820167141665,0.9311925871580955,0.9676560940290693,0.8902066401094171,0.3532472382317871,0.4937739024114201,0.6378409812436237,0.515094898264089,0.5333333333333333,0.55,0.5791666666666667,0.5549999999999999,0.4576294965820251,0.4859443472622159,0.5355037662520119,0.508066931766525,-0.30906174220595783,-0.2621752088867842,-0.23993603139469857,-0.27763705604554134,21.25,33.5,44.5,32.25,0.0,0.0,1.0,0.4,1.0244331844320256,1.3458321601703604,1.5159336227349287,1.3426265259552532,1.0244331844320258,1.3458321601703604,1.5159336227349285,1.3426265259552532,,,,,,,,,,,,,,,,,,,,,,,,,,,,,,,,,,,,,,,,,,,,
cons__mean,spoof,1.0,10,20.0,20.0,20.0,20.0,60.0,60.0,60.0,60.0,-1.1533761258404618,-0.9285561054870632,-0.8157352783446893,-1.003349930341503,0.8157352783446893,0.9285561054870632,1.1533761258404618,1.003349930341503,0.056927838936022296,0.07323963636993755,0.13593525783626492,0.09806924205450325,5040.0,5340.0,6000.0,5424.0,1.0523662019226836,1.0604547761586507,1.0738048623911134,1.0662665015046746,0.0,0.0,0.0,0.0,0.0,0.0,0.0,0.0,0.0,0.0,0.0,0.0,5040.0,5340.0,6000.0,5424.0,5040.0,5340.0,6000.0,5424.0,1.0,1.0,1.0,1.0,0.0,0.0,0.0,0.0,161280.0,170880.0,192000.0,173568.0,32.0,32.0,32.0,32.0,0.0,0.0,0.0,0.0,0.0,0.0,0.0,0.0,0.0,0.0,0.0,0.0,5040.0,5340.0,6000.0,5424.0,0.0,0.0,0.0,0.0,0.0,0.0,0.0,0.0,0.0,0.0,0.0,0.0,0.0,0.0,0.0,0.0,0.8983474750799131,0.97438545683952,0.9831524232162985,0.9423729812609561,0.15602595852987855,0.3055475161843374,0.4446259027275343,0.32662737098888317,0.5041666666666667,0.5333333333333333,0.55,0.5316666666666666,0.9364342289022421,0.9894491489623938,1.117456084485687,1.0019790276283573,-0.29971959690254,-0.25580562148332675,-0.22768769134752787,-0.2695654340886901,,,,,0.0,0.0,0.0,0.0,1.0244331844320256,1.3458321601703604,1.5159336227349287,1.3426265259552532,1.0244331844320258,1.3458321601703604,1.5159336227349285,1.3426265259552532,,,,,,,,,,,,,,,,,,,,,,,,,,,,,,,,,,,,,,,,,,,,
cons__median,bandwidth,0.0,10,20.0,20.0,20.0,20.0,60.0,60.0,60.0,60.0,-0.0046749256137454745,-0.0003824135812866,-5.41637785283193e-05,-0.020866944423471593,5.41637785283193e-05,0.0003824135812866,0.0046749256137454745,0.020866944423471593,0.0031822491500526503,0.0062642584658267,0.024573573060741774,0.020200103975512983,5040.0,5340.0,6000.0,5424.0,0.0,0.0,0.0,0.0,0.0,0.0,0.0,0.0,0.0,0.0,0.0,0.0,0.0,0.0,0.0,0.0,5040.0,5340.0,6000.0,5424.0,5040.0,5340.0,6000.0,5424.0,1.0,1.0,1.0,1.0,0.0,0.0,0.0,0.0,161280.0,170880.0,192000.0,173568.0,32.0,32.0,32.0,32.0,0.0,0.0,0.0,0.0,5040.0,5340.0,6000.0,5424.0,0.0,0.0,0.0,0.0,0.0,0.0,0.0,0.0,0.0,0.0,0.0,0.0,0.0,0.0,0.0,0.0,0.0,0.0,0.0,0.0,0.0,0.0,0.0,0.0,0.8114747606682085,0.8599951352284371,0.9082570728125441,0.8657678038404789,0.9040093524712616,0.9763842220954819,0.9889876806036688,0.8851186050996578,1.0,1.0,1.0,1.0,0.00016395163288807164,0.0011461298269563,0.007940571552287475,0.021671196450913713,-0.3170850454888756,-0.2708821267506987,-0.2474897521276518,-0.28594015052065735,14.5,16.5,18.75,16.6,1.0,1.0,1.0,1.0,1.0244331844320256,1.3458321601703604,1.5159336227349287,1.3426265259552532,1.0244331844320258,1.3458321601703604,1.5159336227349285,1.3426265259552532,,,,,,,,,,,,,,,,,,,,,,,,,,,,,,,,,,,,,,,,,,,,
cons__median,bandwidth,1.0,10,20.0,20.0,20.0,20.0,60.0,60.0,60.0,60.0,-113.57530991598018,-12.160950412984432,-7.328990624843556e-20,-51.049421486907974,7.328990624843556e-20,12.160950412984432,113.57530991598018,51.049421486907974,6.402468057883663,7.041085985949545,8.653906606992663,7.042101354790319,5040.0,5340.0,6000.0,5424.0,0.3771939079255496,0.8796927284311225,2.053415883293563,1.4261121835972352,0.0,0.0,0.0,0.0,0.0,0.0,0.0,0.0,0.0,0.0,0.0,0.0,5040.0,5340.0,6000.0,5424.0,5040.0,5340.0,6000.0,5424.0,1.0,1.0,1.0,1.0,0.0,0.0,0.0,0.0,5040.0,5340.0,6000.0,5424.0,1.0,1.0,1.0,1.0,0.0,0.0,0.0,0.0,5040.0,5340.0,6000.0,5424.0,0.0,0.0,0.0,0.0,0.0,0.0,0.0,0.0,0.0,0.0,0.0,0.0,0.0,0.0,0.0,0.0,0.0,0.0,0.0,0.0,0.0,0.0,0.0,0.0,0.438778100137529,0.740810290340745,1.0,0.7214415883512175,0.0,0.4826560964286166,0.993820221095502,0.4949158990493025,0.4041666666666667,0.6666666666666666,0.9458333333333333,0.6133333333333334,1.381029598074405e-16,12.160950407679938,113.07417351632523,51.087603287062656,-0.2778020636055181,-0.015509310821594763,1.5991356641379628,0.5645357585207511,7.0,10.0,13.0,11.0,0.0,0.5,1.0,0.5,1.0244331844320256,1.3458321601703604,1.5159336227349287,1.3426265259552532,1.0244331844320258,1.3458321601703604,1.5159336227349285,1.3426265259552532,,,,,,,,,,,,,,,,,,,,,,,,,,,,,,,,,,,,,,,,,,,,
cons__median,bandwidth,2.0,10,20.0,20.0,20.0,20.0,60.0,60.0,60.0,60.0,-8.738785583063528,-4.942377330513078e-19,-4.5220170402201415e-20,-4.228420569278843,4.5220170402201415e-20,4.942377330513078e-19,8.738785583063528,4.228420569278843,0.5599356458761354,0.6818133559572622,0.8563093076094501,0.7573635327973615,5040.0,5340.0,6000.0,5424.0,0.033691476129541695,0.047383181417954,0.204773354877833,0.10366035621457717,0.0,0.0,0.0,0.0,0.0,0.0,0.0,0.0,0.0,0.0,0.0,0.0,5040.0,5340.0,6000.0,5424.0,5040.0,5340.0,6000.0,5424.0,1.0,1.0,1.0,1.0,0.0,0.0,0.0,0.0,10080.0,10680.0,12000.0,10848.0,2.0,2.0,2.0,2.0,0.0,0.0,0.0,0.0,5040.0,5340.0,6000.0,5424.0,0.0,0.0,0.0,0.0,0.0,0.0,0.0,0.0,0.0,0.0,0.0,0.0,0.0,0.0,0.0,0.0,0.0,0.0,0.0,0.0,0.0,0.0,0.0,0.0,0.44134672359853894,0.46413551406874387,0.6452891204627258,0.5492157023192477,0.887233874771622,0.9812976259825847,0.9939944014806665,0.9348910827102828,0.4708333333333333,0.95,0.9916666666666667,0.76,8.521009045611308e-17,9.31311076150933e-16,8.795793157740246,4.2639508709329075,-0.30120822661561863,-0.26965006497435307,-0.10752792453329613,-0.21581425677306781,7.5,10.5,12.75,10.166666666666666,0.0,1.0,1.0,0.6,1.0244331844320256,1.3458321601703604,1.5159336227349287,1.3426265259552532,1.0244331844320258,1.3458321601703604,1.5159336227349285,1.3426265259552532,,,,,,,,,,,,,,,,,,,,,,,,,,,,,,,,,,,,,,,,,,,,
cons__median,bandwidth,3.0,10,20.0,20.0,20.0,20.0,60.0,60.0,60.0,60.0,-2.2683673468743955,-0.8081632653531501,-2.402959021551774e-20,-1.0992857142775456,2.402959021551774e-20,0.8081632653531501,2.2683673468743955,1.0992857142775456,0.08493490616573166,0.1125363072634832,0.157895865709417,0.1219024925339895,5040.0,5340.0,6000.0,5424.0,0.007322986588944026,0.01051853768966865,0.016839201542425075,0.01411037593375491,0.0,0.0,0.0,0.0,0.0,0.0,0.0,0.0,0.0,0.0,0.0,0.0,5040.0,5340.0,6000.0,5424.0,5040.0,5340.0,6000.0,5424.0,1.0,1.0,1.0,1.0,0.0,0.0,0.0,0.0,15120.0,16020.0,18000.0,16272.0,3.0,3.0,3.0,3.0,0.0,0.0,0.0,0.0,5040.0,5340.0,6000.0,5424.0,0.0,0.0,0.0,0.0,0.0,0.0,0.0,0.0,0.0,0.0,0.0,0.0,0.0,0.0,0.0,0.0,0.0,0.0,0.0,0.0,0.0,0.0,0.0,0.0,0.4442568861757853,0.5656692614555279,0.709258274594712,0.5985736086898029,0.8255212557125877,0.941666438701832,0.9942349263185805,0.8680069841422716,0.2791666666666666,0.9916666666666666,1.0,0.7033333333333334,4.5279885283109164e-17,0.8081632665784156,2.268367345197112,1.0992857140647474,-0.3088885879513394,-0.269650064974353,-0.22494219117244643,-0.2679665043564228,7.0,9.0,11.0,9.2,0.0,0.5,1.0,0.5,1.0244331844320256,1.3458321601703604,1.5159336227349287,1.3426265259552532,1.0244331844320258,1.3458321601703604,1.5159336227349285,1.3426265259552532,,,,,,,,,,,,,,,,,,,,,,,,,,,,,,,,,,,,,,,,,,,,
cons__median,bandwidth,4.0,10,20.0,20.0,20.0,20.0,60.0,60.0,60.0,60.0,-0.635500000019849,-0.5510000000132451,-1.3501199649469943e-19,-0.3794000000230005,1.3501199649469943e-19,0.5510000000132451,0.635500000019849,0.3794000000230005,0.01623101472623005,0.03473658919694555,0.04527747498973653,0.03923306760728836,5040.0,5340.0,6000.0,5424.0,0.002191047700731975,0.0033668521224578998,0.004745528758249601,0.0038353139994412797,0.0,0.0,0.0,0.0,0.0,0.0,0.0,0.0,0.0,0.0,0.0,0.0,5040.0,5340.0,6000.0,5424.0,5040.0,5340.0,6000.0,5424.0,1.0,1.0,1.0,1.0,0.0,0.0,0.0,0.0,20160.0,21360.0,24000.0,21696.0,4.0,4.0,4.0,4.0,0.0,0.0,0.0,0.0,5040.0,5340.0,6000.0,5424.0,0.0,0.0,0.0,0.0,0.0,0.0,0.0,0.0,0.0,0.0,0.0,0.0,0.0,0.0,0.0,0.0,0.0,0.0,0.0,0.0,0.0,0.0,0.0,0.0,0.46414181186763126,0.974305109007301,0.9814237658704362,0.768635666926298,0.2870725337055854,0.37309918748953397,0.9872944723080144,0.5740827845400316,1.0,1.0,1.0,1.0,2.544082602939382e-16,0.5510000003583044,0.6355000005369666,0.3794000006222439,-0.31708517301229955,-0.26591757817296646,-0.23681623435247132,-0.2799645995939985,8.5,10.0,11.25,9.75,0.0,0.0,1.0,0.4,1.0244331844320256,1.3458321601703604,1.5159336227349287,1.3426265259552532,1.0244331844320258,1.3458321601703604,1.5159336227349285,1.3426265259552532,,,,,,,,,,,,,,,,,,,,,,,,,,,,,,,,,,,,,,,,,,,,
cons__median,bandwidth,8.0,10,20.0,20.0,20.0,20.0,60.0,60.0,60.0,60.0,-0.028406615066740526,-0.013962323292970251,-0.0064292482458543,-0.031078356114359197,0.0064292482458543,0.013962323292970251,0.028406615066740526,0.031078356114359197,0.0022737740680893,0.0058851909321991,0.024586178820187973,0.0202666941004263,5040.0,5340.0,6000.0,5424.0,2.6169040903369572e-05,3.291031225813856e-05,3.692549804375749e-05,3.238643850050611e-05,0.0,0.0,0.0,0.0,0.0,0.0,0.0,0.0,0.0,0.0,0.0,0.0,5040.0,5340.0,6000.0,5424.0,5040.0,5340.0,6000.0,5424.0,1.0,1.0,1.0,1.0,0.0,0.0,0.0,0.0,40320.0,42720.0,48000.0,43392.0,8.0,8.0,8.0,8.0,0.0,0.0,0.0,0.0,5040.0,5340.0,6000.0,5424.0,0.0,0.0,0.0,0.0,0.0,0.0,0.0,0.0,0.0,0.0,0.0,0.0,0.0,0.0,0.0,0.0,0.0,0.0,0.0,0.0,0.0,0.0,0.0,0.0,0.8965348189911331,0.9113136260613743,0.9332424259867812,0.914863841313017,0.6388446527428011,0.7206478923010687,0.8225194040582474,0.7203022513814591,1.0,1.0,1.0,0.9983333333333334,0.00643401448057015,0.0139723956889292,0.028407674779531173,0.031082415328835676,-0.3169978604240562,-0.2706246711755387,-0.24736786831811364,-0.28576996032580926,14.25,15.5,18.5,16.3,1.0,1.0,1.0,1.0,1.0244331844320256,1.3458321601703604,1.5159336227349287,1.3426265259552532,1.0244331844320258,1.3458321601703604,1.5159336227349285,1.3426265259552532,,,,,,,,,,,,,,,,,,,,,,,,,,,,,,,,,,,,,,,,,,,,
cons__median,byzantine,0.0,10,20.0,20.0,20.0,20.0,60.0,60.0,60.0,60.0,-0.0046749256137454745,-0.0003824135812866,-5.41637785283193e-05,-0.020866944423471593,5.41637785283193e-05,0.0003824135812866,0.0046749256137454745,0.020866944423471593,0.0031822491500526503,0.0062642584658267,0.024573573060741774,0.020200103975512983,5040.0,5340.0,6000.0,5424.0,0.0,0.0,0.0,0.0,0.0,0.0,0.0,0.0,0.0,0.0,0.0,0.0,0.0,0.0,0.0,0.0,5040.0,5340.0,6000.0,5424.0,5040.0,5340.0,6000.0,5424.0,1.0,1.0,1.0,1.0,0.0,0.0,0.0,0.0,161280.0,170880.0,192000.0,173568.0,32.0,32.0,32.0,32.0,0.0,0.0,0.0,0.0,5040.0,5340.0,6000.0,5424.0,0.0,0.0,0.0,0.0,0.0,0.0,0.0,0.0,0.0,0.0,0.0,0.0,0.0,0.0,0.0,0.0,0.0,0.0,0.0,0.0,0.0,0.0,0.0,0.0,0.8114747606682085,0.8599951352284371,0.9082570728125441,0.8657678038404789,0.9040093524712616,0.9763842220954819,0.9889876806036688,0.8851186050996578,1.0,1.0,1.0,1.0,0.00016395163288807164,0.0011461298269563,0.007940571552287475,0.021671196450913713,-0.3170850454888756,-0.2708821267506987,-0.2474897521276518,-0.28594015052065735,14.5,16.5,18.75,16.6,1.0,1.0,1.0,1.0,1.0244331844320256,1.3458321601703604,1.5159336227349287,1.3426265259552532,1.0244331844320258,1.3458321601703604,1.5159336227349285,1.3426265259552532,,,,,,,,,,,,,,,,,,,,,,,,,,,,,,,,,,,,,,,,,,,,
cons__median,byzantine,0.1,10,20.0,20.0,20.0,20.0,60.0,60.0,60.0,60.0,-0.017456703129365175,-0.00618637449805675,-0.0005140989659248499,-0.030708166373617524,0.0005140989659248499,0.00618637449805675,0.017456703129365175,0.030708166373617524,0.003964608411054525,0.00657258873324445,0.022300879552147275,0.02525590669619183,5040.0,5340.0,6000.0,5424.0,0.0,0.0,0.0,0.0,0.0,0.0,0.0,0.0,0.0,0.0,0.0,0.0,0.0,0.0,0.0,0.0,5040.0,5340.0,6000.0,5424.0,5040.0,5340.0,6000.0,5424.0,1.0,1.0,1.0,1.0,0.0,0.0,0.0,0.0,161280.0,170880.0,192000.0,173568.0,32.0,32.0,32.0,32.0,0.0,0.0,0.0,0.0,5040.0,5340.0,6000.0,5424.0,0.0,0.0,0.0,0.0,0.0,0.0,0.0,0.0,0.0,0.0,0.0,0.0,0.0,0.0,0.0,0.0,0.0,0.0,0.0,0.0,0.0,0.0,0.0,0.0,0.8232872742907161,0.8822729786797898,0.9170339626295912,0.8718164544673099,0.6309858741095208,0.9243775982556457,0.9657470917838379,0.7768407402704872,0.7916666666666667,1.0,1.0,0.8916666666666666,0.000884637269969425,0.009786321197768802,0.05798640751515295,0.07436671514023391,-0.31619159853698886,-0.2707973594778402,-0.2476185939754867,-0.2857761301548215,12.25,13.5,20.0,17.2,1.0,1.0,1.0,1.0,1.0244331844320256,1.3458321601703604,1.5159336227349287,1.3426265259552532,1.0244331844320258,1.3458321601703604,1.5159336227349285,1.3426265259552532,,,,,,,,,,,,,,,,,,,,,,,,,,,,,,,,,,,,,,,,,,,,
cons__median,byzantine,0.25,10,20.0,20.0,20.0,20.0,60.0,60.0,60.0,60.0,-0.3467035280196533,-0.2050538614312247,-0.0797204275846085,-0.31205659060266405,0.0797204275846085,0.2050538614312247,0.3467035280196533,0.31205659060266405,0.01614974152333645,0.03502216494143115,0.06611345906965374,0.05310353565014288,5040.0,5340.0,6000.0,5424.0,0.0,0.0,0.0,0.0,0.0,0.0,0.0,0.0,0.0,0.0,0.0,0.0,0.0,0.0,0.0,0.0,5040.0,5340.0,6000.0,5424.0,5040.0,5340.0,6000.0,5424.0,1.0,1.0,1.0,1.0,0.0,0.0,0.0,0.0,161280.0,170880.0,192000.0,173568.0,32.0,32.0,32.0,32.0,0.0,0.0,0.0,0.0,5040.0,5340.0,6000.0,5424.0,0.0,0.0,0.0,0.0,0.0,0.0,0.0,0.0,0.0,0.0,0.0,0.0,0.0,0.0,0.0,0.0,0.0,0.0,0.0,0.0,0.0,0.0,0.0,0.0,0.9075978521859758,0.9385260288812396,0.9451744230206882,0.9258634400865035,0.3257544124314372,0.4414013083185106,0.4820149516925666,0.3984299207463072,0.5875,0.6166666666666667,0.6333333333333333,0.6066666666666667,0.5660663758863138,0.7385549186931701,0.9633917778928087,0.8061702058744633,-0.3155920739005721,-0.2689871081753885,-0.2403720907049699,-0.2810869897510041,17.0,20.0,36.0,25.555555555555557,1.0,1.0,1.0,0.9,1.0244331844320256,1.3458321601703604,1.5159336227349287,1.3426265259552532,1.0244331844320258,1.3458321601703604,1.5159336227349285,1.3426265259552532,,,,,,,,,,,,,,,,,,,,,,,,,,,,,,,,,,,,,,,,,,,,
cons__median,byzantine,0.5,10,20.0,20.0,20.0,20.0,60.0,60.0,60.0,60.0,-3.1054891117857077,-2.8273130761882577,-1.4030153370372844,-2.4820775499564616,1.4030153370372844,2.8273130761882577,3.1054891117857077,2.4820775499564616,0.13678883134194728,0.16264510596676315,0.1876449070005589,0.17214401776961175,5040.0,5340.0,6000.0,5424.0,0.0,0.0,0.0,0.0,0.0,0.0,0.0,0.0,0.0,0.0,0.0,0.0,0.0,0.0,0.0,0.0,5040.0,5340.0,6000.0,5424.0,5040.0,5340.0,6000.0,5424.0,1.0,1.0,1.0,1.0,0.0,0.0,0.0,0.0,161280.0,170880.0,192000.0,173568.0,32.0,32.0,32.0,32.0,0.0,0.0,0.0,0.0,5040.0,5340.0,6000.0,5424.0,0.0,0.0,0.0,0.0,0.0,0.0,0.0,0.0,0.0,0.0,0.0,0.0,0.0,0.0,0.0,0.0,0.0,0.0,0.0,0.0,0.0,0.0,0.0,0.0,0.9115484951306815,0.9416637241847847,0.9819388485011276,0.9307261015349313,0.19551901880753803,0.3058765347849901,0.45226426648096685,0.35899696742117,0.55,0.5583333333333333,0.5666666666666667,0.5549999999999999,1.8476827251219068,2.2722358450233813,2.969988355726738,2.4357623682780485,-0.29370158406167823,-0.219106193965074,-0.20074403731727208,-0.2449199737617742,22.5,26.0,29.5,26.0,0.0,0.0,0.0,0.2,1.0244331844320256,1.3458321601703604,1.5159336227349287,1.3426265259552532,1.0244331844320258,1.3458321601703604,1.5159336227349285,1.3426265259552532,,,,,,,,,,,,,,,,,,,,,,,,,,,,,,,,,,,,,,,,,,,,
cons__median,jam,0.0,10,20.0,20.0,20.0,20.0,60.0,60.0,60.0,60.0,-0.0046749256137454745,-0.0003824135812866,-5.41637785283193e-05,-0.020866944423471593,5.41637785283193e-05,0.0003824135812866,0.0046749256137454745,0.020866944423471593,0.0031822491500526503,0.0062642584658267,0.024573573060741774,0.020200103975512983,5040.0,5340.0,6000.0,5424.0,0.0,0.0,0.0,0.0,0.0,0.0,0.0,0.0,0.0,0.0,0.0,0.0,0.0,0.0,0.0,0.0,5040.0,5340.0,6000.0,5424.0,5040.0,5340.0,6000.0,5424.0,1.0,1.0,1.0,1.0,0.0,0.0,0.0,0.0,161280.0,170880.0,192000.0,173568.0,32.0,32.0,32.0,32.0,0.0,0.0,0.0,0.0,5040.0,5340.0,6000.0,5424.0,0.0,0.0,0.0,0.0,0.0,0.0,0.0,0.0,0.0,0.0,0.0,0.0,0.0,0.0,0.0,0.0,0.0,0.0,0.0,0.0,0.0,0.0,0.0,0.0,0.8114747606682085,0.8599951352284371,0.9082570728125441,0.8657678038404789,0.9040093524712616,0.9763842220954819,0.9889876806036688,0.8851186050996578,1.0,1.0,1.0,1.0,0.00016395163288807164,0.0011461298269563,0.007940571552287475,0.021671196450913713,-0.3170850454888756,-0.2708821267506987,-0.2474897521276518,-0.28594015052065735,14.5,16.5,18.75,16.6,1.0,1.0,1.0,1.0,1.0244331844320256,1.3458321601703604,1.5159336227349287,1.3426265259552532,1.0244331844320258,1.3458321601703604,1.5159336227349285,1.3426265259552532,,,,,,,,,,,,,,,,,,,,,,,,,,,,,,,,,,,,,,,,,,,,
cons__median,jam,0.1,10,20.0,20.0,20.0,20.0,60.0,60.0,60.0,60.0,-4.589854627184451,-1.746555055890183,-0.7030028879264703,-2.5351916935252206,0.7030028879264703,1.746555055890183,4.589854627184451,2.5351916935252206,0.05639814361682788,0.11830094398406196,0.2839987063370104,0.16910452446823881,5040.0,5340.0,6000.0,5424.0,0.0,0.0,0.0,0.0,0.09680851063829785,0.10241841491841486,0.12321428571428565,0.10738710361416808,0.0,0.0,0.0,0.0,0.0,0.0,0.0,0.0,5040.0,5340.0,6000.0,5424.0,4320.0,4800.0,5415.0,4848.0,0.8767857142857143,0.8975815850815851,0.9031914893617021,0.892612896385832,0.09680851063829782,0.10241841491841486,0.12321428571428565,0.10738710361416806,138240.0,153600.0,173280.0,155136.0,32.0,32.0,32.0,32.0,0.0,0.0,0.0,0.0,4320.0,4800.0,5415.0,4848.0,0.0,0.0,0.0,0.0,0.0,0.0,0.0,0.0,0.0,0.0,0.0,0.0,495.0,540.0,540.0,576.0,0.0,0.0,0.0,0.0,0.0,0.0,0.0,0.0,0.9714628098617892,0.9772791836536123,0.9846934135854685,0.976762127676712,0.4010955244980585,0.4574647192674083,0.48885460960555893,0.47712809370126125,0.6375000000000001,1.0,1.0,0.8416666666666668,0.7103787671310323,1.7507771084153758,4.597267046889496,2.539019622671343,-0.2923486123949838,-0.24591433798722787,-0.18978172602451485,-0.2440347380356281,48.0,48.0,48.0,48.0,0.0,0.0,0.0,0.1,1.0244331844320256,1.3458321601703604,1.5159336227349287,1.3426265259552532,0.8842162870286435,1.2130110633697608,1.3433138973250773,1.2033878608038124,,,,,,,,,,,,,,,,,,,,,,,,,,,,,,,,,,,,,,,,,,,,
cons__median,jam,0.25,10,20.0,20.0,20.0,20.0,60.0,60.0,60.0,60.0,-6.018120526635769,-4.760047838345243,-2.508460613074772,-5.083391288862081,2.508460613074772,4.760047838345243,6.018120526635769,5.083391288862081,0.15942857554994247,0.2534787433186963,0.37718366894856803,0.291926753381497,5040.0,5340.0,6000.0,5424.0,0.0,0.0,0.0,0.0,0.2194570135746606,0.24734042553191485,0.29166666666666663,0.2551112578583238,0.0,0.0,0.0,0.0,0.0,0.0,0.0,0.0,5040.0,5340.0,6000.0,5424.0,3645.0,4050.0,4485.0,4050.0,0.7083333333333334,0.7526595744680851,0.7805429864253394,0.7448887421416763,0.2194570135746606,0.24734042553191485,0.29166666666666663,0.2551112578583238,116640.0,129600.0,143520.0,129600.0,32.0,32.0,32.0,32.0,0.0,0.0,0.0,0.0,3645.0,4050.0,4485.0,4050.0,0.0,0.0,0.0,0.0,0.0,0.0,0.0,0.0,0.0,0.0,0.0,0.0,1275.0,1320.0,1470.0,1374.0,0.0,0.0,0.0,0.0,0.0,0.0,0.0,0.0,0.9874653042075008,0.9891054865202131,0.991134140919161,0.9893339296868111,0.29726788332091475,0.3591228995259196,0.416840455738088,0.3625338808181512,0.6625,0.825,1.0,0.795,2.508690861560508,4.759854163029219,6.017087332282444,5.084968382761774,-0.23122949669748682,-0.21716517607396096,-0.16011878885416375,-0.20156474478001382,,,,,0.0,0.0,0.0,0.0,1.0244331844320256,1.3458321601703604,1.5159336227349287,1.3426265259552532,0.5686907553582905,0.6983085111830164,0.7270296305536392,0.6997044264029464,,,,,,,,,,,,,,,,,,,,,,,,,,,,,,,,,,,,,,,,,,,,
cons__median,jam,0.5,10,20.0,20.0,20.0,20.0,60.0,60.0,60.0,60.0,-9.992560698124429,-8.853857401281598,-7.496231096797577,-8.751386590454333,7.496231096797577,8.853857401281598,9.992560698124429,8.751386590454333,0.37836003939326346,0.46208143404926827,0.536363086431523,0.45647295890307993,5040.0,5340.0,6000.0,5424.0,0.0,0.0,0.0,0.0,0.48029497098646035,0.5064814814814815,0.5251831501831502,0.5026265319330944,0.0,0.0,0.0,0.0,0.0,0.0,0.0,0.0,5040.0,5340.0,6000.0,5424.0,2265.0,2670.0,3195.0,2718.0,0.47481684981684974,0.4935185185185186,0.5197050290135397,0.4973734680669056,0.48029497098646035,0.5064814814814814,0.5251831501831502,0.5026265319330944,72480.0,85440.0,102240.0,86976.0,32.0,32.0,32.0,32.0,0.0,0.0,0.0,0.0,2265.0,2670.0,3195.0,2718.0,0.0,0.0,0.0,0.0,0.0,0.0,0.0,0.0,0.0,0.0,0.0,0.0,2550.0,2730.0,2820.0,2706.0,0.0,0.0,0.0,0.0,0.0,0.0,0.0,0.0,0.991524064356854,0.9937504703413832,0.9979929167032994,0.9922393196862718,0.214913895208246,0.2885468854795278,0.32885838261242245,0.3195917534958899,0.44166666666666665,1.0,1.0,0.765,7.495805125913977,8.853857464701223,9.992744129598933,8.752411613456278,-0.18752346290371302,-0.16405594144730506,-0.08741155423848045,-0.14043148975347627,,,,,0.0,0.0,0.0,0.0,1.0244331844320256,1.3458321601703604,1.5159336227349287,1.3426265259552532,4.7512287924996306e-17,1.466400018336613e-16,4.3884122419875164e-16,2.1024380820900604e-16,,,,,,,,,,,,,,,,,,,,,,,,,,,,,,,,,,,,,,,,,,,,
cons__median,jam,0.75,10,20.0,20.0,20.0,20.0,60.0,60.0,60.0,60.0,-14.946317539524383,-13.975681201291895,-11.026224882278106,-13.76455411650825,11.026224882278106,13.975681201291895,14.946317539524383,13.76455411650825,0.5612434128312188,0.6999452255705545,0.751143792783098,0.6956753027200248,5040.0,5340.0,6000.0,5424.0,0.0,0.0,0.0,0.0,0.7263767209011265,0.7527777777777778,0.7607142857142857,0.7504006733368908,0.0,0.0,0.0,0.0,0.0,0.0,0.0,0.0,5040.0,5340.0,6000.0,5424.0,1155.0,1320.0,1605.0,1368.0,0.2392857142857142,0.2472222222222222,0.27362327909887363,0.2495993266631092,0.7263767209011264,0.7527777777777778,0.7607142857142857,0.7504006733368908,36960.0,42240.0,51360.0,43776.0,32.0,32.0,32.0,32.0,0.0,0.0,0.0,0.0,1155.0,1320.0,1605.0,1368.0,0.0,0.0,0.0,0.0,0.0,0.0,0.0,0.0,0.0,0.0,0.0,0.0,3855.0,4020.0,4395.0,4056.0,0.0,0.0,0.0,0.0,0.0,0.0,0.0,0.0,0.9848957759952446,0.9948927320990701,0.9992038216666487,0.9909032442160687,0.16970377491823457,0.31920532498028953,0.5989815348590929,0.3915860234832737,0.1125,0.825,1.0,0.6066666666666667,11.026225878622927,13.975625057621635,14.946186445645852,13.765359728431914,-0.07933875839736192,-0.054873678299731304,-0.03418643025857535,-0.05687869765257768,,,,,0.0,0.0,0.0,0.0,1.0244331844320256,1.3458321601703604,1.5159336227349287,1.3426265259552532,-4.1446390374350124e-16,-2.603002461577006e-16,-5.172342020501885e-17,-2.3908465288374433e-16,,,,,,,,,,,,,,,,,,,,,,,,,,,,,,,,,,,,,,,,,,,,
cons__median,latency,0.0,10,20.0,20.0,20.0,20.0,60.0,60.0,60.0,60.0,-0.0046749256137454745,-0.0003824135812866,-5.41637785283193e-05,-0.020866944423471593,5.41637785283193e-05,0.0003824135812866,0.0046749256137454745,0.020866944423471593,0.0031822491500526503,0.0062642584658267,0.024573573060741774,0.020200103975512983,5040.0,5340.0,6000.0,5424.0,0.0,0.0,0.0,0.0,0.0,0.0,0.0,0.0,0.0,0.0,0.0,0.0,0.0,0.0,0.0,0.0,5040.0,5340.0,6000.0,5424.0,5040.0,5340.0,6000.0,5424.0,1.0,1.0,1.0,1.0,0.0,0.0,0.0,0.0,161280.0,170880.0,192000.0,173568.0,32.0,32.0,32.0,32.0,0.0,0.0,0.0,0.0,5040.0,5340.0,6000.0,5424.0,0.0,0.0,0.0,0.0,0.0,0.0,0.0,0.0,0.0,0.0,0.0,0.0,0.0,0.0,0.0,0.0,0.0,0.0,0.0,0.0,0.0,0.0,0.0,0.0,0.8114747606682085,0.8599951352284371,0.9082570728125441,0.8657678038404789,0.9040093524712616,0.9763842220954819,0.9889876806036688,0.8851186050996578,1.0,1.0,1.0,1.0,0.00016395163288807164,0.0011461298269563,0.007940571552287475,0.021671196450913713,-0.3170850454888756,-0.2708821267506987,-0.2474897521276518,-0.28594015052065735,14.5,16.5,18.75,16.6,1.0,1.0,1.0,1.0,1.0244331844320256,1.3458321601703604,1.5159336227349287,1.3426265259552532,1.0244331844320258,1.3458321601703604,1.5159336227349285,1.3426265259552532,,,,,,,,,,,,,,,,,,,,,,,,,,,,,,,,,,,,,,,,,,,,
cons__median,latency,1.0,10,20.0,20.0,20.0,20.0,60.0,60.0,60.0,60.0,-0.01492666359752595,-0.0057232813203902996,-0.00042468304173930003,-0.028412586482179352,0.00042468304173930003,0.0057232813203902996,0.01492666359752595,0.028412586482179352,0.0029556098187908998,0.00591720575580135,0.024950857689423726,0.019212196940296248,5040.0,5340.0,6000.0,5424.0,0.0,0.0,0.0,0.0,0.0,0.0,0.0,0.0,1.0,1.0,1.0,1.0,1.0,1.0,1.0,1.0,5040.0,5340.0,6000.0,5424.0,4956.0,5251.0,5900.0,5333.6,0.9833333333333332,0.9833333333333332,0.9833333333333332,0.9833333333333331,0.0166666666666667,0.0166666666666667,0.0166666666666667,0.016666666666666698,158592.0,168032.0,188800.0,170675.2,32.0,32.0,32.0,32.0,0.0,0.0,0.0,0.0,4956.0,5251.0,5900.0,5333.6,0.0,0.0,0.0,0.0,0.0,0.0,0.0,0.0,0.0,0.0,0.0,0.0,0.0,0.0,0.0,0.0,0.0,0.0,0.0,0.0,0.0,0.0,0.0,0.0,0.8465895786564475,0.8881854976898211,0.9219047435113759,0.8874731599856507,0.825608036122375,0.9563770008236889,0.9826280575152491,0.8781493999023098,1.0,1.0,1.0,1.0,0.0010032703144707,0.01154003063388415,0.021749088034909526,0.03150368033034574,-0.31708244183387624,-0.270817435379733,-0.24740472811494707,-0.2858143898196788,19.0,21.0,26.0,23.1,1.0,1.0,1.0,1.0,1.0244331844320256,1.3458321601703604,1.5159336227349287,1.3426265259552532,1.0073592980248252,1.3234016241675213,1.4906680623560127,1.3202494171893324,,,,,,,,,,,,,,,,,,,,,,,,,,,,,,,,,,,,,,,,,,,,
cons__median,latency,2.0,10,20.0,20.0,20.0,20.0,60.0,60.0,60.0,60.0,-0.0361630012023303,-0.02108195782991215,-0.002261570440307175,-0.034544830877593094,0.002261570440307175,0.02108195782991215,0.0361630012023303,0.034544830877593094,0.0025421426500564,0.0056413292873996,0.026578881914881076,0.0197300601721444,5040.0,5340.0,6000.0,5424.0,0.0,0.0,0.0,0.0,0.0,0.0,0.0,0.0,2.0,2.0,2.0,2.0,2.0,2.0,2.0,2.0,5040.0,5340.0,6000.0,5424.0,4872.0,5162.0,5800.0,5243.2,0.9666666666666668,0.9666666666666668,0.9666666666666668,0.9666666666666668,0.0333333333333333,0.0333333333333333,0.0333333333333333,0.033333333333333305,155904.0,165184.0,185600.0,167782.4,32.0,32.0,32.0,32.0,0.0,0.0,0.0,0.0,4872.0,5162.0,5800.0,5243.2,0.0,0.0,0.0,0.0,0.0,0.0,0.0,0.0,0.0,0.0,0.0,0.0,0.0,0.0,0.0,0.0,0.0,0.0,0.0,0.0,0.0,0.0,0.0,0.0,0.8700373477685348,0.9036701011914622,0.9272929048241919,0.8989365954090692,0.7801220094123329,0.9308058978178998,0.9640005877906959,0.8731321143837206,1.0,1.0,1.0,1.0,0.004730315105915025,0.0324409573590176,0.05701055265136555,0.041778134952977795,-0.31706824392694966,-0.2706998798595073,-0.24720711519834737,-0.2857121857464219,19.0,24.0,28.0,25.555555555555557,1.0,1.0,1.0,0.9,1.0244331844320256,1.3458321601703604,1.5159336227349287,1.3426265259552532,0.990285411617625,1.3009710881646819,1.4654025019770973,1.2978723084234116,,,,,,,,,,,,,,,,,,,,,,,,,,,,,,,,,,,,,,,,,,,,
cons__median,latency,4.0,10,20.0,20.0,20.0,20.0,60.0,60.0,60.0,60.0,-0.07819337267434748,-0.043334607788155344,-0.01184480130727195,-0.06018179290242959,0.01184480130727195,0.043334607788155344,0.07819337267434748,0.06018179290242959,0.0022939693910940502,0.00592939932095365,0.0236543489666922,0.015665328125795408,5040.0,5340.0,6000.0,5424.0,0.0,0.0,0.0,0.0,0.0,0.0,0.0,0.0,4.0,4.0,4.0,4.0,4.0,4.0,4.0,4.0,5040.0,5340.0,6000.0,5424.0,4704.0,4984.0,5600.0,5062.4,0.9333333333333332,0.9333333333333332,0.9333333333333332,0.9333333333333332,0.0666666666666666,0.0666666666666666,0.0666666666666666,0.06666666666666661,150528.0,159488.0,179200.0,161996.8,32.0,32.0,32.0,32.0,0.0,0.0,0.0,0.0,4704.0,4984.0,5600.0,5062.4,0.0,0.0,0.0,0.0,0.0,0.0,0.0,0.0,0.0,0.0,0.0,0.0,0.0,0.0,0.0,0.0,0.0,0.0,0.0,0.0,0.0,0.0,0.0,0.0,0.8847496643608267,0.9081707072317392,0.9108141382753917,0.902992843421187,0.8281447136155354,0.9137390842148478,0.9506316501969538,0.8926776490824142,0.9416666666666667,0.9666666666666668,0.9833333333333332,0.9566666666666667,0.016683688726221026,0.0547746049621304,0.1115821647115941,0.07370691647358685,-0.31696466795522416,-0.2704358222143488,-0.24627594206971926,-0.285284903046008,24.0,29.0,37.0,32.333333333333336,1.0,1.0,1.0,0.9,1.0244331844320256,1.3458321601703604,1.5159336227349287,1.3426265259552532,0.9561376388032239,1.256110016159003,1.4148713812192664,1.25311809089157,,,,,,,,,,,,,,,,,,,,,,,,,,,,,,,,,,,,,,,,,,,,
cons__median,latency,8.0,10,20.0,20.0,20.0,20.0,60.0,60.0,60.0,60.0,-0.20641721921026202,-0.12122465848290916,-0.0403025715153619,-0.1633676298261862,0.0403025715153619,0.12122465848290914,0.20641721921026202,0.1633676298261862,0.003447408070521975,0.01148208883316385,0.02528204402642935,0.01756803098509412,5040.0,5340.0,6000.0,5424.0,0.0,0.0,0.0,0.0,0.0,0.0,0.0,0.0,8.0,8.0,8.0,8.0,8.0,8.0,8.0,8.0,5040.0,5340.0,6000.0,5424.0,4368.0,4628.0,5200.0,4700.8,0.8666666666666667,0.8666666666666667,0.8666666666666667,0.8666666666666668,0.1333333333333333,0.1333333333333333,0.1333333333333333,0.1333333333333333,139776.0,148096.0,166400.0,150425.6,32.0,32.0,32.0,32.0,0.0,0.0,0.0,0.0,4368.0,4628.0,5200.0,4700.8,0.0,0.0,0.0,0.0,0.0,0.0,0.0,0.0,0.0,0.0,0.0,0.0,0.0,0.0,0.0,0.0,0.0,0.0,0.0,0.0,0.0,0.0,0.0,0.0,0.8908363746976989,0.9053076853559165,0.9230166047696328,0.9071902668579691,0.9263314664066717,0.9405124127749339,0.9684463687575025,0.9378269548581859,0.6208333333333333,0.7083333333333333,0.8500000000000001,0.7299999999999999,0.05408175027854485,0.14518424628608478,0.2384432438777379,0.19167619129862973,-0.3164044281984815,-0.26919245838894224,-0.24552685097426097,-0.28356513909727876,40.0,40.0,42.25,42.5,0.0,1.0,1.0,0.6,1.0244331844320256,1.3458321601703604,1.5159336227349287,1.3426265259552532,0.8878420931744222,1.166387872147646,1.3138091397036042,1.1636096558278861,,,,,,,,,,,,,,,,,,,,,,,,,,,,,,,,,,,,,,,,,,,,
cons__median,msg_drop,0.0,10,20.0,20.0,20.0,20.0,60.0,60.0,60.0,60.0,-0.0046749256137454745,-0.0003824135812866,-5.41637785283193e-05,-0.020866944423471593,5.41637785283193e-05,0.0003824135812866,0.0046749256137454745,0.020866944423471593,0.0031822491500526503,0.0062642584658267,0.024573573060741774,0.020200103975512983,5040.0,5340.0,6000.0,5424.0,0.0,0.0,0.0,0.0,0.0,0.0,0.0,0.0,0.0,0.0,0.0,0.0,0.0,0.0,0.0,0.0,5040.0,5340.0,6000.0,5424.0,5040.0,5340.0,6000.0,5424.0,1.0,1.0,1.0,1.0,0.0,0.0,0.0,0.0,161280.0,170880.0,192000.0,173568.0,32.0,32.0,32.0,32.0,0.0,0.0,0.0,0.0,5040.0,5340.0,6000.0,5424.0,0.0,0.0,0.0,0.0,0.0,0.0,0.0,0.0,0.0,0.0,0.0,0.0,0.0,0.0,0.0,0.0,0.0,0.0,0.0,0.0,0.0,0.0,0.0,0.0,0.8114747606682085,0.8599951352284371,0.9082570728125441,0.8657678038404789,0.9040093524712616,0.9763842220954819,0.9889876806036688,0.8851186050996578,1.0,1.0,1.0,1.0,0.00016395163288807164,0.0011461298269563,0.007940571552287475,0.021671196450913713,-0.3170850454888756,-0.2708821267506987,-0.2474897521276518,-0.28594015052065735,14.5,16.5,18.75,16.6,1.0,1.0,1.0,1.0,1.0244331844320256,1.3458321601703604,1.5159336227349287,1.3426265259552532,1.0244331844320258,1.3458321601703604,1.5159336227349285,1.3426265259552532,,,,,,,,,,,,,,,,,,,,,,,,,,,,,,,,,,,,,,,,,,,,
cons__median,msg_drop,0.1,10,20.0,20.0,20.0,20.0,60.0,60.0,60.0,60.0,-0.001188227908694075,-0.00017913947093218228,-1.0130502449821923e-05,-0.0015172002124733274,1.0130502449821923e-05,0.00017913947093218228,0.001188227908694075,0.0015172002124733274,0.00210867497871565,0.00502119023104825,0.015619942880302499,0.01206768690050138,5040.0,5340.0,6000.0,5424.0,0.0,0.0,0.0,0.0,0.09877999068250638,0.1027186761229314,0.10337381164587045,0.10125260185705628,0.0,0.0,0.0,0.0,0.0,0.0,0.0,0.0,5040.0,5340.0,6000.0,5424.0,4533.75,4787.0,5381.25,4875.3,0.8966261883541295,0.8972813238770685,0.9012200093174936,0.8987473981429437,0.0987799906825063,0.1027186761229314,0.10337381164587045,0.10125260185705628,145080.0,153184.0,172200.0,156009.6,32.0,32.0,32.0,32.0,0.0,0.0,0.0,0.0,4533.75,4787.0,5381.25,4875.3,0.0,0.0,0.0,0.0,0.0,0.0,0.0,0.0,482.75,553.0,613.5,548.7,0.0,0.0,0.0,0.0,0.0,0.0,0.0,0.0,0.0,0.0,0.0,0.0,0.7839646492711116,0.8508765346693151,0.8775135648747999,0.8384271113937674,0.9508399400394223,0.9677027838247241,0.9830146933428505,0.9493390530321177,1.0,1.0,1.0,1.0,4.907726266226733e-05,0.00046974777872350003,0.0027240598853925,0.002306947768457165,-0.3170851556042136,-0.2708893203442556,-0.2480575757268865,-0.2862626462575073,11.25,12.5,14.75,13.5,1.0,1.0,1.0,1.0,1.0244331844320256,1.3458321601703604,1.5159336227349287,1.3426265259552532,1.002316302524644,1.289004468589311,1.483943162620112,1.2966025515428263,,,,,,,,,,,,,,,,,,,,,,,,,,,,,,,,,,,,,,,,,,,,
cons__median,msg_drop,0.3,10,20.0,20.0,20.0,20.0,60.0,60.0,60.0,60.0,-1.1621650538778666e-05,-6.173805547707015e-06,-3.795872704874311e-07,-7.994483564195149e-05,3.795872704874311e-07,6.173805547707015e-06,1.1621650538778666e-05,7.994483564195149e-05,0.000500434912140125,0.0025967088966687,0.008766089154746975,0.0065114736758319375,5040.0,5340.0,6000.0,5424.0,0.0,0.0,0.0,0.0,0.29615299823633157,0.2991537717601547,0.3033909853249476,0.30012270076560144,0.0,0.0,0.0,0.0,0.0,0.0,0.0,0.0,5040.0,5340.0,6000.0,5424.0,3561.5,3730.5,4171.0,3796.7,0.6966090146750524,0.7008462282398453,0.7038470017636684,0.6998772992343985,0.29615299823633157,0.2991537717601547,0.3033909853249475,0.30012270076560144,113968.0,119376.0,133472.0,121494.4,32.0,32.0,32.0,32.0,0.0,0.0,0.0,0.0,3561.5,3730.5,4171.0,3796.7,0.0,0.0,0.0,0.0,0.0,0.0,0.0,0.0,1457.5,1609.5,1829.0,1627.3,0.0,0.0,0.0,0.0,0.0,0.0,0.0,0.0,0.0,0.0,0.0,0.0,0.7576415743154765,0.7956209353540129,0.8099717498860965,0.7826310637229591,0.968324504064077,0.9787323383771649,0.9907685987847574,0.9777654987776423,1.0,1.0,1.0,0.9983333333333333,2.0410322111808454e-06,2.126690158226051e-05,3.889428403582557e-05,0.00017502615087187958,-0.31708517298098465,-0.27090084594182634,-0.24807213759259467,-0.2862866005137878,10.25,12.0,13.5,11.8,1.0,1.0,1.0,1.0,1.0244331844320256,1.3458321601703604,1.5159336227349287,1.3426265259552532,0.7523290846794906,0.9585068278325497,1.1559670439757588,0.978214917434881,,,,,,,,,,,,,,,,,,,,,,,,,,,,,,,,,,,,,,,,,,,,
cons__median,msg_drop,0.5,10,20.0,20.0,20.0,20.0,60.0,60.0,60.0,60.0,-5.215079329869562e-05,-2.8099403163679163e-07,-3.94216531201694e-08,-5.477907012797053e-05,3.94216531201694e-08,2.8099403163679163e-07,5.215079329869562e-05,5.477907012797053e-05,0.0016912368591781499,0.0068492600151238495,0.02147425221455915,0.01127069902754795,5040.0,5340.0,6000.0,5424.0,0.0,0.0,0.0,0.0,0.49408068783068776,0.49688285570638513,0.5059596555174386,0.4996235639791135,0.0,0.0,0.0,0.0,0.0,0.0,0.0,0.0,5040.0,5340.0,6000.0,5424.0,2550.5,2613.5,3019.0,2715.7,0.49404034448256146,0.5031171442936149,0.5059193121693122,0.5003764360208864,0.49408068783068776,0.49688285570638513,0.5059596555174386,0.4996235639791135,81616.0,83632.0,96608.0,86902.4,32.0,32.0,32.0,32.0,0.0,0.0,0.0,0.0,2550.5,2613.5,3019.0,2715.7,0.0,0.0,0.0,0.0,0.0,0.0,0.0,0.0,2480.5,2726.5,2981.0,2708.3,0.0,0.0,0.0,0.0,0.0,0.0,0.0,0.0,0.0,0.0,0.0,0.0,0.7266349583305726,0.7487598294096407,0.8171132564833534,0.7632981047798524,0.9863026873439594,0.9944198593666544,0.9970659957586725,0.9900217856829668,1.0,1.0,1.0,0.9983333333333333,2.491767742809628e-07,1.5861054389620875e-06,0.0002001773524243827,0.00013529793933569233,-0.31708517298015737,-0.2709009072154025,-0.24806987705161965,-0.28628701994321304,11.25,12.5,13.75,12.6,1.0,1.0,1.0,1.0,1.0244331844320256,1.3458321601703604,1.5159336227349287,1.3426265259552532,0.3557292448486561,0.45435695571874035,0.6217194377620987,0.4903705255914555,,,,,,,,,,,,,,,,,,,,,,,,,,,,,,,,,,,,,,,,,,,,
cons__median,msg_drop,0.7,10,20.0,20.0,20.0,20.0,60.0,60.0,60.0,60.0,-0.0003315763475045019,-2.2759135804045062e-05,-9.721599779203514e-07,-0.0007978936254619649,9.721599779203514e-07,2.2759135804045062e-05,0.0003315763475045019,0.0007978936254619649,0.00024911120449555,0.0009583873903051999,0.00469525764836605,0.004394811325713763,5040.0,5340.0,6000.0,5424.0,0.0,0.0,0.0,0.0,0.6952040745376165,0.7012484737484737,0.70645964360587,0.7010229071834448,0.0,0.0,0.0,0.0,0.0,0.0,0.0,0.0,5040.0,5340.0,6000.0,5424.0,1496.75,1555.0,1824.5,1622.7,0.29354035639412995,0.29875152625152623,0.30479592546238354,0.29897709281655505,0.6952040745376165,0.7012484737484737,0.70645964360587,0.7010229071834448,47896.0,49760.0,58384.0,51926.4,32.0,32.0,32.0,32.0,0.0,0.0,0.0,0.0,1496.75,1555.0,1824.5,1622.7,0.0,0.0,0.0,0.0,0.0,0.0,0.0,0.0,3512.5,3788.5,4175.5,3801.3,0.0,0.0,0.0,0.0,0.0,0.0,0.0,0.0,0.0,0.0,0.0,0.0,0.7638928318270696,0.7982438996623273,0.8475889731443103,0.8047926167029846,0.9873836518409883,0.9921305807807834,0.9944856559743055,0.9889361444629365,0.9833333333333332,0.9833333333333332,1.0,0.9816666666666667,4.859930086694667e-06,6.826450995041781e-05,0.001220521008697825,0.0013647407811592743,-0.3170851716974837,-0.2709005749729916,-0.24799071168015668,-0.28627463470062414,12.5,16.0,18.75,16.7,1.0,1.0,1.0,1.0,1.0244331844320256,1.3458321601703604,1.5159336227349287,1.3426265259552532,0.027585435928264925,0.0555434265707872,0.09714241227975975,0.07433397059509782,,,,,,,,,,,,,,,,,,,,,,,,,,,,,,,,,,,,,,,,,,,,
cons__median,msg_drop,1.0,10,20.0,20.0,20.0,20.0,60.0,60.0,60.0,60.0,-19.025110380737974,-16.254054690410573,-14.884474061156599,-17.177275975662912,14.884474061156599,16.254054690410573,19.025110380737974,17.177275975662912,0.74422370305783,0.8127027345205287,0.9512555190368986,0.8588637987831456,5040.0,5340.0,6000.0,5424.0,0.0,0.0,0.0,0.0,1.0,1.0,1.0,1.0,0.0,0.0,0.0,0.0,0.0,0.0,0.0,0.0,5040.0,5340.0,6000.0,5424.0,0.0,0.0,0.0,0.0,0.0,0.0,0.0,0.0,1.0,1.0,1.0,1.0,0.0,0.0,0.0,0.0,0.0,0.0,0.0,0.0,0.0,0.0,0.0,0.0,0.0,0.0,0.0,0.0,0.0,0.0,0.0,0.0,0.0,0.0,0.0,0.0,5040.0,5340.0,6000.0,5424.0,0.0,0.0,0.0,0.0,0.0,0.0,0.0,0.0,0.0,0.0,0.0,0.0,1.0,1.0,1.0,1.0,0.0,0.0,0.0,0.0,1.0,1.0,1.0,1.0,14.884474061156602,16.254054690410573,19.02511038073797,17.177275975662912,0.0,0.0,0.0,0.0,,,,,0.0,0.0,0.0,0.0,1.0244331844320256,1.3458321601703604,1.5159336227349287,1.3426265259552532,0.0,0.0,0.0,0.0,,,,,,,,,,,,,,,,,,,,,,,,,,,,,,,,,,,,,,,,,,,,
cons__median,spoof,0.0,10,20.0,20.0,20.0,20.0,60.0,60.0,60.0,60.0,-0.0046749256137454745,-0.0003824135812866,-5.41637785283193e-05,-0.020866944423471593,5.41637785283193e-05,0.0003824135812866,0.0046749256137454745,0.020866944423471593,0.0031822491500526503,0.0062642584658267,0.024573573060741774,0.020200103975512983,5040.0,5340.0,6000.0,5424.0,0.0,0.0,0.0,0.0,0.0,0.0,0.0,0.0,0.0,0.0,0.0,0.0,0.0,0.0,0.0,0.0,5040.0,5340.0,6000.0,5424.0,5040.0,5340.0,6000.0,5424.0,1.0,1.0,1.0,1.0,0.0,0.0,0.0,0.0,161280.0,170880.0,192000.0,173568.0,32.0,32.0,32.0,32.0,0.0,0.0,0.0,0.0,5040.0,5340.0,6000.0,5424.0,0.0,0.0,0.0,0.0,0.0,0.0,0.0,0.0,0.0,0.0,0.0,0.0,0.0,0.0,0.0,0.0,0.0,0.0,0.0,0.0,0.0,0.0,0.0,0.0,0.8114747606682085,0.8599951352284371,0.9082570728125441,0.8657678038404789,0.9040093524712616,0.9763842220954819,0.9889876806036688,0.8851186050996578,1.0,1.0,1.0,1.0,0.00016395163288807164,0.0011461298269563,0.007940571552287475,0.021671196450913713,-0.3170850454888756,-0.2708821267506987,-0.2474897521276518,-0.28594015052065735,14.5,16.5,18.75,16.6,1.0,1.0,1.0,1.0,1.0244331844320256,1.3458321601703604,1.5159336227349287,1.3426265259552532,1.0244331844320258,1.3458321601703604,1.5159336227349285,1.3426265259552532,,,,,,,,,,,,,,,,,,,,,,,,,,,,,,,,,,,,,,,,,,,,
cons__median,spoof,0.1,10,20.0,20.0,20.0,20.0,60.0,60.0,60.0,60.0,-0.011651518913265125,-0.007768290234460299,-0.0011597661182644499,-0.02010890953481153,0.0011597661182644499,0.007768290234460299,0.011651518913265125,0.02010890953481153,0.001285543973345,0.0036989374798943996,0.0136663209428815,0.009308124690257451,5040.0,5340.0,6000.0,5424.0,0.10128119589831641,0.10801929469470764,0.11208079015906092,0.10738106251235144,0.0,0.0,0.0,0.0,0.0,0.0,0.0,0.0,0.0,0.0,0.0,0.0,5040.0,5340.0,6000.0,5424.0,5040.0,5340.0,6000.0,5424.0,1.0,1.0,1.0,1.0,0.0,0.0,0.0,0.0,161280.0,170880.0,192000.0,173568.0,32.0,32.0,32.0,32.0,0.0,0.0,0.0,0.0,4535.25,4790.5,5382.0,4879.4,0.0,0.0,0.0,0.0,488.25,549.5,603.0,544.6,0.0,0.0,0.0,0.0,0.0,0.0,0.0,0.0,0.0,0.0,0.0,0.0,0.0,0.0,0.0,0.0,0.8309854171877316,0.8635483457952419,0.901770982521635,0.8535313445029542,0.7835928177407252,0.8790429302920533,0.9152827103730403,0.841538804444459,0.7916666666666666,0.8416666666666667,0.85,0.835,0.01824218979692305,0.0280510319315203,0.04796166259001197,0.03593583585851313,-0.31702916951363735,-0.26973801763043403,-0.24806078895686123,-0.2859527844354683,12.25,14.0,14.75,14.4,1.0,1.0,1.0,1.0,1.0244331844320256,1.3458321601703604,1.5159336227349287,1.3426265259552532,1.0244331844320258,1.3458321601703604,1.5159336227349285,1.3426265259552532,,,,,,,,,,,,,,,,,,,,,,,,,,,,,,,,,,,,,,,,,,,,
cons__median,spoof,0.3,10,20.0,20.0,20.0,20.0,60.0,60.0,60.0,60.0,-0.13261304912295882,-0.1017245161345812,-0.04944756653133005,-0.1161409505131042,0.04944756653133005,0.1017245161345812,0.13261304912295882,0.1161409505131042,0.0092125204763281,0.026708058899295048,0.041769453554657596,0.0367072145109359,5040.0,5340.0,6000.0,5424.0,0.3005344055131984,0.3094860444997116,0.312558324329491,0.3082142185639628,0.0,0.0,0.0,0.0,0.0,0.0,0.0,0.0,0.0,0.0,0.0,0.0,5040.0,5340.0,6000.0,5424.0,5040.0,5340.0,6000.0,5424.0,1.0,1.0,1.0,1.0,0.0,0.0,0.0,0.0,161280.0,170880.0,192000.0,173568.0,32.0,32.0,32.0,32.0,0.0,0.0,0.0,0.0,3534.0,3754.5,4193.75,3808.6,0.0,0.0,0.0,0.0,1492.0,1585.5,1806.25,1615.4,0.0,0.0,0.0,0.0,0.0,0.0,0.0,0.0,0.0,0.0,0.0,0.0,0.0,0.0,0.0,0.0,0.7989042662412127,0.8734759407040587,0.9462328628428149,0.8639542971002852,0.44737137465254134,0.7643893709976954,0.8738476863819413,0.6530064479952065,0.6166666666666667,0.6333333333333333,0.65,0.6383333333333332,0.07325317706564738,0.0835345661266535,0.1033236857654221,0.08750082724170134,-0.3167130014810483,-0.2687016085673737,-0.24503728344514586,-0.28435225041916345,9.25,12.0,14.0,11.9,1.0,1.0,1.0,1.0,1.0244331844320256,1.3458321601703604,1.5159336227349287,1.3426265259552532,1.0244331844320258,1.3458321601703604,1.5159336227349285,1.3426265259552532,,,,,,,,,,,,,,,,,,,,,,,,,,,,,,,,,,,,,,,,,,,,
cons__median,spoof,0.5,10,20.0,20.0,20.0,20.0,60.0,60.0,60.0,60.0,-0.41274008427409686,-0.33967185948739337,-0.28586287737920585,-0.3593307282197825,0.28586287737920585,0.33967185948739337,0.41274008427409686,0.3593307282197825,0.024071026845403427,0.036457946344922804,0.07539093334334265,0.05420715790393911,5040.0,5340.0,6000.0,5424.0,0.5194280533578981,0.5272591079913275,0.5303224221867933,0.5244532450597599,0.0,0.0,0.0,0.0,0.0,0.0,0.0,0.0,0.0,0.0,0.0,0.0,5040.0,5340.0,6000.0,5424.0,5040.0,5340.0,6000.0,5424.0,1.0,1.0,1.0,1.0,0.0,0.0,0.0,0.0,161280.0,170880.0,192000.0,173568.0,32.0,32.0,32.0,32.0,0.0,0.0,0.0,0.0,2479.5,2610.5,2967.0,2694.7,0.0,0.0,0.0,0.0,2537.5,2729.5,3033.0,2729.3,0.0,0.0,0.0,0.0,0.0,0.0,0.0,0.0,0.0,0.0,0.0,0.0,0.0,0.0,0.0,0.0,0.9409918693239403,0.9488730611332507,0.956745257423109,0.9386616115917101,0.33621186682203774,0.4263085085180623,0.4603014579983773,0.4373946589354176,0.5583333333333333,0.5833333333333334,0.6,0.5816666666666666,0.3353312467738528,0.36061776216424557,0.4361406415188864,0.3740493320715409,-0.3108707502183524,-0.263724413081572,-0.24149605988547865,-0.2802990874573855,12.5,21.5,25.0,21.875,1.0,1.0,1.0,0.8,1.0244331844320256,1.3458321601703604,1.5159336227349287,1.3426265259552532,1.0244331844320258,1.3458321601703604,1.5159336227349285,1.3426265259552532,,,,,,,,,,,,,,,,,,,,,,,,,,,,,,,,,,,,,,,,,,,,
cons__median,spoof,1.0,10,20.0,20.0,20.0,20.0,60.0,60.0,60.0,60.0,-1.4505747163947291,-1.2876179018339753,-0.9870031194067179,-1.2568143495490223,0.9870031194067179,1.2876179018339753,1.4505747163947291,1.2568143495490223,0.06826341740506556,0.09173939797270855,0.15701215926112078,0.10713494254080698,5040.0,5340.0,6000.0,5424.0,1.0692565589316456,1.074518950891727,1.0875669677335913,1.080870399111134,0.0,0.0,0.0,0.0,0.0,0.0,0.0,0.0,0.0,0.0,0.0,0.0,5040.0,5340.0,6000.0,5424.0,5040.0,5340.0,6000.0,5424.0,1.0,1.0,1.0,1.0,0.0,0.0,0.0,0.0,161280.0,170880.0,192000.0,173568.0,32.0,32.0,32.0,32.0,0.0,0.0,0.0,0.0,0.0,0.0,0.0,0.0,0.0,0.0,0.0,0.0,5040.0,5340.0,6000.0,5424.0,0.0,0.0,0.0,0.0,0.0,0.0,0.0,0.0,0.0,0.0,0.0,0.0,0.0,0.0,0.0,0.0,0.9427314211910975,0.9776577412115199,0.9820405833592276,0.9378719590254343,0.23032260330274754,0.24766972429648695,0.427102387894621,0.3551661778803359,0.5333333333333333,0.55,0.5750000000000001,0.5416666666666667,1.180072352763319,1.2307221321146846,1.4972109600390537,1.284065992493642,-0.29814259639977075,-0.2518316836410953,-0.2199424825433301,-0.2653410271018982,,,,,0.0,0.0,0.0,0.0,1.0244331844320256,1.3458321601703604,1.5159336227349287,1.3426265259552532,1.0244331844320258,1.3458321601703604,1.5159336227349285,1.3426265259552532,,,,,,,,,,,,,,,,,,,,,,,,,,,,,,,,,,,,,,,,,,,,
cons__oracle,bandwidth,0.0,10,20.0,20.0,20.0,20.0,60.0,60.0,60.0,60.0,-6.74419351945396e-22,-5.761890650516882e-22,-5.276382996111396e-22,-6.089158492058048e-22,5.276382996111396e-22,5.761890650516882e-22,6.74419351945396e-22,6.089158492058048e-22,2.6381914982010757e-23,2.8809453251505893e-23,3.372096759762527e-23,3.0445792460827426e-23,1200.0,1200.0,1200.0,1200.0,0.0,0.0,0.0,0.0,0.0,0.0,0.0,0.0,0.0,0.0,0.0,0.0,0.0,0.0,0.0,0.0,1200.0,1200.0,1200.0,1200.0,0.0,0.0,0.0,0.0,0.0,0.0,0.0,0.0,1.0,1.0,1.0,1.0,0.0,0.0,0.0,0.0,0.0,0.0,0.0,0.0,0.0,0.0,0.0,0.0,0.0,0.0,0.0,0.0,0.0,0.0,0.0,0.0,0.0,0.0,0.0,0.0,0.0,0.0,0.0,0.0,0.0,0.0,0.0,0.0,0.0,0.0,0.0,0.0,0.0,0.0,0.0,0.0,0.42315336452280944,0.42342666557816977,0.4236855620685784,0.4233731714324159,0.9998757942643257,0.9999238455812485,0.9999619371681949,0.9999191264433452,1.0,1.0,1.0,1.0,9.94248983889374e-19,1.0857338611967882e-18,1.2708340711450433e-18,1.1474029379200518e-18,-0.31708517301229955,-0.27090091150684287,-0.24807456768594327,-0.28628793292771515,6.0,6.0,6.0,6.0,1.0,1.0,1.0,1.0,1.0244331844320256,1.3458321601703604,1.5159336227349287,1.3426265259552532,0.0,0.0,0.0,0.0,,,,,,,,,,,,,,,,,,,,,,,,,,,,,,,,,,,,,,,,,,,,
cons__oracle,bandwidth,1.0,10,20.0,20.0,20.0,20.0,60.0,60.0,60.0,60.0,-6.744234226261375e-22,-5.761918348151266e-22,-5.276329270104702e-22,-6.089160947906524e-22,5.276329270104702e-22,5.761918348151266e-22,6.744234226261375e-22,6.089160947906524e-22,7.432261075273191,8.17333289246453,8.557603060870147,8.037885611149358,1200.0,1200.0,1200.0,1200.0,0.0,0.0,0.0,0.0,0.0,0.0,0.0,0.0,0.0,0.0,0.0,0.0,0.0,0.0,0.0,0.0,1200.0,1200.0,1200.0,1200.0,0.0,0.0,0.0,0.0,0.0,0.0,0.0,0.0,1.0,1.0,1.0,1.0,0.0,0.0,0.0,0.0,0.0,0.0,0.0,0.0,0.0,0.0,0.0,0.0,0.0,0.0,0.0,0.0,0.0,0.0,0.0,0.0,0.0,0.0,0.0,0.0,0.0,0.0,0.0,0.0,0.0,0.0,0.0,0.0,0.0,0.0,0.0,0.0,0.0,0.0,0.0,0.0,0.4231533645226796,0.4234266655789596,0.42368556206866276,0.4233731714324909,0.9998757942643277,0.9999238455812645,0.9999619371681929,0.9999191264433456,1.0,1.0,1.0,1.0,9.942490204742323e-19,1.0857338635033e-18,1.2708341754901828e-18,1.147402990663348e-18,-0.3170851730122996,-0.27090091150684287,-0.24807456768594327,-0.28628793292771515,6.0,6.0,6.0,6.0,1.0,1.0,1.0,1.0,1.0244331844320256,1.3458321601703604,1.5159336227349287,1.3426265259552532,0.0,0.0,0.0,0.0,,,,,,,,,,,,,,,,,,,,,,,,,,,,,,,,,,,,,,,,,,,,
cons__oracle,bandwidth,2.0,10,20.0,20.0,20.0,20.0,60.0,60.0,60.0,60.0,-6.744152843179569e-22,-5.761901081526794e-22,-5.276382282697683e-22,-6.089148209466908e-22,5.276382282697683e-22,5.761901081526794e-22,6.744152843179569e-22,6.089148209466908e-22,0.5280395726369916,0.7379663591744816,0.8563093076554648,0.7082565284065646,1200.0,1200.0,1200.0,1200.0,0.0,0.0,0.0,0.0,0.0,0.0,0.0,0.0,0.0,0.0,0.0,0.0,0.0,0.0,0.0,0.0,1200.0,1200.0,1200.0,1200.0,0.0,0.0,0.0,0.0,0.0,0.0,0.0,0.0,1.0,1.0,1.0,1.0,0.0,0.0,0.0,0.0,0.0,0.0,0.0,0.0,0.0,0.0,0.0,0.0,0.0,0.0,0.0,0.0,0.0,0.0,0.0,0.0,0.0,0.0,0.0,0.0,0.0,0.0,0.0,0.0,0.0,0.0,0.0,0.0,0.0,0.0,0.0,0.0,0.0,0.0,0.0,0.0,0.4231533645228023,0.4234266655779992,0.42368556206852753,0.4233731714324052,0.9998757942643244,0.999923845581245,0.9999619371681949,0.9999191264433442,1.0,1.0,1.0,1.0,9.94248998965797e-19,1.0857338226760423e-18,1.2708340288838302e-18,1.147402957667116e-18,-0.31708517301229955,-0.27090091150684287,-0.24807456768594327,-0.28628793292771515,6.0,6.0,6.0,6.0,1.0,1.0,1.0,1.0,1.0244331844320256,1.3458321601703604,1.5159336227349287,1.3426265259552532,0.0,0.0,0.0,0.0,,,,,,,,,,,,,,,,,,,,,,,,,,,,,,,,,,,,,,,,,,,,
cons__oracle,bandwidth,3.0,10,20.0,20.0,20.0,20.0,60.0,60.0,60.0,60.0,-6.744190386410496e-22,-5.761884439982146e-22,-5.276383360856377e-22,-6.089157677187522e-22,5.276383360856377e-22,5.761884439982146e-22,6.744190386410496e-22,6.089157677187522e-22,0.024792612682620674,0.08296367617615424,0.12532741896438432,0.08346454556459543,1200.0,1200.0,1200.0,1200.0,0.0,0.0,0.0,0.0,0.0,0.0,0.0,0.0,0.0,0.0,0.0,0.0,0.0,0.0,0.0,0.0,1200.0,1200.0,1200.0,1200.0,0.0,0.0,0.0,0.0,0.0,0.0,0.0,0.0,1.0,1.0,1.0,1.0,0.0,0.0,0.0,0.0,0.0,0.0,0.0,0.0,0.0,0.0,0.0,0.0,0.0,0.0,0.0,0.0,0.0,0.0,0.0,0.0,0.0,0.0,0.0,0.0,0.0,0.0,0.0,0.0,0.0,0.0,0.0,0.0,0.0,0.0,0.0,0.0,0.0,0.0,0.0,0.0,0.4231533645226736,0.42342666557823305,0.4236855620685391,0.42337317143241693,0.9998757942643247,0.9999238455812498,0.9999619371681929,0.9999191264433456,1.0,1.0,1.0,1.0,9.942490138745374e-19,1.0857338617606547e-18,1.2708340894386445e-18,1.1474029537197775e-18,-0.3170851730122995,-0.2709009115068428,-0.24807456768594327,-0.28628793292771515,6.0,6.0,6.0,6.0,1.0,1.0,1.0,1.0,1.0244331844320256,1.3458321601703604,1.5159336227349287,1.3426265259552532,0.0,0.0,0.0,0.0,,,,,,,,,,,,,,,,,,,,,,,,,,,,,,,,,,,,,,,,,,,,
cons__oracle,bandwidth,4.0,10,20.0,20.0,20.0,20.0,60.0,60.0,60.0,60.0,-6.744194812975584e-22,-5.761881947370426e-22,-5.2763821257228365e-22,-6.0891544441158285e-22,5.2763821257228365e-22,5.761881947370426e-22,6.744194812975584e-22,6.0891544441158285e-22,0.00660834216266345,0.01057353279078005,0.02754207274499655,0.01640489528277338,1200.0,1200.0,1200.0,1200.0,0.0,0.0,0.0,0.0,0.0,0.0,0.0,0.0,0.0,0.0,0.0,0.0,0.0,0.0,0.0,0.0,1200.0,1200.0,1200.0,1200.0,0.0,0.0,0.0,0.0,0.0,0.0,0.0,0.0,1.0,1.0,1.0,1.0,0.0,0.0,0.0,0.0,0.0,0.0,0.0,0.0,0.0,0.0,0.0,0.0,0.0,0.0,0.0,0.0,0.0,0.0,0.0,0.0,0.0,0.0,0.0,0.0,0.0,0.0,0.0,0.0,0.0,0.0,0.0,0.0,0.0,0.0,0.0,0.0,0.0,0.0,0.0,0.0,0.4231533645226889,0.4234266655782152,0.4236855620685639,0.4233731714323995,0.9998757942643255,0.9999238455812494,0.9999619371681934,0.9999191264433449,1.0,1.0,1.0,1.0,9.942489825530823e-19,1.0857338650337645e-18,1.2708340718112543e-18,1.1474029383297792e-18,-0.3170851730122995,-0.2709009115068428,-0.24807456768594327,-0.28628793292771515,6.0,6.0,6.0,6.0,1.0,1.0,1.0,1.0,1.0244331844320256,1.3458321601703604,1.5159336227349287,1.3426265259552532,0.0,0.0,0.0,0.0,,,,,,,,,,,,,,,,,,,,,,,,,,,,,,,,,,,,,,,,,,,,
cons__oracle,bandwidth,8.0,10,20.0,20.0,20.0,20.0,60.0,60.0,60.0,60.0,-6.74419329119198e-22,-5.7618797788156795e-22,-5.276384811114126e-22,-6.089158114588448e-22,5.276384811114126e-22,5.7618797788156795e-22,6.74419329119198e-22,6.089158114588448e-22,1.950119424620683e-05,6.066195610732487e-05,9.491043305930829e-05,6.149884936000012e-05,1200.0,1200.0,1200.0,1200.0,0.0,0.0,0.0,0.0,0.0,0.0,0.0,0.0,0.0,0.0,0.0,0.0,0.0,0.0,0.0,0.0,1200.0,1200.0,1200.0,1200.0,0.0,0.0,0.0,0.0,0.0,0.0,0.0,0.0,1.0,1.0,1.0,1.0,0.0,0.0,0.0,0.0,0.0,0.0,0.0,0.0,0.0,0.0,0.0,0.0,0.0,0.0,0.0,0.0,0.0,0.0,0.0,0.0,0.0,0.0,0.0,0.0,0.0,0.0,0.0,0.0,0.0,0.0,0.0,0.0,0.0,0.0,0.0,0.0,0.0,0.0,0.0,0.0,0.4231533645227936,0.4234266655781479,0.4236855620684177,0.42337317143239356,0.9998757942643219,0.9999238455812482,0.9999619371681946,0.9999191264433444,1.0,1.0,1.0,1.0,9.942489863564167e-19,1.0857338478347047e-18,1.270834075230599e-18,1.1474029401584974e-18,-0.3170851730122995,-0.27090091150684287,-0.24807456768594327,-0.28628793292771515,6.0,6.0,6.0,6.0,1.0,1.0,1.0,1.0,1.0244331844320256,1.3458321601703604,1.5159336227349287,1.3426265259552532,0.0,0.0,0.0,0.0,,,,,,,,,,,,,,,,,,,,,,,,,,,,,,,,,,,,,,,,,,,,
cons__oracle,byzantine,0.0,10,20.0,20.0,20.0,20.0,60.0,60.0,60.0,60.0,-6.74419351945396e-22,-5.761890650516882e-22,-5.276382996111396e-22,-6.089158492058048e-22,5.276382996111396e-22,5.761890650516882e-22,6.74419351945396e-22,6.089158492058048e-22,2.6381914982010757e-23,2.8809453251505893e-23,3.372096759762527e-23,3.0445792460827426e-23,1200.0,1200.0,1200.0,1200.0,0.0,0.0,0.0,0.0,0.0,0.0,0.0,0.0,0.0,0.0,0.0,0.0,0.0,0.0,0.0,0.0,1200.0,1200.0,1200.0,1200.0,0.0,0.0,0.0,0.0,0.0,0.0,0.0,0.0,1.0,1.0,1.0,1.0,0.0,0.0,0.0,0.0,0.0,0.0,0.0,0.0,0.0,0.0,0.0,0.0,0.0,0.0,0.0,0.0,0.0,0.0,0.0,0.0,0.0,0.0,0.0,0.0,0.0,0.0,0.0,0.0,0.0,0.0,0.0,0.0,0.0,0.0,0.0,0.0,0.0,0.0,0.0,0.0,0.42315336452280944,0.42342666557816977,0.4236855620685784,0.4233731714324159,0.9998757942643257,0.9999238455812485,0.9999619371681949,0.9999191264433452,1.0,1.0,1.0,1.0,9.94248983889374e-19,1.0857338611967882e-18,1.2708340711450433e-18,1.1474029379200518e-18,-0.31708517301229955,-0.27090091150684287,-0.24807456768594327,-0.28628793292771515,6.0,6.0,6.0,6.0,1.0,1.0,1.0,1.0,1.0244331844320256,1.3458321601703604,1.5159336227349287,1.3426265259552532,0.0,0.0,0.0,0.0,,,,,,,,,,,,,,,,,,,,,,,,,,,,,,,,,,,,,,,,,,,,
cons__oracle,byzantine,0.1,10,20.0,20.0,20.0,20.0,60.0,60.0,60.0,60.0,-6.744194253444787e-22,-5.7618789649032405e-22,-5.276382796846829e-22,-6.089157424212772e-22,5.276382796846829e-22,5.7618789649032405e-22,6.744194253444787e-22,6.089157424212772e-22,2.6785942549283195e-23,2.94032289544941e-23,3.390651592746738e-23,3.088055658155018e-23,1200.0,1200.0,1200.0,1200.0,0.0,0.0,0.0,0.0,0.0,0.0,0.0,0.0,0.0,0.0,0.0,0.0,0.0,0.0,0.0,0.0,1200.0,1200.0,1200.0,1200.0,0.0,0.0,0.0,0.0,0.0,0.0,0.0,0.0,1.0,1.0,1.0,1.0,0.0,0.0,0.0,0.0,0.0,0.0,0.0,0.0,0.0,0.0,0.0,0.0,0.0,0.0,0.0,0.0,0.0,0.0,0.0,0.0,0.0,0.0,0.0,0.0,0.0,0.0,0.0,0.0,0.0,0.0,0.0,0.0,0.0,0.0,0.0,0.0,0.0,0.0,0.0,0.0,0.42315336452279656,0.42342666557813363,0.4236855620683896,0.42337317143236997,0.9998757942643212,0.9999238455812478,0.9999619371681947,0.9999191264433442,1.0,1.0,1.0,1.0,9.94248995715792e-19,1.0857338539061457e-18,1.270834079849583e-18,1.1474029411351533e-18,-0.3170851730122995,-0.27090091150684287,-0.24807456768594327,-0.28628793292771515,6.0,6.0,6.0,6.0,1.0,1.0,1.0,1.0,1.0244331844320256,1.3458321601703604,1.5159336227349287,1.3426265259552532,0.0,0.0,0.0,0.0,,,,,,,,,,,,,,,,,,,,,,,,,,,,,,,,,,,,,,,,,,,,
cons__oracle,byzantine,0.25,10,20.0,20.0,20.0,20.0,60.0,60.0,60.0,60.0,-6.744194684184797e-22,-5.76188754572907e-22,-5.2763736813424025e-22,-6.089156398229275e-22,5.2763736813424025e-22,5.76188754572907e-22,6.744194684184797e-22,6.089156398229275e-22,2.6925842325057473e-23,2.9639177319731777e-23,3.378771285965e-23,3.101783596769262e-23,1200.0,1200.0,1200.0,1200.0,0.0,0.0,0.0,0.0,0.0,0.0,0.0,0.0,0.0,0.0,0.0,0.0,0.0,0.0,0.0,0.0,1200.0,1200.0,1200.0,1200.0,0.0,0.0,0.0,0.0,0.0,0.0,0.0,0.0,1.0,1.0,1.0,1.0,0.0,0.0,0.0,0.0,0.0,0.0,0.0,0.0,0.0,0.0,0.0,0.0,0.0,0.0,0.0,0.0,0.0,0.0,0.0,0.0,0.0,0.0,0.0,0.0,0.0,0.0,0.0,0.0,0.0,0.0,0.0,0.0,0.0,0.0,0.0,0.0,0.0,0.0,0.0,0.0,0.4231533645227651,0.42342666557822534,0.42368556206873514,0.42337317143241754,0.9998757942643296,0.9999238455812497,0.9999619371681944,0.9999191264433455,1.0,1.0,1.0,1.0,9.94248985304651e-19,1.085733881440701e-18,1.2708340737421204e-18,1.1474029395376614e-18,-0.31708517301229955,-0.2709009115068428,-0.24807456768594327,-0.28628793292771515,6.0,6.0,6.0,6.0,1.0,1.0,1.0,1.0,1.0244331844320256,1.3458321601703604,1.5159336227349287,1.3426265259552532,0.0,0.0,0.0,0.0,,,,,,,,,,,,,,,,,,,,,,,,,,,,,,,,,,,,,,,,,,,,
cons__oracle,byzantine,0.5,10,20.0,20.0,20.0,20.0,60.0,60.0,60.0,60.0,-6.744192444190568e-22,-5.761903230017203e-22,-5.276384627448057e-22,-6.0891617921329085e-22,5.276384627448057e-22,5.761903230017203e-22,6.744192444190568e-22,6.0891617921329085e-22,2.9579841956636424e-23,3.084620349838684e-23,3.6521146305302396e-23,3.223482489916314e-23,1200.0,1200.0,1200.0,1200.0,0.0,0.0,0.0,0.0,0.0,0.0,0.0,0.0,0.0,0.0,0.0,0.0,0.0,0.0,0.0,0.0,1200.0,1200.0,1200.0,1200.0,0.0,0.0,0.0,0.0,0.0,0.0,0.0,0.0,1.0,1.0,1.0,1.0,0.0,0.0,0.0,0.0,0.0,0.0,0.0,0.0,0.0,0.0,0.0,0.0,0.0,0.0,0.0,0.0,0.0,0.0,0.0,0.0,0.0,0.0,0.0,0.0,0.0,0.0,0.0,0.0,0.0,0.0,0.0,0.0,0.0,0.0,0.0,0.0,0.0,0.0,0.0,0.0,0.423153364522628,0.42342666557817793,0.4236855620684904,0.4233731714323672,0.9998757942643238,0.9999238455812485,0.9999619371681925,0.9999191264433442,1.0,1.0,1.0,1.0,9.942490061797865e-19,1.085733878873999e-18,1.2708340685642192e-18,1.147402940449109e-18,-0.31708517301229955,-0.2709009115068428,-0.24807456768594327,-0.28628793292771515,6.0,6.0,6.0,6.0,1.0,1.0,1.0,1.0,1.0244331844320256,1.3458321601703604,1.5159336227349287,1.3426265259552532,0.0,0.0,0.0,0.0,,,,,,,,,,,,,,,,,,,,,,,,,,,,,,,,,,,,,,,,,,,,
cons__oracle,jam,0.0,10,20.0,20.0,20.0,20.0,60.0,60.0,60.0,60.0,-6.74419351945396e-22,-5.761890650516882e-22,-5.276382996111396e-22,-6.089158492058048e-22,5.276382996111396e-22,5.761890650516882e-22,6.74419351945396e-22,6.089158492058048e-22,2.6381914982010757e-23,2.8809453251505893e-23,3.372096759762527e-23,3.0445792460827426e-23,1200.0,1200.0,1200.0,1200.0,0.0,0.0,0.0,0.0,0.0,0.0,0.0,0.0,0.0,0.0,0.0,0.0,0.0,0.0,0.0,0.0,1200.0,1200.0,1200.0,1200.0,0.0,0.0,0.0,0.0,0.0,0.0,0.0,0.0,1.0,1.0,1.0,1.0,0.0,0.0,0.0,0.0,0.0,0.0,0.0,0.0,0.0,0.0,0.0,0.0,0.0,0.0,0.0,0.0,0.0,0.0,0.0,0.0,0.0,0.0,0.0,0.0,0.0,0.0,0.0,0.0,0.0,0.0,0.0,0.0,0.0,0.0,0.0,0.0,0.0,0.0,0.0,0.0,0.42315336452280944,0.42342666557816977,0.4236855620685784,0.4233731714324159,0.9998757942643257,0.9999238455812485,0.9999619371681949,0.9999191264433452,1.0,1.0,1.0,1.0,9.94248983889374e-19,1.0857338611967882e-18,1.2708340711450433e-18,1.1474029379200518e-18,-0.31708517301229955,-0.27090091150684287,-0.24807456768594327,-0.28628793292771515,6.0,6.0,6.0,6.0,1.0,1.0,1.0,1.0,1.0244331844320256,1.3458321601703604,1.5159336227349287,1.3426265259552532,0.0,0.0,0.0,0.0,,,,,,,,,,,,,,,,,,,,,,,,,,,,,,,,,,,,,,,,,,,,
cons__oracle,jam,0.1,10,20.0,20.0,20.0,20.0,60.0,60.0,60.0,60.0,-6.74419351945396e-22,-5.761890650516882e-22,-5.276382996111396e-22,-6.089158492058048e-22,5.276382996111396e-22,5.761890650516882e-22,6.74419351945396e-22,6.089158492058048e-22,2.6381914982010757e-23,2.8809453251505893e-23,3.372096759762527e-23,3.0445792460827426e-23,1200.0,1200.0,1200.0,1200.0,0.0,0.0,0.0,0.0,0.0,0.0,0.0,0.0,0.0,0.0,0.0,0.0,0.0,0.0,0.0,0.0,1200.0,1200.0,1200.0,1200.0,0.0,0.0,0.0,0.0,0.0,0.0,0.0,0.0,1.0,1.0,1.0,1.0,0.0,0.0,0.0,0.0,0.0,0.0,0.0,0.0,0.0,0.0,0.0,0.0,0.0,0.0,0.0,0.0,0.0,0.0,0.0,0.0,0.0,0.0,0.0,0.0,0.0,0.0,0.0,0.0,0.0,0.0,0.0,0.0,0.0,0.0,0.0,0.0,0.0,0.0,0.0,0.0,0.42315336452280944,0.42342666557816977,0.4236855620685784,0.4233731714324159,0.9998757942643257,0.9999238455812485,0.9999619371681949,0.9999191264433452,1.0,1.0,1.0,1.0,9.94248983889374e-19,1.0857338611967882e-18,1.2708340711450433e-18,1.1474029379200518e-18,-0.31708517301229955,-0.27090091150684287,-0.24807456768594327,-0.28628793292771515,6.0,6.0,6.0,6.0,1.0,1.0,1.0,1.0,1.0244331844320256,1.3458321601703604,1.5159336227349287,1.3426265259552532,0.0,0.0,0.0,0.0,,,,,,,,,,,,,,,,,,,,,,,,,,,,,,,,,,,,,,,,,,,,
cons__oracle,jam,0.25,10,20.0,20.0,20.0,20.0,60.0,60.0,60.0,60.0,-6.74419351945396e-22,-5.761890650516882e-22,-5.276382996111396e-22,-6.089158492058048e-22,5.276382996111396e-22,5.761890650516882e-22,6.74419351945396e-22,6.089158492058048e-22,2.6381914982010757e-23,2.8809453251505893e-23,3.372096759762527e-23,3.0445792460827426e-23,1200.0,1200.0,1200.0,1200.0,0.0,0.0,0.0,0.0,0.0,0.0,0.0,0.0,0.0,0.0,0.0,0.0,0.0,0.0,0.0,0.0,1200.0,1200.0,1200.0,1200.0,0.0,0.0,0.0,0.0,0.0,0.0,0.0,0.0,1.0,1.0,1.0,1.0,0.0,0.0,0.0,0.0,0.0,0.0,0.0,0.0,0.0,0.0,0.0,0.0,0.0,0.0,0.0,0.0,0.0,0.0,0.0,0.0,0.0,0.0,0.0,0.0,0.0,0.0,0.0,0.0,0.0,0.0,0.0,0.0,0.0,0.0,0.0,0.0,0.0,0.0,0.0,0.0,0.42315336452280944,0.42342666557816977,0.4236855620685784,0.4233731714324159,0.9998757942643257,0.9999238455812485,0.9999619371681949,0.9999191264433452,1.0,1.0,1.0,1.0,9.94248983889374e-19,1.0857338611967882e-18,1.2708340711450433e-18,1.1474029379200518e-18,-0.31708517301229955,-0.27090091150684287,-0.24807456768594327,-0.28628793292771515,6.0,6.0,6.0,6.0,1.0,1.0,1.0,1.0,1.0244331844320256,1.3458321601703604,1.5159336227349287,1.3426265259552532,0.0,0.0,0.0,0.0,,,,,,,,,,,,,,,,,,,,,,,,,,,,,,,,,,,,,,,,,,,,
cons__oracle,jam,0.5,10,20.0,20.0,20.0,20.0,60.0,60.0,60.0,60.0,-6.74419351945396e-22,-5.761890650516882e-22,-5.276382996111396e-22,-6.089158492058048e-22,5.276382996111396e-22,5.761890650516882e-22,6.74419351945396e-22,6.089158492058048e-22,2.6381914982010757e-23,2.8809453251505893e-23,3.372096759762527e-23,3.0445792460827426e-23,1200.0,1200.0,1200.0,1200.0,0.0,0.0,0.0,0.0,0.0,0.0,0.0,0.0,0.0,0.0,0.0,0.0,0.0,0.0,0.0,0.0,1200.0,1200.0,1200.0,1200.0,0.0,0.0,0.0,0.0,0.0,0.0,0.0,0.0,1.0,1.0,1.0,1.0,0.0,0.0,0.0,0.0,0.0,0.0,0.0,0.0,0.0,0.0,0.0,0.0,0.0,0.0,0.0,0.0,0.0,0.0,0.0,0.0,0.0,0.0,0.0,0.0,0.0,0.0,0.0,0.0,0.0,0.0,0.0,0.0,0.0,0.0,0.0,0.0,0.0,0.0,0.0,0.0,0.42315336452280944,0.42342666557816977,0.4236855620685784,0.4233731714324159,0.9998757942643257,0.9999238455812485,0.9999619371681949,0.9999191264433452,1.0,1.0,1.0,1.0,9.94248983889374e-19,1.0857338611967882e-18,1.2708340711450433e-18,1.1474029379200518e-18,-0.31708517301229955,-0.27090091150684287,-0.24807456768594327,-0.28628793292771515,6.0,6.0,6.0,6.0,1.0,1.0,1.0,1.0,1.0244331844320256,1.3458321601703604,1.5159336227349287,1.3426265259552532,0.0,0.0,0.0,0.0,,,,,,,,,,,,,,,,,,,,,,,,,,,,,,,,,,,,,,,,,,,,
cons__oracle,jam,0.75,10,20.0,20.0,20.0,20.0,60.0,60.0,60.0,60.0,-6.74419351945396e-22,-5.761890650516882e-22,-5.276382996111396e-22,-6.089158492058048e-22,5.276382996111396e-22,5.761890650516882e-22,6.74419351945396e-22,6.089158492058048e-22,2.6381914982010757e-23,2.8809453251505893e-23,3.372096759762527e-23,3.0445792460827426e-23,1200.0,1200.0,1200.0,1200.0,0.0,0.0,0.0,0.0,0.0,0.0,0.0,0.0,0.0,0.0,0.0,0.0,0.0,0.0,0.0,0.0,1200.0,1200.0,1200.0,1200.0,0.0,0.0,0.0,0.0,0.0,0.0,0.0,0.0,1.0,1.0,1.0,1.0,0.0,0.0,0.0,0.0,0.0,0.0,0.0,0.0,0.0,0.0,0.0,0.0,0.0,0.0,0.0,0.0,0.0,0.0,0.0,0.0,0.0,0.0,0.0,0.0,0.0,0.0,0.0,0.0,0.0,0.0,0.0,0.0,0.0,0.0,0.0,0.0,0.0,0.0,0.0,0.0,0.42315336452280944,0.42342666557816977,0.4236855620685784,0.4233731714324159,0.9998757942643257,0.9999238455812485,0.9999619371681949,0.9999191264433452,1.0,1.0,1.0,1.0,9.94248983889374e-19,1.0857338611967882e-18,1.2708340711450433e-18,1.1474029379200518e-18,-0.31708517301229955,-0.27090091150684287,-0.24807456768594327,-0.28628793292771515,6.0,6.0,6.0,6.0,1.0,1.0,1.0,1.0,1.0244331844320256,1.3458321601703604,1.5159336227349287,1.3426265259552532,0.0,0.0,0.0,0.0,,,,,,,,,,,,,,,,,,,,,,,,,,,,,,,,,,,,,,,,,,,,
cons__oracle,latency,0.0,10,20.0,20.0,20.0,20.0,60.0,60.0,60.0,60.0,-6.74419351945396e-22,-5.761890650516882e-22,-5.276382996111396e-22,-6.089158492058048e-22,5.276382996111396e-22,5.761890650516882e-22,6.74419351945396e-22,6.089158492058048e-22,2.6381914982010757e-23,2.8809453251505893e-23,3.372096759762527e-23,3.0445792460827426e-23,1200.0,1200.0,1200.0,1200.0,0.0,0.0,0.0,0.0,0.0,0.0,0.0,0.0,0.0,0.0,0.0,0.0,0.0,0.0,0.0,0.0,1200.0,1200.0,1200.0,1200.0,0.0,0.0,0.0,0.0,0.0,0.0,0.0,0.0,1.0,1.0,1.0,1.0,0.0,0.0,0.0,0.0,0.0,0.0,0.0,0.0,0.0,0.0,0.0,0.0,0.0,0.0,0.0,0.0,0.0,0.0,0.0,0.0,0.0,0.0,0.0,0.0,0.0,0.0,0.0,0.0,0.0,0.0,0.0,0.0,0.0,0.0,0.0,0.0,0.0,0.0,0.0,0.0,0.42315336452280944,0.42342666557816977,0.4236855620685784,0.4233731714324159,0.9998757942643257,0.9999238455812485,0.9999619371681949,0.9999191264433452,1.0,1.0,1.0,1.0,9.94248983889374e-19,1.0857338611967882e-18,1.2708340711450433e-18,1.1474029379200518e-18,-0.31708517301229955,-0.27090091150684287,-0.24807456768594327,-0.28628793292771515,6.0,6.0,6.0,6.0,1.0,1.0,1.0,1.0,1.0244331844320256,1.3458321601703604,1.5159336227349287,1.3426265259552532,0.0,0.0,0.0,0.0,,,,,,,,,,,,,,,,,,,,,,,,,,,,,,,,,,,,,,,,,,,,
cons__oracle,latency,1.0,10,20.0,20.0,20.0,20.0,60.0,60.0,60.0,60.0,-6.744193021146524e-22,-5.761889412170891e-22,-5.276381565686272e-22,-6.089158323288884e-22,5.276381565686272e-22,5.761889412170891e-22,6.744193021146524e-22,6.089158323288884e-22,2.6381907829595044e-23,2.880944706147075e-23,3.3720965106192815e-23,3.044579161732924e-23,1200.0,1200.0,1200.0,1200.0,0.0,0.0,0.0,0.0,0.0,0.0,0.0,0.0,0.0,0.0,0.0,0.0,0.0,0.0,0.0,0.0,1200.0,1200.0,1200.0,1200.0,0.0,0.0,0.0,0.0,0.0,0.0,0.0,0.0,1.0,1.0,1.0,1.0,0.0,0.0,0.0,0.0,0.0,0.0,0.0,0.0,0.0,0.0,0.0,0.0,0.0,0.0,0.0,0.0,0.0,0.0,0.0,0.0,0.0,0.0,0.0,0.0,0.0,0.0,0.0,0.0,0.0,0.0,0.0,0.0,0.0,0.0,0.0,0.0,0.0,0.0,0.0,0.0,0.4231533645228118,0.4234266655782117,0.42368556206856567,0.42337317143241576,0.9998757942643254,0.9999238455812494,0.9999619371681949,0.9999191264433452,1.0,1.0,1.0,1.0,9.942489951204013e-19,1.0857338824106916e-18,1.2708340732659317e-18,1.147402950147133e-18,-0.3170851730122995,-0.27090091150684287,-0.24807456768594327,-0.28628793292771515,6.0,6.0,6.0,6.0,1.0,1.0,1.0,1.0,1.0244331844320256,1.3458321601703604,1.5159336227349287,1.3426265259552532,0.0,0.0,0.0,0.0,,,,,,,,,,,,,,,,,,,,,,,,,,,,,,,,,,,,,,,,,,,,
cons__oracle,latency,2.0,10,20.0,20.0,20.0,20.0,60.0,60.0,60.0,60.0,-6.744192889580673e-22,-5.761888547775013e-22,-5.276386397688863e-22,-6.089158927896467e-22,5.276386397688863e-22,5.761888547775013e-22,6.744192889580673e-22,6.089158927896467e-22,2.6381931988452446e-23,2.880944273902914e-23,3.3720964448270925e-23,3.0445794639434206e-23,1200.0,1200.0,1200.0,1200.0,0.0,0.0,0.0,0.0,0.0,0.0,0.0,0.0,0.0,0.0,0.0,0.0,0.0,0.0,0.0,0.0,1200.0,1200.0,1200.0,1200.0,0.0,0.0,0.0,0.0,0.0,0.0,0.0,0.0,1.0,1.0,1.0,1.0,0.0,0.0,0.0,0.0,0.0,0.0,0.0,0.0,0.0,0.0,0.0,0.0,0.0,0.0,0.0,0.0,0.0,0.0,0.0,0.0,0.0,0.0,0.0,0.0,0.0,0.0,0.0,0.0,0.0,0.0,0.0,0.0,0.0,0.0,0.0,0.0,0.0,0.0,0.0,0.0,0.4231533645228002,0.42342666557820574,0.423685562068504,0.4233731714323906,0.9998757942643239,0.9999238455812491,0.9999619371681946,0.9999191264433449,1.0,1.0,1.0,1.0,9.942490054654572e-19,1.0857338604467668e-18,1.270834071924701e-18,1.1474029488260539e-18,-0.3170851730122995,-0.27090091150684287,-0.24807456768594327,-0.28628793292771515,6.0,6.0,6.0,6.0,1.0,1.0,1.0,1.0,1.0244331844320256,1.3458321601703604,1.5159336227349287,1.3426265259552532,0.0,0.0,0.0,0.0,,,,,,,,,,,,,,,,,,,,,,,,,,,,,,,,,,,,,,,,,,,,
cons__oracle,latency,4.0,10,20.0,20.0,20.0,20.0,60.0,60.0,60.0,60.0,-6.744194112168705e-22,-5.761886325482969e-22,-5.276381245396419e-22,-6.089155566057049e-22,5.276381245396419e-22,5.761886325482969e-22,6.744194112168705e-22,6.089155566057049e-22,2.6381906227764203e-23,2.8809431626644474e-23,3.372097056113886e-23,3.044577783063241e-23,1200.0,1200.0,1200.0,1200.0,0.0,0.0,0.0,0.0,0.0,0.0,0.0,0.0,0.0,0.0,0.0,0.0,0.0,0.0,0.0,0.0,1200.0,1200.0,1200.0,1200.0,0.0,0.0,0.0,0.0,0.0,0.0,0.0,0.0,1.0,1.0,1.0,1.0,0.0,0.0,0.0,0.0,0.0,0.0,0.0,0.0,0.0,0.0,0.0,0.0,0.0,0.0,0.0,0.0,0.0,0.0,0.0,0.0,0.0,0.0,0.0,0.0,0.0,0.0,0.0,0.0,0.0,0.0,0.0,0.0,0.0,0.0,0.0,0.0,0.0,0.0,0.0,0.0,0.42315336452276675,0.4234266655781775,0.42368556206859276,0.42337317143240727,0.9998757942643262,0.9999238455812487,0.9999619371681944,0.9999191264433451,1.0,1.0,1.0,1.0,9.942489950295234e-19,1.085733873189804e-18,1.2708340719084839e-18,1.1474029467254611e-18,-0.3170851730122995,-0.27090091150684287,-0.24807456768594327,-0.28628793292771515,6.0,6.0,6.0,6.0,1.0,1.0,1.0,1.0,1.0244331844320256,1.3458321601703604,1.5159336227349287,1.3426265259552532,0.0,0.0,0.0,0.0,,,,,,,,,,,,,,,,,,,,,,,,,,,,,,,,,,,,,,,,,,,,
cons__oracle,latency,8.0,10,20.0,20.0,20.0,20.0,60.0,60.0,60.0,60.0,-6.744192456202456e-22,-5.761889478742585e-22,-5.276382574782653e-22,-6.089157510166799e-22,5.276382574782653e-22,5.761889478742585e-22,6.744192456202456e-22,6.089157510166799e-22,2.63819128739241e-23,2.880944739263441e-23,3.372096228102526e-23,3.04457875505868e-23,1200.0,1200.0,1200.0,1200.0,0.0,0.0,0.0,0.0,0.0,0.0,0.0,0.0,0.0,0.0,0.0,0.0,0.0,0.0,0.0,0.0,1200.0,1200.0,1200.0,1200.0,0.0,0.0,0.0,0.0,0.0,0.0,0.0,0.0,1.0,1.0,1.0,1.0,0.0,0.0,0.0,0.0,0.0,0.0,0.0,0.0,0.0,0.0,0.0,0.0,0.0,0.0,0.0,0.0,0.0,0.0,0.0,0.0,0.0,0.0,0.0,0.0,0.0,0.0,0.0,0.0,0.0,0.0,0.0,0.0,0.0,0.0,0.0,0.0,0.0,0.0,0.0,0.0,0.4231533645227914,0.42342666557824604,0.4236855620684761,0.42337317143238495,0.9998757942643232,0.99992384558125,0.9999619371681946,0.9999191264433449,1.0,1.0,1.0,1.0,9.942489916855873e-19,1.0857338430310903e-18,1.27083407093794e-18,1.1474029385490837e-18,-0.3170851730122995,-0.27090091150684287,-0.24807456768594327,-0.28628793292771515,6.0,6.0,6.0,6.0,1.0,1.0,1.0,1.0,1.0244331844320256,1.3458321601703604,1.5159336227349287,1.3426265259552532,0.0,0.0,0.0,0.0,,,,,,,,,,,,,,,,,,,,,,,,,,,,,,,,,,,,,,,,,,,,
cons__oracle,msg_drop,0.0,10,20.0,20.0,20.0,20.0,60.0,60.0,60.0,60.0,-6.74419351945396e-22,-5.761890650516882e-22,-5.276382996111396e-22,-6.089158492058048e-22,5.276382996111396e-22,5.761890650516882e-22,6.74419351945396e-22,6.089158492058048e-22,2.6381914982010757e-23,2.8809453251505893e-23,3.372096759762527e-23,3.0445792460827426e-23,1200.0,1200.0,1200.0,1200.0,0.0,0.0,0.0,0.0,0.0,0.0,0.0,0.0,0.0,0.0,0.0,0.0,0.0,0.0,0.0,0.0,1200.0,1200.0,1200.0,1200.0,0.0,0.0,0.0,0.0,0.0,0.0,0.0,0.0,1.0,1.0,1.0,1.0,0.0,0.0,0.0,0.0,0.0,0.0,0.0,0.0,0.0,0.0,0.0,0.0,0.0,0.0,0.0,0.0,0.0,0.0,0.0,0.0,0.0,0.0,0.0,0.0,0.0,0.0,0.0,0.0,0.0,0.0,0.0,0.0,0.0,0.0,0.0,0.0,0.0,0.0,0.0,0.0,0.42315336452280944,0.42342666557816977,0.4236855620685784,0.4233731714324159,0.9998757942643257,0.9999238455812485,0.9999619371681949,0.9999191264433452,1.0,1.0,1.0,1.0,9.94248983889374e-19,1.0857338611967882e-18,1.2708340711450433e-18,1.1474029379200518e-18,-0.31708517301229955,-0.27090091150684287,-0.24807456768594327,-0.28628793292771515,6.0,6.0,6.0,6.0,1.0,1.0,1.0,1.0,1.0244331844320256,1.3458321601703604,1.5159336227349287,1.3426265259552532,0.0,0.0,0.0,0.0,,,,,,,,,,,,,,,,,,,,,,,,,,,,,,,,,,,,,,,,,,,,
cons__oracle,msg_drop,0.1,10,20.0,20.0,20.0,20.0,60.0,60.0,60.0,60.0,-2.2247252449611076e-18,-7.781613695075541e-19,-2.6442199174061117e-19,-2.720361364390213e-18,2.6442199174061117e-19,7.781613695075541e-19,2.2247252449611076e-18,2.720361364390213e-18,0.0002573867381603,0.00056371279698935,0.0010681344222921,0.0012617087442602902,1200.0,1200.0,1200.0,1200.0,0.0,0.0,0.0,0.0,0.0,0.0,0.0,0.0,0.0,0.0,0.0,0.0,0.0,0.0,0.0,0.0,1200.0,1200.0,1200.0,1200.0,0.0,0.0,0.0,0.0,0.0,0.0,0.0,0.0,1.0,1.0,1.0,1.0,0.0,0.0,0.0,0.0,0.0,0.0,0.0,0.0,0.0,0.0,0.0,0.0,0.0,0.0,0.0,0.0,0.0,0.0,0.0,0.0,0.0,0.0,0.0,0.0,0.0,0.0,0.0,0.0,0.0,0.0,0.0,0.0,0.0,0.0,0.0,0.0,0.0,0.0,0.0,0.0,0.4686637284334929,0.4790060855216387,0.48757376165386335,0.48059066729763134,0.9990549630343302,0.9992838596146945,0.9994808823033089,0.99914499019939,1.0,1.0,1.0,1.0,1.910058062359198e-16,4.1397340997955936e-16,1.3799348259149331e-15,1.9392843387988566e-15,-0.31708517301229955,-0.27090091150684287,-0.24807456768594327,-0.28628793292771515,6.0,6.5,7.0,6.5,1.0,1.0,1.0,1.0,1.0244331844320256,1.3458321601703604,1.5159336227349287,1.3426265259552532,0.0,0.0,0.0,0.0,,,,,,,,,,,,,,,,,,,,,,,,,,,,,,,,,,,,,,,,,,,,
cons__oracle,msg_drop,0.3,10,20.0,20.0,20.0,20.0,60.0,60.0,60.0,60.0,-3.6767212858888546e-13,-1.581076873571462e-13,-9.911628820974029e-14,-2.5260503179778105e-13,9.911628820974029e-14,1.581076873571462e-13,3.6767212858888546e-13,2.5260503179778105e-13,0.001619573511395625,0.00352405325418335,0.004097918614918925,0.0037433019320653564,1200.0,1200.0,1200.0,1200.0,0.0,0.0,0.0,0.0,0.0,0.0,0.0,0.0,0.0,0.0,0.0,0.0,0.0,0.0,0.0,0.0,1200.0,1200.0,1200.0,1200.0,0.0,0.0,0.0,0.0,0.0,0.0,0.0,0.0,1.0,1.0,1.0,1.0,0.0,0.0,0.0,0.0,0.0,0.0,0.0,0.0,0.0,0.0,0.0,0.0,0.0,0.0,0.0,0.0,0.0,0.0,0.0,0.0,0.0,0.0,0.0,0.0,0.0,0.0,0.0,0.0,0.0,0.0,0.0,0.0,0.0,0.0,0.0,0.0,0.0,0.0,0.0,0.0,0.5741218490881717,0.5851278071566427,0.5949721928429657,0.5843608314099777,0.9970922659969139,0.9973988417609108,0.9981191764949773,0.997483271655879,1.0,1.0,1.0,1.0,4.7043619130256525e-12,7.53399159725314e-12,3.6299900164852974e-11,2.2528537784898905e-11,-0.3170851730122977,-0.2709009115068358,-0.24807456768594258,-0.28628793292771093,8.0,9.0,9.0,8.8,1.0,1.0,1.0,1.0,1.0244331844320256,1.3458321601703604,1.5159336227349287,1.3426265259552532,0.0,0.0,0.0,0.0,,,,,,,,,,,,,,,,,,,,,,,,,,,,,,,,,,,,,,,,,,,,
cons__oracle,msg_drop,0.5,10,20.0,20.0,20.0,20.0,60.0,60.0,60.0,60.0,-1.9539093921767442e-08,-6.0577290071955e-09,-2.351581794509084e-09,-1.4425121678794872e-08,2.351581794509084e-09,6.0577290071955e-09,1.9539093921767442e-08,1.4425121678794872e-08,0.0018335905688132998,0.0048132086662780495,0.008898993309029324,0.006523277831225407,1200.0,1200.0,1200.0,1200.0,0.0,0.0,0.0,0.0,0.0,0.0,0.0,0.0,0.0,0.0,0.0,0.0,0.0,0.0,0.0,0.0,1200.0,1200.0,1200.0,1200.0,0.0,0.0,0.0,0.0,0.0,0.0,0.0,0.0,1.0,1.0,1.0,1.0,0.0,0.0,0.0,0.0,0.0,0.0,0.0,0.0,0.0,0.0,0.0,0.0,0.0,0.0,0.0,0.0,0.0,0.0,0.0,0.0,0.0,0.0,0.0,0.0,0.0,0.0,0.0,0.0,0.0,0.0,0.0,0.0,0.0,0.0,0.0,0.0,0.0,0.0,0.0,0.0,0.6900723833847261,0.7022650796462908,0.7106962979898005,0.7003980333010773,0.9927006931979416,0.9951900553730926,0.995924418863553,0.9934103443974541,1.0,1.0,1.0,1.0,4.913687078361558e-08,1.5032902966603772e-07,2.3151469581532083e-07,2.967827384433485e-07,-0.31708517266100156,-0.2709009114058808,-0.24807456737502145,-0.2862879326872965,13.0,13.0,14.0,13.7,1.0,1.0,1.0,1.0,1.0244331844320256,1.3458321601703604,1.5159336227349287,1.3426265259552532,0.0,0.0,0.0,0.0,,,,,,,,,,,,,,,,,,,,,,,,,,,,,,,,,,,,,,,,,,,,
cons__oracle,msg_drop,0.7,10,20.0,20.0,20.0,20.0,60.0,60.0,60.0,60.0,-0.000298897160633925,-0.00016932760940795,-6.543723294443679e-05,-0.00041760471378230027,6.543723294443679e-05,0.00016932760940795,0.000298897160633925,0.00041760471378230027,0.003289331047059,0.0121001504733243,0.019646252967361,0.017292211389082792,1200.0,1200.0,1200.0,1200.0,0.0,0.0,0.0,0.0,0.0,0.0,0.0,0.0,0.0,0.0,0.0,0.0,0.0,0.0,0.0,0.0,1200.0,1200.0,1200.0,1200.0,0.0,0.0,0.0,0.0,0.0,0.0,0.0,0.0,1.0,1.0,1.0,1.0,0.0,0.0,0.0,0.0,0.0,0.0,0.0,0.0,0.0,0.0,0.0,0.0,0.0,0.0,0.0,0.0,0.0,0.0,0.0,0.0,0.0,0.0,0.0,0.0,0.0,0.0,0.0,0.0,0.0,0.0,0.0,0.0,0.0,0.0,0.0,0.0,0.0,0.0,0.0,0.0,0.8174898353191223,0.8233162972683213,0.835581612972116,0.823195783080851,0.9823609686969812,0.9915773546282916,0.992358016580164,0.9875704241313039,1.0,1.0,1.0,1.0,0.000385835831543075,0.0007091998301869,0.001292667779758525,0.0010654818800099938,-0.31706754179586844,-0.2708981866549448,-0.24807064659654465,-0.2862809728491521,21.25,24.0,30.0,25.3,1.0,1.0,1.0,1.0,1.0244331844320256,1.3458321601703604,1.5159336227349287,1.3426265259552532,0.0,0.0,0.0,0.0,,,,,,,,,,,,,,,,,,,,,,,,,,,,,,,,,,,,,,,,,,,,
cons__oracle,msg_drop,1.0,10,20.0,20.0,20.0,20.0,60.0,60.0,60.0,60.0,-19.025110380737974,-16.254054690410573,-14.884474061156599,-17.177275975662912,14.884474061156599,16.254054690410573,19.025110380737974,17.177275975662912,0.74422370305783,0.8127027345205287,0.9512555190368986,0.8588637987831456,1200.0,1200.0,1200.0,1200.0,0.0,0.0,0.0,0.0,0.0,0.0,0.0,0.0,0.0,0.0,0.0,0.0,0.0,0.0,0.0,0.0,1200.0,1200.0,1200.0,1200.0,0.0,0.0,0.0,0.0,0.0,0.0,0.0,0.0,1.0,1.0,1.0,1.0,0.0,0.0,0.0,0.0,0.0,0.0,0.0,0.0,0.0,0.0,0.0,0.0,0.0,0.0,0.0,0.0,0.0,0.0,0.0,0.0,0.0,0.0,0.0,0.0,0.0,0.0,0.0,0.0,0.0,0.0,0.0,0.0,0.0,0.0,0.0,0.0,0.0,0.0,0.0,0.0,1.0,1.0,1.0,1.0,0.0,0.0,0.0,0.0,1.0,1.0,1.0,1.0,14.884474061156602,16.254054690410573,19.02511038073797,17.177275975662912,0.0,0.0,0.0,0.0,,,,,0.0,0.0,0.0,0.0,1.0244331844320256,1.3458321601703604,1.5159336227349287,1.3426265259552532,0.0,0.0,0.0,0.0,,,,,,,,,,,,,,,,,,,,,,,,,,,,,,,,,,,,,,,,,,,,
cons__oracle,spoof,0.0,10,20.0,20.0,20.0,20.0,60.0,60.0,60.0,60.0,-6.74419351945396e-22,-5.761890650516882e-22,-5.276382996111396e-22,-6.089158492058048e-22,5.276382996111396e-22,5.761890650516882e-22,6.74419351945396e-22,6.089158492058048e-22,2.6381914982010757e-23,2.8809453251505893e-23,3.372096759762527e-23,3.0445792460827426e-23,1200.0,1200.0,1200.0,1200.0,0.0,0.0,0.0,0.0,0.0,0.0,0.0,0.0,0.0,0.0,0.0,0.0,0.0,0.0,0.0,0.0,1200.0,1200.0,1200.0,1200.0,0.0,0.0,0.0,0.0,0.0,0.0,0.0,0.0,1.0,1.0,1.0,1.0,0.0,0.0,0.0,0.0,0.0,0.0,0.0,0.0,0.0,0.0,0.0,0.0,0.0,0.0,0.0,0.0,0.0,0.0,0.0,0.0,0.0,0.0,0.0,0.0,0.0,0.0,0.0,0.0,0.0,0.0,0.0,0.0,0.0,0.0,0.0,0.0,0.0,0.0,0.0,0.0,0.42315336452280944,0.42342666557816977,0.4236855620685784,0.4233731714324159,0.9998757942643257,0.9999238455812485,0.9999619371681949,0.9999191264433452,1.0,1.0,1.0,1.0,9.94248983889374e-19,1.0857338611967882e-18,1.2708340711450433e-18,1.1474029379200518e-18,-0.31708517301229955,-0.27090091150684287,-0.24807456768594327,-0.28628793292771515,6.0,6.0,6.0,6.0,1.0,1.0,1.0,1.0,1.0244331844320256,1.3458321601703604,1.5159336227349287,1.3426265259552532,0.0,0.0,0.0,0.0,,,,,,,,,,,,,,,,,,,,,,,,,,,,,,,,,,,,,,,,,,,,
cons__oracle,spoof,0.1,10,20.0,20.0,20.0,20.0,60.0,60.0,60.0,60.0,-6.74419351945396e-22,-5.761890650516882e-22,-5.276382996111396e-22,-6.089158492058048e-22,5.276382996111396e-22,5.761890650516882e-22,6.74419351945396e-22,6.089158492058048e-22,2.6381914982010757e-23,2.8809453251505893e-23,3.372096759762527e-23,3.0445792460827426e-23,1200.0,1200.0,1200.0,1200.0,0.0,0.0,0.0,0.0,0.0,0.0,0.0,0.0,0.0,0.0,0.0,0.0,0.0,0.0,0.0,0.0,1200.0,1200.0,1200.0,1200.0,0.0,0.0,0.0,0.0,0.0,0.0,0.0,0.0,1.0,1.0,1.0,1.0,0.0,0.0,0.0,0.0,0.0,0.0,0.0,0.0,0.0,0.0,0.0,0.0,0.0,0.0,0.0,0.0,0.0,0.0,0.0,0.0,0.0,0.0,0.0,0.0,0.0,0.0,0.0,0.0,0.0,0.0,0.0,0.0,0.0,0.0,0.0,0.0,0.0,0.0,0.0,0.0,0.42315336452280944,0.42342666557816977,0.4236855620685784,0.4233731714324159,0.9998757942643257,0.9999238455812485,0.9999619371681949,0.9999191264433452,1.0,1.0,1.0,1.0,9.94248983889374e-19,1.0857338611967882e-18,1.2708340711450433e-18,1.1474029379200518e-18,-0.31708517301229955,-0.27090091150684287,-0.24807456768594327,-0.28628793292771515,6.0,6.0,6.0,6.0,1.0,1.0,1.0,1.0,1.0244331844320256,1.3458321601703604,1.5159336227349287,1.3426265259552532,0.0,0.0,0.0,0.0,,,,,,,,,,,,,,,,,,,,,,,,,,,,,,,,,,,,,,,,,,,,
cons__oracle,spoof,0.3,10,20.0,20.0,20.0,20.0,60.0,60.0,60.0,60.0,-6.74419351945396e-22,-5.761890650516882e-22,-5.276382996111396e-22,-6.089158492058048e-22,5.276382996111396e-22,5.761890650516882e-22,6.74419351945396e-22,6.089158492058048e-22,2.6381914982010757e-23,2.8809453251505893e-23,3.372096759762527e-23,3.0445792460827426e-23,1200.0,1200.0,1200.0,1200.0,0.0,0.0,0.0,0.0,0.0,0.0,0.0,0.0,0.0,0.0,0.0,0.0,0.0,0.0,0.0,0.0,1200.0,1200.0,1200.0,1200.0,0.0,0.0,0.0,0.0,0.0,0.0,0.0,0.0,1.0,1.0,1.0,1.0,0.0,0.0,0.0,0.0,0.0,0.0,0.0,0.0,0.0,0.0,0.0,0.0,0.0,0.0,0.0,0.0,0.0,0.0,0.0,0.0,0.0,0.0,0.0,0.0,0.0,0.0,0.0,0.0,0.0,0.0,0.0,0.0,0.0,0.0,0.0,0.0,0.0,0.0,0.0,0.0,0.42315336452280944,0.42342666557816977,0.4236855620685784,0.4233731714324159,0.9998757942643257,0.9999238455812485,0.9999619371681949,0.9999191264433452,1.0,1.0,1.0,1.0,9.94248983889374e-19,1.0857338611967882e-18,1.2708340711450433e-18,1.1474029379200518e-18,-0.31708517301229955,-0.27090091150684287,-0.24807456768594327,-0.28628793292771515,6.0,6.0,6.0,6.0,1.0,1.0,1.0,1.0,1.0244331844320256,1.3458321601703604,1.5159336227349287,1.3426265259552532,0.0,0.0,0.0,0.0,,,,,,,,,,,,,,,,,,,,,,,,,,,,,,,,,,,,,,,,,,,,
cons__oracle,spoof,0.5,10,20.0,20.0,20.0,20.0,60.0,60.0,60.0,60.0,-6.74419351945396e-22,-5.761890650516882e-22,-5.276382996111396e-22,-6.089158492058048e-22,5.276382996111396e-22,5.761890650516882e-22,6.74419351945396e-22,6.089158492058048e-22,2.6381914982010757e-23,2.8809453251505893e-23,3.372096759762527e-23,3.0445792460827426e-23,1200.0,1200.0,1200.0,1200.0,0.0,0.0,0.0,0.0,0.0,0.0,0.0,0.0,0.0,0.0,0.0,0.0,0.0,0.0,0.0,0.0,1200.0,1200.0,1200.0,1200.0,0.0,0.0,0.0,0.0,0.0,0.0,0.0,0.0,1.0,1.0,1.0,1.0,0.0,0.0,0.0,0.0,0.0,0.0,0.0,0.0,0.0,0.0,0.0,0.0,0.0,0.0,0.0,0.0,0.0,0.0,0.0,0.0,0.0,0.0,0.0,0.0,0.0,0.0,0.0,0.0,0.0,0.0,0.0,0.0,0.0,0.0,0.0,0.0,0.0,0.0,0.0,0.0,0.42315336452280944,0.42342666557816977,0.4236855620685784,0.4233731714324159,0.9998757942643257,0.9999238455812485,0.9999619371681949,0.9999191264433452,1.0,1.0,1.0,1.0,9.94248983889374e-19,1.0857338611967882e-18,1.2708340711450433e-18,1.1474029379200518e-18,-0.31708517301229955,-0.27090091150684287,-0.24807456768594327,-0.28628793292771515,6.0,6.0,6.0,6.0,1.0,1.0,1.0,1.0,1.0244331844320256,1.3458321601703604,1.5159336227349287,1.3426265259552532,0.0,0.0,0.0,0.0,,,,,,,,,,,,,,,,,,,,,,,,,,,,,,,,,,,,,,,,,,,,
cons__oracle,spoof,1.0,10,20.0,20.0,20.0,20.0,60.0,60.0,60.0,60.0,-6.74419351945396e-22,-5.761890650516882e-22,-5.276382996111396e-22,-6.089158492058048e-22,5.276382996111396e-22,5.761890650516882e-22,6.74419351945396e-22,6.089158492058048e-22,2.6381914982010757e-23,2.8809453251505893e-23,3.372096759762527e-23,3.0445792460827426e-23,1200.0,1200.0,1200.0,1200.0,0.0,0.0,0.0,0.0,0.0,0.0,0.0,0.0,0.0,0.0,0.0,0.0,0.0,0.0,0.0,0.0,1200.0,1200.0,1200.0,1200.0,0.0,0.0,0.0,0.0,0.0,0.0,0.0,0.0,1.0,1.0,1.0,1.0,0.0,0.0,0.0,0.0,0.0,0.0,0.0,0.0,0.0,0.0,0.0,0.0,0.0,0.0,0.0,0.0,0.0,0.0,0.0,0.0,0.0,0.0,0.0,0.0,0.0,0.0,0.0,0.0,0.0,0.0,0.0,0.0,0.0,0.0,0.0,0.0,0.0,0.0,0.0,0.0,0.42315336452280944,0.42342666557816977,0.4236855620685784,0.4233731714324159,0.9998757942643257,0.9999238455812485,0.9999619371681949,0.9999191264433452,1.0,1.0,1.0,1.0,9.94248983889374e-19,1.0857338611967882e-18,1.2708340711450433e-18,1.1474029379200518e-18,-0.31708517301229955,-0.27090091150684287,-0.24807456768594327,-0.28628793292771515,6.0,6.0,6.0,6.0,1.0,1.0,1.0,1.0,1.0244331844320256,1.3458321601703604,1.5159336227349287,1.3426265259552532,0.0,0.0,0.0,0.0,,,,,,,,,,,,,,,,,,,,,,,,,,,,,,,,,,,,,,,,,,,,
cons__reco,bandwidth,0.0,10,20.0,20.0,20.0,20.0,60.0,60.0,60.0,60.0,-0.0373466427945653,-0.02118936331091935,-0.011862155483302,-0.026309549129442167,0.011862155483302,0.02118936331091935,0.0373466427945653,0.026309549129442167,0.00143200936818465,0.00420846786055325,0.009492601251188025,0.008442397800208841,5040.0,5340.0,6000.0,5424.0,0.0,0.0,0.0,0.0,0.0,0.0,0.0,0.0,0.0,0.0,0.0,0.0,0.0,0.0,0.0,0.0,5040.0,5340.0,6000.0,5424.0,5040.0,5340.0,6000.0,5424.0,1.0,1.0,1.0,1.0,0.0,0.0,0.0,0.0,161280.0,170880.0,192000.0,173568.0,32.0,32.0,32.0,32.0,0.0,0.0,0.0,0.0,5040.0,5340.0,6000.0,5424.0,0.0,0.0,0.0,0.0,0.0,0.0,0.0,0.0,0.0,0.0,0.0,0.0,0.0,0.0,0.0,0.0,0.0,0.0,0.0,0.0,0.0,0.0,0.0,0.0,0.8912396532075794,0.8991201879413779,0.9064197726564684,0.897733993862596,0.9763691973026678,0.9877821847181496,0.9936447953266119,0.9802696909983902,1.0,1.0,1.0,1.0,0.020911883376447827,0.0349490768358271,0.06148090951311877,0.040561831084302336,-0.3170028826108272,-0.2704084617773034,-0.24755911066086844,-0.2858494404422245,33.0,34.5,40.75,36.4,1.0,1.0,1.0,1.0,1.0244331844320256,1.3458321601703604,1.5159336227349287,1.3426265259552532,1.0244331844320258,1.3458321601703604,1.5159336227349285,1.3426265259552532,,,,,,,,,,,,,,,,,,,,,,,,,,,,,,,,,,,,,,,,,,,,
cons__reco,bandwidth,1.0,10,20.0,20.0,20.0,20.0,60.0,60.0,60.0,60.0,-37.39391748364302,-15.971913243807798,-0.07926338105692288,-23.298294376823822,0.07926338105692288,15.9719132438078,37.39391748364302,23.298294376823822,4.332081590625976,5.7013038898910136,7.757162749658402,5.834972771138708,5040.0,5340.0,6000.0,5424.0,2.276184423810422,2.9986645211160425,3.472794858916098,2.7933310236792797,0.0,0.0,0.0,0.0,0.0,0.0,0.0,0.0,0.0,0.0,0.0,0.0,5040.0,5340.0,6000.0,5424.0,5040.0,5340.0,6000.0,5424.0,1.0,1.0,1.0,1.0,0.0,0.0,0.0,0.0,5040.0,5340.0,6000.0,5424.0,1.0,1.0,1.0,1.0,0.0,0.0,0.0,0.0,5040.0,5340.0,6000.0,5424.0,0.0,0.0,0.0,0.0,0.0,0.0,0.0,0.0,0.0,0.0,0.0,0.0,0.0,0.0,0.0,0.0,0.0,0.0,0.0,0.0,0.0,0.0,0.0,0.0,0.831065057813426,0.9069064058643919,0.9246885205005478,0.8824440086372369,0.74539413343779,0.8953022014573027,0.9740493964533901,0.8598942005380488,0.054166666666666655,0.33333333333333326,0.7291666666666666,0.4183333333333333,0.28885742822843075,16.083215262749093,37.23647902544418,23.239003605864486,-0.2987611916297681,-0.08081716168502374,0.38496132228739155,0.10201697335268185,33.0,56.0,57.0,47.0,0.0,0.5,1.0,0.5,1.0244331844320256,1.3458321601703604,1.5159336227349287,1.3426265259552532,1.0244331844320258,1.3458321601703604,1.5159336227349285,1.3426265259552532,,,,,,,,,,,,,,,,,,,,,,,,,,,,,,,,,,,,,,,,,,,,
cons__reco,bandwidth,2.0,10,20.0,20.0,20.0,20.0,60.0,60.0,60.0,60.0,-4.402282788051134,-2.050192330717518,-0.20294998102274586,-2.7916026304996864,0.20294998102274586,2.0501923307175174,4.402282788051134,2.7916026304996864,0.37214916122676267,0.48411734006242957,0.5817351141116609,0.5310179285556471,5040.0,5340.0,6000.0,5424.0,0.26310600203059575,0.29941983681001,0.36246215276020355,0.2855853042645781,0.0,0.0,0.0,0.0,0.0,0.0,0.0,0.0,0.0,0.0,0.0,0.0,5040.0,5340.0,6000.0,5424.0,5040.0,5340.0,6000.0,5424.0,1.0,1.0,1.0,1.0,0.0,0.0,0.0,0.0,10080.0,10680.0,12000.0,10848.0,2.0,2.0,2.0,2.0,0.0,0.0,0.0,0.0,5040.0,5340.0,6000.0,5424.0,0.0,0.0,0.0,0.0,0.0,0.0,0.0,0.0,0.0,0.0,0.0,0.0,0.0,0.0,0.0,0.0,0.0,0.0,0.0,0.0,0.0,0.0,0.0,0.0,0.882089251153244,0.9223205276472556,0.9551757762547116,0.9146940344196388,0.746763956880144,0.8277545101055208,0.9536769122910111,0.8378191543192282,0.3833333333333333,0.7833333333333333,0.9583333333333334,0.6816666666666668,0.7396051376779282,2.4145101497014414,4.401645048380596,2.9625181285997497,-0.31280427722243687,-0.2696370933331128,-0.15352479267944252,-0.2397612224193871,32.5,33.0,33.5,33.0,0.0,0.0,0.0,0.2,1.0244331844320256,1.3458321601703604,1.5159336227349287,1.3426265259552532,1.0244331844320258,1.3458321601703604,1.5159336227349285,1.3426265259552532,,,,,,,,,,,,,,,,,,,,,,,,,,,,,,,,,,,,,,,,,,,,
cons__reco,bandwidth,3.0,10,20.0,20.0,20.0,20.0,60.0,60.0,60.0,60.0,-0.7260077941614066,-0.21738868048524496,-0.025458299612970747,-0.4882906294150611,0.025458299612970747,0.21738868048524496,0.7260077941614066,0.4882906294150611,0.041937267620681756,0.0654886761505249,0.07632858577172624,0.08013167855727461,5040.0,5340.0,6000.0,5424.0,0.039922707643259225,0.0527683609793138,0.0632675744706914,0.051400587267126596,0.0,0.0,0.0,0.0,0.0,0.0,0.0,0.0,0.0,0.0,0.0,0.0,5040.0,5340.0,6000.0,5424.0,5040.0,5340.0,6000.0,5424.0,1.0,1.0,1.0,1.0,0.0,0.0,0.0,0.0,15120.0,16020.0,18000.0,16272.0,3.0,3.0,3.0,3.0,0.0,0.0,0.0,0.0,5040.0,5340.0,6000.0,5424.0,0.0,0.0,0.0,0.0,0.0,0.0,0.0,0.0,0.0,0.0,0.0,0.0,0.0,0.0,0.0,0.0,0.0,0.0,0.0,0.0,0.0,0.0,0.0,0.0,0.8693204403625824,0.9288951876238828,0.945624831153245,0.9077352419024958,0.8097991951502566,0.8540241315866357,0.9739217969711407,0.8803030281683866,0.7791666666666667,0.9333333333333333,1.0,0.825,0.07953876610690863,0.4010285483984772,0.7290474299065319,0.5449288654069432,-0.31481345665828814,-0.2708824198732568,-0.23119463798970163,-0.2781497557707976,34.0,37.0,57.0,43.8,0.0,0.5,1.0,0.5,1.0244331844320256,1.3458321601703604,1.5159336227349287,1.3426265259552532,1.0244331844320258,1.3458321601703604,1.5159336227349285,1.3426265259552532,,,,,,,,,,,,,,,,,,,,,,,,,,,,,,,,,,,,,,,,,,,,
cons__reco,bandwidth,4.0,10,20.0,20.0,20.0,20.0,60.0,60.0,60.0,60.0,-0.21990037896727338,-0.1244159836562284,-0.016793724323733453,-0.1342265244020862,0.016793724323733453,0.1244159836562284,0.21990037896727338,0.1342265244020862,0.008109083727680875,0.013495854640781,0.03352876044650255,0.025368849562236978,5040.0,5340.0,6000.0,5424.0,0.0100896384721548,0.012373118285377651,0.013186201263165075,0.01200052106795505,0.0,0.0,0.0,0.0,0.0,0.0,0.0,0.0,0.0,0.0,0.0,0.0,5040.0,5340.0,6000.0,5424.0,5040.0,5340.0,6000.0,5424.0,1.0,1.0,1.0,1.0,0.0,0.0,0.0,0.0,20160.0,21360.0,24000.0,21696.0,4.0,4.0,4.0,4.0,0.0,0.0,0.0,0.0,5040.0,5340.0,6000.0,5424.0,0.0,0.0,0.0,0.0,0.0,0.0,0.0,0.0,0.0,0.0,0.0,0.0,0.0,0.0,0.0,0.0,0.0,0.0,0.0,0.0,0.0,0.0,0.0,0.0,0.8636170631455595,0.9179097986994852,0.9293759554659954,0.9022458100347013,0.8282122782748469,0.9277354585884184,0.983632764477206,0.9043252009204095,0.9750000000000001,1.0,1.0,0.9366666666666668,0.030689446349447775,0.13859951947581614,0.22834873589848986,0.14409101072012276,-0.31566866971017243,-0.2708829651399014,-0.24447249178805522,-0.28405082418768035,32.75,36.5,41.0,36.666666666666664,0.0,1.0,1.0,0.6,1.0244331844320256,1.3458321601703604,1.5159336227349287,1.3426265259552532,1.0244331844320258,1.3458321601703604,1.5159336227349285,1.3426265259552532,,,,,,,,,,,,,,,,,,,,,,,,,,,,,,,,,,,,,,,,,,,,
cons__reco,bandwidth,8.0,10,20.0,20.0,20.0,20.0,60.0,60.0,60.0,60.0,-0.03735102941469595,-0.0211032521670958,-0.0118131581483183,-0.026346922645542493,0.0118131581483183,0.0211032521670958,0.03735102941469595,0.026346922645542493,0.0014399764758326748,0.0041141983839281995,0.009656200930059101,0.008502525023685353,5040.0,5340.0,6000.0,5424.0,4.5436185791672625e-05,4.6648322452017633e-05,4.7255835551458034e-05,4.630330550491176e-05,0.0,0.0,0.0,0.0,0.0,0.0,0.0,0.0,0.0,0.0,0.0,0.0,5040.0,5340.0,6000.0,5424.0,5040.0,5340.0,6000.0,5424.0,1.0,1.0,1.0,1.0,0.0,0.0,0.0,0.0,40320.0,42720.0,48000.0,43392.0,8.0,8.0,8.0,8.0,0.0,0.0,0.0,0.0,5040.0,5340.0,6000.0,5424.0,0.0,0.0,0.0,0.0,0.0,0.0,0.0,0.0,0.0,0.0,0.0,0.0,0.0,0.0,0.0,0.0,0.0,0.0,0.0,0.0,0.0,0.0,0.0,0.0,0.8912612749546368,0.8989997404503605,0.9063379736665771,0.8977708203897423,0.9771036046015408,0.987117123971412,0.9935756602822605,0.9801594889378542,1.0,1.0,1.0,1.0,0.020746112493882325,0.03458945434415525,0.06147000764369665,0.040445651886632954,-0.3170004807832302,-0.27041110424859255,-0.24755898503537388,-0.28584881755028946,33.0,35.0,40.75,36.5,1.0,1.0,1.0,1.0,1.0244331844320256,1.3458321601703604,1.5159336227349287,1.3426265259552532,1.0244331844320258,1.3458321601703604,1.5159336227349285,1.3426265259552532,,,,,,,,,,,,,,,,,,,,,,,,,,,,,,,,,,,,,,,,,,,,
cons__reco,byzantine,0.0,10,20.0,20.0,20.0,20.0,60.0,60.0,60.0,60.0,-0.0373466427945653,-0.02118936331091935,-0.011862155483302,-0.026309549129442167,0.011862155483302,0.02118936331091935,0.0373466427945653,0.026309549129442167,0.00143200936818465,0.00420846786055325,0.009492601251188025,0.008442397800208841,5040.0,5340.0,6000.0,5424.0,0.0,0.0,0.0,0.0,0.0,0.0,0.0,0.0,0.0,0.0,0.0,0.0,0.0,0.0,0.0,0.0,5040.0,5340.0,6000.0,5424.0,5040.0,5340.0,6000.0,5424.0,1.0,1.0,1.0,1.0,0.0,0.0,0.0,0.0,161280.0,170880.0,192000.0,173568.0,32.0,32.0,32.0,32.0,0.0,0.0,0.0,0.0,5040.0,5340.0,6000.0,5424.0,0.0,0.0,0.0,0.0,0.0,0.0,0.0,0.0,0.0,0.0,0.0,0.0,0.0,0.0,0.0,0.0,0.0,0.0,0.0,0.0,0.0,0.0,0.0,0.0,0.8912396532075794,0.8991201879413779,0.9064197726564684,0.897733993862596,0.9763691973026678,0.9877821847181496,0.9936447953266119,0.9802696909983902,1.0,1.0,1.0,1.0,0.020911883376447827,0.0349490768358271,0.06148090951311877,0.040561831084302336,-0.3170028826108272,-0.2704084617773034,-0.24755911066086844,-0.2858494404422245,33.0,34.5,40.75,36.4,1.0,1.0,1.0,1.0,1.0244331844320256,1.3458321601703604,1.5159336227349287,1.3426265259552532,1.0244331844320258,1.3458321601703604,1.5159336227349285,1.3426265259552532,,,,,,,,,,,,,,,,,,,,,,,,,,,,,,,,,,,,,,,,,,,,
cons__reco,byzantine,0.1,10,20.0,20.0,20.0,20.0,60.0,60.0,60.0,60.0,-0.06586075027092837,-0.046449667356611254,-0.02805843767923015,-0.05314928887007299,0.02805843767923015,0.046449667356611254,0.06586075027092837,0.05314928887007299,0.003922873925826625,0.012037740233037351,0.02020416063577135,0.01586315625422194,5040.0,5340.0,6000.0,5424.0,0.0,0.0,0.0,0.0,0.0,0.0,0.0,0.0,0.0,0.0,0.0,0.0,0.0,0.0,0.0,0.0,5040.0,5340.0,6000.0,5424.0,5040.0,5340.0,6000.0,5424.0,1.0,1.0,1.0,1.0,0.0,0.0,0.0,0.0,161280.0,170880.0,192000.0,173568.0,32.0,32.0,32.0,32.0,0.0,0.0,0.0,0.0,5040.0,5340.0,6000.0,5424.0,0.0,0.0,0.0,0.0,0.0,0.0,0.0,0.0,0.0,0.0,0.0,0.0,0.0,0.0,0.0,0.0,0.0,0.0,0.0,0.0,0.0,0.0,0.0,0.0,0.8959032867194594,0.904796108224845,0.9167701355230332,0.9039119311458752,0.9221759394122032,0.9591564768846312,0.9658675866819686,0.9444330017306675,0.8166666666666667,0.8333333333333334,0.8333333333333334,0.8333333333333334,0.0361195918644167,0.0734013869258736,0.10032098576241599,0.0722156483493859,-0.31654612069188653,-0.2702486357326517,-0.24711628045396122,-0.2854021114465473,34.25,37.5,38.75,36.6,1.0,1.0,1.0,1.0,1.0244331844320256,1.3458321601703604,1.5159336227349287,1.3426265259552532,1.0244331844320258,1.3458321601703604,1.5159336227349285,1.3426265259552532,,,,,,,,,,,,,,,,,,,,,,,,,,,,,,,,,,,,,,,,,,,,
cons__reco,byzantine,0.25,10,20.0,20.0,20.0,20.0,60.0,60.0,60.0,60.0,-0.12305350364067807,-0.08116978972778005,-0.06437596920620647,-0.08802501023451641,0.06437596920620647,0.08116978972778005,0.12305350364067807,0.08802501023451641,0.00657423635972305,0.01585073519571645,0.054758542605864796,0.03397524162830158,5040.0,5340.0,6000.0,5424.0,0.0,0.0,0.0,0.0,0.0,0.0,0.0,0.0,0.0,0.0,0.0,0.0,0.0,0.0,0.0,0.0,5040.0,5340.0,6000.0,5424.0,5040.0,5340.0,6000.0,5424.0,1.0,1.0,1.0,1.0,0.0,0.0,0.0,0.0,161280.0,170880.0,192000.0,173568.0,32.0,32.0,32.0,32.0,0.0,0.0,0.0,0.0,5040.0,5340.0,6000.0,5424.0,0.0,0.0,0.0,0.0,0.0,0.0,0.0,0.0,0.0,0.0,0.0,0.0,0.0,0.0,0.0,0.0,0.0,0.0,0.0,0.0,0.0,0.0,0.0,0.0,0.9113804408834372,0.9235766450999232,0.932329671451487,0.9210373709964739,0.8807361470870376,0.9293281946498799,0.9414866835488385,0.8984249323769408,0.7374999999999999,0.7666666666666667,0.8,0.7683333333333333,0.09202730163699357,0.11433195197811474,0.22417424943308756,0.14603373886098117,-0.3164720054489969,-0.2691521515845548,-0.24617427185538798,-0.2848208494238066,37.5,44.5,51.75,44.6,1.0,1.0,1.0,1.0,1.0244331844320256,1.3458321601703604,1.5159336227349287,1.3426265259552532,1.0244331844320258,1.3458321601703604,1.5159336227349285,1.3426265259552532,,,,,,,,,,,,,,,,,,,,,,,,,,,,,,,,,,,,,,,,,,,,
cons__reco,byzantine,0.5,10,20.0,20.0,20.0,20.0,60.0,60.0,60.0,60.0,-0.32273192355351144,-0.2813433210133144,-0.24998664647834362,-0.3211703887965804,0.24998664647834362,0.2813433210133144,0.32273192355351144,0.3211703887965804,0.03209969867835617,0.048206628751460895,0.07676608124872157,0.07376523941408243,5040.0,5340.0,6000.0,5424.0,0.0,0.0,0.0,0.0,0.0,0.0,0.0,0.0,0.0,0.0,0.0,0.0,0.0,0.0,0.0,0.0,5040.0,5340.0,6000.0,5424.0,5040.0,5340.0,6000.0,5424.0,1.0,1.0,1.0,1.0,0.0,0.0,0.0,0.0,161280.0,170880.0,192000.0,173568.0,32.0,32.0,32.0,32.0,0.0,0.0,0.0,0.0,5040.0,5340.0,6000.0,5424.0,0.0,0.0,0.0,0.0,0.0,0.0,0.0,0.0,0.0,0.0,0.0,0.0,0.0,0.0,0.0,0.0,0.0,0.0,0.0,0.0,0.0,0.0,0.0,0.0,0.9071987020869685,0.9284854641372798,0.9335838399412226,0.9199591868542353,0.845237297965433,0.8883503747918664,0.9094917077866123,0.8750286713188953,0.6583333333333333,0.7,0.7125,0.6883333333333334,0.2251346490131672,0.2680279362748095,0.41465509856706095,0.3174119342276051,-0.31274914641573065,-0.2677386192301012,-0.23735723280003915,-0.28093509311443887,34.25,44.5,51.25,42.875,1.0,1.0,1.0,0.8,1.0244331844320256,1.3458321601703604,1.5159336227349287,1.3426265259552532,1.0244331844320258,1.3458321601703604,1.5159336227349285,1.3426265259552532,,,,,,,,,,,,,,,,,,,,,,,,,,,,,,,,,,,,,,,,,,,,
cons__reco,jam,0.0,10,20.0,20.0,20.0,20.0,60.0,60.0,60.0,60.0,-0.0373466427945653,-0.02118936331091935,-0.011862155483302,-0.026309549129442167,0.011862155483302,0.02118936331091935,0.0373466427945653,0.026309549129442167,0.00143200936818465,0.00420846786055325,0.009492601251188025,0.008442397800208841,5040.0,5340.0,6000.0,5424.0,0.0,0.0,0.0,0.0,0.0,0.0,0.0,0.0,0.0,0.0,0.0,0.0,0.0,0.0,0.0,0.0,5040.0,5340.0,6000.0,5424.0,5040.0,5340.0,6000.0,5424.0,1.0,1.0,1.0,1.0,0.0,0.0,0.0,0.0,161280.0,170880.0,192000.0,173568.0,32.0,32.0,32.0,32.0,0.0,0.0,0.0,0.0,5040.0,5340.0,6000.0,5424.0,0.0,0.0,0.0,0.0,0.0,0.0,0.0,0.0,0.0,0.0,0.0,0.0,0.0,0.0,0.0,0.0,0.0,0.0,0.0,0.0,0.0,0.0,0.0,0.0,0.8912396532075794,0.8991201879413779,0.9064197726564684,0.897733993862596,0.9763691973026678,0.9877821847181496,0.9936447953266119,0.9802696909983902,1.0,1.0,1.0,1.0,0.020911883376447827,0.0349490768358271,0.06148090951311877,0.040561831084302336,-0.3170028826108272,-0.2704084617773034,-0.24755911066086844,-0.2858494404422245,33.0,34.5,40.75,36.4,1.0,1.0,1.0,1.0,1.0244331844320256,1.3458321601703604,1.5159336227349287,1.3426265259552532,1.0244331844320258,1.3458321601703604,1.5159336227349285,1.3426265259552532,,,,,,,,,,,,,,,,,,,,,,,,,,,,,,,,,,,,,,,,,,,,
cons__reco,jam,0.1,10,20.0,20.0,20.0,20.0,60.0,60.0,60.0,60.0,-4.219323263388867,-1.7887649450639684,-0.591673248324865,-2.352081621577021,0.591673248324865,1.7887649450639684,4.219323263388867,2.352081621577021,0.09098064186638137,0.12495734542938315,0.2492944056382179,0.17055504088801562,5040.0,5340.0,6000.0,5424.0,0.0,0.0,0.0,0.0,0.09680851063829785,0.10241841491841486,0.12321428571428565,0.10738710361416808,0.0,0.0,0.0,0.0,0.0,0.0,0.0,0.0,5040.0,5340.0,6000.0,5424.0,4320.0,4800.0,5415.0,4848.0,0.8767857142857143,0.8975815850815851,0.9031914893617021,0.892612896385832,0.09680851063829782,0.10241841491841486,0.12321428571428565,0.10738710361416806,138240.0,153600.0,173280.0,155136.0,32.0,32.0,32.0,32.0,0.0,0.0,0.0,0.0,4320.0,4800.0,5415.0,4848.0,0.0,0.0,0.0,0.0,0.0,0.0,0.0,0.0,0.0,0.0,0.0,0.0,495.0,540.0,540.0,576.0,0.0,0.0,0.0,0.0,0.0,0.0,0.0,0.0,0.9503619860476831,0.9747790286410958,0.9831048762038838,0.9658331475637034,0.6755366896705199,0.7714750638497367,0.8609651523521131,0.7652361579817253,1.0,1.0,1.0,0.9949999999999999,0.6340517190798567,1.8142842002706288,4.312686559072656,2.4154142208561686,-0.2951824009772087,-0.2475329710028661,-0.18911515882729674,-0.24708657256809818,,,,,0.0,0.0,0.0,0.0,1.0244331844320256,1.3458321601703604,1.5159336227349287,1.3426265259552532,0.8842162870286435,1.2130110633697608,1.3433138973250773,1.2033878608038124,,,,,,,,,,,,,,,,,,,,,,,,,,,,,,,,,,,,,,,,,,,,
cons__reco,jam,0.25,10,20.0,20.0,20.0,20.0,60.0,60.0,60.0,60.0,-6.036047515957842,-4.600680096553572,-2.5109772136770103,-4.94641214366305,2.5109772136770103,4.600680096553572,6.036047515957842,4.94641214366305,0.15593481557343133,0.25451787929106845,0.3385729242757938,0.2802020555223266,5040.0,5340.0,6000.0,5424.0,0.0,0.0,0.0,0.0,0.2194570135746606,0.24734042553191485,0.29166666666666663,0.2551112578583238,0.0,0.0,0.0,0.0,0.0,0.0,0.0,0.0,5040.0,5340.0,6000.0,5424.0,3645.0,4050.0,4485.0,4050.0,0.7083333333333334,0.7526595744680851,0.7805429864253394,0.7448887421416763,0.2194570135746606,0.24734042553191485,0.29166666666666663,0.2551112578583238,116640.0,129600.0,143520.0,129600.0,32.0,32.0,32.0,32.0,0.0,0.0,0.0,0.0,3645.0,4050.0,4485.0,4050.0,0.0,0.0,0.0,0.0,0.0,0.0,0.0,0.0,0.0,0.0,0.0,0.0,1275.0,1320.0,1470.0,1374.0,0.0,0.0,0.0,0.0,0.0,0.0,0.0,0.0,0.9794255307235635,0.9841340314708648,0.9889666471332474,0.9833631430326635,0.5953835808686356,0.6623249160631018,0.7143362156390244,0.6565297561245583,1.0,1.0,1.0,0.96,2.5265708304111922,4.631615190267466,6.031223082237819,4.976565820599172,-0.23197362316393588,-0.21189157062894895,-0.1655970005100746,-0.203847730533331,,,,,0.0,0.0,0.0,0.0,1.0244331844320256,1.3458321601703604,1.5159336227349287,1.3426265259552532,0.5686907553582905,0.6983085111830164,0.7270296305536392,0.6997044264029464,,,,,,,,,,,,,,,,,,,,,,,,,,,,,,,,,,,,,,,,,,,,
cons__reco,jam,0.5,10,20.0,20.0,20.0,20.0,60.0,60.0,60.0,60.0,-9.533511626645714,-8.800297556659764,-7.109036354495274,-8.496999625572784,7.109036354495274,8.800297556659764,9.533511626645714,8.496999625572784,0.3581433235941049,0.4462631031555942,0.5364610389508986,0.450529348998786,5040.0,5340.0,6000.0,5424.0,0.0,0.0,0.0,0.0,0.48029497098646035,0.5064814814814815,0.5251831501831502,0.5026265319330944,0.0,0.0,0.0,0.0,0.0,0.0,0.0,0.0,5040.0,5340.0,6000.0,5424.0,2265.0,2670.0,3195.0,2718.0,0.47481684981684974,0.4935185185185186,0.5197050290135397,0.4973734680669056,0.48029497098646035,0.5064814814814814,0.5251831501831502,0.5026265319330944,72480.0,85440.0,102240.0,86976.0,32.0,32.0,32.0,32.0,0.0,0.0,0.0,0.0,2265.0,2670.0,3195.0,2718.0,0.0,0.0,0.0,0.0,0.0,0.0,0.0,0.0,0.0,0.0,0.0,0.0,2550.0,2730.0,2820.0,2706.0,0.0,0.0,0.0,0.0,0.0,0.0,0.0,0.0,0.9865155493119656,0.991005099063508,0.9948182701523403,0.990640162396667,0.5981451806759682,0.6341543485823969,0.6536637780015792,0.6155824721522868,0.8250000000000001,1.0,1.0,0.8949999999999999,7.113916516968459,8.81284525115664,9.554082944901005,8.5160085128323,-0.1901335837711465,-0.16282267411622653,-0.098003847262147,-0.1446712725015021,,,,,0.0,0.0,0.0,0.0,1.0244331844320256,1.3458321601703604,1.5159336227349287,1.3426265259552532,4.7512287924996306e-17,1.466400018336613e-16,4.3884122419875164e-16,2.1024380820900604e-16,,,,,,,,,,,,,,,,,,,,,,,,,,,,,,,,,,,,,,,,,,,,
cons__reco,jam,0.75,10,20.0,20.0,20.0,20.0,60.0,60.0,60.0,60.0,-14.714400206079166,-13.55177726704207,-10.766053749063325,-13.422768361212386,10.766053749063325,13.55177726704207,14.714400206079166,13.422768361212386,0.5527362774744563,0.6833291509713826,0.7414705544638014,0.6780069916887701,5040.0,5340.0,6000.0,5424.0,0.0,0.0,0.0,0.0,0.7263767209011265,0.7527777777777778,0.7607142857142857,0.7504006733368908,0.0,0.0,0.0,0.0,0.0,0.0,0.0,0.0,5040.0,5340.0,6000.0,5424.0,1155.0,1320.0,1605.0,1368.0,0.2392857142857142,0.2472222222222222,0.27362327909887363,0.2495993266631092,0.7263767209011264,0.7527777777777778,0.7607142857142857,0.7504006733368908,36960.0,42240.0,51360.0,43776.0,32.0,32.0,32.0,32.0,0.0,0.0,0.0,0.0,1155.0,1320.0,1605.0,1368.0,0.0,0.0,0.0,0.0,0.0,0.0,0.0,0.0,0.0,0.0,0.0,0.0,3855.0,4020.0,4395.0,4056.0,0.0,0.0,0.0,0.0,0.0,0.0,0.0,0.0,0.9956721891888379,0.9974126893636236,0.99811247744559,0.9967871442098163,0.49643229885758433,0.5901806837374104,0.6116782914350904,0.5626719616591243,0.5625,1.0,1.0,0.8166666666666668,10.774720007099894,13.55243274294871,14.710670591779454,13.424872368345103,-0.08810838956380693,-0.059065735227806046,-0.039066002468167375,-0.06257512690750877,,,,,0.0,0.0,0.0,0.0,1.0244331844320256,1.3458321601703604,1.5159336227349287,1.3426265259552532,-4.1446390374350124e-16,-2.603002461577006e-16,-5.172342020501885e-17,-2.3908465288374433e-16,,,,,,,,,,,,,,,,,,,,,,,,,,,,,,,,,,,,,,,,,,,,
cons__reco,latency,0.0,10,20.0,20.0,20.0,20.0,60.0,60.0,60.0,60.0,-0.0373466427945653,-0.02118936331091935,-0.011862155483302,-0.026309549129442167,0.011862155483302,0.02118936331091935,0.0373466427945653,0.026309549129442167,0.00143200936818465,0.00420846786055325,0.009492601251188025,0.008442397800208841,5040.0,5340.0,6000.0,5424.0,0.0,0.0,0.0,0.0,0.0,0.0,0.0,0.0,0.0,0.0,0.0,0.0,0.0,0.0,0.0,0.0,5040.0,5340.0,6000.0,5424.0,5040.0,5340.0,6000.0,5424.0,1.0,1.0,1.0,1.0,0.0,0.0,0.0,0.0,161280.0,170880.0,192000.0,173568.0,32.0,32.0,32.0,32.0,0.0,0.0,0.0,0.0,5040.0,5340.0,6000.0,5424.0,0.0,0.0,0.0,0.0,0.0,0.0,0.0,0.0,0.0,0.0,0.0,0.0,0.0,0.0,0.0,0.0,0.0,0.0,0.0,0.0,0.0,0.0,0.0,0.0,0.8912396532075794,0.8991201879413779,0.9064197726564684,0.897733993862596,0.9763691973026678,0.9877821847181496,0.9936447953266119,0.9802696909983902,1.0,1.0,1.0,1.0,0.020911883376447827,0.0349490768358271,0.06148090951311877,0.040561831084302336,-0.3170028826108272,-0.2704084617773034,-0.24755911066086844,-0.2858494404422245,33.0,34.5,40.75,36.4,1.0,1.0,1.0,1.0,1.0244331844320256,1.3458321601703604,1.5159336227349287,1.3426265259552532,1.0244331844320258,1.3458321601703604,1.5159336227349285,1.3426265259552532,,,,,,,,,,,,,,,,,,,,,,,,,,,,,,,,,,,,,,,,,,,,
cons__reco,latency,1.0,10,20.0,20.0,20.0,20.0,60.0,60.0,60.0,60.0,-0.050340014307232124,-0.02839544862238315,-0.0163909428522606,-0.034537627152025054,0.0163909428522606,0.02839544862238315,0.050340014307232124,0.034537627152025054,0.001711757040861875,0.00463890003151905,0.01020836620233125,0.00894786992345916,5040.0,5340.0,6000.0,5424.0,0.0,0.0,0.0,0.0,0.0,0.0,0.0,0.0,1.0,1.0,1.0,1.0,1.0,1.0,1.0,1.0,5040.0,5340.0,6000.0,5424.0,4956.0,5251.0,5900.0,5333.6,0.9833333333333332,0.9833333333333332,0.9833333333333332,0.9833333333333331,0.0166666666666667,0.0166666666666667,0.0166666666666667,0.016666666666666698,158592.0,168032.0,188800.0,170675.2,32.0,32.0,32.0,32.0,0.0,0.0,0.0,0.0,4956.0,5251.0,5900.0,5333.6,0.0,0.0,0.0,0.0,0.0,0.0,0.0,0.0,0.0,0.0,0.0,0.0,0.0,0.0,0.0,0.0,0.0,0.0,0.0,0.0,0.0,0.0,0.0,0.0,0.8933165970890817,0.9017055254468277,0.9081772737881698,0.8999358973676482,0.9735659100177145,0.986079981180902,0.9924759121097396,0.9778523182295329,1.0,1.0,1.0,1.0,0.027913132827534572,0.04502038390088495,0.07948005752504644,0.05228586328063249,-0.3169692265379819,-0.27024509748411685,-0.2474178771913771,-0.28571230580851475,35.0,37.0,42.75,38.7,1.0,1.0,1.0,1.0,1.0244331844320256,1.3458321601703604,1.5159336227349287,1.3426265259552532,1.0073592980248252,1.3234016241675213,1.4906680623560127,1.3202494171893324,,,,,,,,,,,,,,,,,,,,,,,,,,,,,,,,,,,,,,,,,,,,
cons__reco,latency,2.0,10,20.0,20.0,20.0,20.0,60.0,60.0,60.0,60.0,-0.06627514932180335,-0.0374841407333239,-0.021914361773908698,-0.044317356784327154,0.021914361773908698,0.0374841407333239,0.06627514932180335,0.044317356784327154,0.00204582859330175,0.0051377164848059,0.011051068516854425,0.009503438093344191,5040.0,5340.0,6000.0,5424.0,0.0,0.0,0.0,0.0,0.0,0.0,0.0,0.0,2.0,2.0,2.0,2.0,2.0,2.0,2.0,2.0,5040.0,5340.0,6000.0,5424.0,4872.0,5162.0,5800.0,5243.2,0.9666666666666668,0.9666666666666668,0.9666666666666668,0.9666666666666668,0.0333333333333333,0.0333333333333333,0.0333333333333333,0.033333333333333305,155904.0,165184.0,185600.0,167782.4,32.0,32.0,32.0,32.0,0.0,0.0,0.0,0.0,4872.0,5162.0,5800.0,5243.2,0.0,0.0,0.0,0.0,0.0,0.0,0.0,0.0,0.0,0.0,0.0,0.0,0.0,0.0,0.0,0.0,0.0,0.0,0.0,0.0,0.0,0.0,0.0,0.0,0.8949456283042507,0.9040988878252183,0.9093853469005347,0.9019841992147875,0.9713817290962282,0.9847729613182334,0.9915035658085962,0.9760089884205818,1.0,1.0,1.0,1.0,0.0365042640429665,0.05575341988336265,0.10076459719756242,0.06601059294196039,-0.31692527815341587,-0.27005001754880287,-0.24725579420336938,-0.2855493103146431,37.0,39.5,45.75,41.2,1.0,1.0,1.0,1.0,1.0244331844320256,1.3458321601703604,1.5159336227349287,1.3426265259552532,0.990285411617625,1.3009710881646819,1.4654025019770973,1.2978723084234116,,,,,,,,,,,,,,,,,,,,,,,,,,,,,,,,,,,,,,,,,,,,
cons__reco,latency,4.0,10,20.0,20.0,20.0,20.0,60.0,60.0,60.0,60.0,-0.10454597757254734,-0.0588247189028748,-0.0368106188574902,-0.06882488237075271,0.0368106188574902,0.0588247189028748,0.10454597757254734,0.06882488237075271,0.002898826735801175,0.00637903932554075,0.013182256440745074,0.010796653283932301,5040.0,5340.0,6000.0,5424.0,0.0,0.0,0.0,0.0,0.0,0.0,0.0,0.0,4.0,4.0,4.0,4.0,4.0,4.0,4.0,4.0,5040.0,5340.0,6000.0,5424.0,4704.0,4984.0,5600.0,5062.4,0.9333333333333332,0.9333333333333332,0.9333333333333332,0.9333333333333332,0.0666666666666666,0.0666666666666666,0.0666666666666666,0.06666666666666661,150528.0,159488.0,179200.0,161996.8,32.0,32.0,32.0,32.0,0.0,0.0,0.0,0.0,4704.0,4984.0,5600.0,5062.4,0.0,0.0,0.0,0.0,0.0,0.0,0.0,0.0,0.0,0.0,0.0,0.0,0.0,0.0,0.0,0.0,0.0,0.0,0.0,0.0,0.0,0.0,0.0,0.0,0.898129750935313,0.9082534267439206,0.9115379707221262,0.9056741314681325,0.9685225265611321,0.9829933502367332,0.9898829957688552,0.9736715578860113,1.0,1.0,1.0,1.0,0.059044697118407846,0.0811784167172303,0.1525015222954679,0.0997212437992395,-0.31679915729861907,-0.2695621053876855,-0.24686972593256498,-0.2851408515548693,42.0,43.0,50.0,44.55555555555556,1.0,1.0,1.0,0.9,1.0244331844320256,1.3458321601703604,1.5159336227349287,1.3426265259552532,0.9561376388032239,1.256110016159003,1.4148713812192664,1.25311809089157,,,,,,,,,,,,,,,,,,,,,,,,,,,,,,,,,,,,,,,,,,,,
cons__reco,latency,8.0,10,20.0,20.0,20.0,20.0,60.0,60.0,60.0,60.0,-0.2103992735354764,-0.11029717101303704,-0.0830755536564503,-0.1385126724887354,0.0830755536564503,0.11029717101303704,0.2103992735354764,0.1385126724887354,0.005468100457399675,0.0099082814866888,0.019414084685073375,0.014232463150036859,5040.0,5340.0,6000.0,5424.0,0.0,0.0,0.0,0.0,0.0,0.0,0.0,0.0,8.0,8.0,8.0,8.0,8.0,8.0,8.0,8.0,5040.0,5340.0,6000.0,5424.0,4368.0,4628.0,5200.0,4700.8,0.8666666666666667,0.8666666666666667,0.8666666666666667,0.8666666666666668,0.1333333333333333,0.1333333333333333,0.1333333333333333,0.1333333333333333,139776.0,148096.0,166400.0,150425.6,32.0,32.0,32.0,32.0,0.0,0.0,0.0,0.0,4368.0,4628.0,5200.0,4700.8,0.0,0.0,0.0,0.0,0.0,0.0,0.0,0.0,0.0,0.0,0.0,0.0,0.0,0.0,0.0,0.0,0.0,0.0,0.0,0.0,0.0,0.0,0.0,0.0,0.9064549777448948,0.9121485894157297,0.9198645132171828,0.9119155208921643,0.9676667434847592,0.9808403883631244,0.9864622041528532,0.9726780080776776,1.0,1.0,1.0,1.0,0.11864240180819077,0.14712401854249696,0.28799092730536596,0.19326480358945758,-0.3163413473119747,-0.2681974312945272,-0.24586570417016623,-0.28397938838623626,46.25,50.5,52.5,49.5,0.0,1.0,1.0,0.6,1.0244331844320256,1.3458321601703604,1.5159336227349287,1.3426265259552532,0.8878420931744222,1.166387872147646,1.3138091397036042,1.1636096558278861,,,,,,,,,,,,,,,,,,,,,,,,,,,,,,,,,,,,,,,,,,,,
cons__reco,msg_drop,0.0,10,20.0,20.0,20.0,20.0,60.0,60.0,60.0,60.0,-0.0373466427945653,-0.02118936331091935,-0.011862155483302,-0.026309549129442167,0.011862155483302,0.02118936331091935,0.0373466427945653,0.026309549129442167,0.00143200936818465,0.00420846786055325,0.009492601251188025,0.008442397800208841,5040.0,5340.0,6000.0,5424.0,0.0,0.0,0.0,0.0,0.0,0.0,0.0,0.0,0.0,0.0,0.0,0.0,0.0,0.0,0.0,0.0,5040.0,5340.0,6000.0,5424.0,5040.0,5340.0,6000.0,5424.0,1.0,1.0,1.0,1.0,0.0,0.0,0.0,0.0,161280.0,170880.0,192000.0,173568.0,32.0,32.0,32.0,32.0,0.0,0.0,0.0,0.0,5040.0,5340.0,6000.0,5424.0,0.0,0.0,0.0,0.0,0.0,0.0,0.0,0.0,0.0,0.0,0.0,0.0,0.0,0.0,0.0,0.0,0.0,0.0,0.0,0.0,0.0,0.0,0.0,0.0,0.8912396532075794,0.8991201879413779,0.9064197726564684,0.897733993862596,0.9763691973026678,0.9877821847181496,0.9936447953266119,0.9802696909983902,1.0,1.0,1.0,1.0,0.020911883376447827,0.0349490768358271,0.06148090951311877,0.040561831084302336,-0.3170028826108272,-0.2704084617773034,-0.24755911066086844,-0.2858494404422245,33.0,34.5,40.75,36.4,1.0,1.0,1.0,1.0,1.0244331844320256,1.3458321601703604,1.5159336227349287,1.3426265259552532,1.0244331844320258,1.3458321601703604,1.5159336227349285,1.3426265259552532,,,,,,,,,,,,,,,,,,,,,,,,,,,,,,,,,,,,,,,,,,,,
cons__reco,msg_drop,0.1,10,20.0,20.0,20.0,20.0,60.0,60.0,60.0,60.0,-0.03726323960565485,-0.0215448964604373,-0.012035885647608876,-0.026824564327775642,0.012035885647608876,0.0215448964604373,0.03726323960565485,0.026824564327775642,0.0012555268671836,0.0041371073173748,0.010817647682345926,0.00850426532695981,5040.0,5340.0,6000.0,5424.0,0.0,0.0,0.0,0.0,0.09877999068250638,0.1027186761229314,0.10337381164587045,0.10125260185705628,0.0,0.0,0.0,0.0,0.0,0.0,0.0,0.0,5040.0,5340.0,6000.0,5424.0,4533.75,4787.0,5381.25,4875.3,0.8966261883541295,0.8972813238770685,0.9012200093174936,0.8987473981429437,0.0987799906825063,0.1027186761229314,0.10337381164587045,0.10125260185705628,145080.0,153184.0,172200.0,156009.6,32.0,32.0,32.0,32.0,0.0,0.0,0.0,0.0,4533.75,4787.0,5381.25,4875.3,0.0,0.0,0.0,0.0,0.0,0.0,0.0,0.0,482.75,553.0,613.5,548.7,0.0,0.0,0.0,0.0,0.0,0.0,0.0,0.0,0.0,0.0,0.0,0.0,0.8909020673051317,0.898939217666872,0.9064146954374359,0.8979377711504186,0.976521836509141,0.987011952604368,0.9924097122407018,0.9802502775389076,1.0,1.0,1.0,1.0,0.021129160543304475,0.0341855138214049,0.06228846878633957,0.041408445020102436,-0.3170013362621269,-0.2703816447125585,-0.24756918324644642,-0.2858408568555856,33.0,34.0,41.5,36.4,1.0,1.0,1.0,1.0,1.0244331844320256,1.3458321601703604,1.5159336227349287,1.3426265259552532,1.002316302524644,1.289004468589311,1.483943162620112,1.2966025515428263,,,,,,,,,,,,,,,,,,,,,,,,,,,,,,,,,,,,,,,,,,,,
cons__reco,msg_drop,0.3,10,20.0,20.0,20.0,20.0,60.0,60.0,60.0,60.0,-0.04101049561626852,-0.0223011484441408,-0.010987365274308325,-0.02770052012095033,0.010987365274308325,0.0223011484441408,0.04101049561626852,0.02770052012095033,0.00139574408432165,0.0025218678083202,0.00563982912684905,0.006379020622090339,5040.0,5340.0,6000.0,5424.0,0.0,0.0,0.0,0.0,0.29615299823633157,0.2991537717601547,0.3033909853249476,0.30012270076560144,0.0,0.0,0.0,0.0,0.0,0.0,0.0,0.0,5040.0,5340.0,6000.0,5424.0,3561.5,3730.5,4171.0,3796.7,0.6966090146750524,0.7008462282398453,0.7038470017636684,0.6998772992343985,0.29615299823633157,0.2991537717601547,0.3033909853249475,0.30012270076560144,113968.0,119376.0,133472.0,121494.4,32.0,32.0,32.0,32.0,0.0,0.0,0.0,0.0,3561.5,3730.5,4171.0,3796.7,0.0,0.0,0.0,0.0,0.0,0.0,0.0,0.0,1457.5,1609.5,1829.0,1627.3,0.0,0.0,0.0,0.0,0.0,0.0,0.0,0.0,0.0,0.0,0.0,0.0,0.8949648008050114,0.8975185913120833,0.9073079677274829,0.8988168856192807,0.9752170220926478,0.9840826795468195,0.9940235027225108,0.9817312445841937,1.0,1.0,1.0,1.0,0.02000328433477985,0.0361683287289566,0.06882617054806554,0.04288677531486526,-0.3169893904104133,-0.2703686979894093,-0.24753723048776602,-0.285826257592366,33.25,35.5,41.0,37.1,1.0,1.0,1.0,1.0,1.0244331844320256,1.3458321601703604,1.5159336227349287,1.3426265259552532,0.7523290846794906,0.9585068278325497,1.1559670439757588,0.978214917434881,,,,,,,,,,,,,,,,,,,,,,,,,,,,,,,,,,,,,,,,,,,,
cons__reco,msg_drop,0.5,10,20.0,20.0,20.0,20.0,60.0,60.0,60.0,60.0,-0.0615594426558323,-0.046607387762319,-0.01693836756297875,-0.043042408800478826,0.01693836756297875,0.046607387762319,0.0615594426558323,0.043042408800478826,0.0013131416683608,0.00358733673257205,0.00726869850239625,0.00669101843102642,5040.0,5340.0,6000.0,5424.0,0.0,0.0,0.0,0.0,0.49408068783068776,0.49688285570638513,0.5059596555174386,0.4996235639791135,0.0,0.0,0.0,0.0,0.0,0.0,0.0,0.0,5040.0,5340.0,6000.0,5424.0,2550.5,2613.5,3019.0,2715.7,0.49404034448256146,0.5031171442936149,0.5059193121693122,0.5003764360208864,0.49408068783068776,0.49688285570638513,0.5059596555174386,0.4996235639791135,81616.0,83632.0,96608.0,86902.4,32.0,32.0,32.0,32.0,0.0,0.0,0.0,0.0,2550.5,2613.5,3019.0,2715.7,0.0,0.0,0.0,0.0,0.0,0.0,0.0,0.0,2480.5,2726.5,2981.0,2708.3,0.0,0.0,0.0,0.0,0.0,0.0,0.0,0.0,0.0,0.0,0.0,0.0,0.9000412939873405,0.905525893433256,0.9133734492834998,0.9052319444374668,0.9720975983613269,0.9839392314377906,0.9934688434895852,0.9799400723731473,1.0,1.0,1.0,1.0,0.027554122468443076,0.0727774342377378,0.09239852458454448,0.06364184296515824,-0.31695070395402947,-0.2702541686989617,-0.24702074587139775,-0.28557055944770726,36.25,41.5,44.75,40.6,1.0,1.0,1.0,1.0,1.0244331844320256,1.3458321601703604,1.5159336227349287,1.3426265259552532,0.3557292448486561,0.45435695571874035,0.6217194377620987,0.4903705255914555,,,,,,,,,,,,,,,,,,,,,,,,,,,,,,,,,,,,,,,,,,,,
cons__reco,msg_drop,0.7,10,20.0,20.0,20.0,20.0,60.0,60.0,60.0,60.0,-0.21331127350689874,-0.14641792492795896,-0.06848836171957237,-0.13727891036674497,0.06848836171957237,0.14641792492795896,0.21331127350689874,0.13727891036674497,0.003462098448826775,0.0102341954144602,0.01368045912181195,0.008961106232103548,5040.0,5340.0,6000.0,5424.0,0.0,0.0,0.0,0.0,0.6952040745376165,0.7012484737484737,0.70645964360587,0.7010229071834448,0.0,0.0,0.0,0.0,0.0,0.0,0.0,0.0,5040.0,5340.0,6000.0,5424.0,1496.75,1555.0,1824.5,1622.7,0.29354035639412995,0.29875152625152623,0.30479592546238354,0.29897709281655505,0.6952040745376165,0.7012484737484737,0.70645964360587,0.7010229071834448,47896.0,49760.0,58384.0,51926.4,32.0,32.0,32.0,32.0,0.0,0.0,0.0,0.0,1496.75,1555.0,1824.5,1622.7,0.0,0.0,0.0,0.0,0.0,0.0,0.0,0.0,3512.5,3788.5,4175.5,3801.3,0.0,0.0,0.0,0.0,0.0,0.0,0.0,0.0,0.0,0.0,0.0,0.0,0.9207554788433179,0.92532763014744,0.9301477454926907,0.9226742109019448,0.9700824190687185,0.9800473389239004,0.9887201926430345,0.9775803266456021,1.0,1.0,1.0,0.9966666666666667,0.09984217395647407,0.2078303949909879,0.2715515567652037,0.18780430399604472,-0.31672013557373213,-0.26883330725566446,-0.24482229310365938,-0.2839999510882694,47.75,55.0,59.0,51.625,1.0,1.0,1.0,0.8,1.0244331844320256,1.3458321601703604,1.5159336227349287,1.3426265259552532,0.027585435928264925,0.0555434265707872,0.09714241227975975,0.07433397059509782,,,,,,,,,,,,,,,,,,,,,,,,,,,,,,,,,,,,,,,,,,,,
cons__reco,msg_drop,1.0,10,20.0,20.0,20.0,20.0,60.0,60.0,60.0,60.0,-19.025110380737974,-16.254054690410573,-14.884474061156599,-17.177275975662912,14.884474061156599,16.254054690410573,19.025110380737974,17.177275975662912,0.74422370305783,0.8127027345205287,0.9512555190368986,0.8588637987831456,5040.0,5340.0,6000.0,5424.0,0.0,0.0,0.0,0.0,1.0,1.0,1.0,1.0,0.0,0.0,0.0,0.0,0.0,0.0,0.0,0.0,5040.0,5340.0,6000.0,5424.0,0.0,0.0,0.0,0.0,0.0,0.0,0.0,0.0,1.0,1.0,1.0,1.0,0.0,0.0,0.0,0.0,0.0,0.0,0.0,0.0,0.0,0.0,0.0,0.0,0.0,0.0,0.0,0.0,0.0,0.0,0.0,0.0,0.0,0.0,0.0,0.0,5040.0,5340.0,6000.0,5424.0,0.0,0.0,0.0,0.0,0.0,0.0,0.0,0.0,0.0,0.0,0.0,0.0,1.0,1.0,1.0,1.0,0.0,0.0,0.0,0.0,1.0,1.0,1.0,1.0,14.884474061156602,16.254054690410573,19.02511038073797,17.177275975662912,0.0,0.0,0.0,0.0,,,,,0.0,0.0,0.0,0.0,1.0244331844320256,1.3458321601703604,1.5159336227349287,1.3426265259552532,0.0,0.0,0.0,0.0,,,,,,,,,,,,,,,,,,,,,,,,,,,,,,,,,,,,,,,,,,,,
cons__reco,spoof,0.0,10,20.0,20.0,20.0,20.0,60.0,60.0,60.0,60.0,-0.0373466427945653,-0.02118936331091935,-0.011862155483302,-0.026309549129442167,0.011862155483302,0.02118936331091935,0.0373466427945653,0.026309549129442167,0.00143200936818465,0.00420846786055325,0.009492601251188025,0.008442397800208841,5040.0,5340.0,6000.0,5424.0,0.0,0.0,0.0,0.0,0.0,0.0,0.0,0.0,0.0,0.0,0.0,0.0,0.0,0.0,0.0,0.0,5040.0,5340.0,6000.0,5424.0,5040.0,5340.0,6000.0,5424.0,1.0,1.0,1.0,1.0,0.0,0.0,0.0,0.0,161280.0,170880.0,192000.0,173568.0,32.0,32.0,32.0,32.0,0.0,0.0,0.0,0.0,5040.0,5340.0,6000.0,5424.0,0.0,0.0,0.0,0.0,0.0,0.0,0.0,0.0,0.0,0.0,0.0,0.0,0.0,0.0,0.0,0.0,0.0,0.0,0.0,0.0,0.0,0.0,0.0,0.0,0.8912396532075794,0.8991201879413779,0.9064197726564684,0.897733993862596,0.9763691973026678,0.9877821847181496,0.9936447953266119,0.9802696909983902,1.0,1.0,1.0,1.0,0.020911883376447827,0.0349490768358271,0.06148090951311877,0.040561831084302336,-0.3170028826108272,-0.2704084617773034,-0.24755911066086844,-0.2858494404422245,33.0,34.5,40.75,36.4,1.0,1.0,1.0,1.0,1.0244331844320256,1.3458321601703604,1.5159336227349287,1.3426265259552532,1.0244331844320258,1.3458321601703604,1.5159336227349285,1.3426265259552532,,,,,,,,,,,,,,,,,,,,,,,,,,,,,,,,,,,,,,,,,,,,
cons__reco,spoof,0.1,10,20.0,20.0,20.0,20.0,60.0,60.0,60.0,60.0,-0.033575907892201856,-0.01890158725546135,-0.013898757484273576,-0.02500136289061502,0.013898757484273576,0.01890158725546135,0.033575907892201856,0.02500136289061502,0.00250169522298475,0.009840653297552501,0.020034590966089623,0.014477340072267461,5040.0,5340.0,6000.0,5424.0,0.10726761903806922,0.11239202161061634,0.11682776977605902,0.11169413219338967,0.0,0.0,0.0,0.0,0.0,0.0,0.0,0.0,0.0,0.0,0.0,0.0,5040.0,5340.0,6000.0,5424.0,5040.0,5340.0,6000.0,5424.0,1.0,1.0,1.0,1.0,0.0,0.0,0.0,0.0,161280.0,170880.0,192000.0,173568.0,32.0,32.0,32.0,32.0,0.0,0.0,0.0,0.0,4535.25,4790.5,5382.0,4879.4,0.0,0.0,0.0,0.0,488.25,549.5,603.0,544.6,0.0,0.0,0.0,0.0,0.0,0.0,0.0,0.0,0.0,0.0,0.0,0.0,0.0,0.0,0.0,0.0,0.8878097590181078,0.8917346518581597,0.8995132288515957,0.8942833650731503,0.9673299861766665,0.9756314111959471,0.9876314483874113,0.9727696346942087,0.9333333333333332,0.9333333333333332,0.9791666666666665,0.9483333333333333,0.022881205057425823,0.02711471161861425,0.0418922147918015,0.032476539543861004,-0.3169141454709488,-0.27032324424043896,-0.2475731423833386,-0.28587124354620497,32.25,33.5,35.5,33.7,1.0,1.0,1.0,1.0,1.0244331844320256,1.3458321601703604,1.5159336227349287,1.3426265259552532,1.0244331844320258,1.3458321601703604,1.5159336227349285,1.3426265259552532,,,,,,,,,,,,,,,,,,,,,,,,,,,,,,,,,,,,,,,,,,,,
cons__reco,spoof,0.3,10,20.0,20.0,20.0,20.0,60.0,60.0,60.0,60.0,-0.03198624600856137,-0.022344825828114548,-0.01412868329576325,-0.02325235019344043,0.01412868329576325,0.022344825828114548,0.03198624600856137,0.02325235019344043,0.0040293062090951005,0.01491200753428885,0.04638248115468993,0.029434538909023884,5040.0,5340.0,6000.0,5424.0,0.31446564118473735,0.3230143445592214,0.3317029938441193,0.325266361069996,0.0,0.0,0.0,0.0,0.0,0.0,0.0,0.0,0.0,0.0,0.0,0.0,5040.0,5340.0,6000.0,5424.0,5040.0,5340.0,6000.0,5424.0,1.0,1.0,1.0,1.0,0.0,0.0,0.0,0.0,161280.0,170880.0,192000.0,173568.0,32.0,32.0,32.0,32.0,0.0,0.0,0.0,0.0,3534.0,3754.5,4193.75,3808.6,0.0,0.0,0.0,0.0,1492.0,1585.5,1806.25,1615.4,0.0,0.0,0.0,0.0,0.0,0.0,0.0,0.0,0.0,0.0,0.0,0.0,0.0,0.0,0.0,0.0,0.8825256196419321,0.8894463079178381,0.8962101218396519,0.8880713311574133,0.9530238837565672,0.9686462914018588,0.9754777190657263,0.9650104078120764,0.85,0.875,0.9,0.8683333333333334,0.016051717751183376,0.0312446468845959,0.032539944612796724,0.027898353247517032,-0.31690161675035505,-0.27063834664049496,-0.24749486993531714,-0.2859003937578245,29.0,31.0,32.75,30.9,1.0,1.0,1.0,1.0,1.0244331844320256,1.3458321601703604,1.5159336227349287,1.3426265259552532,1.0244331844320258,1.3458321601703604,1.5159336227349285,1.3426265259552532,,,,,,,,,,,,,,,,,,,,,,,,,,,,,,,,,,,,,,,,,,,,
cons__reco,spoof,0.5,10,20.0,20.0,20.0,20.0,60.0,60.0,60.0,60.0,-0.055040731841542526,-0.0382801896958513,-0.03399295796793433,-0.04274079897457203,0.03399295796793433,0.0382801896958513,0.055040731841542526,0.04274079897457203,0.0053479280378753,0.021074436192195,0.06398524098466853,0.039012208929995705,5040.0,5340.0,6000.0,5424.0,0.5364400468647704,0.5461830888921511,0.5639737490081584,0.5492795183250394,0.0,0.0,0.0,0.0,0.0,0.0,0.0,0.0,0.0,0.0,0.0,0.0,5040.0,5340.0,6000.0,5424.0,5040.0,5340.0,6000.0,5424.0,1.0,1.0,1.0,1.0,0.0,0.0,0.0,0.0,161280.0,170880.0,192000.0,173568.0,32.0,32.0,32.0,32.0,0.0,0.0,0.0,0.0,2479.5,2610.5,2967.0,2694.7,0.0,0.0,0.0,0.0,2537.5,2729.5,3033.0,2729.3,0.0,0.0,0.0,0.0,0.0,0.0,0.0,0.0,0.0,0.0,0.0,0.0,0.0,0.0,0.0,0.0,0.8843913512363375,0.8892341954900778,0.8964529199710156,0.8903007746677687,0.9287234308313204,0.950973032099057,0.96436718260251,0.9465536084605576,0.7708333333333334,0.8,0.8291666666666667,0.7983333333333333,0.03750830571029792,0.04580421446047315,0.053143738254123524,0.04437056670331659,-0.31651722115505665,-0.27023122218238416,-0.247248626864148,-0.28557558627813895,28.5,31.0,32.5,30.6,1.0,1.0,1.0,1.0,1.0244331844320256,1.3458321601703604,1.5159336227349287,1.3426265259552532,1.0244331844320258,1.3458321601703604,1.5159336227349285,1.3426265259552532,,,,,,,,,,,,,,,,,,,,,,,,,,,,,,,,,,,,,,,,,,,,
cons__reco,spoof,1.0,10,20.0,20.0,20.0,20.0,60.0,60.0,60.0,60.0,-0.14705381314316823,-0.1152548891472822,-0.10149854401615963,-0.12248822746291084,0.10149854401615963,0.1152548891472822,0.14705381314316823,0.12248822746291084,0.010015296504945651,0.02347029160044555,0.07590800311194025,0.04908625411497994,5040.0,5340.0,6000.0,5424.0,1.0673787352212147,1.0865647291278997,1.111952441662402,1.0894540003559765,0.0,0.0,0.0,0.0,0.0,0.0,0.0,0.0,0.0,0.0,0.0,0.0,5040.0,5340.0,6000.0,5424.0,5040.0,5340.0,6000.0,5424.0,1.0,1.0,1.0,1.0,0.0,0.0,0.0,0.0,161280.0,170880.0,192000.0,173568.0,32.0,32.0,32.0,32.0,0.0,0.0,0.0,0.0,0.0,0.0,0.0,0.0,0.0,0.0,0.0,0.0,5040.0,5340.0,6000.0,5424.0,0.0,0.0,0.0,0.0,0.0,0.0,0.0,0.0,0.0,0.0,0.0,0.0,0.0,0.0,0.0,0.0,0.8653439829862695,0.890142372550002,0.8992865858451934,0.8848227704078875,0.8661646537670641,0.9090561307294621,0.9652983864894369,0.9159454931990856,0.7041666666666666,0.7333333333333334,0.75,0.73,0.11247075219182533,0.12730533282402923,0.14026213881835065,0.12770575153812624,-0.3146621801639071,-0.26911360053159306,-0.24565856326086336,-0.28424646246999996,27.0,28.5,32.25,29.9,1.0,1.0,1.0,1.0,1.0244331844320256,1.3458321601703604,1.5159336227349287,1.3426265259552532,1.0244331844320258,1.3458321601703604,1.5159336227349285,1.3426265259552532,,,,,,,,,,,,,,,,,,,,,,,,,,,,,,,,,,,,,,,,,,,,
cons__trimmed,bandwidth,0.0,10,20.0,20.0,20.0,20.0,60.0,60.0,60.0,60.0,-1.5780574396223966e-05,-1.692238516552684e-06,-3.721970873338862e-07,-0.0001454760468229661,3.721970873338862e-07,1.692238516552684e-06,1.5780574396223966e-05,0.0001454760468229661,0.00044317637799475,0.0020875441849239,0.010027421545126125,0.00902788045851039,5040.0,5340.0,6000.0,5424.0,0.0,0.0,0.0,0.0,0.0,0.0,0.0,0.0,0.0,0.0,0.0,0.0,0.0,0.0,0.0,0.0,5040.0,5340.0,6000.0,5424.0,5040.0,5340.0,6000.0,5424.0,1.0,1.0,1.0,1.0,0.0,0.0,0.0,0.0,161280.0,170880.0,192000.0,173568.0,32.0,32.0,32.0,32.0,0.0,0.0,0.0,0.0,5040.0,5340.0,6000.0,5424.0,0.0,0.0,0.0,0.0,0.0,0.0,0.0,0.0,0.0,0.0,0.0,0.0,0.0,0.0,0.0,0.0,0.0,0.0,0.0,0.0,0.0,0.0,0.0,0.0,0.7634644933715233,0.7730476808604079,0.8068028883272419,0.7890688686432037,0.9786085149156196,0.9888952492176701,0.9951932410286083,0.9856946066701651,1.0,1.0,1.0,1.0,1.6501630824034033e-06,9.585989367965389e-06,5.193399744699431e-05,0.0002936193304758361,-0.3170851721640698,-0.2709007508837853,-0.24805956409227672,-0.28628550832693483,11.0,12.0,15.0,12.5,1.0,1.0,1.0,1.0,1.0244331844320256,1.3458321601703604,1.5159336227349287,1.3426265259552532,1.0244331844320258,1.3458321601703604,1.5159336227349285,1.3426265259552532,,,,,,,,,,,,,,,,,,,,,,,,,,,,,,,,,,,,,,,,,,,,
cons__trimmed,bandwidth,1.0,10,20.0,20.0,20.0,20.0,60.0,60.0,60.0,60.0,-80.13749999879884,-54.57500000005497,-1.5095640863875252e-18,-48.16094999922798,1.5095640863875252e-18,54.57500000005497,80.13749999879884,48.16094999922798,5.773203281860113,5.9664973151981044,7.176493790349442,6.466938683059482,5040.0,5340.0,6000.0,5424.0,0.6137884654667416,1.7546100248265915,2.509605016550341,1.6571285322039735,0.0,0.0,0.0,0.0,0.0,0.0,0.0,0.0,0.0,0.0,0.0,0.0,5040.0,5340.0,6000.0,5424.0,5040.0,5340.0,6000.0,5424.0,1.0,1.0,1.0,1.0,0.0,0.0,0.0,0.0,5040.0,5340.0,6000.0,5424.0,1.0,1.0,1.0,1.0,0.0,0.0,0.0,0.0,5040.0,5340.0,6000.0,5424.0,0.0,0.0,0.0,0.0,0.0,0.0,0.0,0.0,0.0,0.0,0.0,0.0,0.0,0.0,0.0,0.0,0.0,0.0,0.0,0.0,0.0,0.0,0.0,0.0,0.4594198085427854,1.0,1.0,0.7777764060982313,0.0,0.0,0.9799724954023427,0.3955332544180412,0.04166666666666662,0.8833333333333333,0.9291666666666666,0.5716666666666665,2.8445294137516203e-15,54.57500000148695,80.13749996750457,48.160949979114136,-0.27717664033927325,0.5623123723390531,1.0115857150826293,0.5163945670594178,7.75,11.0,14.5,11.25,0.0,0.0,1.0,0.4,1.0244331844320256,1.3458321601703604,1.5159336227349287,1.3426265259552532,1.0244331844320258,1.3458321601703604,1.5159336227349285,1.3426265259552532,,,,,,,,,,,,,,,,,,,,,,,,,,,,,,,,,,,,,,,,,,,,
cons__trimmed,bandwidth,2.0,10,20.0,20.0,20.0,20.0,60.0,60.0,60.0,60.0,-7.898763888790223,-7.063888888962849,-1.3041666667028775,-5.473011111075835,1.3041666667028775,7.063888888962849,7.898763888790223,5.473011111075835,0.4441560206938664,0.5269195681227857,0.5999241110428781,0.6064121544645238,5040.0,5340.0,6000.0,5424.0,0.08147768495787165,0.2307659404473133,0.28351405738251817,0.19228989414615585,0.0,0.0,0.0,0.0,0.0,0.0,0.0,0.0,0.0,0.0,0.0,0.0,5040.0,5340.0,6000.0,5424.0,5040.0,5340.0,6000.0,5424.0,1.0,1.0,1.0,1.0,0.0,0.0,0.0,0.0,10080.0,10680.0,12000.0,10848.0,2.0,2.0,2.0,2.0,0.0,0.0,0.0,0.0,5040.0,5340.0,6000.0,5424.0,0.0,0.0,0.0,0.0,0.0,0.0,0.0,0.0,0.0,0.0,0.0,0.0,0.0,0.0,0.0,0.0,0.0,0.0,0.0,0.0,0.0,0.0,0.0,0.0,0.48273536424252694,0.61997241037843,0.7325985530300937,0.6515705849373505,0.8572222635642995,0.9081975839667131,0.9723910043742818,0.7671059786492703,0.17499999999999996,0.8999999999999999,0.9833333333333333,0.6366666666666665,1.3041666676463035,7.063888890889799,7.898763886219628,5.473011110156777,-0.2771766403392732,-0.182677497230945,-0.13562817547599662,-0.19507108107645127,7.0,7.0,10.5,9.333333333333334,0.0,0.0,0.75,0.3,1.0244331844320256,1.3458321601703604,1.5159336227349287,1.3426265259552532,1.0244331844320258,1.3458321601703604,1.5159336227349285,1.3426265259552532,,,,,,,,,,,,,,,,,,,,,,,,,,,,,,,,,,,,,,,,,,,,
cons__trimmed,bandwidth,3.0,10,20.0,20.0,20.0,20.0,60.0,60.0,60.0,60.0,-1.4729693877475347,-0.6346938776406524,-1.223596213712353e-19,-0.8561010204117953,1.223596213712353e-19,0.6346938776406524,1.4729693877475347,0.8561010204117953,0.06737185473736572,0.0960344963396415,0.11773157704195647,0.10572949608405806,5040.0,5340.0,6000.0,5424.0,0.0091194982112031,0.022728857672868048,0.04656018037861037,0.026692926407542318,0.0,0.0,0.0,0.0,0.0,0.0,0.0,0.0,0.0,0.0,0.0,0.0,5040.0,5340.0,6000.0,5424.0,5040.0,5340.0,6000.0,5424.0,1.0,1.0,1.0,1.0,0.0,0.0,0.0,0.0,15120.0,16020.0,18000.0,16272.0,3.0,3.0,3.0,3.0,0.0,0.0,0.0,0.0,5040.0,5340.0,6000.0,5424.0,0.0,0.0,0.0,0.0,0.0,0.0,0.0,0.0,0.0,0.0,0.0,0.0,0.0,0.0,0.0,0.0,0.0,0.0,0.0,0.0,0.0,0.0,0.0,0.0,0.4591416656452531,0.537391955752661,0.7716525275690916,0.6280884716696484,0.7681030612763284,0.9469607097254096,0.9874138835334776,0.8092586439683831,0.5291666666666667,1.0,1.0,0.7766666666666666,2.305669173758093e-16,0.6346938799759148,1.4729693875504144,0.8561010205064423,-0.3170851730122995,-0.2709009115068429,-0.2200771187075277,-0.27201958258751857,8.0,10.0,13.0,10.8,0.0,0.5,1.0,0.5,1.0244331844320256,1.3458321601703604,1.5159336227349287,1.3426265259552532,1.0244331844320258,1.3458321601703604,1.5159336227349285,1.3426265259552532,,,,,,,,,,,,,,,,,,,,,,,,,,,,,,,,,,,,,,,,,,,,
cons__trimmed,bandwidth,4.0,10,20.0,20.0,20.0,20.0,60.0,60.0,60.0,60.0,-0.46392444446628567,-0.32067111112757846,-0.3062199999911648,-0.31885355557757955,0.3062199999911648,0.32067111112757846,0.46392444446628567,0.31885355557757955,0.016447138373396425,0.02209254016492325,0.036975223037304876,0.033197193610326456,5040.0,5340.0,6000.0,5424.0,0.00721993321213485,0.00880942579977495,0.01128413357530505,0.008674459989873578,0.0,0.0,0.0,0.0,0.0,0.0,0.0,0.0,0.0,0.0,0.0,0.0,5040.0,5340.0,6000.0,5424.0,5040.0,5340.0,6000.0,5424.0,1.0,1.0,1.0,1.0,0.0,0.0,0.0,0.0,20160.0,21360.0,24000.0,21696.0,4.0,4.0,4.0,4.0,0.0,0.0,0.0,0.0,5040.0,5340.0,6000.0,5424.0,0.0,0.0,0.0,0.0,0.0,0.0,0.0,0.0,0.0,0.0,0.0,0.0,0.0,0.0,0.0,0.0,0.0,0.0,0.0,0.0,0.0,0.0,0.0,0.0,0.7917613504570028,0.9694260801242478,0.9736959719241456,0.8371460499592782,0.3351624344201226,0.41019974436651363,0.7922296059213287,0.5550504293232279,1.0,1.0,1.0,0.8883333333333333,0.3062199997609664,0.3206711115566,0.4639244450353146,0.3188535561513798,-0.3133046452347852,-0.2671312078024374,-0.2409042065747028,-0.28097370700142216,9.25,10.5,11.75,10.5,0.0,0.0,0.0,0.2,1.0244331844320256,1.3458321601703604,1.5159336227349287,1.3426265259552532,1.0244331844320258,1.3458321601703604,1.5159336227349285,1.3426265259552532,,,,,,,,,,,,,,,,,,,,,,,,,,,,,,,,,,,,,,,,,,,,
cons__trimmed,bandwidth,8.0,10,20.0,20.0,20.0,20.0,60.0,60.0,60.0,60.0,-0.0039697631916327,-0.00163723379401525,-0.0009643578790669,-0.0038465089466420605,0.0009643578790669,0.00163723379401525,0.0039697631916327,0.0038465089466420605,0.0006139361512745251,0.0021340091822469,0.0099448395095971,0.008898376155053855,5040.0,5340.0,6000.0,5424.0,3.372369821240479e-05,4.22145273567838e-05,4.916309342172407e-05,4.041183515877014e-05,0.0,0.0,0.0,0.0,0.0,0.0,0.0,0.0,0.0,0.0,0.0,0.0,5040.0,5340.0,6000.0,5424.0,5040.0,5340.0,6000.0,5424.0,1.0,1.0,1.0,1.0,0.0,0.0,0.0,0.0,40320.0,42720.0,48000.0,43392.0,8.0,8.0,8.0,8.0,0.0,0.0,0.0,0.0,5040.0,5340.0,6000.0,5424.0,0.0,0.0,0.0,0.0,0.0,0.0,0.0,0.0,0.0,0.0,0.0,0.0,0.0,0.0,0.0,0.0,0.0,0.0,0.0,0.0,0.0,0.0,0.0,0.0,0.8662356605921019,0.8786197262595197,0.8856201076745666,0.8446343449820329,0.7734682681900192,0.7894019606497944,0.8367793601707059,0.8041303070815011,1.0,1.0,1.0,1.0,0.00096445655861715,0.0016372848652338,0.0039699040539986005,0.0038468272475815843,-0.3170814430674146,-0.27085555512805837,-0.24786586297239066,-0.2862238244452711,11.0,11.5,15.0,12.6,1.0,1.0,1.0,1.0,1.0244331844320256,1.3458321601703604,1.5159336227349287,1.3426265259552532,1.0244331844320258,1.3458321601703604,1.5159336227349285,1.3426265259552532,,,,,,,,,,,,,,,,,,,,,,,,,,,,,,,,,,,,,,,,,,,,
cons__trimmed,byzantine,0.0,10,20.0,20.0,20.0,20.0,60.0,60.0,60.0,60.0,-1.5780574396223966e-05,-1.692238516552684e-06,-3.721970873338862e-07,-0.0001454760468229661,3.721970873338862e-07,1.692238516552684e-06,1.5780574396223966e-05,0.0001454760468229661,0.00044317637799475,0.0020875441849239,0.010027421545126125,0.00902788045851039,5040.0,5340.0,6000.0,5424.0,0.0,0.0,0.0,0.0,0.0,0.0,0.0,0.0,0.0,0.0,0.0,0.0,0.0,0.0,0.0,0.0,5040.0,5340.0,6000.0,5424.0,5040.0,5340.0,6000.0,5424.0,1.0,1.0,1.0,1.0,0.0,0.0,0.0,0.0,161280.0,170880.0,192000.0,173568.0,32.0,32.0,32.0,32.0,0.0,0.0,0.0,0.0,5040.0,5340.0,6000.0,5424.0,0.0,0.0,0.0,0.0,0.0,0.0,0.0,0.0,0.0,0.0,0.0,0.0,0.0,0.0,0.0,0.0,0.0,0.0,0.0,0.0,0.0,0.0,0.0,0.0,0.7634644933715233,0.7730476808604079,0.8068028883272419,0.7890688686432037,0.9786085149156196,0.9888952492176701,0.9951932410286083,0.9856946066701651,1.0,1.0,1.0,1.0,1.6501630824034033e-06,9.585989367965389e-06,5.193399744699431e-05,0.0002936193304758361,-0.3170851721640698,-0.2709007508837853,-0.24805956409227672,-0.28628550832693483,11.0,12.0,15.0,12.5,1.0,1.0,1.0,1.0,1.0244331844320256,1.3458321601703604,1.5159336227349287,1.3426265259552532,1.0244331844320258,1.3458321601703604,1.5159336227349285,1.3426265259552532,,,,,,,,,,,,,,,,,,,,,,,,,,,,,,,,,,,,,,,,,,,,
cons__trimmed,byzantine,0.1,10,20.0,20.0,20.0,20.0,60.0,60.0,60.0,60.0,-0.14048763602376496,-0.0418861964854666,-0.01102304619806855,-0.0760909825173594,0.01102304619806855,0.0418861964854666,0.14048763602376496,0.0760909825173594,0.00912048783251615,0.0142006497996466,0.02315710841299745,0.01811150190314032,5040.0,5340.0,6000.0,5424.0,0.0,0.0,0.0,0.0,0.0,0.0,0.0,0.0,0.0,0.0,0.0,0.0,0.0,0.0,0.0,0.0,5040.0,5340.0,6000.0,5424.0,5040.0,5340.0,6000.0,5424.0,1.0,1.0,1.0,1.0,0.0,0.0,0.0,0.0,161280.0,170880.0,192000.0,173568.0,32.0,32.0,32.0,32.0,0.0,0.0,0.0,0.0,5040.0,5340.0,6000.0,5424.0,0.0,0.0,0.0,0.0,0.0,0.0,0.0,0.0,0.0,0.0,0.0,0.0,0.0,0.0,0.0,0.0,0.0,0.0,0.0,0.0,0.0,0.0,0.0,0.0,0.8383785656978516,0.8529660441080971,0.8843997249018677,0.8542471099432948,0.5066115600294708,0.6258645032997145,0.7751604120988655,0.6577334866687338,0.5833333333333334,0.6166666666666667,0.75,0.6983333333333334,0.07324087362125845,0.19981232395452336,0.3351583420541565,0.20304619415809624,-0.31571892523607886,-0.26991125663082816,-0.2480543749634773,-0.28501974988575923,10.5,12.0,13.75,12.2,1.0,1.0,1.0,1.0,1.0244331844320256,1.3458321601703604,1.5159336227349287,1.3426265259552532,1.0244331844320258,1.3458321601703604,1.5159336227349285,1.3426265259552532,,,,,,,,,,,,,,,,,,,,,,,,,,,,,,,,,,,,,,,,,,,,
cons__trimmed,byzantine,0.25,10,20.0,20.0,20.0,20.0,60.0,60.0,60.0,60.0,-0.752971958630267,-0.5790133807512465,-0.4192561235911926,-0.6457899659361159,0.4192561235911926,0.5790133807512465,0.752971958630267,0.6457899659361159,0.04109599419311032,0.045488051986238245,0.0884191723801558,0.07465029798569972,5040.0,5340.0,6000.0,5424.0,0.0,0.0,0.0,0.0,0.0,0.0,0.0,0.0,0.0,0.0,0.0,0.0,0.0,0.0,0.0,0.0,5040.0,5340.0,6000.0,5424.0,5040.0,5340.0,6000.0,5424.0,1.0,1.0,1.0,1.0,0.0,0.0,0.0,0.0,161280.0,170880.0,192000.0,173568.0,32.0,32.0,32.0,32.0,0.0,0.0,0.0,0.0,5040.0,5340.0,6000.0,5424.0,0.0,0.0,0.0,0.0,0.0,0.0,0.0,0.0,0.0,0.0,0.0,0.0,0.0,0.0,0.0,0.0,0.0,0.0,0.0,0.0,0.0,0.0,0.0,0.0,0.9357914792615254,0.9482253745251019,0.9575179536015896,0.944982555003774,0.2776576519436828,0.3272959934854691,0.39787628452911716,0.3411428063052814,0.5666666666666667,0.6,0.6,0.5833333333333333,0.758673985069535,0.9732058416216576,1.1043955537717594,0.9759100952164534,-0.309470600824509,-0.26584815276152635,-0.23791420676462588,-0.27552476682877997,23.5,28.0,37.0,30.25,1.0,1.0,1.0,0.8,1.0244331844320256,1.3458321601703604,1.5159336227349287,1.3426265259552532,1.0244331844320258,1.3458321601703604,1.5159336227349285,1.3426265259552532,,,,,,,,,,,,,,,,,,,,,,,,,,,,,,,,,,,,,,,,,,,,
cons__trimmed,byzantine,0.5,10,20.0,20.0,20.0,20.0,60.0,60.0,60.0,60.0,-3.8010584150551283,-2.6754380903729547,-1.4015726999496323,-2.795134308623763,1.4015726999496323,2.6754380903729547,3.8010584150551283,2.795134308623763,0.19374473584195648,0.22160433085843034,0.3078097316868896,0.2509569017031434,5040.0,5340.0,6000.0,5424.0,0.0,0.0,0.0,0.0,0.0,0.0,0.0,0.0,0.0,0.0,0.0,0.0,0.0,0.0,0.0,0.0,5040.0,5340.0,6000.0,5424.0,5040.0,5340.0,6000.0,5424.0,1.0,1.0,1.0,1.0,0.0,0.0,0.0,0.0,161280.0,170880.0,192000.0,173568.0,32.0,32.0,32.0,32.0,0.0,0.0,0.0,0.0,5040.0,5340.0,6000.0,5424.0,0.0,0.0,0.0,0.0,0.0,0.0,0.0,0.0,0.0,0.0,0.0,0.0,0.0,0.0,0.0,0.0,0.0,0.0,0.0,0.0,0.0,0.0,0.0,0.0,0.9454997368900125,0.9682884620786707,0.9867863982566768,0.9464171809719616,0.1203091507432866,0.2659727650236271,0.3665923113552599,0.31022417381764794,0.4791666666666667,0.5416666666666667,0.5833333333333334,0.5316666666666666,2.2289173489932788,2.461729748539412,3.2067386244732563,2.808707783507437,-0.29191946276246594,-0.21536019105349735,-0.1978228543174903,-0.23970236111731916,,,,,0.0,0.0,0.0,0.0,1.0244331844320256,1.3458321601703604,1.5159336227349287,1.3426265259552532,1.0244331844320258,1.3458321601703604,1.5159336227349285,1.3426265259552532,,,,,,,,,,,,,,,,,,,,,,,,,,,,,,,,,,,,,,,,,,,,
cons__trimmed,jam,0.0,10,20.0,20.0,20.0,20.0,60.0,60.0,60.0,60.0,-1.5780574396223966e-05,-1.692238516552684e-06,-3.721970873338862e-07,-0.0001454760468229661,3.721970873338862e-07,1.692238516552684e-06,1.5780574396223966e-05,0.0001454760468229661,0.00044317637799475,0.0020875441849239,0.010027421545126125,0.00902788045851039,5040.0,5340.0,6000.0,5424.0,0.0,0.0,0.0,0.0,0.0,0.0,0.0,0.0,0.0,0.0,0.0,0.0,0.0,0.0,0.0,0.0,5040.0,5340.0,6000.0,5424.0,5040.0,5340.0,6000.0,5424.0,1.0,1.0,1.0,1.0,0.0,0.0,0.0,0.0,161280.0,170880.0,192000.0,173568.0,32.0,32.0,32.0,32.0,0.0,0.0,0.0,0.0,5040.0,5340.0,6000.0,5424.0,0.0,0.0,0.0,0.0,0.0,0.0,0.0,0.0,0.0,0.0,0.0,0.0,0.0,0.0,0.0,0.0,0.0,0.0,0.0,0.0,0.0,0.0,0.0,0.0,0.7634644933715233,0.7730476808604079,0.8068028883272419,0.7890688686432037,0.9786085149156196,0.9888952492176701,0.9951932410286083,0.9856946066701651,1.0,1.0,1.0,1.0,1.6501630824034033e-06,9.585989367965389e-06,5.193399744699431e-05,0.0002936193304758361,-0.3170851721640698,-0.2709007508837853,-0.24805956409227672,-0.28628550832693483,11.0,12.0,15.0,12.5,1.0,1.0,1.0,1.0,1.0244331844320256,1.3458321601703604,1.5159336227349287,1.3426265259552532,1.0244331844320258,1.3458321601703604,1.5159336227349285,1.3426265259552532,,,,,,,,,,,,,,,,,,,,,,,,,,,,,,,,,,,,,,,,,,,,
cons__trimmed,jam,0.1,10,20.0,20.0,20.0,20.0,60.0,60.0,60.0,60.0,-2.5063771328965156,-1.7834884061218725,-0.8133780129002801,-2.1149970878633697,0.8133780129002801,1.7834884061218725,2.5063771328965156,2.1149970878633697,0.05464203752369205,0.1223005990359721,0.2965727237734832,0.2855825389038765,5040.0,5340.0,6000.0,5424.0,0.0,0.0,0.0,0.0,0.09680851063829785,0.10241841491841486,0.12321428571428565,0.10738710361416808,0.0,0.0,0.0,0.0,0.0,0.0,0.0,0.0,5040.0,5340.0,6000.0,5424.0,4320.0,4800.0,5415.0,4848.0,0.8767857142857143,0.8975815850815851,0.9031914893617021,0.892612896385832,0.09680851063829782,0.10241841491841486,0.12321428571428565,0.10738710361416806,138240.0,153600.0,173280.0,155136.0,32.0,32.0,32.0,32.0,0.0,0.0,0.0,0.0,4320.0,4800.0,5415.0,4848.0,0.0,0.0,0.0,0.0,0.0,0.0,0.0,0.0,0.0,0.0,0.0,0.0,495.0,540.0,540.0,576.0,0.0,0.0,0.0,0.0,0.0,0.0,0.0,0.0,0.9741361045991646,0.9804341018585112,0.9845979658396903,0.9788080390766986,0.3565624871379999,0.4286245852634316,0.5477448908002109,0.48743140897173853,1.0,1.0,1.0,0.9083333333333334,0.8178257208796647,1.7839945237593136,2.6810875750452414,2.1472745773665554,-0.2928973534137196,-0.2488947157703384,-0.19859839370127588,-0.2510379814633257,60.0,60.0,60.0,60.0,0.0,0.0,0.0,0.1,1.0244331844320256,1.3458321601703604,1.5159336227349287,1.3426265259552532,0.8842162870286435,1.2130110633697608,1.3433138973250773,1.2033878608038124,,,,,,,,,,,,,,,,,,,,,,,,,,,,,,,,,,,,,,,,,,,,
cons__trimmed,jam,0.25,10,20.0,20.0,20.0,20.0,60.0,60.0,60.0,60.0,-6.485851617347905,-4.499630230289643,-2.476052619085488,-5.1489960386093365,2.476052619085488,4.499630230289643,6.485851617347905,5.1489960386093365,0.15090752092425574,0.27257907072706833,0.4289048114552909,0.3921234569370148,5040.0,5340.0,6000.0,5424.0,0.0,0.0,0.0,0.0,0.2194570135746606,0.24734042553191485,0.29166666666666663,0.2551112578583238,0.0,0.0,0.0,0.0,0.0,0.0,0.0,0.0,5040.0,5340.0,6000.0,5424.0,3645.0,4050.0,4485.0,4050.0,0.7083333333333334,0.7526595744680851,0.7805429864253394,0.7448887421416763,0.2194570135746606,0.24734042553191485,0.29166666666666663,0.2551112578583238,116640.0,129600.0,143520.0,129600.0,32.0,32.0,32.0,32.0,0.0,0.0,0.0,0.0,3645.0,4050.0,4485.0,4050.0,0.0,0.0,0.0,0.0,0.0,0.0,0.0,0.0,0.0,0.0,0.0,0.0,1275.0,1320.0,1470.0,1374.0,0.0,0.0,0.0,0.0,0.0,0.0,0.0,0.0,0.9813077425341701,0.9882183046210199,0.9912637532116166,0.9818744385491838,0.33506912989182536,0.4121323221361791,0.4518652814168431,0.4206617490001,0.4958333333333333,0.8166666666666667,1.0,0.73,2.4764265892635997,4.525835734726382,6.4641125950182206,5.1409320499628635,-0.22477137764611727,-0.2076454407655977,-0.16938929930510785,-0.20047133228422626,,,,,0.0,0.0,0.0,0.0,1.0244331844320256,1.3458321601703604,1.5159336227349287,1.3426265259552532,0.5686907553582905,0.6983085111830164,0.7270296305536392,0.6997044264029464,,,,,,,,,,,,,,,,,,,,,,,,,,,,,,,,,,,,,,,,,,,,
cons__trimmed,jam,0.5,10,20.0,20.0,20.0,20.0,60.0,60.0,60.0,60.0,-10.035298832802956,-9.009209158972238,-7.6959238673716746,-9.00750841940293,7.6959238673716746,9.009209158972238,10.035298832802956,9.00750841940293,0.3864796644877537,0.4952044964912939,0.5656158094096352,0.516737226151632,5040.0,5340.0,6000.0,5424.0,0.0,0.0,0.0,0.0,0.48029497098646035,0.5064814814814815,0.5251831501831502,0.5026265319330944,0.0,0.0,0.0,0.0,0.0,0.0,0.0,0.0,5040.0,5340.0,6000.0,5424.0,2265.0,2670.0,3195.0,2718.0,0.47481684981684974,0.4935185185185186,0.5197050290135397,0.4973734680669056,0.48029497098646035,0.5064814814814814,0.5251831501831502,0.5026265319330944,72480.0,85440.0,102240.0,86976.0,32.0,32.0,32.0,32.0,0.0,0.0,0.0,0.0,2265.0,2670.0,3195.0,2718.0,0.0,0.0,0.0,0.0,0.0,0.0,0.0,0.0,0.0,0.0,0.0,0.0,2550.0,2730.0,2820.0,2706.0,0.0,0.0,0.0,0.0,0.0,0.0,0.0,0.0,0.9513554045034774,0.9867936520024687,0.9937418819956532,0.9701096783912646,0.33560995186627934,0.5253097157916098,0.6070739402893405,0.488353550000304,0.2666666666666666,0.6166666666666667,1.0,0.6066666666666667,7.693273183053736,9.012569978008028,10.024493293793773,8.993824509654438,-0.1804683204439457,-0.14923950723146215,-0.08570448484205587,-0.13616279260433306,,,,,0.0,0.0,0.0,0.0,1.0244331844320256,1.3458321601703604,1.5159336227349287,1.3426265259552532,4.7512287924996306e-17,1.466400018336613e-16,4.3884122419875164e-16,2.1024380820900604e-16,,,,,,,,,,,,,,,,,,,,,,,,,,,,,,,,,,,,,,,,,,,,
cons__trimmed,jam,0.75,10,20.0,20.0,20.0,20.0,60.0,60.0,60.0,60.0,-15.272391804849779,-13.855979376163393,-11.10253044646568,-13.758227840318199,11.10253044646568,13.855979376163393,15.272391804849779,13.758227840318199,0.5621267111950534,0.6944738557218052,0.7805065687017506,0.6973590796421515,5040.0,5340.0,6000.0,5424.0,0.0,0.0,0.0,0.0,0.7263767209011265,0.7527777777777778,0.7607142857142857,0.7504006733368908,0.0,0.0,0.0,0.0,0.0,0.0,0.0,0.0,5040.0,5340.0,6000.0,5424.0,1155.0,1320.0,1605.0,1368.0,0.2392857142857142,0.2472222222222222,0.27362327909887363,0.2495993266631092,0.7263767209011264,0.7527777777777778,0.7607142857142857,0.7504006733368908,36960.0,42240.0,51360.0,43776.0,32.0,32.0,32.0,32.0,0.0,0.0,0.0,0.0,1155.0,1320.0,1605.0,1368.0,0.0,0.0,0.0,0.0,0.0,0.0,0.0,0.0,0.0,0.0,0.0,0.0,3855.0,4020.0,4395.0,4056.0,0.0,0.0,0.0,0.0,0.0,0.0,0.0,0.0,0.9675878895591032,0.989647937264851,0.9991910618707123,0.9826946445515464,0.2663393533087456,0.425107289057997,0.7061755490514696,0.4648355650421173,0.11666666666666665,0.925,1.0,0.6266666666666667,11.10298380039563,13.856006420944126,15.272329184810324,13.758387121424283,-0.08351859779559555,-0.04758631891803835,-0.036338673248580526,-0.056984135589078534,,,,,0.0,0.0,0.0,0.0,1.0244331844320256,1.3458321601703604,1.5159336227349287,1.3426265259552532,-4.1446390374350124e-16,-2.603002461577006e-16,-5.172342020501885e-17,-2.3908465288374433e-16,,,,,,,,,,,,,,,,,,,,,,,,,,,,,,,,,,,,,,,,,,,,
cons__trimmed,latency,0.0,10,20.0,20.0,20.0,20.0,60.0,60.0,60.0,60.0,-1.5780574396223966e-05,-1.692238516552684e-06,-3.721970873338862e-07,-0.0001454760468229661,3.721970873338862e-07,1.692238516552684e-06,1.5780574396223966e-05,0.0001454760468229661,0.00044317637799475,0.0020875441849239,0.010027421545126125,0.00902788045851039,5040.0,5340.0,6000.0,5424.0,0.0,0.0,0.0,0.0,0.0,0.0,0.0,0.0,0.0,0.0,0.0,0.0,0.0,0.0,0.0,0.0,5040.0,5340.0,6000.0,5424.0,5040.0,5340.0,6000.0,5424.0,1.0,1.0,1.0,1.0,0.0,0.0,0.0,0.0,161280.0,170880.0,192000.0,173568.0,32.0,32.0,32.0,32.0,0.0,0.0,0.0,0.0,5040.0,5340.0,6000.0,5424.0,0.0,0.0,0.0,0.0,0.0,0.0,0.0,0.0,0.0,0.0,0.0,0.0,0.0,0.0,0.0,0.0,0.0,0.0,0.0,0.0,0.0,0.0,0.0,0.0,0.7634644933715233,0.7730476808604079,0.8068028883272419,0.7890688686432037,0.9786085149156196,0.9888952492176701,0.9951932410286083,0.9856946066701651,1.0,1.0,1.0,1.0,1.6501630824034033e-06,9.585989367965389e-06,5.193399744699431e-05,0.0002936193304758361,-0.3170851721640698,-0.2709007508837853,-0.24805956409227672,-0.28628550832693483,11.0,12.0,15.0,12.5,1.0,1.0,1.0,1.0,1.0244331844320256,1.3458321601703604,1.5159336227349287,1.3426265259552532,1.0244331844320258,1.3458321601703604,1.5159336227349285,1.3426265259552532,,,,,,,,,,,,,,,,,,,,,,,,,,,,,,,,,,,,,,,,,,,,
cons__trimmed,latency,1.0,10,20.0,20.0,20.0,20.0,60.0,60.0,60.0,60.0,-0.00021614370856342218,-4.303040319733785e-05,-9.353341033570253e-06,-0.0007768490554978661,9.353341033570253e-06,4.303040319733785e-05,0.00021614370856342218,0.0007768490554978661,0.0003359830849134,0.00243179905721755,0.010549907639545974,0.008807678148832206,5040.0,5340.0,6000.0,5424.0,0.0,0.0,0.0,0.0,0.0,0.0,0.0,0.0,1.0,1.0,1.0,1.0,1.0,1.0,1.0,1.0,5040.0,5340.0,6000.0,5424.0,4956.0,5251.0,5900.0,5333.6,0.9833333333333332,0.9833333333333332,0.9833333333333332,0.9833333333333331,0.0166666666666667,0.0166666666666667,0.0166666666666667,0.016666666666666698,158592.0,168032.0,188800.0,170675.2,32.0,32.0,32.0,32.0,0.0,0.0,0.0,0.0,4956.0,5251.0,5900.0,5333.6,0.0,0.0,0.0,0.0,0.0,0.0,0.0,0.0,0.0,0.0,0.0,0.0,0.0,0.0,0.0,0.0,0.0,0.0,0.0,0.0,0.0,0.0,0.0,0.0,0.798686618139894,0.8113883356225982,0.8369599955516118,0.8224781316928571,0.973195018295552,0.9823789343950105,0.9910650224579873,0.9781635800935577,1.0,1.0,1.0,1.0,2.887212510533529e-05,0.0001409997055141,0.0005431076224364,0.0013618400613199205,-0.31708514094574203,-0.27089863700805084,-0.24800480982652814,-0.28627498544345686,14.25,15.5,20.0,16.5,1.0,1.0,1.0,1.0,1.0244331844320256,1.3458321601703604,1.5159336227349287,1.3426265259552532,1.0073592980248252,1.3234016241675213,1.4906680623560127,1.3202494171893324,,,,,,,,,,,,,,,,,,,,,,,,,,,,,,,,,,,,,,,,,,,,
cons__trimmed,latency,2.0,10,20.0,20.0,20.0,20.0,60.0,60.0,60.0,60.0,-0.001259070296006275,-0.0003302598379627,-7.284876912852571e-05,-0.002310097279702974,7.284876912852571e-05,0.0003302598379627,0.001259070296006275,0.002310097279702974,0.000383351984240525,0.00220947220356965,0.010891638230373,0.008933320564045812,5040.0,5340.0,6000.0,5424.0,0.0,0.0,0.0,0.0,0.0,0.0,0.0,0.0,2.0,2.0,2.0,2.0,2.0,2.0,2.0,2.0,5040.0,5340.0,6000.0,5424.0,4872.0,5162.0,5800.0,5243.2,0.9666666666666668,0.9666666666666668,0.9666666666666668,0.9666666666666668,0.0333333333333333,0.0333333333333333,0.0333333333333333,0.033333333333333305,155904.0,165184.0,185600.0,167782.4,32.0,32.0,32.0,32.0,0.0,0.0,0.0,0.0,4872.0,5162.0,5800.0,5243.2,0.0,0.0,0.0,0.0,0.0,0.0,0.0,0.0,0.0,0.0,0.0,0.0,0.0,0.0,0.0,0.0,0.0,0.0,0.0,0.0,0.0,0.0,0.0,0.0,0.8202565503201048,0.8406875418802991,0.8573515150889349,0.8448357446640117,0.9661903625913542,0.977673139351805,0.9864435753936499,0.9716284941599124,1.0,1.0,1.0,1.0,0.000194633387935925,0.00080068153942985,0.0027198781265064,0.0038156500146258416,-0.3170848219836791,-0.27088804152697776,-0.2479073176184266,-0.2862494313063868,17.25,19.0,24.0,20.2,1.0,1.0,1.0,1.0,1.0244331844320256,1.3458321601703604,1.5159336227349287,1.3426265259552532,0.990285411617625,1.3009710881646819,1.4654025019770973,1.2978723084234116,,,,,,,,,,,,,,,,,,,,,,,,,,,,,,,,,,,,,,,,,,,,
cons__trimmed,latency,4.0,10,20.0,20.0,20.0,20.0,60.0,60.0,60.0,60.0,-0.011809556081569925,-0.0041961007049033505,-0.0011010265223612,-0.010158105214045149,0.0011010265223612,0.0041961007049033505,0.011809556081569925,0.010158105214045149,0.00135077060312315,0.00233516221271045,0.011497910283981826,0.009059527643600492,5040.0,5340.0,6000.0,5424.0,0.0,0.0,0.0,0.0,0.0,0.0,0.0,0.0,4.0,4.0,4.0,4.0,4.0,4.0,4.0,4.0,5040.0,5340.0,6000.0,5424.0,4704.0,4984.0,5600.0,5062.4,0.9333333333333332,0.9333333333333332,0.9333333333333332,0.9333333333333332,0.0666666666666666,0.0666666666666666,0.0666666666666666,0.06666666666666661,150528.0,159488.0,179200.0,161996.8,32.0,32.0,32.0,32.0,0.0,0.0,0.0,0.0,4704.0,4984.0,5600.0,5062.4,0.0,0.0,0.0,0.0,0.0,0.0,0.0,0.0,0.0,0.0,0.0,0.0,0.0,0.0,0.0,0.0,0.0,0.0,0.0,0.0,0.0,0.0,0.0,0.0,0.8510440567839705,0.8727971965059396,0.88534475993515,0.8704109564201067,0.9684991210321361,0.9727327182294102,0.9818818277455315,0.9671665165209232,0.9583333333333333,0.9833333333333332,1.0,0.973333333333333,0.0026173125638319747,0.00812128371371165,0.021448003996466,0.016100407282292922,-0.3170792227618567,-0.2707912053353627,-0.2476517822270264,-0.28611863117414776,24.25,27.0,34.0,28.4,1.0,1.0,1.0,1.0,1.0244331844320256,1.3458321601703604,1.5159336227349287,1.3426265259552532,0.9561376388032239,1.256110016159003,1.4148713812192664,1.25311809089157,,,,,,,,,,,,,,,,,,,,,,,,,,,,,,,,,,,,,,,,,,,,
cons__trimmed,latency,8.0,10,20.0,20.0,20.0,20.0,60.0,60.0,60.0,60.0,-0.13469071993572135,-0.07094046326816511,-0.021969470634798826,-0.08267426471359626,0.021969470634798826,0.0709404632681651,0.13469071993572135,0.08267426471359626,0.003394619468082525,0.0071734546696729,0.015088635257029701,0.012141891569226852,5040.0,5340.0,6000.0,5424.0,0.0,0.0,0.0,0.0,0.0,0.0,0.0,0.0,8.0,8.0,8.0,8.0,8.0,8.0,8.0,8.0,5040.0,5340.0,6000.0,5424.0,4368.0,4628.0,5200.0,4700.8,0.8666666666666667,0.8666666666666667,0.8666666666666667,0.8666666666666668,0.1333333333333333,0.1333333333333333,0.1333333333333333,0.1333333333333333,139776.0,148096.0,166400.0,150425.6,32.0,32.0,32.0,32.0,0.0,0.0,0.0,0.0,4368.0,4628.0,5200.0,4700.8,0.0,0.0,0.0,0.0,0.0,0.0,0.0,0.0,0.0,0.0,0.0,0.0,0.0,0.0,0.0,0.0,0.0,0.0,0.0,0.0,0.0,0.0,0.0,0.0,0.8830165443213984,0.9038106128289936,0.9149250589420715,0.8977355735663668,0.9306604264634255,0.9725101223462094,0.9813686608421733,0.9577112138707395,0.6749999999999999,0.7416666666666667,0.9333333333333333,0.7833333333333333,0.03238843165863935,0.09423199202845645,0.18785890460008808,0.11276628958371163,-0.3169164661579933,-0.26986831482712204,-0.24661629447094757,-0.284910028515822,40.0,41.0,53.0,44.0,1.0,1.0,1.0,0.9,1.0244331844320256,1.3458321601703604,1.5159336227349287,1.3426265259552532,0.8878420931744222,1.166387872147646,1.3138091397036042,1.1636096558278861,,,,,,,,,,,,,,,,,,,,,,,,,,,,,,,,,,,,,,,,,,,,
cons__trimmed,msg_drop,0.0,10,20.0,20.0,20.0,20.0,60.0,60.0,60.0,60.0,-1.5780574396223966e-05,-1.692238516552684e-06,-3.721970873338862e-07,-0.0001454760468229661,3.721970873338862e-07,1.692238516552684e-06,1.5780574396223966e-05,0.0001454760468229661,0.00044317637799475,0.0020875441849239,0.010027421545126125,0.00902788045851039,5040.0,5340.0,6000.0,5424.0,0.0,0.0,0.0,0.0,0.0,0.0,0.0,0.0,0.0,0.0,0.0,0.0,0.0,0.0,0.0,0.0,5040.0,5340.0,6000.0,5424.0,5040.0,5340.0,6000.0,5424.0,1.0,1.0,1.0,1.0,0.0,0.0,0.0,0.0,161280.0,170880.0,192000.0,173568.0,32.0,32.0,32.0,32.0,0.0,0.0,0.0,0.0,5040.0,5340.0,6000.0,5424.0,0.0,0.0,0.0,0.0,0.0,0.0,0.0,0.0,0.0,0.0,0.0,0.0,0.0,0.0,0.0,0.0,0.0,0.0,0.0,0.0,0.0,0.0,0.0,0.0,0.7634644933715233,0.7730476808604079,0.8068028883272419,0.7890688686432037,0.9786085149156196,0.9888952492176701,0.9951932410286083,0.9856946066701651,1.0,1.0,1.0,1.0,1.6501630824034033e-06,9.585989367965389e-06,5.193399744699431e-05,0.0002936193304758361,-0.3170851721640698,-0.2709007508837853,-0.24805956409227672,-0.28628550832693483,11.0,12.0,15.0,12.5,1.0,1.0,1.0,1.0,1.0244331844320256,1.3458321601703604,1.5159336227349287,1.3426265259552532,1.0244331844320258,1.3458321601703604,1.5159336227349285,1.3426265259552532,,,,,,,,,,,,,,,,,,,,,,,,,,,,,,,,,,,,,,,,,,,,
cons__trimmed,msg_drop,0.1,10,20.0,20.0,20.0,20.0,60.0,60.0,60.0,60.0,-1.2632170479362588e-05,-1.6886515527424545e-06,-1.6799798174005936e-07,-6.504865463820384e-05,1.6799798174005936e-07,1.6886515527424545e-06,1.2632170479362588e-05,6.504865463820384e-05,0.0009710146427846,0.00182695976782615,0.009457223031654326,0.006599849155049671,5040.0,5340.0,6000.0,5424.0,0.0,0.0,0.0,0.0,0.09877999068250638,0.1027186761229314,0.10337381164587045,0.10125260185705628,0.0,0.0,0.0,0.0,0.0,0.0,0.0,0.0,5040.0,5340.0,6000.0,5424.0,4533.75,4787.0,5381.25,4875.3,0.8966261883541295,0.8972813238770685,0.9012200093174936,0.8987473981429437,0.0987799906825063,0.1027186761229314,0.10337381164587045,0.10125260185705628,145080.0,153184.0,172200.0,156009.6,32.0,32.0,32.0,32.0,0.0,0.0,0.0,0.0,4533.75,4787.0,5381.25,4875.3,0.0,0.0,0.0,0.0,0.0,0.0,0.0,0.0,482.75,553.0,613.5,548.7,0.0,0.0,0.0,0.0,0.0,0.0,0.0,0.0,0.0,0.0,0.0,0.0,0.7418009677163768,0.7759942920906446,0.8040710257168735,0.7740042437651207,0.9797752695339574,0.9847595562246012,0.995299907785536,0.9851475915386706,1.0,1.0,1.0,1.0,8.662744722729965e-07,6.6749443488394695e-06,4.481254746367736e-05,0.00014715911484514436,-0.3170851729594005,-0.2709007798678684,-0.2480689330218929,-0.2862868487834712,9.25,11.0,13.0,11.3,1.0,1.0,1.0,1.0,1.0244331844320256,1.3458321601703604,1.5159336227349287,1.3426265259552532,1.002316302524644,1.289004468589311,1.483943162620112,1.2966025515428263,,,,,,,,,,,,,,,,,,,,,,,,,,,,,,,,,,,,,,,,,,,,
cons__trimmed,msg_drop,0.3,10,20.0,20.0,20.0,20.0,60.0,60.0,60.0,60.0,-1.1993028254533925e-06,-2.2735757329975774e-07,-3.8005796055585535e-08,-1.7100880162341795e-05,3.8005796055585535e-08,2.2735757329975774e-07,1.1993028254533925e-06,1.7100880162341795e-05,0.0014964773234488501,0.0029724453265919,0.0051121000307174005,0.0048688129133144355,5040.0,5340.0,6000.0,5424.0,0.0,0.0,0.0,0.0,0.29615299823633157,0.2991537717601547,0.3033909853249476,0.30012270076560144,0.0,0.0,0.0,0.0,0.0,0.0,0.0,0.0,5040.0,5340.0,6000.0,5424.0,3561.5,3730.5,4171.0,3796.7,0.6966090146750524,0.7008462282398453,0.7038470017636684,0.6998772992343985,0.29615299823633157,0.2991537717601547,0.3033909853249475,0.30012270076560144,113968.0,119376.0,133472.0,121494.4,32.0,32.0,32.0,32.0,0.0,0.0,0.0,0.0,3561.5,3730.5,4171.0,3796.7,0.0,0.0,0.0,0.0,0.0,0.0,0.0,0.0,1457.5,1609.5,1829.0,1627.3,0.0,0.0,0.0,0.0,0.0,0.0,0.0,0.0,0.0,0.0,0.0,0.0,0.7226979996804948,0.7553554296600997,0.7741045912892575,0.7544402466960822,0.988712299184519,0.9914498104463162,0.9939018286783416,0.9902053092451808,1.0,1.0,1.0,1.0,2.4845427169874767e-07,1.201853079671576e-06,6.113960396817077e-06,4.7033973018524526e-05,-0.317085172999482,-0.27090090601744066,-0.2480738883007953,-0.2862876479130459,9.25,11.0,12.0,10.8,1.0,1.0,1.0,1.0,1.0244331844320256,1.3458321601703604,1.5159336227349287,1.3426265259552532,0.7523290846794906,0.9585068278325497,1.1559670439757588,0.978214917434881,,,,,,,,,,,,,,,,,,,,,,,,,,,,,,,,,,,,,,,,,,,,
cons__trimmed,msg_drop,0.5,10,20.0,20.0,20.0,20.0,60.0,60.0,60.0,60.0,-1.591864802837224e-05,-2.3982410312269965e-07,-2.409914741989097e-08,-1.743731535230164e-05,2.409914741989097e-08,2.398241031226996e-07,1.591864802837224e-05,1.743731535230164e-05,0.001219548167424075,0.00563509166395575,0.008956617394140899,0.006617309392453618,5040.0,5340.0,6000.0,5424.0,0.0,0.0,0.0,0.0,0.49408068783068776,0.49688285570638513,0.5059596555174386,0.4996235639791135,0.0,0.0,0.0,0.0,0.0,0.0,0.0,0.0,5040.0,5340.0,6000.0,5424.0,2550.5,2613.5,3019.0,2715.7,0.49404034448256146,0.5031171442936149,0.5059193121693122,0.5003764360208864,0.49408068783068776,0.49688285570638513,0.5059596555174386,0.4996235639791135,81616.0,83632.0,96608.0,86902.4,32.0,32.0,32.0,32.0,0.0,0.0,0.0,0.0,2550.5,2613.5,3019.0,2715.7,0.0,0.0,0.0,0.0,0.0,0.0,0.0,0.0,2480.5,2726.5,2981.0,2708.3,0.0,0.0,0.0,0.0,0.0,0.0,0.0,0.0,0.0,0.0,0.0,0.0,0.7199410453659211,0.7437498712198933,0.7991314215255753,0.7558481477244381,0.9853588372825666,0.9950708635259922,0.9971864587012123,0.99181620808302,1.0,1.0,1.0,0.9966666666666667,1.856803554953284e-07,1.131435658731921e-06,5.125287719121784e-05,5.092854733744828e-05,-0.317085172963678,-0.27090090750977447,-0.2480730199874464,-0.2862876423057926,10.25,12.0,13.0,12.0,1.0,1.0,1.0,1.0,1.0244331844320256,1.3458321601703604,1.5159336227349287,1.3426265259552532,0.3557292448486561,0.45435695571874035,0.6217194377620987,0.4903705255914555,,,,,,,,,,,,,,,,,,,,,,,,,,,,,,,,,,,,,,,,,,,,
cons__trimmed,msg_drop,0.7,10,20.0,20.0,20.0,20.0,60.0,60.0,60.0,60.0,-0.00020931897149483906,-2.062545449409013e-05,-1.1797116109398257e-06,-0.0006237998095816205,1.1797116109398257e-06,2.062545449409013e-05,0.00020931897149483906,0.0006237998095816205,0.0005187111147239,0.00156189872514705,0.004820560107165375,0.004283891293230741,5040.0,5340.0,6000.0,5424.0,0.0,0.0,0.0,0.0,0.6952040745376165,0.7012484737484737,0.70645964360587,0.7010229071834448,0.0,0.0,0.0,0.0,0.0,0.0,0.0,0.0,5040.0,5340.0,6000.0,5424.0,1496.75,1555.0,1824.5,1622.7,0.29354035639412995,0.29875152625152623,0.30479592546238354,0.29897709281655505,0.6952040745376165,0.7012484737484737,0.70645964360587,0.7010229071834448,47896.0,49760.0,58384.0,51926.4,32.0,32.0,32.0,32.0,0.0,0.0,0.0,0.0,1496.75,1555.0,1824.5,1622.7,0.0,0.0,0.0,0.0,0.0,0.0,0.0,0.0,3512.5,3788.5,4175.5,3801.3,0.0,0.0,0.0,0.0,0.0,0.0,0.0,0.0,0.0,0.0,0.0,0.0,0.7645675630456109,0.797878206005789,0.8461956752407035,0.8049905945748532,0.9859355201314217,0.9919935703750102,0.9939998181735031,0.9885533712309597,0.9833333333333332,0.9833333333333332,0.9833333333333332,0.9833333333333331,5.284996986264244e-06,6.334255105976943e-05,0.0008957896455719001,0.001133538797199764,-0.31708517183940343,-0.27090047571631515,-0.24801314720989848,-0.28627753626422214,12.5,15.5,17.75,16.2,1.0,1.0,1.0,1.0,1.0244331844320256,1.3458321601703604,1.5159336227349287,1.3426265259552532,0.027585435928264925,0.0555434265707872,0.09714241227975975,0.07433397059509782,,,,,,,,,,,,,,,,,,,,,,,,,,,,,,,,,,,,,,,,,,,,
cons__trimmed,msg_drop,1.0,10,20.0,20.0,20.0,20.0,60.0,60.0,60.0,60.0,-19.025110380737974,-16.254054690410573,-14.884474061156599,-17.177275975662912,14.884474061156599,16.254054690410573,19.025110380737974,17.177275975662912,0.74422370305783,0.8127027345205287,0.9512555190368986,0.8588637987831456,5040.0,5340.0,6000.0,5424.0,0.0,0.0,0.0,0.0,1.0,1.0,1.0,1.0,0.0,0.0,0.0,0.0,0.0,0.0,0.0,0.0,5040.0,5340.0,6000.0,5424.0,0.0,0.0,0.0,0.0,0.0,0.0,0.0,0.0,1.0,1.0,1.0,1.0,0.0,0.0,0.0,0.0,0.0,0.0,0.0,0.0,0.0,0.0,0.0,0.0,0.0,0.0,0.0,0.0,0.0,0.0,0.0,0.0,0.0,0.0,0.0,0.0,5040.0,5340.0,6000.0,5424.0,0.0,0.0,0.0,0.0,0.0,0.0,0.0,0.0,0.0,0.0,0.0,0.0,1.0,1.0,1.0,1.0,0.0,0.0,0.0,0.0,1.0,1.0,1.0,1.0,14.884474061156602,16.254054690410573,19.02511038073797,17.177275975662912,0.0,0.0,0.0,0.0,,,,,0.0,0.0,0.0,0.0,1.0244331844320256,1.3458321601703604,1.5159336227349287,1.3426265259552532,0.0,0.0,0.0,0.0,,,,,,,,,,,,,,,,,,,,,,,,,,,,,,,,,,,,,,,,,,,,
cons__trimmed,spoof,0.0,10,20.0,20.0,20.0,20.0,60.0,60.0,60.0,60.0,-1.5780574396223966e-05,-1.692238516552684e-06,-3.721970873338862e-07,-0.0001454760468229661,3.721970873338862e-07,1.692238516552684e-06,1.5780574396223966e-05,0.0001454760468229661,0.00044317637799475,0.0020875441849239,0.010027421545126125,0.00902788045851039,5040.0,5340.0,6000.0,5424.0,0.0,0.0,0.0,0.0,0.0,0.0,0.0,0.0,0.0,0.0,0.0,0.0,0.0,0.0,0.0,0.0,5040.0,5340.0,6000.0,5424.0,5040.0,5340.0,6000.0,5424.0,1.0,1.0,1.0,1.0,0.0,0.0,0.0,0.0,161280.0,170880.0,192000.0,173568.0,32.0,32.0,32.0,32.0,0.0,0.0,0.0,0.0,5040.0,5340.0,6000.0,5424.0,0.0,0.0,0.0,0.0,0.0,0.0,0.0,0.0,0.0,0.0,0.0,0.0,0.0,0.0,0.0,0.0,0.0,0.0,0.0,0.0,0.0,0.0,0.0,0.0,0.7634644933715233,0.7730476808604079,0.8068028883272419,0.7890688686432037,0.9786085149156196,0.9888952492176701,0.9951932410286083,0.9856946066701651,1.0,1.0,1.0,1.0,1.6501630824034033e-06,9.585989367965389e-06,5.193399744699431e-05,0.0002936193304758361,-0.3170851721640698,-0.2709007508837853,-0.24805956409227672,-0.28628550832693483,11.0,12.0,15.0,12.5,1.0,1.0,1.0,1.0,1.0244331844320256,1.3458321601703604,1.5159336227349287,1.3426265259552532,1.0244331844320258,1.3458321601703604,1.5159336227349285,1.3426265259552532,,,,,,,,,,,,,,,,,,,,,,,,,,,,,,,,,,,,,,,,,,,,
cons__trimmed,spoof,0.1,10,20.0,20.0,20.0,20.0,60.0,60.0,60.0,60.0,-0.037247735862743075,-0.0159685451513795,-0.012161997712455151,-0.03699196999746132,0.012161997712455151,0.0159685451513795,0.037247735862743075,0.03699196999746132,0.00229471754921025,0.0057965572200273496,0.015461163345039549,0.009747321377337791,5040.0,5340.0,6000.0,5424.0,0.10126760881653225,0.10765785709603445,0.11003119884307987,0.10654777121172616,0.0,0.0,0.0,0.0,0.0,0.0,0.0,0.0,0.0,0.0,0.0,0.0,5040.0,5340.0,6000.0,5424.0,5040.0,5340.0,6000.0,5424.0,1.0,1.0,1.0,1.0,0.0,0.0,0.0,0.0,161280.0,170880.0,192000.0,173568.0,32.0,32.0,32.0,32.0,0.0,0.0,0.0,0.0,4535.25,4790.5,5382.0,4879.4,0.0,0.0,0.0,0.0,488.25,549.5,603.0,544.6,0.0,0.0,0.0,0.0,0.0,0.0,0.0,0.0,0.0,0.0,0.0,0.0,0.0,0.0,0.0,0.0,0.863613742274259,0.8708021831816508,0.8913192763625566,0.8701376182551176,0.6668395795007511,0.7278674616108779,0.854872344778211,0.7378019914040862,0.6916666666666667,0.7166666666666667,0.7458333333333333,0.7116666666666667,0.04342178966204273,0.05586814853288335,0.074117095565373,0.06422152663283257,-0.31701309532078314,-0.2694832447977237,-0.24795847171590127,-0.28567140009442415,10.0,12.5,13.75,13.6,1.0,1.0,1.0,1.0,1.0244331844320256,1.3458321601703604,1.5159336227349287,1.3426265259552532,1.0244331844320258,1.3458321601703604,1.5159336227349285,1.3426265259552532,,,,,,,,,,,,,,,,,,,,,,,,,,,,,,,,,,,,,,,,,,,,
cons__trimmed,spoof,0.3,10,20.0,20.0,20.0,20.0,60.0,60.0,60.0,60.0,-0.19356509285221624,-0.13022399966625942,-0.09635200324637502,-0.16888932674429052,0.09635200324637502,0.13022399966625942,0.19356509285221624,0.16888932674429052,0.012373274818270701,0.0244664171973914,0.07668453994588333,0.051074298495023276,5040.0,5340.0,6000.0,5424.0,0.302698221965754,0.3079549497158337,0.3125440294085652,0.3078085114091563,0.0,0.0,0.0,0.0,0.0,0.0,0.0,0.0,0.0,0.0,0.0,0.0,5040.0,5340.0,6000.0,5424.0,5040.0,5340.0,6000.0,5424.0,1.0,1.0,1.0,1.0,0.0,0.0,0.0,0.0,161280.0,170880.0,192000.0,173568.0,32.0,32.0,32.0,32.0,0.0,0.0,0.0,0.0,3534.0,3754.5,4193.75,3808.6,0.0,0.0,0.0,0.0,1492.0,1585.5,1806.25,1615.4,0.0,0.0,0.0,0.0,0.0,0.0,0.0,0.0,0.0,0.0,0.0,0.0,0.0,0.0,0.0,0.0,0.9298810896757042,0.9443727840941243,0.962124520660649,0.9350167610263487,0.3262952402359357,0.373775241244354,0.5567467953969406,0.45493472327129447,0.5708333333333333,0.5833333333333334,0.6125,0.5883333333333333,0.11868693198764829,0.14074950049056945,0.16435573617135482,0.15681705529933912,-0.3164706083028306,-0.2689343095816207,-0.2446954810992731,-0.28347311081531035,9.0,11.5,13.75,13.2,1.0,1.0,1.0,1.0,1.0244331844320256,1.3458321601703604,1.5159336227349287,1.3426265259552532,1.0244331844320258,1.3458321601703604,1.5159336227349285,1.3426265259552532,,,,,,,,,,,,,,,,,,,,,,,,,,,,,,,,,,,,,,,,,,,,
cons__trimmed,spoof,0.5,10,20.0,20.0,20.0,20.0,60.0,60.0,60.0,60.0,-0.5055007617642072,-0.4187159211651864,-0.3471686839522993,-0.4355236808150186,0.3471686839522993,0.4187159211651864,0.5055007617642072,0.4355236808150186,0.02901525371245585,0.049402071671108744,0.08010692110599385,0.060230170649999935,5040.0,5340.0,6000.0,5424.0,0.5187108578549269,0.5266061113584415,0.5304646560962369,0.5244128073128906,0.0,0.0,0.0,0.0,0.0,0.0,0.0,0.0,0.0,0.0,0.0,0.0,5040.0,5340.0,6000.0,5424.0,5040.0,5340.0,6000.0,5424.0,1.0,1.0,1.0,1.0,0.0,0.0,0.0,0.0,161280.0,170880.0,192000.0,173568.0,32.0,32.0,32.0,32.0,0.0,0.0,0.0,0.0,2479.5,2610.5,2967.0,2694.7,0.0,0.0,0.0,0.0,2537.5,2729.5,3033.0,2729.3,0.0,0.0,0.0,0.0,0.0,0.0,0.0,0.0,0.0,0.0,0.0,0.0,0.0,0.0,0.0,0.0,0.9487849726190262,0.9553126458108008,0.9655224324762866,0.9557822627623459,0.3110634031609761,0.34497270121708923,0.43602953741074135,0.34980544957979764,0.5375,0.5583333333333333,0.5666666666666667,0.5533333333333333,0.3516798038788361,0.4227259719731203,0.5105063102446205,0.43676694804893607,-0.3107696880608953,-0.2636290878859818,-0.2408191436705592,-0.2790292049141315,17.0,24.0,36.5,26.571428571428573,0.25,1.0,1.0,0.7,1.0244331844320256,1.3458321601703604,1.5159336227349287,1.3426265259552532,1.0244331844320258,1.3458321601703604,1.5159336227349285,1.3426265259552532,,,,,,,,,,,,,,,,,,,,,,,,,,,,,,,,,,,,,,,,,,,,
cons__trimmed,spoof,1.0,10,20.0,20.0,20.0,20.0,60.0,60.0,60.0,60.0,-1.304767860334149,-1.1251693655243047,-0.9071122392682973,-1.1231576871348636,0.9071122392682973,1.1251693655243047,1.304767860334149,1.1231576871348636,0.06125771120825998,0.08546784855451944,0.15248284324112416,0.10278690765939735,5040.0,5340.0,6000.0,5424.0,1.0581485152172416,1.0681158397828097,1.0790933946431558,1.0719960304718636,0.0,0.0,0.0,0.0,0.0,0.0,0.0,0.0,0.0,0.0,0.0,0.0,5040.0,5340.0,6000.0,5424.0,5040.0,5340.0,6000.0,5424.0,1.0,1.0,1.0,1.0,0.0,0.0,0.0,0.0,161280.0,170880.0,192000.0,173568.0,32.0,32.0,32.0,32.0,0.0,0.0,0.0,0.0,0.0,0.0,0.0,0.0,0.0,0.0,0.0,0.0,5040.0,5340.0,6000.0,5424.0,0.0,0.0,0.0,0.0,0.0,0.0,0.0,0.0,0.0,0.0,0.0,0.0,0.0,0.0,0.0,0.0,0.9094922737074691,0.9742512627955189,0.9824651873091428,0.9249526638399039,0.18816393069170995,0.32354732486833526,0.39897882034976645,0.36074037432925476,0.5041666666666667,0.525,0.55,0.525,1.044245600534477,1.0956704853448227,1.2793017504451472,1.1080207933321051,-0.2975978674024533,-0.25449717735410937,-0.2250391402773252,-0.26756863814213416,,,,,0.0,0.0,0.0,0.0,1.0244331844320256,1.3458321601703604,1.5159336227349287,1.3426265259552532,1.0244331844320258,1.3458321601703604,1.5159336227349285,1.3426265259552532,,,,,,,,,,,,,,,,,,,,,,,,,,,,,,,,,,,,,,,,,,,,
ed_abstract__gnn,bandwidth,0.0,20,6.0,6.0,6.0,6.0,70.0,70.0,70.0,70.0,-0.0715638649898271,-0.03153483640362418,0.0,-0.06340017481448497,5.229493983344758e-12,3.3660530587254535e-11,9.967128820531491e-10,2.283448994389361e-08,,,,,,,,,0.0,0.0,0.0,0.0,0.006205357142857143,0.007142857142857143,0.007142857142857143,0.006690025252525253,0.0,0.0,0.0,0.0,0.0,0.0,0.0,0.0,1260.0,1260.0,1400.0,1288.0,1260.0,1260.0,1400.0,1288.0,1.0,1.0,1.0,1.0,0.0,0.0,0.0,0.0,80640.0,80640.0,89600.0,82432.0,64.0,64.0,64.0,64.0,0.0,0.0,0.0,0.0,1260.0,1260.0,1400.0,1288.0,0.0,0.0,0.0,0.0,0.0,0.0,0.0,0.0,0.0,0.0,0.0,0.0,0.0,0.0,0.0,0.0,0.0,0.0,0.0,0.0,0.0,0.0,0.0,0.0,0.7221277361562722,0.7676439376336613,0.8086783406292696,0.7592566642966436,0.7982487608636558,0.8400819934570907,0.8726492546412115,0.8231199218270537,0.9714285714285714,1.0,1.0,0.9835714285714285,1.7024458693263152e-11,1.1674921572667517e-10,2.347666085851011e-09,3.8156116755358166e-08,-0.046859668697929825,-0.029309676096166463,-0.021110846071879703,-0.035730680368356076,3.0,4.0,4.25,3.8,1.0,1.0,1.0,1.0,1.3534618065453605,1.4786264415495778,1.7967385708103398,1.5848382136318953,,,,,6.633568410162121,7.252478449574693,7.627115193693478,6.976297385036437,2.5627485655361726,2.669778202248998,3.001461694708052,2.7373949720497226,5.229493983344758e-12,3.3660530587254535e-11,9.967128820531491e-10,2.283448994389361e-08,0.19359302356345798,0.286594046338029,0.4360934966727896,0.41088910481418034,0.0,0.03153483640362418,0.0715638649898271,0.06340017481448497,0.0004652318154053586,0.0006790870340784275,0.0028423649202798896,0.0033999854712576487,,,,,,,,,,,,,,,,,,,,
ed_abstract__gnn,bandwidth,1.0,20,6.0,6.0,6.0,6.0,70.0,70.0,70.0,70.0,-0.02093082858215337,0.0,0.0,-0.07772729218161742,0.0,3.41060508506167e-16,6.821210180711256e-16,9.678539448783462e-15,,,,,,,,,0.1833400124939714,0.18740499770168711,0.1936388740837277,0.18860141531974434,0.0,0.0,0.0,0.0,0.0,0.0,0.0,0.0,0.0,0.0,0.0,0.0,1260.0,1260.0,1400.0,1288.0,1260.0,1260.0,1400.0,1288.0,1.0,1.0,1.0,1.0,0.0,0.0,0.0,0.0,2520.0,2520.0,2800.0,2576.0,2.0,2.0,2.0,2.0,0.0,0.0,0.0,0.0,1260.0,1260.0,1400.0,1288.0,0.0,0.0,0.0,0.0,0.0,0.0,0.0,0.0,0.0,0.0,0.0,0.0,0.0,0.0,0.0,0.0,0.0,0.0,0.0,0.0,0.0,0.0,0.0,0.0,0.2136817667802664,0.2243702647575044,0.24862827025735576,0.2332266898671215,0.9959815313893192,0.9971545111887806,0.9982318215118073,0.9967252070845918,1.0,1.0,1.0,0.9985714285714288,7.395570986446986e-32,3.4106050850616706e-16,6.821210201887078e-16,9.678539448995222e-15,-0.04685966870484306,-0.0293096760963897,-0.021110846072189524,-0.035730680694562936,3.0,3.0,3.0,2.95,1.0,1.0,1.0,1.0,1.3534618065453605,1.4786264415495778,1.7967385708103398,1.5848382136318953,,,,,6.633568410162121,7.252478449574693,7.627115193693478,6.976297385036437,2.5627485655361726,2.669778202248998,3.001461694708052,2.7373949720497226,0.0,3.41060508506167e-16,6.821210180711256e-16,9.678539448783462e-15,0.5696268228672599,1.4172081091182518,1.7374831218418447,1.3755218113777377,0.0,0.0,0.02093082858215337,0.07772729218161742,0.002810614388288701,0.02045904563927302,0.03244836648369335,0.027255844752947476,,,,,,,,,,,,,,,,,,,,
ed_abstract__gnn,bandwidth,2.0,20,6.0,6.0,6.0,6.0,70.0,70.0,70.0,70.0,-0.3923034300613495,-0.26013423693823445,-0.05113034964014842,-0.27485338582330604,1.1832913578315177e-30,4.2632567533738393e-17,4.9027452663798975e-17,0.48253017416756994,,,,,,,,,0.02240127199924985,0.02276976062638933,0.02476669354571726,0.023970494836176963,0.0,0.0,0.0,0.0,0.0,0.0,0.0,0.0,0.0,0.0,0.0,0.0,1260.0,1260.0,1400.0,1288.0,1260.0,1260.0,1400.0,1288.0,1.0,1.0,1.0,1.0,0.0,0.0,0.0,0.0,5040.0,5040.0,5600.0,5152.0,4.0,4.0,4.0,4.0,0.0,0.0,0.0,0.0,1260.0,1260.0,1400.0,1288.0,0.0,0.0,0.0,0.0,0.0,0.0,0.0,0.0,0.0,0.0,0.0,0.0,0.0,0.0,0.0,0.0,0.0,0.0,0.0,0.0,0.0,0.0,0.0,0.0,0.19474289425843247,0.21880723599399865,0.2402045240748936,0.2886456687498475,0.9944173911361482,0.9966849990206214,0.9978238517649326,0.8966812426795885,1.0,1.0,1.0,0.9421428571428571,1.1832913578315177e-30,4.2632566210249344e-17,4.9027452663798975e-17,0.4825301816459602,-0.04685966870484357,-0.02784486637505545,-0.01853526388166205,-0.028837392492169222,3.0,3.0,3.0,2.888888888888889,1.0,1.0,1.0,0.9,1.3534618065453605,1.4786264415495778,1.7967385708103398,1.5848382136318953,,,,,6.633568410162121,7.252478449574693,7.627115193693478,6.976297385036437,2.5627485655361726,2.669778202248998,3.001461694708052,2.7373949720497226,1.1832913578315177e-30,4.2632567533738393e-17,4.9027452663798975e-17,0.48253017416756994,1.0079043315975342,1.5083229848861064,1.9443587937362925,1.6291545147439337,0.05113034964014842,0.26013423693823445,0.3923034300613495,0.27485338582330604,0.008880365923954777,0.02913183126267528,0.0529708552326848,0.05701915206887644,,,,,,,,,,,,,,,,,,,,
ed_abstract__gnn,bandwidth,3.0,20,6.0,6.0,6.0,6.0,70.0,70.0,70.0,70.0,-0.2463675647801774,-0.11133136642424102,0.0,-0.15658758373285828,1.705302701349528e-17,1.8118840407745536e-17,1.1491210952097538e-13,0.01256618265727343,,,,,,,,,0.005997522036867527,0.006673345752131486,0.00817325247666634,0.012466571571432446,0.0,0.0,0.0,0.0,0.0,0.0,0.0,0.0,0.0,0.0,0.0,0.0,1260.0,1260.0,1400.0,1288.0,1260.0,1260.0,1400.0,1288.0,1.0,1.0,1.0,1.0,0.0,0.0,0.0,0.0,7560.0,7560.0,8400.0,7728.0,6.0,6.0,6.0,6.0,0.0,0.0,0.0,0.0,1260.0,1260.0,1400.0,1288.0,0.0,0.0,0.0,0.0,0.0,0.0,0.0,0.0,0.0,0.0,0.0,0.0,0.0,0.0,0.0,0.0,0.0,0.0,0.0,0.0,0.0,0.0,0.0,0.0,0.20857539017239668,0.24308562406288858,0.2905750867727309,0.2900108484951179,0.9942106008075247,0.9969324270683114,0.997799616363833,0.9406374674648985,0.9964285714285714,1.0,1.0,0.9292857142857143,1.705302701349528e-17,1.8118840804792196e-17,1.1491210952596684e-13,0.012607366339051521,-0.04685365890514914,-0.029309676096386874,-0.01965255831794726,-0.03555116379945917,3.0,3.0,3.0,3.473684210526316,1.0,1.0,1.0,0.95,1.3534618065453605,1.4786264415495778,1.7967385708103398,1.5848382136318953,,,,,6.633568410162121,7.252478449574693,7.627115193693478,6.976297385036437,2.5627485655361726,2.669778202248998,3.001461694708052,2.7373949720497226,1.705302701349528e-17,1.8118840407745536e-17,1.1491210952097538e-13,0.01256618265727343,0.3949139703661748,0.8979884580776973,1.3558188979943069,0.954607398544017,0.0,0.11133136642424102,0.2463675647801774,0.15658758373285828,0.0017008994454467282,0.01036979234478821,0.018516379880565682,0.017427531129967845,,,,,,,,,,,,,,,,,,,,
ed_abstract__gnn,bandwidth,4.0,20,6.0,6.0,6.0,6.0,70.0,70.0,70.0,70.0,-0.15839938270306575,-0.00742995060523184,0.0,-0.09797469528974019,2.6645354708591426e-18,4.751428882312395e-14,1.0406838228187725e-13,0.002605831426803929,,,,,,,,,0.002088460844956435,0.003038813643176165,0.004125655871375315,0.00447996446019424,0.0,0.0,0.0,0.0,0.0,0.0,0.0,0.0,0.0,0.0,0.0,0.0,1260.0,1260.0,1400.0,1288.0,1260.0,1260.0,1400.0,1288.0,1.0,1.0,1.0,1.0,0.0,0.0,0.0,0.0,10080.0,10080.0,11200.0,10304.0,8.0,8.0,8.0,8.0,0.0,0.0,0.0,0.0,1260.0,1260.0,1400.0,1288.0,0.0,0.0,0.0,0.0,0.0,0.0,0.0,0.0,0.0,0.0,0.0,0.0,0.0,0.0,0.0,0.0,0.0,0.0,0.0,0.0,0.0,0.0,0.0,0.0,0.20491070704339623,0.2596097572653002,0.2921179088531855,0.25702997396118554,0.9839586374324569,0.9953732550701508,0.9976583210357389,0.9827732495711607,0.9678571428571429,1.0,1.0,0.9199999999999999,2.6645354708591426e-18,4.7514288814366875e-14,9.753811255100776e-14,0.0028614794535397185,-0.046858243240287215,-0.029309676096387773,-0.021000283641822232,-0.03569345453132303,3.0,3.0,3.5,3.9473684210526314,1.0,1.0,1.0,0.95,1.3534618065453605,1.4786264415495778,1.7967385708103398,1.5848382136318953,,,,,6.633568410162121,7.252478449574693,7.627115193693478,6.976297385036437,2.5627485655361726,2.669778202248998,3.001461694708052,2.7373949720497226,2.6645354708591426e-18,4.751428882312395e-14,1.0406838228187725e-13,0.002605831426803929,0.17097630983670875,0.6895351049331682,1.2391088247543185,0.8028767991579226,0.0,0.00742995060523184,0.15839938270306575,0.09797469528974019,0.0004190050749512791,0.003347069190410532,0.013903439953947116,0.011191031662920736,,,,,,,,,,,,,,,,,,,,
ed_abstract__gnn,bandwidth,8.0,20,6.0,6.0,6.0,6.0,70.0,70.0,70.0,70.0,-0.04228364939607336,-0.004094514064891662,0.0,-0.04907609475278869,1.6653346693007692e-19,4.7298628009634363e-14,1.6348398702472976e-06,0.0002768576006496509,,,,,,,,,0.00018369632263928742,0.0007111933598767792,0.0019251118260260945,0.0016221625945346853,0.0,0.0,0.0,0.0,0.0,0.0,0.0,0.0,0.0,0.0,0.0,0.0,1260.0,1260.0,1400.0,1288.0,1260.0,1260.0,1400.0,1288.0,1.0,1.0,1.0,1.0,0.0,0.0,0.0,0.0,20160.0,20160.0,22400.0,20608.0,16.0,16.0,16.0,16.0,0.0,0.0,0.0,0.0,1260.0,1260.0,1400.0,1288.0,0.0,0.0,0.0,0.0,0.0,0.0,0.0,0.0,0.0,0.0,0.0,0.0,0.0,0.0,0.0,0.0,0.0,0.0,0.0,0.0,0.0,0.0,0.0,0.0,0.275316725023636,0.32446827833555103,0.43912451328325336,0.3908815925764745,0.9499837449450529,0.9731251812266742,0.9888001061141714,0.9294343567604881,0.8535714285714286,1.0,1.0,0.8921428571428571,1.6653346693007692e-19,4.7298627925341546e-14,1.751703022190256e-06,0.00027761813007629916,-0.04685966870483991,-0.029309652618242997,-0.02111084607218969,-0.035726725585982375,3.0,3.0,4.0,3.45,1.0,1.0,1.0,1.0,1.3534618065453605,1.4786264415495778,1.7967385708103398,1.5848382136318953,,,,,6.633568410162121,7.252478449574693,7.627115193693478,6.976297385036437,2.5627485655361726,2.669778202248998,3.001461694708052,2.7373949720497226,1.6653346693007692e-19,4.7298628009634363e-14,1.6348398702472976e-06,0.0002768576006496509,0.0983823377172528,0.24153220419056698,0.5069342106685819,0.49799313903169606,0.0,0.004094514064891662,0.04228364939607336,0.04907609475278869,8.732755573199615e-05,0.0008010738422744347,0.0027597632312387943,0.006610164050287448,,,,,,,,,,,,,,,,,,,,
ed_abstract__gnn,byzantine,0.0,20,6.0,6.0,6.0,6.0,70.0,70.0,70.0,70.0,-0.0715638649898271,-0.03153483640362418,0.0,-0.06340017481448497,5.229493983344758e-12,3.3660530587254535e-11,9.967128820531491e-10,2.283448994389361e-08,,,,,,,,,0.0,0.0,0.0,0.0,0.006205357142857143,0.007142857142857143,0.007142857142857143,0.006690025252525253,0.0,0.0,0.0,0.0,0.0,0.0,0.0,0.0,1260.0,1260.0,1400.0,1288.0,1260.0,1260.0,1400.0,1288.0,1.0,1.0,1.0,1.0,0.0,0.0,0.0,0.0,80640.0,80640.0,89600.0,82432.0,64.0,64.0,64.0,64.0,0.0,0.0,0.0,0.0,1260.0,1260.0,1400.0,1288.0,0.0,0.0,0.0,0.0,0.0,0.0,0.0,0.0,0.0,0.0,0.0,0.0,0.0,0.0,0.0,0.0,0.0,0.0,0.0,0.0,0.0,0.0,0.0,0.0,0.7221277361562722,0.7676439376336613,0.8086783406292696,0.7592566642966436,0.7982487608636558,0.8400819934570907,0.8726492546412115,0.8231199218270537,0.9714285714285714,1.0,1.0,0.9835714285714285,1.7024458693263152e-11,1.1674921572667517e-10,2.347666085851011e-09,3.8156116755358166e-08,-0.046859668697929825,-0.029309676096166463,-0.021110846071879703,-0.035730680368356076,3.0,4.0,4.25,3.8,1.0,1.0,1.0,1.0,1.3534618065453605,1.4786264415495778,1.7967385708103398,1.5848382136318953,,,,,6.633568410162121,7.252478449574693,7.627115193693478,6.976297385036437,2.5627485655361726,2.669778202248998,3.001461694708052,2.7373949720497226,5.229493983344758e-12,3.3660530587254535e-11,9.967128820531491e-10,2.283448994389361e-08,0.19359302356345798,0.286594046338029,0.4360934966727896,0.41088910481418034,0.0,0.03153483640362418,0.0715638649898271,0.06340017481448497,0.0004652318154053586,0.0006790870340784275,0.0028423649202798896,0.0033999854712576487,,,,,,,,,,,,,,,,,,,,
ed_abstract__gnn,byzantine,0.1,20,6.0,6.0,6.0,6.0,70.0,70.0,70.0,70.0,-0.3478659210270437,0.0,0.0,-0.1856588537023886,0.0013473905766265067,0.002328422421433291,0.005969853742966191,0.006826900346533021,,,,,,,,,0.0,0.0,0.0,0.0,0.005158730158730159,0.005537518037518037,0.005952380952380952,0.005506487064522779,0.0,0.0,0.0,0.0,0.0,0.0,0.0,0.0,1260.0,1260.0,1400.0,1288.0,1260.0,1260.0,1400.0,1288.0,1.0,1.0,1.0,1.0,0.0,0.0,0.0,0.0,80640.0,80640.0,89600.0,82432.0,64.0,64.0,64.0,64.0,0.0,0.0,0.0,0.0,1260.0,1260.0,1400.0,1288.0,0.0,0.0,0.0,0.0,0.0,0.0,0.0,0.0,0.0,0.0,0.0,0.0,0.0,0.0,0.0,0.0,0.0,0.0,0.0,0.0,0.0,0.0,0.0,0.0,0.8047781390918964,0.910316128022135,0.9466309049730635,0.834346923452091,0.19881010728005913,0.38108637030239906,0.5670607953657142,0.41758035004657196,0.5714285714285714,0.5928571428571429,0.6285714285714286,0.5971428571428572,0.005778549226440954,0.008323416800162594,0.013523048414120711,0.01004445428239459,-0.046841998814005296,-0.029251751967855295,-0.021056898523611565,-0.03563315354675547,3.75,4.0,6.25,6.15,1.0,1.0,1.0,1.0,1.3534618065453605,1.4786264415495778,1.7967385708103398,1.5848382136318953,,,,,6.633568410162121,7.252478449574693,7.627115193693478,6.976297385036437,2.5627485655361726,2.669778202248998,3.001461694708052,2.7373949720497226,0.0013473905766265067,0.002328422421433291,0.005969853742966191,0.006826900346533021,1.2463698963080623,1.9373739077858865,2.68505928882281,2.214985182076595,0.0,0.0,0.3478659210270437,0.1856588537023886,0.015704566162128144,0.031202854140066606,0.09197688667818753,0.0707272870032204,,,,,,,,,,,,,,,,,,,,
ed_abstract__gnn,byzantine,0.25,20,6.0,6.0,6.0,6.0,70.0,70.0,70.0,70.0,-0.7014077291883698,0.0,0.0,-0.283687375517828,0.006132405479389465,0.02099341888694213,0.04965141599062503,0.032491800767965394,,,,,,,,,0.0,0.0,0.0,0.0,0.0035714285714285713,0.00450487012987013,0.004761904761904762,0.0042802321686250255,0.0,0.0,0.0,0.0,0.0,0.0,0.0,0.0,1260.0,1260.0,1400.0,1288.0,1260.0,1260.0,1400.0,1288.0,1.0,1.0,1.0,1.0,0.0,0.0,0.0,0.0,80640.0,80640.0,89600.0,82432.0,64.0,64.0,64.0,64.0,0.0,0.0,0.0,0.0,1260.0,1260.0,1400.0,1288.0,0.0,0.0,0.0,0.0,0.0,0.0,0.0,0.0,0.0,0.0,0.0,0.0,0.0,0.0,0.0,0.0,0.0,0.0,0.0,0.0,0.0,0.0,0.0,0.0,0.7580032542796472,0.9000709165286636,0.9186929331416557,0.8117571639221934,0.2660926657335291,0.3658203476201123,0.5595028679455869,0.4010413107431309,0.5714285714285714,0.6,0.6285714285714286,0.5914285714285713,0.021267791984623557,0.026508586662490306,0.046658989657034064,0.032310263620317414,-0.04645524039148996,-0.028911893426930818,-0.020112862033788117,-0.03526651211216358,3.75,4.5,5.25,5.15,1.0,1.0,1.0,1.0,1.3534618065453605,1.4786264415495778,1.7967385708103398,1.5848382136318953,,,,,6.633568410162121,7.252478449574693,7.627115193693478,6.976297385036437,2.5627485655361726,2.669778202248998,3.001461694708052,2.7373949720497226,0.006132405479389465,0.02099341888694213,0.04965141599062503,0.032491800767965394,1.8108468701392897,3.3354009285987596,3.484806174422163,2.8881027567751896,0.0,0.0,0.7014077291883698,0.283687375517828,0.036396877828078975,0.10571066248261216,0.1469938844102169,0.10476001559292156,,,,,,,,,,,,,,,,,,,,
ed_abstract__gnn,byzantine,0.5,20,6.0,6.0,6.0,6.0,70.0,70.0,70.0,70.0,-0.16420542573561914,0.0,0.0,-0.16087500962282522,0.020748943075139078,0.07181623624332578,0.2091070575644145,3.694814625734863,,,,,,,,,0.0,0.0,0.0,0.0,0.0026339285714285714,0.0031498015873015874,0.0035714285714285713,0.00303108250876108,0.0,0.0,0.0,0.0,0.0,0.0,0.0,0.0,1260.0,1260.0,1400.0,1288.0,1260.0,1260.0,1400.0,1288.0,1.0,1.0,1.0,1.0,0.0,0.0,0.0,0.0,80640.0,80640.0,89600.0,82432.0,64.0,64.0,64.0,64.0,0.0,0.0,0.0,0.0,1260.0,1260.0,1400.0,1288.0,0.0,0.0,0.0,0.0,0.0,0.0,0.0,0.0,0.0,0.0,0.0,0.0,0.0,0.0,0.0,0.0,0.0,0.0,0.0,0.0,0.0,0.0,0.0,0.0,0.7910134183664391,0.9169109782928511,0.9630030925877472,0.8552203717298299,0.14547509568065214,0.2612441025615103,0.5738840056021789,0.3551511774772363,0.525,0.5642857142857143,0.5892857142857143,0.5499999999999999,0.03764119272248689,0.04962089984383759,0.09103532589737147,2.5045646997288475,-0.046687800661524274,-0.028472517420965376,-0.01877243566738562,0.017052385387363533,4.0,5.0,6.25,6.25,1.0,1.0,1.0,0.8,1.3534618065453605,1.4786264415495778,1.7967385708103398,1.5848382136318953,,,,,6.633568410162121,7.252478449574693,7.627115193693478,6.976297385036437,2.5627485655361726,2.669778202248998,3.001461694708052,2.7373949720497226,0.020748943075139078,0.07181623624332578,0.2091070575644145,3.694814625734863,1.6332635745549848,2.6503906802104904,4.421851581511696,3.0100512110991997,0.0,0.0,0.16420542573561914,0.16087500962282522,0.047071805895814084,0.11400178222080315,0.21379548024798578,0.12496928387591662,,,,,,,,,,,,,,,,,,,,
ed_abstract__gnn,latency,0.0,20,6.0,6.0,6.0,6.0,70.0,70.0,70.0,70.0,-0.0715638649898271,-0.03153483640362418,0.0,-0.06340017481448497,5.229493983344758e-12,3.3660530587254535e-11,9.967128820531491e-10,2.283448994389361e-08,,,,,,,,,0.0,0.0,0.0,0.0,0.006205357142857143,0.007142857142857143,0.007142857142857143,0.006690025252525253,0.0,0.0,0.0,0.0,0.0,0.0,0.0,0.0,1260.0,1260.0,1400.0,1288.0,1260.0,1260.0,1400.0,1288.0,1.0,1.0,1.0,1.0,0.0,0.0,0.0,0.0,80640.0,80640.0,89600.0,82432.0,64.0,64.0,64.0,64.0,0.0,0.0,0.0,0.0,1260.0,1260.0,1400.0,1288.0,0.0,0.0,0.0,0.0,0.0,0.0,0.0,0.0,0.0,0.0,0.0,0.0,0.0,0.0,0.0,0.0,0.0,0.0,0.0,0.0,0.0,0.0,0.0,0.0,0.7221277361562722,0.7676439376336613,0.8086783406292696,0.7592566642966436,0.7982487608636558,0.8400819934570907,0.8726492546412115,0.8231199218270537,0.9714285714285714,1.0,1.0,0.9835714285714285,1.7024458693263152e-11,1.1674921572667517e-10,2.347666085851011e-09,3.8156116755358166e-08,-0.046859668697929825,-0.029309676096166463,-0.021110846071879703,-0.035730680368356076,3.0,4.0,4.25,3.8,1.0,1.0,1.0,1.0,1.3534618065453605,1.4786264415495778,1.7967385708103398,1.5848382136318953,,,,,6.633568410162121,7.252478449574693,7.627115193693478,6.976297385036437,2.5627485655361726,2.669778202248998,3.001461694708052,2.7373949720497226,5.229493983344758e-12,3.3660530587254535e-11,9.967128820531491e-10,2.283448994389361e-08,0.19359302356345798,0.286594046338029,0.4360934966727896,0.41088910481418034,0.0,0.03153483640362418,0.0715638649898271,0.06340017481448497,0.0004652318154053586,0.0006790870340784275,0.0028423649202798896,0.0033999854712576487,,,,,,,,,,,,,,,,,,,,
ed_abstract__gnn,latency,1.0,20,6.0,6.0,6.0,6.0,70.0,70.0,70.0,70.0,-0.08860781952270451,-0.028727437528795308,0.0,-0.07660882910481578,2.060785100646371e-09,2.7811752006163873e-08,1.7767210164587694e-07,4.889402983019219e-06,,,,,,,,,0.0,0.0,0.0,0.0,0.008031400966183575,0.010466988727858293,0.011912604303908652,0.010282947225882008,1.0,1.0,1.0,1.0,1.0,1.0,1.0,1.0,1260.0,1260.0,1400.0,1288.0,1242.0,1242.0,1380.0,1269.6,0.9857142857142858,0.9857142857142858,0.9857142857142858,0.9857142857142861,0.014285714285714235,0.014285714285714235,0.014285714285714235,0.014285714285714235,79488.0,79488.0,88320.0,81254.4,64.0,64.0,64.0,64.0,0.0,0.0,0.0,0.0,1242.0,1242.0,1380.0,1269.6,0.0,0.0,0.0,0.0,0.0,0.0,0.0,0.0,0.0,0.0,0.0,0.0,0.0,0.0,0.0,0.0,0.0,0.0,0.0,0.0,0.0,0.0,0.0,0.0,0.6373009055829014,0.7753839463972576,0.8181879039996351,0.7230184452499382,0.6895511145585198,0.8638571990113381,0.910896819848416,0.8117606566497187,0.6,0.65,0.7,0.6621428571428571,3.5350142901128238e-09,2.9841103426934945e-08,2.8827064619797933e-07,4.589257870800678e-06,-0.04685966856087712,-0.029309468866208402,-0.02111084603666675,-0.035730610845949036,4.0,6.0,8.0,6.15,1.0,1.0,1.0,1.0,1.3534618065453605,1.4786264415495778,1.7967385708103398,1.5848382136318953,,,,,6.633568410162121,7.252478449574693,7.627115193693478,6.976297385036437,2.5627485655361726,2.669778202248998,3.001461694708052,2.7373949720497226,2.060785100646371e-09,2.7811752006163873e-08,1.7767210164587694e-07,4.889402983019219e-06,0.14150132172234198,0.23887095261790448,0.40944460374535896,0.41482306218509646,0.0,0.028727437528795308,0.08860781952270451,0.07660882910481578,0.00019403949410847347,0.0006483059920432811,0.002484148234536433,0.004516622173330905,,,,,,,,,,,,,,,,,,,,
ed_abstract__gnn,latency,2.0,20,6.0,6.0,6.0,6.0,70.0,70.0,70.0,70.0,-0.10408766912556172,-0.028241710783918704,0.0,-0.08179808950558949,2.6773765353154057e-09,4.602746458370567e-08,1.6589516749284076e-07,1.2351204950606488e-05,,,,,,,,,0.0,0.0,0.0,0.0,0.00978442513368984,0.014297385620915032,0.016822638146167558,0.013981543374925728,2.0,2.0,2.0,2.0,2.0,2.0,2.0,2.0,1260.0,1260.0,1400.0,1288.0,1224.0,1224.0,1360.0,1251.2,0.9714285714285714,0.9714285714285714,0.9714285714285714,0.9714285714285713,0.02857142857142858,0.02857142857142858,0.02857142857142858,0.02857142857142858,78336.0,78336.0,87040.0,80076.8,64.0,64.0,64.0,64.0,0.0,0.0,0.0,0.0,1224.0,1224.0,1360.0,1251.2,0.0,0.0,0.0,0.0,0.0,0.0,0.0,0.0,0.0,0.0,0.0,0.0,0.0,0.0,0.0,0.0,0.0,0.0,0.0,0.0,0.0,0.0,0.0,0.0,0.710747877877709,0.739304985629575,0.7618351517495983,0.7351714850939707,0.847380655836197,0.9055240551258883,0.9544988263732064,0.8879208017108573,0.5714285714285714,0.6,0.6857142857142857,0.627142857142857,1.9654153779544665e-08,7.987197663016875e-08,3.576494671926825e-07,2.403676564239672e-05,-0.04685966856043887,-0.02930966628585635,-0.021110846050257266,-0.035730504248778064,6.75,9.0,10.25,8.85,1.0,1.0,1.0,1.0,1.3534618065453605,1.4786264415495778,1.7967385708103398,1.5848382136318953,,,,,6.633568410162121,7.252478449574693,7.627115193693478,6.976297385036437,2.5627485655361726,2.669778202248998,3.001461694708052,2.7373949720497226,2.6773765353154057e-09,4.602746458370567e-08,1.6589516749284076e-07,1.2351204950606488e-05,0.132461731499381,0.2629096836764431,0.5373151722783376,0.4495621508135147,0.0,0.028241710783918704,0.10408766912556172,0.08179808950558949,0.00019348560937656589,0.0009287162155210675,0.0031442395248699705,0.005483995936833143,,,,,,,,,,,,,,,,,,,,
ed_abstract__gnn,latency,4.0,20,6.0,6.0,6.0,6.0,70.0,70.0,70.0,70.0,-0.12002470011559935,-0.03642938352647798,0.0,-0.09419868113527098,6.217949933389359e-08,2.9078179336605456e-06,8.731468534173273e-06,0.005772267165741374,,,,,,,,,0.0,0.0,0.0,0.0,0.01378271349862259,0.02230639730639731,0.027089072543617997,0.021714971686562595,4.0,4.0,4.0,4.0,4.0,4.0,4.0,4.0,1260.0,1260.0,1400.0,1288.0,1188.0,1188.0,1320.0,1214.4,0.9428571428571428,0.9428571428571428,0.9428571428571428,0.9428571428571428,0.05714285714285716,0.05714285714285716,0.05714285714285716,0.05714285714285716,76032.0,76032.0,84480.0,77721.6,64.0,64.0,64.0,64.0,0.0,0.0,0.0,0.0,1188.0,1188.0,1320.0,1214.4,0.0,0.0,0.0,0.0,0.0,0.0,0.0,0.0,0.0,0.0,0.0,0.0,0.0,0.0,0.0,0.0,0.0,0.0,0.0,0.0,0.0,0.0,0.0,0.0,0.7865932637041038,0.8131647566200617,0.8281539680296209,0.8129217996016113,0.868771078928507,0.9201786561742764,0.9389481724661622,0.8847093975510655,0.5821428571428572,0.6214285714285714,0.6428571428571429,0.6171428571428571,1.3588548660843768e-06,7.691845469565607e-06,1.9150444460360407e-05,0.006410108164715001,-0.04685963909145047,-0.02930962363202969,-0.021110589522644763,-0.035648219735052486,11.0,14.0,17.75,14.25,1.0,1.0,1.0,1.0,1.3534618065453605,1.4786264415495778,1.7967385708103398,1.5848382136318953,,,,,6.633568410162121,7.252478449574693,7.627115193693478,6.976297385036437,2.5627485655361726,2.669778202248998,3.001461694708052,2.7373949720497226,6.217949933389359e-08,2.9078179336605456e-06,8.731468534173273e-06,0.005772267165741374,0.17623456533727477,0.4672093918021436,0.7216152292117755,0.5547243377440662,0.0,0.03642938352647798,0.12002470011559935,0.09419868113527098,0.00035661781467575296,0.00317044033271182,0.00563121984526242,0.007483998875020634,,,,,,,,,,,,,,,,,,,,
ed_abstract__gnn,latency,8.0,20,6.0,6.0,6.0,6.0,70.0,70.0,70.0,70.0,-0.15316454172422048,-0.03403026116421868,0.0,-0.10154115894718871,3.9246964032926793e-05,0.00010681830922556301,0.0007438716595484208,0.010544956832663852,,,,,,,,,0.0,0.0,0.0,0.0,0.02255315249266862,0.039874551971326166,0.04973118279569892,0.038678620886282176,8.0,8.0,8.0,8.0,8.0,8.0,8.0,8.0,1260.0,1260.0,1400.0,1288.0,1116.0,1116.0,1240.0,1140.8,0.8857142857142857,0.8857142857142857,0.8857142857142857,0.8857142857142858,0.11428571428571432,0.11428571428571432,0.11428571428571432,0.11428571428571432,71424.0,71424.0,79360.0,73011.2,64.0,64.0,64.0,64.0,0.0,0.0,0.0,0.0,1116.0,1116.0,1240.0,1140.8,0.0,0.0,0.0,0.0,0.0,0.0,0.0,0.0,0.0,0.0,0.0,0.0,0.0,0.0,0.0,0.0,0.0,0.0,0.0,0.0,0.0,0.0,0.0,0.0,0.8426168228572775,0.8619072607447825,0.879060597588695,0.8636677953589066,0.842187648140821,0.9199201851298563,0.9571016958997443,0.8733327668716641,0.4714285714285714,0.5142857142857142,0.6142857142857143,0.5642857142857143,0.0001496561603122188,0.00038800459213945255,0.0011982946836864763,0.013007998160387136,-0.04685431513174992,-0.029308550038503092,-0.0211071935879948,-0.03558003845409645,19.0,24.0,29.0,24.85,1.0,1.0,1.0,1.0,1.3534618065453605,1.4786264415495778,1.7967385708103398,1.5848382136318953,,,,,6.633568410162121,7.252478449574693,7.627115193693478,6.976297385036437,2.5627485655361726,2.669778202248998,3.001461694708052,2.7373949720497226,3.9246964032926793e-05,0.00010681830922556301,0.0007438716595484208,0.010544956832663852,0.23571651827860474,0.5943956984828405,0.9335588399920296,0.6826592373018006,0.0,0.03403026116421868,0.15316454172422048,0.10154115894718871,0.0005907626181952117,0.004390811152944854,0.01030312287241745,0.01031755587383741,,,,,,,,,,,,,,,,,,,,
ed_abstract__gnn,msg_drop,0.0,20,6.0,6.0,6.0,6.0,70.0,70.0,70.0,70.0,-0.0715638649898271,-0.03153483640362418,0.0,-0.06340017481448497,5.229493983344758e-12,3.3660530587254535e-11,9.967128820531491e-10,2.283448994389361e-08,,,,,,,,,0.0,0.0,0.0,0.0,0.006205357142857143,0.007142857142857143,0.007142857142857143,0.006690025252525253,0.0,0.0,0.0,0.0,0.0,0.0,0.0,0.0,1260.0,1260.0,1400.0,1288.0,1260.0,1260.0,1400.0,1288.0,1.0,1.0,1.0,1.0,0.0,0.0,0.0,0.0,80640.0,80640.0,89600.0,82432.0,64.0,64.0,64.0,64.0,0.0,0.0,0.0,0.0,1260.0,1260.0,1400.0,1288.0,0.0,0.0,0.0,0.0,0.0,0.0,0.0,0.0,0.0,0.0,0.0,0.0,0.0,0.0,0.0,0.0,0.0,0.0,0.0,0.0,0.0,0.0,0.0,0.0,0.7221277361562722,0.7676439376336613,0.8086783406292696,0.7592566642966436,0.7982487608636558,0.8400819934570907,0.8726492546412115,0.8231199218270537,0.9714285714285714,1.0,1.0,0.9835714285714285,1.7024458693263152e-11,1.1674921572667517e-10,2.347666085851011e-09,3.8156116755358166e-08,-0.046859668697929825,-0.029309676096166463,-0.021110846071879703,-0.035730680368356076,3.0,4.0,4.25,3.8,1.0,1.0,1.0,1.0,1.3534618065453605,1.4786264415495778,1.7967385708103398,1.5848382136318953,,,,,6.633568410162121,7.252478449574693,7.627115193693478,6.976297385036437,2.5627485655361726,2.669778202248998,3.001461694708052,2.7373949720497226,5.229493983344758e-12,3.3660530587254535e-11,9.967128820531491e-10,2.283448994389361e-08,0.19359302356345798,0.286594046338029,0.4360934966727896,0.41088910481418034,0.0,0.03153483640362418,0.0715638649898271,0.06340017481448497,0.0004652318154053586,0.0006790870340784275,0.0028423649202798896,0.0033999854712576487,,,,,,,,,,,,,,,,,,,,
ed_abstract__gnn,msg_drop,0.1,20,6.0,6.0,6.0,6.0,70.0,70.0,70.0,70.0,-0.10671744997041363,-0.05446664061166023,0.0,-0.07299573717992883,1.5374470664049522e-11,6.611457390001736e-11,3.8887947246709996e-10,5.3377614484941884e-09,,,,,,,,,0.0,0.0,0.0,0.0,0.10297619047619049,0.10723562152133581,0.11369047619047619,0.10857051381158525,0.0,0.0,0.0,0.0,0.0,0.0,0.0,0.0,1260.0,1260.0,1400.0,1288.0,1115.5,1132.5,1256.5,1156.35,0.8927380952380952,0.8988404452690166,0.9034090909090909,0.8974509637188209,0.09659090909090909,0.10115955473098331,0.10726190476190481,0.10254903628117915,71392.0,72480.0,80416.0,74006.4,64.0,64.0,64.0,64.0,0.0,0.0,0.0,0.0,1115.5,1132.5,1256.5,1156.35,0.0,0.0,0.0,0.0,0.0,0.0,0.0,0.0,126.0,131.0,144.0,131.65,0.0,0.0,0.0,0.0,0.0,0.0,0.0,0.0,0.0,0.0,0.0,0.0,0.7337832015229886,0.7666081061270194,0.7993444452708468,0.7546542311273365,0.7627490483069543,0.8645727061187817,0.9160616902613782,0.8335277364114919,0.9142857142857143,0.9428571428571428,0.975,0.9271428571428573,7.446136209812658e-11,2.072015904688936e-10,8.705694160042255e-10,3.9668542554402713e-08,-0.04685966870156528,-0.029309676096065006,-0.02111084607151292,-0.03573068061830934,3.0,4.0,5.0,4.3,1.0,1.0,1.0,1.0,1.3534618065453605,1.4786264415495778,1.7967385708103398,1.5848382136318953,,,,,6.633568410162121,7.252478449574693,7.627115193693478,6.976297385036437,2.5627485655361726,2.669778202248998,3.001461694708052,2.7373949720497226,1.5374470664049522e-11,6.611457390001736e-11,3.8887947246709996e-10,5.3377614484941884e-09,0.2588919017576987,0.2860597184973117,0.6099183752395685,0.4187098901705311,0.0,0.05446664061166023,0.10671744997041363,0.07299573717992883,0.0005791393453900714,0.0010176372411710097,0.0034350087085441095,0.003016024479636917,,,,,,,,,,,,,,,,,,,,
ed_abstract__gnn,msg_drop,0.3,20,6.0,6.0,6.0,6.0,70.0,70.0,70.0,70.0,-0.1485454443147834,-0.05753025887532609,0.0,-0.095313255791194,2.032555689348209e-10,9.278407368156578e-10,7.327363577326659e-09,8.651224593236351e-08,,,,,,,,,0.0,0.0,0.0,0.0,0.2990327380952381,0.3073979591836735,0.30992063492063493,0.3063503659039373,0.0,0.0,0.0,0.0,0.0,0.0,0.0,0.0,1260.0,1260.0,1400.0,1288.0,871.25,887.0,964.75,899.7,0.6950892857142856,0.6967893217893217,0.7045386904761906,0.6983231550195834,0.29546130952380945,0.3032106782106782,0.3049107142857143,0.30167684498041636,55760.0,56768.0,61744.0,57580.8,64.0,64.0,64.0,64.0,0.0,0.0,0.0,0.0,871.25,887.0,964.75,899.7,0.0,0.0,0.0,0.0,0.0,0.0,0.0,0.0,366.0,382.5,420.25,388.3,0.0,0.0,0.0,0.0,0.0,0.0,0.0,0.0,0.0,0.0,0.0,0.0,0.7593073276837803,0.7990455357840323,0.8248644865641325,0.77406049712164,0.7300401982476434,0.8161849751982828,0.9129963249248222,0.7913013868367977,0.7142857142857143,0.7714285714285715,0.85,0.7942857142857143,1.0907197027200147e-09,3.4097887073772315e-09,1.218098722069991e-07,2.435777418702633e-07,-0.04685966850543024,-0.029309676093436876,-0.021110845960541694,-0.03573067945867385,4.0,4.0,6.0,4.9,1.0,1.0,1.0,1.0,1.3534618065453605,1.4786264415495778,1.7967385708103398,1.5848382136318953,,,,,6.633568410162121,7.252478449574693,7.627115193693478,6.976297385036437,2.5627485655361726,2.669778202248998,3.001461694708052,2.7373949720497226,2.032555689348209e-10,9.278407368156578e-10,7.327363577326659e-09,8.651224593236351e-08,0.42795904508149185,0.5824806401847225,0.7877619888998428,0.6156950710036087,0.0,0.05753025887532609,0.1485454443147834,0.095313255791194,0.0015400344479050668,0.0035166263915021754,0.006251314767307591,0.0062167841066515395,,,,,,,,,,,,,,,,,,,,
ed_abstract__gnn,msg_drop,0.5,20,6.0,6.0,6.0,6.0,70.0,70.0,70.0,70.0,-0.09837962367354808,0.0,0.0,-0.07783660137896123,2.932080414707457e-09,2.7385275161012564e-08,4.612584853405283e-07,1.3677370848105516e-06,,,,,,,,,0.0,0.0,0.0,0.0,0.4986111111111111,0.5031746031746032,0.5113715277777777,0.5041467287672645,0.0,0.0,0.0,0.0,0.0,0.0,0.0,0.0,1260.0,1260.0,1400.0,1288.0,615.25,633.0,697.25,643.6,0.4918650793650794,0.5003968253968254,0.5049603174603174,0.4992764120799835,0.49503968253968256,0.4996031746031746,0.5081349206349206,0.5007235879200165,39376.0,40512.0,44624.0,41190.4,64.0,64.0,64.0,64.0,0.0,0.0,0.0,0.0,615.25,633.0,697.25,643.6,0.0,0.0,0.0,0.0,0.0,0.0,0.0,0.0,616.75,634.5,687.75,644.4,0.0,0.0,0.0,0.0,0.0,0.0,0.0,0.0,0.0,0.0,0.0,0.0,0.7516667674236583,0.7970135354485808,0.8473762182559431,0.8018352448426784,0.7650217253836726,0.8210157653917294,0.8876787379674658,0.815536658177898,0.6071428571428572,0.6285714285714286,0.7178571428571429,0.6557142857142857,1.4409496766093916e-08,1.2348641943499092e-07,1.0661019742469669e-06,6.4947489405137915e-06,-0.04685966324810233,-0.029309676054990397,-0.021110845911976008,-0.03573066115546186,4.75,5.5,7.25,5.95,1.0,1.0,1.0,1.0,1.3534618065453605,1.4786264415495778,1.7967385708103398,1.5848382136318953,,,,,6.633568410162121,7.252478449574693,7.627115193693478,6.976297385036437,2.5627485655361726,2.669778202248998,3.001461694708052,2.7373949720497226,2.932080414707457e-09,2.7385275161012564e-08,4.612584853405283e-07,1.3677370848105516e-06,0.313782045224416,0.778172026995144,1.2769123135381732,0.8686259828972787,0.0,0.0,0.09837962367354808,0.07783660137896123,0.0012810903517882788,0.005679713543102919,0.017607162551431254,0.013600125421755824,,,,,,,,,,,,,,,,,,,,
ed_abstract__gnn,msg_drop,0.7,20,6.0,6.0,6.0,6.0,70.0,70.0,70.0,70.0,-0.17436606612267808,-0.04227581266208695,0.0,-0.13564333117125774,1.647787934048195e-07,6.112627127257127e-07,1.2035267981634436e-05,2.7649543385391322e-05,,,,,,,,,0.0,0.0,0.0,0.0,0.6939303751803751,0.6998412698412698,0.7025081168831169,0.6987504380540095,0.0,0.0,0.0,0.0,0.0,0.0,0.0,0.0,1260.0,1260.0,1400.0,1288.0,371.0,385.0,417.0,391.1,0.29946428571428574,0.3026190476190476,0.3087121212121212,0.30358105287569576,0.6912878787878787,0.6973809523809523,0.7005357142857143,0.6964189471243043,23744.0,24640.0,26688.0,25030.4,64.0,64.0,64.0,64.0,0.0,0.0,0.0,0.0,371.0,385.0,417.0,391.1,0.0,0.0,0.0,0.0,0.0,0.0,0.0,0.0,860.25,880.0,977.75,896.9,0.0,0.0,0.0,0.0,0.0,0.0,0.0,0.0,0.0,0.0,0.0,0.0,0.7978671942939515,0.8349694790298874,0.8712008734103076,0.8335398653063046,0.7620327420248665,0.808530842999254,0.8962553854693379,0.8235608096653377,0.5285714285714286,0.5642857142857143,0.5857142857142857,0.5628571428571428,3.763759596983357e-07,3.6356451859385124e-06,3.756203662153596e-05,6.469463997712095e-05,-0.04685945433779169,-0.02930959541831847,-0.021110839475470926,-0.035730285701086134,7.0,8.0,11.0,8.45,1.0,1.0,1.0,1.0,1.3534618065453605,1.4786264415495778,1.7967385708103398,1.5848382136318953,,,,,6.633568410162121,7.252478449574693,7.627115193693478,6.976297385036437,2.5627485655361726,2.669778202248998,3.001461694708052,2.7373949720497226,1.647787934048195e-07,6.112627127257127e-07,1.2035267981634436e-05,2.7649543385391322e-05,0.24735141406923322,0.7435752673939793,1.5586564147789483,0.9662735000284031,0.0,0.04227581266208695,0.17436606612267808,0.13564333117125774,0.0008755534857524482,0.007152811606811469,0.028985275094540235,0.017021455874686307,,,,,,,,,,,,,,,,,,,,
ed_abstract__gnn,msg_drop,1.0,20,6.0,6.0,6.0,6.0,70.0,70.0,70.0,70.0,-0.08208888522535136,-0.0527896838005538,-0.033264580261175354,-0.07079492308906928,1.4777592250532785,2.0516773267472788,3.28017680933905,2.501147648619415,,,,,,,,,0.0,0.0,0.0,0.0,1.0,1.0,1.0,1.0,0.0,0.0,0.0,0.0,0.0,0.0,0.0,0.0,1260.0,1260.0,1400.0,1288.0,0.0,0.0,0.0,0.0,0.0,0.0,0.0,0.0,1.0,1.0,1.0,1.0,0.0,0.0,0.0,0.0,0.0,0.0,0.0,0.0,0.0,0.0,0.0,0.0,0.0,0.0,0.0,0.0,0.0,0.0,0.0,0.0,0.0,0.0,0.0,0.0,1260.0,1260.0,1400.0,1288.0,0.0,0.0,0.0,0.0,0.0,0.0,0.0,0.0,0.0,0.0,0.0,0.0,1.0,1.0,1.0,1.0,0.0,0.0,0.0,0.0,1.0,1.0,1.0,1.0,1.4777592250532783,2.0516773267472788,3.28017680933905,2.5011476486194155,0.0,0.0,0.0,0.0,,,,,0.0,0.0,0.0,0.0,1.3534618065453605,1.4786264415495778,1.7967385708103398,1.5848382136318953,,,,,6.633568410162121,7.252478449574693,7.627115193693478,6.976297385036437,2.5627485655361726,2.669778202248998,3.001461694708052,2.7373949720497226,1.4777592250532785,2.0516773267472788,3.28017680933905,2.501147648619415,0.0,8.881784197001252e-16,0.07085066072253832,0.047785789088784635,0.033264580261175354,0.0527896838005538,0.08208888522535136,0.07079492308906928,0.04528891401304944,0.0645932749305612,0.09231496628187184,0.0801422891916268,,,,,,,,,,,,,,,,,,,,
ed_abstract__hybrid,bandwidth,0.0,20,6.0,6.0,6.0,6.0,70.0,70.0,70.0,70.0,-0.0003512775915678825,-0.0001752484709384331,-4.093256948696099e-05,-0.0005753632920548528,2.1484586538727534e-11,2.9501634595436117e-10,1.823154786137572e-09,7.637402965520545e-09,,,,,,,,,0.0,0.0,0.0,0.0,0.006205357142857143,0.007142857142857143,0.007142857142857143,0.006690025252525253,0.0,0.0,0.0,0.0,0.0,0.0,0.0,0.0,1260.0,1260.0,1400.0,1288.0,1260.0,1260.0,1400.0,1288.0,1.0,1.0,1.0,1.0,0.0,0.0,0.0,0.0,80640.0,80640.0,89600.0,82432.0,64.0,64.0,64.0,64.0,0.0,0.0,0.0,0.0,1260.0,1260.0,1400.0,1288.0,0.0,0.0,0.0,0.0,0.0,0.0,0.0,0.0,0.0,0.0,0.0,0.0,0.0,0.0,0.0,0.0,0.0,0.0,0.0,0.0,0.0,0.0,0.0,0.0,0.7349855074032322,0.7557739092012871,0.7709648737478585,0.7604448388637056,0.8430859189152063,0.9170772236446021,0.950145480263293,0.8849101773809803,0.9392857142857143,1.0,1.0,0.9678571428571431,8.58973171996045e-11,9.840829102789808e-10,4.664424087913018e-09,2.480676284490238e-08,-0.046859668638841015,-0.029309676096139475,-0.021110846068345332,-0.03573068058545732,4.0,5.0,7.0,5.25,1.0,1.0,1.0,1.0,1.3534618065453605,1.4786264415495778,1.7967385708103398,1.5848382136318953,,,,,6.633568410162121,7.252478449574693,7.627115193693478,6.976297385036437,2.5627485655361726,2.669778202248998,3.001461694708052,2.7373949720497226,2.1484586538727534e-11,2.9501634595436117e-10,1.823154786137572e-09,7.637402965520545e-09,0.000655550564581775,0.001175302917253429,0.0028977976760216073,0.003012589112553732,4.093256948696099e-05,0.0001752484709384331,0.0003512775915678825,0.0005753632920548528,3.380928358179118e-09,1.0723727999233144e-08,1.5014250930025078e-07,4.721501334717913e-07,,,,,,,,,,,,,,,,,,,,
ed_abstract__hybrid,bandwidth,1.0,20,6.0,6.0,6.0,6.0,70.0,70.0,70.0,70.0,-0.009153728423622755,0.0,0.0,-0.057181625948866166,0.04366607142836519,0.08110374141909191,0.14019186969464442,0.10345401576103759,,,,,,,,,0.20960139881755463,0.22608524053799356,0.2418067028804972,0.2270612356088217,0.0,0.0,0.0,0.0,0.0,0.0,0.0,0.0,0.0,0.0,0.0,0.0,1260.0,1260.0,1400.0,1288.0,1260.0,1260.0,1400.0,1288.0,1.0,1.0,1.0,1.0,0.0,0.0,0.0,0.0,2520.0,2520.0,2800.0,2576.0,2.0,2.0,2.0,2.0,0.0,0.0,0.0,0.0,1260.0,1260.0,1400.0,1288.0,0.0,0.0,0.0,0.0,0.0,0.0,0.0,0.0,0.0,0.0,0.0,0.0,0.0,0.0,0.0,0.0,0.0,0.0,0.0,0.0,0.0,0.0,0.0,0.0,0.24626632287149225,0.2792466264988176,0.3520135825396081,0.29822373725571577,0.9298093616530183,0.9505464308069644,0.9694736837951105,0.9365025358216258,0.1392857142857143,0.2785714285714286,0.4142857142857143,0.3221428571428571,0.04366607142057617,0.08110374026528705,0.14019186789854704,0.1034537476736759,-0.04649779421768457,-0.028151051218874776,-0.01866687268520468,-0.03425276618369111,3.0,3.0,4.0,3.5294117647058822,1.0,1.0,1.0,0.85,1.3534618065453605,1.4786264415495778,1.7967385708103398,1.5848382136318953,,,,,6.633568410162121,7.252478449574693,7.627115193693478,6.976297385036437,2.5627485655361726,2.669778202248998,3.001461694708052,2.7373949720497226,0.04366607142836519,0.08110374141909191,0.14019186969464442,0.10345401576103759,0.6574239078524611,1.2660686814608098,2.1143211014042675,1.5722116807742268,0.0,0.0,0.009153728423622755,0.057181625948866166,0.007168722754903233,0.025926774944645514,0.047973094762343106,0.036775510931007074,,,,,,,,,,,,,,,,,,,,
ed_abstract__hybrid,bandwidth,2.0,20,6.0,6.0,6.0,6.0,70.0,70.0,70.0,70.0,-0.41728201897365247,-0.31993284554349377,-0.07388198160762321,-0.30639969230761854,0.004851785714285684,0.009115197466922782,0.021500975133057584,0.1948024607252829,,,,,,,,,0.027578480576148715,0.030322398592399682,0.033710693951027,0.05338193366591113,0.0,0.0,0.0,0.0,0.0,0.0,0.0,0.0,0.0,0.0,0.0,0.0,1260.0,1260.0,1400.0,1288.0,1260.0,1260.0,1400.0,1288.0,1.0,1.0,1.0,1.0,0.0,0.0,0.0,0.0,5040.0,5040.0,5600.0,5152.0,4.0,4.0,4.0,4.0,0.0,0.0,0.0,0.0,1260.0,1260.0,1400.0,1288.0,0.0,0.0,0.0,0.0,0.0,0.0,0.0,0.0,0.0,0.0,0.0,0.0,0.0,0.0,0.0,0.0,0.0,0.0,0.0,0.0,0.0,0.0,0.0,0.0,0.28787416728541954,0.3387165579791922,0.4493858006368673,0.41211821483196126,0.8831413875191222,0.9459846255985381,0.9691060129639341,0.840246225978871,0.3928571428571429,0.48571428571428565,0.6178571428571429,0.49642857142857144,0.004851785714282358,0.009115197444510035,0.021500974692276454,0.1950686077200446,-0.04681946042849256,-0.027719135713928842,-0.018421317422567314,-0.03294778839848761,3.0,4.0,4.0,3.933333333333333,0.75,1.0,1.0,0.75,1.3534618065453605,1.4786264415495778,1.7967385708103398,1.5848382136318953,,,,,6.633568410162121,7.252478449574693,7.627115193693478,6.976297385036437,2.5627485655361726,2.669778202248998,3.001461694708052,2.7373949720497226,0.004851785714285684,0.009115197466922782,0.021500975133057584,0.1948024607252829,0.671731792329338,1.4958248587223517,1.9167949484845237,1.4523658081934063,0.07388198160762321,0.31993284554349377,0.41728201897365247,0.30639969230761854,0.009685231140931057,0.02920832952101261,0.04413809264713826,0.036154054640034225,,,,,,,,,,,,,,,,,,,,
ed_abstract__hybrid,bandwidth,3.0,20,6.0,6.0,6.0,6.0,70.0,70.0,70.0,70.0,-0.2658546294054063,-0.18212420838022064,-0.017722675235752584,-0.15973124095848015,0.0014808525018494669,0.00201572924827592,0.0045494656068459,0.03801860276921728,,,,,,,,,0.007200778238523008,0.00850043020693123,0.01340553179244427,0.017643272952762606,0.0,0.0,0.0,0.0,0.0,0.0,0.0,0.0,0.0,0.0,0.0,0.0,1260.0,1260.0,1400.0,1288.0,1260.0,1260.0,1400.0,1288.0,1.0,1.0,1.0,1.0,0.0,0.0,0.0,0.0,7560.0,7560.0,8400.0,7728.0,6.0,6.0,6.0,6.0,0.0,0.0,0.0,0.0,1260.0,1260.0,1400.0,1288.0,0.0,0.0,0.0,0.0,0.0,0.0,0.0,0.0,0.0,0.0,0.0,0.0,0.0,0.0,0.0,0.0,0.0,0.0,0.0,0.0,0.0,0.0,0.0,0.0,0.3071599318073512,0.44568477314793836,0.9681542595919536,0.5575796752657516,0.26351819454508874,0.9175790615944143,0.9537278093299633,0.697160846692935,0.45357142857142857,0.5714285714285714,0.8,0.6064285714285714,0.0014808525015092924,0.0020157292428551517,0.004549399081442615,0.039238295302103085,-0.0468479214784027,-0.028897542423074404,-0.021095370718420027,-0.035187557797859974,3.0,4.0,5.0,4.764705882352941,1.0,1.0,1.0,0.85,1.3534618065453605,1.4786264415495778,1.7967385708103398,1.5848382136318953,,,,,6.633568410162121,7.252478449574693,7.627115193693478,6.976297385036437,2.5627485655361726,2.669778202248998,3.001461694708052,2.7373949720497226,0.0014808525018494669,0.00201572924827592,0.0045494656068459,0.03801860276921728,0.35225855510722437,0.9395149645458218,1.1816951676789476,0.9154791149095411,0.017722675235752584,0.18212420838022064,0.2658546294054063,0.15973124095848015,0.0013619705365929802,0.01238046195272129,0.018743472034009948,0.014051139371849344,,,,,,,,,,,,,,,,,,,,
ed_abstract__hybrid,bandwidth,4.0,20,6.0,6.0,6.0,6.0,70.0,70.0,70.0,70.0,-0.1406395970282065,0.0,0.0,-0.07155920427180594,0.0003190668930369147,0.000438980553980261,0.0011122475904461863,0.0106278711384236,,,,,,,,,0.0022431562890170356,0.003309762825061248,0.004392137004923514,0.0048551086973382404,0.0,0.0,0.0,0.0,0.0,0.0,0.0,0.0,0.0,0.0,0.0,0.0,1260.0,1260.0,1400.0,1288.0,1260.0,1260.0,1400.0,1288.0,1.0,1.0,1.0,1.0,0.0,0.0,0.0,0.0,10080.0,10080.0,11200.0,10304.0,8.0,8.0,8.0,8.0,0.0,0.0,0.0,0.0,1260.0,1260.0,1400.0,1288.0,0.0,0.0,0.0,0.0,0.0,0.0,0.0,0.0,0.0,0.0,0.0,0.0,0.0,0.0,0.0,0.0,0.0,0.0,0.0,0.0,0.0,0.0,0.0,0.0,0.3957807569006978,0.5347311424827559,0.9500553365280229,0.6078087934316542,0.38716456273626537,0.8695960961484761,0.9541541128113442,0.7137042740583055,0.5535714285714286,0.6785714285714286,0.9785714285714285,0.7328571428571429,0.00031906688292453433,0.00043897746289643864,0.0011122735141452108,0.010880543480593344,-0.04685806037378952,-0.02930452665248172,-0.0211074758840355,-0.03557885396401417,4.0,5.0,5.0,4.352941176470588,1.0,1.0,1.0,0.85,1.3534618065453605,1.4786264415495778,1.7967385708103398,1.5848382136318953,,,,,6.633568410162121,7.252478449574693,7.627115193693478,6.976297385036437,2.5627485655361726,2.669778202248998,3.001461694708052,2.7373949720497226,0.0003190668930369147,0.000438980553980261,0.0011122475904461863,0.0106278711384236,0.1519219272143335,0.47815568955817955,0.9425310988127293,0.656116716711788,0.0,0.0,0.1406395970282065,0.07155920427180594,0.00022902062131925437,0.0025309387423657972,0.009968048111820182,0.007325674343006667,,,,,,,,,,,,,,,,,,,,
ed_abstract__hybrid,bandwidth,8.0,20,6.0,6.0,6.0,6.0,70.0,70.0,70.0,70.0,-0.028722035869297176,-0.00965784273878622,0.0,-0.022742711701784456,3.4679561692853275e-06,1.0203688490826773e-05,4.976783008454893e-05,0.0002971990094269766,,,,,,,,,0.00018952569118304516,0.0006972415906052278,0.0019905051746443537,0.001693266242252608,0.0,0.0,0.0,0.0,0.0,0.0,0.0,0.0,0.0,0.0,0.0,0.0,1260.0,1260.0,1400.0,1288.0,1260.0,1260.0,1400.0,1288.0,1.0,1.0,1.0,1.0,0.0,0.0,0.0,0.0,20160.0,20160.0,22400.0,20608.0,16.0,16.0,16.0,16.0,0.0,0.0,0.0,0.0,1260.0,1260.0,1400.0,1288.0,0.0,0.0,0.0,0.0,0.0,0.0,0.0,0.0,0.0,0.0,0.0,0.0,0.0,0.0,0.0,0.0,0.0,0.0,0.0,0.0,0.0,0.0,0.0,0.0,0.5057895805197016,0.6542325589962341,0.8987590845267125,0.6772280782562581,0.5518584278110987,0.8987814493378128,0.9603970675315097,0.75807465705373,0.5678571428571428,0.8142857142857143,0.9892857142857143,0.7621428571428572,3.0490175304667683e-06,1.3840607668626762e-05,4.976749318878125e-05,0.00029833234232845785,-0.04685961861840936,-0.029307893852266956,-0.021110834410638747,-0.03572643499442841,3.75,5.0,7.0,5.15,1.0,1.0,1.0,1.0,1.3534618065453605,1.4786264415495778,1.7967385708103398,1.5848382136318953,,,,,6.633568410162121,7.252478449574693,7.627115193693478,6.976297385036437,2.5627485655361726,2.669778202248998,3.001461694708052,2.7373949720497226,3.4679561692853275e-06,1.0203688490826773e-05,4.976783008454893e-05,0.0002971990094269766,0.07229417856479214,0.1418288990989831,0.23481738835475463,0.3321307828108483,0.0,0.00965784273878622,0.028722035869297176,0.022742711701784456,4.6501796159049774e-05,0.00019925352522954045,0.000761100674323413,0.0038950722709455918,,,,,,,,,,,,,,,,,,,,
ed_abstract__hybrid,byzantine,0.0,20,6.0,6.0,6.0,6.0,70.0,70.0,70.0,70.0,-0.0003512775915678825,-0.0001752484709384331,-4.093256948696099e-05,-0.0005753632920548528,2.1484586538727534e-11,2.9501634595436117e-10,1.823154786137572e-09,7.637402965520545e-09,,,,,,,,,0.0,0.0,0.0,0.0,0.006205357142857143,0.007142857142857143,0.007142857142857143,0.006690025252525253,0.0,0.0,0.0,0.0,0.0,0.0,0.0,0.0,1260.0,1260.0,1400.0,1288.0,1260.0,1260.0,1400.0,1288.0,1.0,1.0,1.0,1.0,0.0,0.0,0.0,0.0,80640.0,80640.0,89600.0,82432.0,64.0,64.0,64.0,64.0,0.0,0.0,0.0,0.0,1260.0,1260.0,1400.0,1288.0,0.0,0.0,0.0,0.0,0.0,0.0,0.0,0.0,0.0,0.0,0.0,0.0,0.0,0.0,0.0,0.0,0.0,0.0,0.0,0.0,0.0,0.0,0.0,0.0,0.7349855074032322,0.7557739092012871,0.7709648737478585,0.7604448388637056,0.8430859189152063,0.9170772236446021,0.950145480263293,0.8849101773809803,0.9392857142857143,1.0,1.0,0.9678571428571431,8.58973171996045e-11,9.840829102789808e-10,4.664424087913018e-09,2.480676284490238e-08,-0.046859668638841015,-0.029309676096139475,-0.021110846068345332,-0.03573068058545732,4.0,5.0,7.0,5.25,1.0,1.0,1.0,1.0,1.3534618065453605,1.4786264415495778,1.7967385708103398,1.5848382136318953,,,,,6.633568410162121,7.252478449574693,7.627115193693478,6.976297385036437,2.5627485655361726,2.669778202248998,3.001461694708052,2.7373949720497226,2.1484586538727534e-11,2.9501634595436117e-10,1.823154786137572e-09,7.637402965520545e-09,0.000655550564581775,0.001175302917253429,0.0028977976760216073,0.003012589112553732,4.093256948696099e-05,0.0001752484709384331,0.0003512775915678825,0.0005753632920548528,3.380928358179118e-09,1.0723727999233144e-08,1.5014250930025078e-07,4.721501334717913e-07,,,,,,,,,,,,,,,,,,,,
ed_abstract__hybrid,byzantine,0.1,20,6.0,6.0,6.0,6.0,70.0,70.0,70.0,70.0,0.0,0.0,0.0,0.0,0.11862841461728513,0.3766747319040914,0.7356677180834901,0.7831080775214538,,,,,,,,,0.0,0.0,0.0,0.0,0.005158730158730159,0.005537518037518037,0.005952380952380952,0.005506487064522779,0.0,0.0,0.0,0.0,0.0,0.0,0.0,0.0,1260.0,1260.0,1400.0,1288.0,1260.0,1260.0,1400.0,1288.0,1.0,1.0,1.0,1.0,0.0,0.0,0.0,0.0,80640.0,80640.0,89600.0,82432.0,64.0,64.0,64.0,64.0,0.0,0.0,0.0,0.0,1260.0,1260.0,1400.0,1288.0,0.0,0.0,0.0,0.0,0.0,0.0,0.0,0.0,0.0,0.0,0.0,0.0,0.0,0.0,0.0,0.0,0.0,0.0,0.0,0.0,0.0,0.0,0.0,0.0,0.9221172527851681,0.9537536687591791,0.9830919864184912,0.9352753888255982,0.05307778845659028,0.09843431998879282,0.180747778306365,0.14006522961231022,0.5357142857142857,0.5571428571428572,0.5714285714285714,0.5499999999999999,0.6229798056571956,0.9446629417485586,1.2461500740293312,1.0325731424059805,-0.044786992267643023,-0.021545896637511084,-0.007963538606297336,-0.024543422444256606,9.0,22.0,36.75,25.0625,1.0,1.0,1.0,0.8,1.3534618065453605,1.4786264415495778,1.7967385708103398,1.5848382136318953,,,,,6.633568410162121,7.252478449574693,7.627115193693478,6.976297385036437,2.5627485655361726,2.669778202248998,3.001461694708052,2.7373949720497226,0.11862841461728513,0.3766747319040914,0.7356677180834901,0.7831080775214538,6.294930236505765,6.929419403758054,7.407988985628287,6.7518273683932675,0.0,0.0,0.0,0.0,0.3818261352845145,0.4292702424039666,0.45677561009414247,0.4281096632994374,,,,,,,,,,,,,,,,,,,,
ed_abstract__hybrid,byzantine,0.25,20,6.0,6.0,6.0,6.0,70.0,70.0,70.0,70.0,0.0,0.0,0.0,0.0,0.6290984945308146,1.4991733847032744,2.241757272557428,2.3132950415567026,,,,,,,,,0.0,0.0,0.0,0.0,0.0035714285714285713,0.00450487012987013,0.004761904761904762,0.0042802321686250255,0.0,0.0,0.0,0.0,0.0,0.0,0.0,0.0,1260.0,1260.0,1400.0,1288.0,1260.0,1260.0,1400.0,1288.0,1.0,1.0,1.0,1.0,0.0,0.0,0.0,0.0,80640.0,80640.0,89600.0,82432.0,64.0,64.0,64.0,64.0,0.0,0.0,0.0,0.0,1260.0,1260.0,1400.0,1288.0,0.0,0.0,0.0,0.0,0.0,0.0,0.0,0.0,0.0,0.0,0.0,0.0,0.0,0.0,0.0,0.0,0.0,0.0,0.0,0.0,0.0,0.0,0.0,0.0,0.953025471575963,0.972186254771169,0.9790249953164522,0.9395259604861824,0.07034606641868435,0.10381909311697618,0.21599743220258322,0.15412150676570185,0.5,0.5285714285714286,0.5464285714285714,0.5285714285714286,1.0391077237599717,1.2528797871366915,1.8338376733018371,1.553250638956439,-0.02485250871836993,-0.008943544193711928,0.01046606183411057,-0.002683608672324452,18.75,39.0,57.25,37.5,0.0,0.0,1.0,0.4,1.3534618065453605,1.4786264415495778,1.7967385708103398,1.5848382136318953,,,,,6.633568410162121,7.252478449574693,7.627115193693478,6.976297385036437,2.5627485655361726,2.669778202248998,3.001461694708052,2.7373949720497226,0.6290984945308146,1.4991733847032744,2.241757272557428,2.3132950415567026,6.36400953219053,6.965198367226723,7.37971570257569,6.714203885515777,0.0,0.0,0.0,0.0,0.3811383863908041,0.4330016664610674,0.4834289985923268,0.42558577946138926,,,,,,,,,,,,,,,,,,,,
ed_abstract__hybrid,byzantine,0.5,20,6.0,6.0,6.0,6.0,70.0,70.0,70.0,70.0,0.0,0.0,0.0,0.0,0.515670916509832,1.6528089415752025,2.940380466180699,2.5219649534111808,,,,,,,,,0.0,0.0,0.0,0.0,0.0026339285714285714,0.0031498015873015874,0.0035714285714285713,0.00303108250876108,0.0,0.0,0.0,0.0,0.0,0.0,0.0,0.0,1260.0,1260.0,1400.0,1288.0,1260.0,1260.0,1400.0,1288.0,1.0,1.0,1.0,1.0,0.0,0.0,0.0,0.0,80640.0,80640.0,89600.0,82432.0,64.0,64.0,64.0,64.0,0.0,0.0,0.0,0.0,1260.0,1260.0,1400.0,1288.0,0.0,0.0,0.0,0.0,0.0,0.0,0.0,0.0,0.0,0.0,0.0,0.0,0.0,0.0,0.0,0.0,0.0,0.0,0.0,0.0,0.0,0.0,0.0,0.0,0.9549107266319322,0.9772138532510914,0.9895437358349306,0.9613731571623101,0.03522514411700087,0.08036563490054854,0.17528363757004525,0.12148536485201991,0.5142857142857142,0.5285714285714286,0.5464285714285714,0.5214285714285714,1.452777811071686,2.000686843629361,2.515340141388651,2.0715046326355107,-0.030454138411139954,-0.014547710253067333,0.0157098486181901,0.00029739006845380526,36.5,47.0,57.5,47.0,0.0,0.0,0.0,0.1,1.3534618065453605,1.4786264415495778,1.7967385708103398,1.5848382136318953,,,,,6.633568410162121,7.252478449574693,7.627115193693478,6.976297385036437,2.5627485655361726,2.669778202248998,3.001461694708052,2.7373949720497226,0.515670916509832,1.6528089415752025,2.940380466180699,2.5219649534111808,6.068810877299784,6.831697896378497,7.415153992336117,6.532000974976491,0.0,0.0,0.0,0.0,0.34287796704439916,0.4113554093422227,0.47481576579223667,0.40285115289777484,,,,,,,,,,,,,,,,,,,,
ed_abstract__hybrid,latency,0.0,20,6.0,6.0,6.0,6.0,70.0,70.0,70.0,70.0,-0.0003512775915678825,-0.0001752484709384331,-4.093256948696099e-05,-0.0005753632920548528,2.1484586538727534e-11,2.9501634595436117e-10,1.823154786137572e-09,7.637402965520545e-09,,,,,,,,,0.0,0.0,0.0,0.0,0.006205357142857143,0.007142857142857143,0.007142857142857143,0.006690025252525253,0.0,0.0,0.0,0.0,0.0,0.0,0.0,0.0,1260.0,1260.0,1400.0,1288.0,1260.0,1260.0,1400.0,1288.0,1.0,1.0,1.0,1.0,0.0,0.0,0.0,0.0,80640.0,80640.0,89600.0,82432.0,64.0,64.0,64.0,64.0,0.0,0.0,0.0,0.0,1260.0,1260.0,1400.0,1288.0,0.0,0.0,0.0,0.0,0.0,0.0,0.0,0.0,0.0,0.0,0.0,0.0,0.0,0.0,0.0,0.0,0.0,0.0,0.0,0.0,0.0,0.0,0.0,0.0,0.7349855074032322,0.7557739092012871,0.7709648737478585,0.7604448388637056,0.8430859189152063,0.9170772236446021,0.950145480263293,0.8849101773809803,0.9392857142857143,1.0,1.0,0.9678571428571431,8.58973171996045e-11,9.840829102789808e-10,4.664424087913018e-09,2.480676284490238e-08,-0.046859668638841015,-0.029309676096139475,-0.021110846068345332,-0.03573068058545732,4.0,5.0,7.0,5.25,1.0,1.0,1.0,1.0,1.3534618065453605,1.4786264415495778,1.7967385708103398,1.5848382136318953,,,,,6.633568410162121,7.252478449574693,7.627115193693478,6.976297385036437,2.5627485655361726,2.669778202248998,3.001461694708052,2.7373949720497226,2.1484586538727534e-11,2.9501634595436117e-10,1.823154786137572e-09,7.637402965520545e-09,0.000655550564581775,0.001175302917253429,0.0028977976760216073,0.003012589112553732,4.093256948696099e-05,0.0001752484709384331,0.0003512775915678825,0.0005753632920548528,3.380928358179118e-09,1.0723727999233144e-08,1.5014250930025078e-07,4.721501334717913e-07,,,,,,,,,,,,,,,,,,,,
ed_abstract__hybrid,latency,1.0,20,6.0,6.0,6.0,6.0,70.0,70.0,70.0,70.0,-0.03250743463139767,-0.010060711574905252,-0.005808995472033546,-0.021171567169170145,1.1866376631547268e-08,3.013203031574476e-08,9.332953012119838e-08,1.1159723217894833e-06,,,,,,,,,0.0,0.0,0.0,0.0,0.008031400966183575,0.010466988727858293,0.011912604303908652,0.010282947225882008,1.0,1.0,1.0,1.0,1.0,1.0,1.0,1.0,1260.0,1260.0,1400.0,1288.0,1242.0,1242.0,1380.0,1269.6,0.9857142857142858,0.9857142857142858,0.9857142857142858,0.9857142857142861,0.014285714285714235,0.014285714285714235,0.014285714285714235,0.014285714285714235,79488.0,79488.0,88320.0,81254.4,64.0,64.0,64.0,64.0,0.0,0.0,0.0,0.0,1242.0,1242.0,1380.0,1269.6,0.0,0.0,0.0,0.0,0.0,0.0,0.0,0.0,0.0,0.0,0.0,0.0,0.0,0.0,0.0,0.0,0.0,0.0,0.0,0.0,0.0,0.0,0.0,0.0,0.770413143740755,0.7887175131136767,0.8177102708813784,0.7879192372817394,0.758762787276091,0.8804156741275395,0.9804471365633806,0.8492565484114587,0.6642857142857143,0.7857142857142858,0.975,0.7964285714285714,1.69279857492954e-08,5.757674260485374e-08,1.374119876942757e-07,9.45302171982426e-07,-0.04685966771282405,-0.02930967444310388,-0.021110845828363763,-0.035730664752101335,6.0,7.0,9.25,7.3,1.0,1.0,1.0,1.0,1.3534618065453605,1.4786264415495778,1.7967385708103398,1.5848382136318953,,,,,6.633568410162121,7.252478449574693,7.627115193693478,6.976297385036437,2.5627485655361726,2.669778202248998,3.001461694708052,2.7373949720497226,1.1866376631547268e-08,3.013203031574476e-08,9.332953012119838e-08,1.1159723217894833e-06,0.033674695587312176,0.05887695965216766,0.15842641752242836,0.10184035732044298,0.005808995472033546,0.010060711574905252,0.03250743463139767,0.021171567169170145,8.815736995945815e-06,5.5079539778872545e-05,0.00020791439755026098,0.00027477269488148385,,,,,,,,,,,,,,,,,,,,
ed_abstract__hybrid,latency,2.0,20,6.0,6.0,6.0,6.0,70.0,70.0,70.0,70.0,-0.0747716739633087,-0.02758759500619929,-0.012594148729997746,-0.044021423491202014,6.081608010797819e-08,2.4153963661988823e-07,5.680184184536213e-07,9.726008738708531e-07,,,,,,,,,0.0,0.0,0.0,0.0,0.00978442513368984,0.014297385620915032,0.016822638146167558,0.013981543374925728,2.0,2.0,2.0,2.0,2.0,2.0,2.0,2.0,1260.0,1260.0,1400.0,1288.0,1224.0,1224.0,1360.0,1251.2,0.9714285714285714,0.9714285714285714,0.9714285714285714,0.9714285714285713,0.02857142857142858,0.02857142857142858,0.02857142857142858,0.02857142857142858,78336.0,78336.0,87040.0,80076.8,64.0,64.0,64.0,64.0,0.0,0.0,0.0,0.0,1224.0,1224.0,1360.0,1251.2,0.0,0.0,0.0,0.0,0.0,0.0,0.0,0.0,0.0,0.0,0.0,0.0,0.0,0.0,0.0,0.0,0.0,0.0,0.0,0.0,0.0,0.0,0.0,0.0,0.7116653510632113,0.7920742948664963,0.8188866529164714,0.7688267368275156,0.8668526360307275,0.9496166884468271,0.9882485974189577,0.912749545926334,0.6214285714285714,0.6714285714285715,0.9571428571428572,0.7492857142857142,1.2444021889445845e-07,3.788643550801456e-07,1.0709926711001635e-06,1.4081009805143253e-06,-0.04685966593016387,-0.02930967115319484,-0.021110844844702027,-0.03573066680026487,8.5,9.5,12.0,9.8,1.0,1.0,1.0,1.0,1.3534618065453605,1.4786264415495778,1.7967385708103398,1.5848382136318953,,,,,6.633568410162121,7.252478449574693,7.627115193693478,6.976297385036437,2.5627485655361726,2.669778202248998,3.001461694708052,2.7373949720497226,6.081608010797819e-08,2.4153963661988823e-07,5.680184184536213e-07,9.726008738708531e-07,0.07557937015077076,0.15686339447775266,0.32537459635109567,0.21276632006521567,0.012594148729997746,0.02758759500619929,0.0747716739633087,0.044021423491202014,4.18611250897272e-05,0.0003020902551887132,0.001269604151729584,0.0010457814347143266,,,,,,,,,,,,,,,,,,,,
ed_abstract__hybrid,latency,4.0,20,6.0,6.0,6.0,6.0,70.0,70.0,70.0,70.0,-0.09584380603169126,-0.04083397325756612,-0.01622658498647686,-0.0700841979353655,1.340196998370227e-06,3.870232070922319e-06,1.8406954392927735e-05,3.305148504654203e-05,,,,,,,,,0.0,0.0,0.0,0.0,0.01378271349862259,0.02230639730639731,0.027089072543617997,0.021714971686562595,4.0,4.0,4.0,4.0,4.0,4.0,4.0,4.0,1260.0,1260.0,1400.0,1288.0,1188.0,1188.0,1320.0,1214.4,0.9428571428571428,0.9428571428571428,0.9428571428571428,0.9428571428571428,0.05714285714285716,0.05714285714285716,0.05714285714285716,0.05714285714285716,76032.0,76032.0,84480.0,77721.6,64.0,64.0,64.0,64.0,0.0,0.0,0.0,0.0,1188.0,1188.0,1320.0,1214.4,0.0,0.0,0.0,0.0,0.0,0.0,0.0,0.0,0.0,0.0,0.0,0.0,0.0,0.0,0.0,0.0,0.0,0.0,0.0,0.0,0.0,0.0,0.0,0.0,0.8050997024194454,0.8329648921739394,0.8450955509334221,0.8240636805662781,0.8924487985425488,0.934460192508384,0.9680080307890042,0.9191629713983158,0.5821428571428572,0.6142857142857143,0.7214285714285714,0.6642857142857141,2.938425578341739e-06,1.238484251541766e-05,3.5609496967078266e-05,0.0005486521931425178,-0.046859616763175946,-0.029309656301030246,-0.021110633654551157,-0.035730208530490984,11.0,16.0,17.25,15.35,1.0,1.0,1.0,1.0,1.3534618065453605,1.4786264415495778,1.7967385708103398,1.5848382136318953,,,,,6.633568410162121,7.252478449574693,7.627115193693478,6.976297385036437,2.5627485655361726,2.669778202248998,3.001461694708052,2.7373949720497226,1.340196998370227e-06,3.870232070922319e-06,1.8406954392927735e-05,3.305148504654203e-05,0.13279076703645187,0.23777469783731275,0.4377731780487797,0.3403036229472656,0.01622658498647686,0.04083397325756612,0.09584380603169126,0.0700841979353655,0.00013421950069929386,0.0007737547863251846,0.0027905446677169597,0.002426826060196864,,,,,,,,,,,,,,,,,,,,
ed_abstract__hybrid,latency,8.0,20,6.0,6.0,6.0,6.0,70.0,70.0,70.0,70.0,-0.1102064476405287,-0.04750289873464526,-0.013803693258671909,-0.08387962056991247,9.267537396457962e-05,0.0003046064833259805,0.0008728200180990371,0.0012255638929162187,,,,,,,,,0.0,0.0,0.0,0.0,0.02255315249266862,0.039874551971326166,0.04973118279569892,0.038678620886282176,8.0,8.0,8.0,8.0,8.0,8.0,8.0,8.0,1260.0,1260.0,1400.0,1288.0,1116.0,1116.0,1240.0,1140.8,0.8857142857142857,0.8857142857142857,0.8857142857142857,0.8857142857142858,0.11428571428571432,0.11428571428571432,0.11428571428571432,0.11428571428571432,71424.0,71424.0,79360.0,73011.2,64.0,64.0,64.0,64.0,0.0,0.0,0.0,0.0,1116.0,1116.0,1240.0,1140.8,0.0,0.0,0.0,0.0,0.0,0.0,0.0,0.0,0.0,0.0,0.0,0.0,0.0,0.0,0.0,0.0,0.0,0.0,0.0,0.0,0.0,0.0,0.0,0.0,0.8587668057940924,0.8761476320657382,0.8907977170544751,0.8741764253105911,0.8526582065272047,0.9088483402849031,0.9457578925520471,0.8813925437092808,0.5,0.5285714285714285,0.6071428571428571,0.5599999999999999,0.0003136196918465176,0.0008734511044767668,0.002781718505693712,0.0041075419289151646,-0.04685588134124544,-0.02930796164454761,-0.021099238556786963,-0.035713172638949985,19.75,28.0,30.0,26.75,1.0,1.0,1.0,1.0,1.3534618065453605,1.4786264415495778,1.7967385708103398,1.5848382136318953,,,,,6.633568410162121,7.252478449574693,7.627115193693478,6.976297385036437,2.5627485655361726,2.669778202248998,3.001461694708052,2.7373949720497226,9.267537396457962e-05,0.0003046064833259805,0.0008728200180990371,0.0012255638929162187,0.162236600177321,0.23214982788596528,0.5149068511558492,0.4103232401821132,0.013803693258671909,0.04750289873464526,0.1102064476405287,0.08387962056991247,0.00022836658658249232,0.0007551276923078297,0.003178153927754707,0.003537273610633021,,,,,,,,,,,,,,,,,,,,
ed_abstract__hybrid,msg_drop,0.0,20,6.0,6.0,6.0,6.0,70.0,70.0,70.0,70.0,-0.0003512775915678825,-0.0001752484709384331,-4.093256948696099e-05,-0.0005753632920548528,2.1484586538727534e-11,2.9501634595436117e-10,1.823154786137572e-09,7.637402965520545e-09,,,,,,,,,0.0,0.0,0.0,0.0,0.006205357142857143,0.007142857142857143,0.007142857142857143,0.006690025252525253,0.0,0.0,0.0,0.0,0.0,0.0,0.0,0.0,1260.0,1260.0,1400.0,1288.0,1260.0,1260.0,1400.0,1288.0,1.0,1.0,1.0,1.0,0.0,0.0,0.0,0.0,80640.0,80640.0,89600.0,82432.0,64.0,64.0,64.0,64.0,0.0,0.0,0.0,0.0,1260.0,1260.0,1400.0,1288.0,0.0,0.0,0.0,0.0,0.0,0.0,0.0,0.0,0.0,0.0,0.0,0.0,0.0,0.0,0.0,0.0,0.0,0.0,0.0,0.0,0.0,0.0,0.0,0.0,0.7349855074032322,0.7557739092012871,0.7709648737478585,0.7604448388637056,0.8430859189152063,0.9170772236446021,0.950145480263293,0.8849101773809803,0.9392857142857143,1.0,1.0,0.9678571428571431,8.58973171996045e-11,9.840829102789808e-10,4.664424087913018e-09,2.480676284490238e-08,-0.046859668638841015,-0.029309676096139475,-0.021110846068345332,-0.03573068058545732,4.0,5.0,7.0,5.25,1.0,1.0,1.0,1.0,1.3534618065453605,1.4786264415495778,1.7967385708103398,1.5848382136318953,,,,,6.633568410162121,7.252478449574693,7.627115193693478,6.976297385036437,2.5627485655361726,2.669778202248998,3.001461694708052,2.7373949720497226,2.1484586538727534e-11,2.9501634595436117e-10,1.823154786137572e-09,7.637402965520545e-09,0.000655550564581775,0.001175302917253429,0.0028977976760216073,0.003012589112553732,4.093256948696099e-05,0.0001752484709384331,0.0003512775915678825,0.0005753632920548528,3.380928358179118e-09,1.0723727999233144e-08,1.5014250930025078e-07,4.721501334717913e-07,,,,,,,,,,,,,,,,,,,,
ed_abstract__hybrid,msg_drop,0.1,20,6.0,6.0,6.0,6.0,70.0,70.0,70.0,70.0,-0.01586568634876405,-0.0033728019131696384,0.0,-0.012307583168059523,2.1494299029459464e-11,1.6537954760594648e-10,7.118303803423253e-09,7.873492661228722e-09,,,,,,,,,0.0,0.0,0.0,0.0,0.10297619047619049,0.10723562152133581,0.11369047619047619,0.10857051381158525,0.0,0.0,0.0,0.0,0.0,0.0,0.0,0.0,1260.0,1260.0,1400.0,1288.0,1115.5,1132.5,1256.5,1156.35,0.8927380952380952,0.8988404452690166,0.9034090909090909,0.8974509637188209,0.09659090909090909,0.10115955473098331,0.10726190476190481,0.10254903628117915,71392.0,72480.0,80416.0,74006.4,64.0,64.0,64.0,64.0,0.0,0.0,0.0,0.0,1115.5,1132.5,1256.5,1156.35,0.0,0.0,0.0,0.0,0.0,0.0,0.0,0.0,126.0,131.0,144.0,131.65,0.0,0.0,0.0,0.0,0.0,0.0,0.0,0.0,0.0,0.0,0.0,0.0,0.7053708957922541,0.7457106816654144,0.781352447801008,0.7477213207030846,0.8361383193956683,0.9306124695860667,0.9745589444243166,0.9001221078248769,0.9,0.9714285714285715,1.0,0.9399999999999998,1.0734102690384906e-10,1.3892230565597309e-09,1.991503165729595e-08,2.2996754843658555e-08,-0.04685966856425793,-0.029309676095770575,-0.021110846071133907,-0.035730680582084604,4.0,4.5,7.25,5.7,1.0,1.0,1.0,1.0,1.3534618065453605,1.4786264415495778,1.7967385708103398,1.5848382136318953,,,,,6.633568410162121,7.252478449574693,7.627115193693478,6.976297385036437,2.5627485655361726,2.669778202248998,3.001461694708052,2.7373949720497226,2.1494299029459464e-11,1.6537954760594648e-10,7.118303803423253e-09,7.873492661228722e-09,0.03669297651621317,0.07761820004068509,0.18723237331446252,0.12050797075759641,0.0,0.0033728019131696384,0.01586568634876405,0.012307583168059523,1.1190910112553152e-05,6.269855146946252e-05,0.00048275894037640664,0.000274932674187816,,,,,,,,,,,,,,,,,,,,
ed_abstract__hybrid,msg_drop,0.3,20,6.0,6.0,6.0,6.0,70.0,70.0,70.0,70.0,-0.03177383692064598,-0.011896983076569296,0.0,-0.020687601264588913,1.537872703683942e-10,9.482403919996505e-10,1.970547004058174e-08,3.1425728297877386e-08,,,,,,,,,0.0,0.0,0.0,0.0,0.2990327380952381,0.3073979591836735,0.30992063492063493,0.3063503659039373,0.0,0.0,0.0,0.0,0.0,0.0,0.0,0.0,1260.0,1260.0,1400.0,1288.0,871.25,887.0,964.75,899.7,0.6950892857142856,0.6967893217893217,0.7045386904761906,0.6983231550195834,0.29546130952380945,0.3032106782106782,0.3049107142857143,0.30167684498041636,55760.0,56768.0,61744.0,57580.8,64.0,64.0,64.0,64.0,0.0,0.0,0.0,0.0,871.25,887.0,964.75,899.7,0.0,0.0,0.0,0.0,0.0,0.0,0.0,0.0,366.0,382.5,420.25,388.3,0.0,0.0,0.0,0.0,0.0,0.0,0.0,0.0,0.0,0.0,0.0,0.0,0.7309971391627085,0.7419347801898721,0.7673387182006669,0.7442011463431878,0.906363173287867,0.9740354670950622,0.9894518033300547,0.9322857630759138,0.7821428571428571,0.9,0.9321428571428572,0.8607142857142858,1.0937681282572512e-09,3.066385442184875e-09,1.0228428377343353e-07,1.0108390945359127e-07,-0.046859668498513946,-0.029309676095794615,-0.021110845996501888,-0.0357306802456241,5.0,5.5,9.25,6.9,1.0,1.0,1.0,1.0,1.3534618065453605,1.4786264415495778,1.7967385708103398,1.5848382136318953,,,,,6.633568410162121,7.252478449574693,7.627115193693478,6.976297385036437,2.5627485655361726,2.669778202248998,3.001461694708052,2.7373949720497226,1.537872703683942e-10,9.482403919996505e-10,1.970547004058174e-08,3.1425728297877386e-08,0.0763129233698201,0.1611528558021873,0.25131379319764613,0.18248886015105353,0.0,0.011896983076569296,0.03177383692064598,0.020687601264588913,5.1257887391832624e-05,0.0002231630632603024,0.0005707105207539776,0.000660886523570488,,,,,,,,,,,,,,,,,,,,
ed_abstract__hybrid,msg_drop,0.5,20,6.0,6.0,6.0,6.0,70.0,70.0,70.0,70.0,-0.002551993387965868,0.0,0.0,-0.018344037076768415,3.8543214229822986e-08,1.4418993846897624e-07,4.630922772899043e-07,9.221574727710608e-07,,,,,,,,,0.0,0.0,0.0,0.0,0.4986111111111111,0.5031746031746032,0.5113715277777777,0.5041467287672645,0.0,0.0,0.0,0.0,0.0,0.0,0.0,0.0,1260.0,1260.0,1400.0,1288.0,615.25,633.0,697.25,643.6,0.4918650793650794,0.5003968253968254,0.5049603174603174,0.4992764120799835,0.49503968253968256,0.4996031746031746,0.5081349206349206,0.5007235879200165,39376.0,40512.0,44624.0,41190.4,64.0,64.0,64.0,64.0,0.0,0.0,0.0,0.0,615.25,633.0,697.25,643.6,0.0,0.0,0.0,0.0,0.0,0.0,0.0,0.0,616.75,634.5,687.75,644.4,0.0,0.0,0.0,0.0,0.0,0.0,0.0,0.0,0.0,0.0,0.0,0.0,0.7908226217116238,0.804935180225449,0.8345083680095805,0.8034469570804132,0.9227915707032095,0.9608168923157119,0.9862557553839653,0.9366533425088617,0.7,0.7714285714285715,0.8607142857142857,0.7807142857142858,9.101771695527969e-08,5.898006766317382e-07,1.500357918261272e-06,3.6394610479060795e-06,-0.0468596676871938,-0.02930967394300992,-0.021110842018728992,-0.0357306675208849,6.0,8.0,12.25,9.55,1.0,1.0,1.0,1.0,1.3534618065453605,1.4786264415495778,1.7967385708103398,1.5848382136318953,,,,,6.633568410162121,7.252478449574693,7.627115193693478,6.976297385036437,2.5627485655361726,2.669778202248998,3.001461694708052,2.7373949720497226,3.8543214229822986e-08,1.4418993846897624e-07,4.630922772899043e-07,9.221574727710608e-07,0.12042984488801989,0.19832984382905616,0.36843819724420657,0.3098358464583077,0.0,0.0,0.002551993387965868,0.018344037076768415,0.00013469667856146547,0.0004616802836654241,0.001741453180191793,0.002705730300160363,,,,,,,,,,,,,,,,,,,,
ed_abstract__hybrid,msg_drop,0.7,20,6.0,6.0,6.0,6.0,70.0,70.0,70.0,70.0,-0.0982326882594495,-0.021092140370116398,0.0,-0.056861082170174417,4.87891393310193e-07,2.873637377761521e-06,2.4179459754337052e-05,7.504125537152254e-05,,,,,,,,,0.0,0.0,0.0,0.0,0.6939303751803751,0.6998412698412698,0.7025081168831169,0.6987504380540095,0.0,0.0,0.0,0.0,0.0,0.0,0.0,0.0,1260.0,1260.0,1400.0,1288.0,371.0,385.0,417.0,391.1,0.29946428571428574,0.3026190476190476,0.3087121212121212,0.30358105287569576,0.6912878787878787,0.6973809523809523,0.7005357142857143,0.6964189471243043,23744.0,24640.0,26688.0,25030.4,64.0,64.0,64.0,64.0,0.0,0.0,0.0,0.0,371.0,385.0,417.0,391.1,0.0,0.0,0.0,0.0,0.0,0.0,0.0,0.0,860.25,880.0,977.75,896.9,0.0,0.0,0.0,0.0,0.0,0.0,0.0,0.0,0.0,0.0,0.0,0.0,0.8087619376488293,0.8407981899137272,0.8810545262958631,0.8329213441064057,0.935172158455756,0.9587915829806157,0.966826915792001,0.9326424211826604,0.6428571428571429,0.7071428571428571,0.7428571428571429,0.6957142857142857,1.8757969739158527e-06,1.0433596480866923e-05,9.314872139779161e-05,0.00010084382478865333,-0.04685966382000063,-0.029309232018224947,-0.021110773520129994,-0.0357296086766292,9.5,12.5,18.25,13.8,1.0,1.0,1.0,1.0,1.3534618065453605,1.4786264415495778,1.7967385708103398,1.5848382136318953,,,,,6.633568410162121,7.252478449574693,7.627115193693478,6.976297385036437,2.5627485655361726,2.669778202248998,3.001461694708052,2.7373949720497226,4.87891393310193e-07,2.873637377761521e-06,2.4179459754337052e-05,7.504125537152254e-05,0.2788312290484276,0.3256683510559406,0.4810475517241579,0.4059787664909124,0.0,0.021092140370116398,0.0982326882594495,0.056861082170174417,0.0008352850233039995,0.0013426940764672737,0.0023856586601123412,0.0023078641054019126,,,,,,,,,,,,,,,,,,,,
ed_abstract__hybrid,msg_drop,1.0,20,6.0,6.0,6.0,6.0,70.0,70.0,70.0,70.0,-0.08208888522535136,-0.0527896838005538,-0.033264580261175354,-0.07079492308906928,1.4777592250532785,2.0516773267472788,3.28017680933905,2.501147648619415,,,,,,,,,0.0,0.0,0.0,0.0,1.0,1.0,1.0,1.0,0.0,0.0,0.0,0.0,0.0,0.0,0.0,0.0,1260.0,1260.0,1400.0,1288.0,0.0,0.0,0.0,0.0,0.0,0.0,0.0,0.0,1.0,1.0,1.0,1.0,0.0,0.0,0.0,0.0,0.0,0.0,0.0,0.0,0.0,0.0,0.0,0.0,0.0,0.0,0.0,0.0,0.0,0.0,0.0,0.0,0.0,0.0,0.0,0.0,1260.0,1260.0,1400.0,1288.0,0.0,0.0,0.0,0.0,0.0,0.0,0.0,0.0,0.0,0.0,0.0,0.0,1.0,1.0,1.0,1.0,0.0,0.0,0.0,0.0,1.0,1.0,1.0,1.0,1.4777592250532783,2.0516773267472788,3.28017680933905,2.5011476486194155,0.0,0.0,0.0,0.0,,,,,0.0,0.0,0.0,0.0,1.3534618065453605,1.4786264415495778,1.7967385708103398,1.5848382136318953,,,,,6.633568410162121,7.252478449574693,7.627115193693478,6.976297385036437,2.5627485655361726,2.669778202248998,3.001461694708052,2.7373949720497226,1.4777592250532785,2.0516773267472788,3.28017680933905,2.501147648619415,0.0,8.881784197001252e-16,0.07085066072253832,0.047785789088784635,0.033264580261175354,0.0527896838005538,0.08208888522535136,0.07079492308906928,0.04528891401304944,0.0645932749305612,0.09231496628187184,0.0801422891916268,,,,,,,,,,,,,,,,,,,,
ed_abstract__mean,bandwidth,0.0,20,6.0,6.0,6.0,6.0,70.0,70.0,70.0,70.0,-0.0003512775915678825,-0.0001752484709384331,-4.093256948696099e-05,-0.0005753632920548528,2.1484586538727534e-11,2.9501634595436117e-10,1.823154786137572e-09,7.637402965520545e-09,,,,,,,,,0.0,0.0,0.0,0.0,0.006205357142857143,0.007142857142857143,0.007142857142857143,0.006690025252525253,0.0,0.0,0.0,0.0,0.0,0.0,0.0,0.0,1260.0,1260.0,1400.0,1288.0,1260.0,1260.0,1400.0,1288.0,1.0,1.0,1.0,1.0,0.0,0.0,0.0,0.0,80640.0,80640.0,89600.0,82432.0,64.0,64.0,64.0,64.0,0.0,0.0,0.0,0.0,1260.0,1260.0,1400.0,1288.0,0.0,0.0,0.0,0.0,0.0,0.0,0.0,0.0,0.0,0.0,0.0,0.0,0.0,0.0,0.0,0.0,0.0,0.0,0.0,0.0,0.0,0.0,0.0,0.0,0.7349855074032322,0.7557739092012871,0.7709648737478585,0.7604448388637056,0.8430859189152063,0.9170772236446021,0.950145480263293,0.8849101773809803,0.9392857142857143,1.0,1.0,0.9678571428571431,8.58973171996045e-11,9.840829102789808e-10,4.664424087913018e-09,2.480676284490238e-08,-0.046859668638841015,-0.029309676096139475,-0.021110846068345332,-0.03573068058545732,4.0,5.0,7.0,5.25,1.0,1.0,1.0,1.0,1.3534618065453605,1.4786264415495778,1.7967385708103398,1.5848382136318953,,,,,6.633568410162121,7.252478449574693,7.627115193693478,6.976297385036437,2.5627485655361726,2.669778202248998,3.001461694708052,2.7373949720497226,2.1484586538727534e-11,2.9501634595436117e-10,1.823154786137572e-09,7.637402965520545e-09,0.000655550564581775,0.001175302917253429,0.0028977976760216073,0.003012589112553732,4.093256948696099e-05,0.0001752484709384331,0.0003512775915678825,0.0005753632920548528,3.380928358179118e-09,1.0723727999233144e-08,1.5014250930025078e-07,4.721501334717913e-07,,,,,,,,,,,,,,,,,,,,
ed_abstract__mean,bandwidth,1.0,20,6.0,6.0,6.0,6.0,70.0,70.0,70.0,70.0,-0.009153728423622755,0.0,0.0,-0.057181625948866166,0.04366607142836519,0.08110374141909191,0.14019186969464442,0.10345401576103759,,,,,,,,,0.20960139881755463,0.22608524053799356,0.2418067028804972,0.2270612356088217,0.0,0.0,0.0,0.0,0.0,0.0,0.0,0.0,0.0,0.0,0.0,0.0,1260.0,1260.0,1400.0,1288.0,1260.0,1260.0,1400.0,1288.0,1.0,1.0,1.0,1.0,0.0,0.0,0.0,0.0,2520.0,2520.0,2800.0,2576.0,2.0,2.0,2.0,2.0,0.0,0.0,0.0,0.0,1260.0,1260.0,1400.0,1288.0,0.0,0.0,0.0,0.0,0.0,0.0,0.0,0.0,0.0,0.0,0.0,0.0,0.0,0.0,0.0,0.0,0.0,0.0,0.0,0.0,0.0,0.0,0.0,0.0,0.24626632287149225,0.2792466264988176,0.3520135825396081,0.29822373725571577,0.9298093616530183,0.9505464308069644,0.9694736837951105,0.9365025358216258,0.1392857142857143,0.2785714285714286,0.4142857142857143,0.3221428571428571,0.04366607142057617,0.08110374026528705,0.14019186789854704,0.1034537476736759,-0.04649779421768457,-0.028151051218874776,-0.01866687268520468,-0.03425276618369111,3.0,3.0,4.0,3.5294117647058822,1.0,1.0,1.0,0.85,1.3534618065453605,1.4786264415495778,1.7967385708103398,1.5848382136318953,,,,,6.633568410162121,7.252478449574693,7.627115193693478,6.976297385036437,2.5627485655361726,2.669778202248998,3.001461694708052,2.7373949720497226,0.04366607142836519,0.08110374141909191,0.14019186969464442,0.10345401576103759,0.6574239078524611,1.2660686814608098,2.1143211014042675,1.5722116807742268,0.0,0.0,0.009153728423622755,0.057181625948866166,0.007168722754903233,0.025926774944645514,0.047973094762343106,0.036775510931007074,,,,,,,,,,,,,,,,,,,,
ed_abstract__mean,bandwidth,2.0,20,6.0,6.0,6.0,6.0,70.0,70.0,70.0,70.0,-0.41728201897365247,-0.31993284554349377,-0.07388198160762321,-0.30639969230761854,0.004851785714285684,0.009115197466922782,0.021500975133057584,0.1948024607252829,,,,,,,,,0.027578480576148715,0.030322398592399682,0.033710693951027,0.05338193366591113,0.0,0.0,0.0,0.0,0.0,0.0,0.0,0.0,0.0,0.0,0.0,0.0,1260.0,1260.0,1400.0,1288.0,1260.0,1260.0,1400.0,1288.0,1.0,1.0,1.0,1.0,0.0,0.0,0.0,0.0,5040.0,5040.0,5600.0,5152.0,4.0,4.0,4.0,4.0,0.0,0.0,0.0,0.0,1260.0,1260.0,1400.0,1288.0,0.0,0.0,0.0,0.0,0.0,0.0,0.0,0.0,0.0,0.0,0.0,0.0,0.0,0.0,0.0,0.0,0.0,0.0,0.0,0.0,0.0,0.0,0.0,0.0,0.28787416728541954,0.3387165579791922,0.4493858006368673,0.41211821483196126,0.8831413875191222,0.9459846255985381,0.9691060129639341,0.840246225978871,0.3928571428571429,0.48571428571428565,0.6178571428571429,0.49642857142857144,0.004851785714282358,0.009115197444510035,0.021500974692276454,0.1950686077200446,-0.04681946042849256,-0.027719135713928842,-0.018421317422567314,-0.03294778839848761,3.0,4.0,4.0,3.933333333333333,0.75,1.0,1.0,0.75,1.3534618065453605,1.4786264415495778,1.7967385708103398,1.5848382136318953,,,,,6.633568410162121,7.252478449574693,7.627115193693478,6.976297385036437,2.5627485655361726,2.669778202248998,3.001461694708052,2.7373949720497226,0.004851785714285684,0.009115197466922782,0.021500975133057584,0.1948024607252829,0.671731792329338,1.4958248587223517,1.9167949484845237,1.4523658081934063,0.07388198160762321,0.31993284554349377,0.41728201897365247,0.30639969230761854,0.009685231140931057,0.02920832952101261,0.04413809264713826,0.036154054640034225,,,,,,,,,,,,,,,,,,,,
ed_abstract__mean,bandwidth,3.0,20,6.0,6.0,6.0,6.0,70.0,70.0,70.0,70.0,-0.2658546294054063,-0.18212420838022064,-0.017722675235752584,-0.15973124095848015,0.0014808525018494669,0.00201572924827592,0.0045494656068459,0.03801860276921728,,,,,,,,,0.007200778238523008,0.00850043020693123,0.01340553179244427,0.017643272952762606,0.0,0.0,0.0,0.0,0.0,0.0,0.0,0.0,0.0,0.0,0.0,0.0,1260.0,1260.0,1400.0,1288.0,1260.0,1260.0,1400.0,1288.0,1.0,1.0,1.0,1.0,0.0,0.0,0.0,0.0,7560.0,7560.0,8400.0,7728.0,6.0,6.0,6.0,6.0,0.0,0.0,0.0,0.0,1260.0,1260.0,1400.0,1288.0,0.0,0.0,0.0,0.0,0.0,0.0,0.0,0.0,0.0,0.0,0.0,0.0,0.0,0.0,0.0,0.0,0.0,0.0,0.0,0.0,0.0,0.0,0.0,0.0,0.3071599318073512,0.44568477314793836,0.9681542595919536,0.5575796752657516,0.26351819454508874,0.9175790615944143,0.9537278093299633,0.697160846692935,0.45357142857142857,0.5714285714285714,0.8,0.6064285714285714,0.0014808525015092924,0.0020157292428551517,0.004549399081442615,0.039238295302103085,-0.0468479214784027,-0.028897542423074404,-0.021095370718420027,-0.035187557797859974,3.0,4.0,5.0,4.764705882352941,1.0,1.0,1.0,0.85,1.3534618065453605,1.4786264415495778,1.7967385708103398,1.5848382136318953,,,,,6.633568410162121,7.252478449574693,7.627115193693478,6.976297385036437,2.5627485655361726,2.669778202248998,3.001461694708052,2.7373949720497226,0.0014808525018494669,0.00201572924827592,0.0045494656068459,0.03801860276921728,0.35225855510722437,0.9395149645458218,1.1816951676789476,0.9154791149095411,0.017722675235752584,0.18212420838022064,0.2658546294054063,0.15973124095848015,0.0013619705365929802,0.01238046195272129,0.018743472034009948,0.014051139371849344,,,,,,,,,,,,,,,,,,,,
ed_abstract__mean,bandwidth,4.0,20,6.0,6.0,6.0,6.0,70.0,70.0,70.0,70.0,-0.1406395970282065,0.0,0.0,-0.07155920427180594,0.0003190668930369147,0.000438980553980261,0.0011122475904461863,0.0106278711384236,,,,,,,,,0.0022431562890170356,0.003309762825061248,0.004392137004923514,0.0048551086973382404,0.0,0.0,0.0,0.0,0.0,0.0,0.0,0.0,0.0,0.0,0.0,0.0,1260.0,1260.0,1400.0,1288.0,1260.0,1260.0,1400.0,1288.0,1.0,1.0,1.0,1.0,0.0,0.0,0.0,0.0,10080.0,10080.0,11200.0,10304.0,8.0,8.0,8.0,8.0,0.0,0.0,0.0,0.0,1260.0,1260.0,1400.0,1288.0,0.0,0.0,0.0,0.0,0.0,0.0,0.0,0.0,0.0,0.0,0.0,0.0,0.0,0.0,0.0,0.0,0.0,0.0,0.0,0.0,0.0,0.0,0.0,0.0,0.3957807569006978,0.5347311424827559,0.9500553365280229,0.6078087934316542,0.38716456273626537,0.8695960961484761,0.9541541128113442,0.7137042740583055,0.5535714285714286,0.6785714285714286,0.9785714285714285,0.7328571428571429,0.00031906688292453433,0.00043897746289643864,0.0011122735141452108,0.010880543480593344,-0.04685806037378952,-0.02930452665248172,-0.0211074758840355,-0.03557885396401417,4.0,5.0,5.0,4.352941176470588,1.0,1.0,1.0,0.85,1.3534618065453605,1.4786264415495778,1.7967385708103398,1.5848382136318953,,,,,6.633568410162121,7.252478449574693,7.627115193693478,6.976297385036437,2.5627485655361726,2.669778202248998,3.001461694708052,2.7373949720497226,0.0003190668930369147,0.000438980553980261,0.0011122475904461863,0.0106278711384236,0.1519219272143335,0.47815568955817955,0.9425310988127293,0.656116716711788,0.0,0.0,0.1406395970282065,0.07155920427180594,0.00022902062131925437,0.0025309387423657972,0.009968048111820182,0.007325674343006667,,,,,,,,,,,,,,,,,,,,
ed_abstract__mean,bandwidth,8.0,20,6.0,6.0,6.0,6.0,70.0,70.0,70.0,70.0,-0.028722035869297176,-0.00965784273878622,0.0,-0.022742711701784456,3.4679561692853275e-06,1.0203688490826773e-05,4.976783008454893e-05,0.0002971990094269766,,,,,,,,,0.00018952569118304516,0.0006972415906052278,0.0019905051746443537,0.001693266242252608,0.0,0.0,0.0,0.0,0.0,0.0,0.0,0.0,0.0,0.0,0.0,0.0,1260.0,1260.0,1400.0,1288.0,1260.0,1260.0,1400.0,1288.0,1.0,1.0,1.0,1.0,0.0,0.0,0.0,0.0,20160.0,20160.0,22400.0,20608.0,16.0,16.0,16.0,16.0,0.0,0.0,0.0,0.0,1260.0,1260.0,1400.0,1288.0,0.0,0.0,0.0,0.0,0.0,0.0,0.0,0.0,0.0,0.0,0.0,0.0,0.0,0.0,0.0,0.0,0.0,0.0,0.0,0.0,0.0,0.0,0.0,0.0,0.5057895805197016,0.6542325589962341,0.8987590845267125,0.6772280782562581,0.5518584278110987,0.8987814493378128,0.9603970675315097,0.75807465705373,0.5678571428571428,0.8142857142857143,0.9892857142857143,0.7621428571428572,3.0490175304667683e-06,1.3840607668626762e-05,4.976749318878125e-05,0.00029833234232845785,-0.04685961861840936,-0.029307893852266956,-0.021110834410638747,-0.03572643499442841,3.75,5.0,7.0,5.15,1.0,1.0,1.0,1.0,1.3534618065453605,1.4786264415495778,1.7967385708103398,1.5848382136318953,,,,,6.633568410162121,7.252478449574693,7.627115193693478,6.976297385036437,2.5627485655361726,2.669778202248998,3.001461694708052,2.7373949720497226,3.4679561692853275e-06,1.0203688490826773e-05,4.976783008454893e-05,0.0002971990094269766,0.07229417856479214,0.1418288990989831,0.23481738835475463,0.3321307828108483,0.0,0.00965784273878622,0.028722035869297176,0.022742711701784456,4.6501796159049774e-05,0.00019925352522954045,0.000761100674323413,0.0038950722709455918,,,,,,,,,,,,,,,,,,,,
ed_abstract__mean,byzantine,0.0,20,6.0,6.0,6.0,6.0,70.0,70.0,70.0,70.0,-0.0003512775915678825,-0.0001752484709384331,-4.093256948696099e-05,-0.0005753632920548528,2.1484586538727534e-11,2.9501634595436117e-10,1.823154786137572e-09,7.637402965520545e-09,,,,,,,,,0.0,0.0,0.0,0.0,0.006205357142857143,0.007142857142857143,0.007142857142857143,0.006690025252525253,0.0,0.0,0.0,0.0,0.0,0.0,0.0,0.0,1260.0,1260.0,1400.0,1288.0,1260.0,1260.0,1400.0,1288.0,1.0,1.0,1.0,1.0,0.0,0.0,0.0,0.0,80640.0,80640.0,89600.0,82432.0,64.0,64.0,64.0,64.0,0.0,0.0,0.0,0.0,1260.0,1260.0,1400.0,1288.0,0.0,0.0,0.0,0.0,0.0,0.0,0.0,0.0,0.0,0.0,0.0,0.0,0.0,0.0,0.0,0.0,0.0,0.0,0.0,0.0,0.0,0.0,0.0,0.0,0.7349855074032322,0.7557739092012871,0.7709648737478585,0.7604448388637056,0.8430859189152063,0.9170772236446021,0.950145480263293,0.8849101773809803,0.9392857142857143,1.0,1.0,0.9678571428571431,8.58973171996045e-11,9.840829102789808e-10,4.664424087913018e-09,2.480676284490238e-08,-0.046859668638841015,-0.029309676096139475,-0.021110846068345332,-0.03573068058545732,4.0,5.0,7.0,5.25,1.0,1.0,1.0,1.0,1.3534618065453605,1.4786264415495778,1.7967385708103398,1.5848382136318953,,,,,6.633568410162121,7.252478449574693,7.627115193693478,6.976297385036437,2.5627485655361726,2.669778202248998,3.001461694708052,2.7373949720497226,2.1484586538727534e-11,2.9501634595436117e-10,1.823154786137572e-09,7.637402965520545e-09,0.000655550564581775,0.001175302917253429,0.0028977976760216073,0.003012589112553732,4.093256948696099e-05,0.0001752484709384331,0.0003512775915678825,0.0005753632920548528,3.380928358179118e-09,1.0723727999233144e-08,1.5014250930025078e-07,4.721501334717913e-07,,,,,,,,,,,,,,,,,,,,
ed_abstract__mean,byzantine,0.1,20,6.0,6.0,6.0,6.0,70.0,70.0,70.0,70.0,0.0,0.0,0.0,0.0,0.11862841461728513,0.3766747319040914,0.7356677180834901,0.7831080775214538,,,,,,,,,0.0,0.0,0.0,0.0,0.005158730158730159,0.005537518037518037,0.005952380952380952,0.005506487064522779,0.0,0.0,0.0,0.0,0.0,0.0,0.0,0.0,1260.0,1260.0,1400.0,1288.0,1260.0,1260.0,1400.0,1288.0,1.0,1.0,1.0,1.0,0.0,0.0,0.0,0.0,80640.0,80640.0,89600.0,82432.0,64.0,64.0,64.0,64.0,0.0,0.0,0.0,0.0,1260.0,1260.0,1400.0,1288.0,0.0,0.0,0.0,0.0,0.0,0.0,0.0,0.0,0.0,0.0,0.0,0.0,0.0,0.0,0.0,0.0,0.0,0.0,0.0,0.0,0.0,0.0,0.0,0.0,0.9221172527851681,0.9537536687591791,0.9830919864184912,0.9352753888255982,0.05307778845659028,0.09843431998879282,0.180747778306365,0.14006522961231022,0.5357142857142857,0.5571428571428572,0.5714285714285714,0.5499999999999999,0.6229798056571956,0.9446629417485586,1.2461500740293312,1.0325731424059805,-0.044786992267643023,-0.021545896637511084,-0.007963538606297336,-0.024543422444256606,9.0,22.0,36.75,25.0625,1.0,1.0,1.0,0.8,1.3534618065453605,1.4786264415495778,1.7967385708103398,1.5848382136318953,,,,,6.633568410162121,7.252478449574693,7.627115193693478,6.976297385036437,2.5627485655361726,2.669778202248998,3.001461694708052,2.7373949720497226,0.11862841461728513,0.3766747319040914,0.7356677180834901,0.7831080775214538,6.294930236505765,6.929419403758054,7.407988985628287,6.7518273683932675,0.0,0.0,0.0,0.0,0.3818261352845145,0.4292702424039666,0.45677561009414247,0.4281096632994374,,,,,,,,,,,,,,,,,,,,
ed_abstract__mean,byzantine,0.25,20,6.0,6.0,6.0,6.0,70.0,70.0,70.0,70.0,0.0,0.0,0.0,0.0,0.6290984945308146,1.4991733847032744,2.241757272557428,2.3132950415567026,,,,,,,,,0.0,0.0,0.0,0.0,0.0035714285714285713,0.00450487012987013,0.004761904761904762,0.0042802321686250255,0.0,0.0,0.0,0.0,0.0,0.0,0.0,0.0,1260.0,1260.0,1400.0,1288.0,1260.0,1260.0,1400.0,1288.0,1.0,1.0,1.0,1.0,0.0,0.0,0.0,0.0,80640.0,80640.0,89600.0,82432.0,64.0,64.0,64.0,64.0,0.0,0.0,0.0,0.0,1260.0,1260.0,1400.0,1288.0,0.0,0.0,0.0,0.0,0.0,0.0,0.0,0.0,0.0,0.0,0.0,0.0,0.0,0.0,0.0,0.0,0.0,0.0,0.0,0.0,0.0,0.0,0.0,0.0,0.953025471575963,0.972186254771169,0.9790249953164522,0.9395259604861824,0.07034606641868435,0.10381909311697618,0.21599743220258322,0.15412150676570185,0.5,0.5285714285714286,0.5464285714285714,0.5285714285714286,1.0391077237599717,1.2528797871366915,1.8338376733018371,1.553250638956439,-0.02485250871836993,-0.008943544193711928,0.01046606183411057,-0.002683608672324452,18.75,39.0,57.25,37.5,0.0,0.0,1.0,0.4,1.3534618065453605,1.4786264415495778,1.7967385708103398,1.5848382136318953,,,,,6.633568410162121,7.252478449574693,7.627115193693478,6.976297385036437,2.5627485655361726,2.669778202248998,3.001461694708052,2.7373949720497226,0.6290984945308146,1.4991733847032744,2.241757272557428,2.3132950415567026,6.36400953219053,6.965198367226723,7.37971570257569,6.714203885515777,0.0,0.0,0.0,0.0,0.3811383863908041,0.4330016664610674,0.4834289985923268,0.42558577946138926,,,,,,,,,,,,,,,,,,,,
ed_abstract__mean,byzantine,0.5,20,6.0,6.0,6.0,6.0,70.0,70.0,70.0,70.0,0.0,0.0,0.0,0.0,0.515670916509832,1.6528089415752025,2.940380466180699,2.5219649534111808,,,,,,,,,0.0,0.0,0.0,0.0,0.0026339285714285714,0.0031498015873015874,0.0035714285714285713,0.00303108250876108,0.0,0.0,0.0,0.0,0.0,0.0,0.0,0.0,1260.0,1260.0,1400.0,1288.0,1260.0,1260.0,1400.0,1288.0,1.0,1.0,1.0,1.0,0.0,0.0,0.0,0.0,80640.0,80640.0,89600.0,82432.0,64.0,64.0,64.0,64.0,0.0,0.0,0.0,0.0,1260.0,1260.0,1400.0,1288.0,0.0,0.0,0.0,0.0,0.0,0.0,0.0,0.0,0.0,0.0,0.0,0.0,0.0,0.0,0.0,0.0,0.0,0.0,0.0,0.0,0.0,0.0,0.0,0.0,0.9549107266319322,0.9772138532510914,0.9895437358349306,0.9613731571623101,0.03522514411700087,0.08036563490054854,0.17528363757004525,0.12148536485201991,0.5142857142857142,0.5285714285714286,0.5464285714285714,0.5214285714285714,1.452777811071686,2.000686843629361,2.515340141388651,2.0715046326355107,-0.030454138411139954,-0.014547710253067333,0.0157098486181901,0.00029739006845380526,36.5,47.0,57.5,47.0,0.0,0.0,0.0,0.1,1.3534618065453605,1.4786264415495778,1.7967385708103398,1.5848382136318953,,,,,6.633568410162121,7.252478449574693,7.627115193693478,6.976297385036437,2.5627485655361726,2.669778202248998,3.001461694708052,2.7373949720497226,0.515670916509832,1.6528089415752025,2.940380466180699,2.5219649534111808,6.068810877299784,6.831697896378497,7.415153992336117,6.532000974976491,0.0,0.0,0.0,0.0,0.34287796704439916,0.4113554093422227,0.47481576579223667,0.40285115289777484,,,,,,,,,,,,,,,,,,,,
ed_abstract__mean,latency,0.0,20,6.0,6.0,6.0,6.0,70.0,70.0,70.0,70.0,-0.0003512775915678825,-0.0001752484709384331,-4.093256948696099e-05,-0.0005753632920548528,2.1484586538727534e-11,2.9501634595436117e-10,1.823154786137572e-09,7.637402965520545e-09,,,,,,,,,0.0,0.0,0.0,0.0,0.006205357142857143,0.007142857142857143,0.007142857142857143,0.006690025252525253,0.0,0.0,0.0,0.0,0.0,0.0,0.0,0.0,1260.0,1260.0,1400.0,1288.0,1260.0,1260.0,1400.0,1288.0,1.0,1.0,1.0,1.0,0.0,0.0,0.0,0.0,80640.0,80640.0,89600.0,82432.0,64.0,64.0,64.0,64.0,0.0,0.0,0.0,0.0,1260.0,1260.0,1400.0,1288.0,0.0,0.0,0.0,0.0,0.0,0.0,0.0,0.0,0.0,0.0,0.0,0.0,0.0,0.0,0.0,0.0,0.0,0.0,0.0,0.0,0.0,0.0,0.0,0.0,0.7349855074032322,0.7557739092012871,0.7709648737478585,0.7604448388637056,0.8430859189152063,0.9170772236446021,0.950145480263293,0.8849101773809803,0.9392857142857143,1.0,1.0,0.9678571428571431,8.58973171996045e-11,9.840829102789808e-10,4.664424087913018e-09,2.480676284490238e-08,-0.046859668638841015,-0.029309676096139475,-0.021110846068345332,-0.03573068058545732,4.0,5.0,7.0,5.25,1.0,1.0,1.0,1.0,1.3534618065453605,1.4786264415495778,1.7967385708103398,1.5848382136318953,,,,,6.633568410162121,7.252478449574693,7.627115193693478,6.976297385036437,2.5627485655361726,2.669778202248998,3.001461694708052,2.7373949720497226,2.1484586538727534e-11,2.9501634595436117e-10,1.823154786137572e-09,7.637402965520545e-09,0.000655550564581775,0.001175302917253429,0.0028977976760216073,0.003012589112553732,4.093256948696099e-05,0.0001752484709384331,0.0003512775915678825,0.0005753632920548528,3.380928358179118e-09,1.0723727999233144e-08,1.5014250930025078e-07,4.721501334717913e-07,,,,,,,,,,,,,,,,,,,,
ed_abstract__mean,latency,1.0,20,6.0,6.0,6.0,6.0,70.0,70.0,70.0,70.0,-0.03250743463139767,-0.010060711574905252,-0.005808995472033546,-0.021171567169170145,1.1866376631547268e-08,3.013203031574476e-08,9.332953012119838e-08,1.1159723217894833e-06,,,,,,,,,0.0,0.0,0.0,0.0,0.008031400966183575,0.010466988727858293,0.011912604303908652,0.010282947225882008,1.0,1.0,1.0,1.0,1.0,1.0,1.0,1.0,1260.0,1260.0,1400.0,1288.0,1242.0,1242.0,1380.0,1269.6,0.9857142857142858,0.9857142857142858,0.9857142857142858,0.9857142857142861,0.014285714285714235,0.014285714285714235,0.014285714285714235,0.014285714285714235,79488.0,79488.0,88320.0,81254.4,64.0,64.0,64.0,64.0,0.0,0.0,0.0,0.0,1242.0,1242.0,1380.0,1269.6,0.0,0.0,0.0,0.0,0.0,0.0,0.0,0.0,0.0,0.0,0.0,0.0,0.0,0.0,0.0,0.0,0.0,0.0,0.0,0.0,0.0,0.0,0.0,0.0,0.770413143740755,0.7887175131136767,0.8177102708813784,0.7879192372817394,0.758762787276091,0.8804156741275395,0.9804471365633806,0.8492565484114587,0.6642857142857143,0.7857142857142858,0.975,0.7964285714285714,1.69279857492954e-08,5.757674260485374e-08,1.374119876942757e-07,9.45302171982426e-07,-0.04685966771282405,-0.02930967444310388,-0.021110845828363763,-0.035730664752101335,6.0,7.0,9.25,7.3,1.0,1.0,1.0,1.0,1.3534618065453605,1.4786264415495778,1.7967385708103398,1.5848382136318953,,,,,6.633568410162121,7.252478449574693,7.627115193693478,6.976297385036437,2.5627485655361726,2.669778202248998,3.001461694708052,2.7373949720497226,1.1866376631547268e-08,3.013203031574476e-08,9.332953012119838e-08,1.1159723217894833e-06,0.033674695587312176,0.05887695965216766,0.15842641752242836,0.10184035732044298,0.005808995472033546,0.010060711574905252,0.03250743463139767,0.021171567169170145,8.815736995945815e-06,5.5079539778872545e-05,0.00020791439755026098,0.00027477269488148385,,,,,,,,,,,,,,,,,,,,
ed_abstract__mean,latency,2.0,20,6.0,6.0,6.0,6.0,70.0,70.0,70.0,70.0,-0.0747716739633087,-0.02758759500619929,-0.012594148729997746,-0.044021423491202014,6.081608010797819e-08,2.4153963661988823e-07,5.680184184536213e-07,9.726008738708531e-07,,,,,,,,,0.0,0.0,0.0,0.0,0.00978442513368984,0.014297385620915032,0.016822638146167558,0.013981543374925728,2.0,2.0,2.0,2.0,2.0,2.0,2.0,2.0,1260.0,1260.0,1400.0,1288.0,1224.0,1224.0,1360.0,1251.2,0.9714285714285714,0.9714285714285714,0.9714285714285714,0.9714285714285713,0.02857142857142858,0.02857142857142858,0.02857142857142858,0.02857142857142858,78336.0,78336.0,87040.0,80076.8,64.0,64.0,64.0,64.0,0.0,0.0,0.0,0.0,1224.0,1224.0,1360.0,1251.2,0.0,0.0,0.0,0.0,0.0,0.0,0.0,0.0,0.0,0.0,0.0,0.0,0.0,0.0,0.0,0.0,0.0,0.0,0.0,0.0,0.0,0.0,0.0,0.0,0.7116653510632113,0.7920742948664963,0.8188866529164714,0.7688267368275156,0.8668526360307275,0.9496166884468271,0.9882485974189577,0.912749545926334,0.6214285714285714,0.6714285714285715,0.9571428571428572,0.7492857142857142,1.2444021889445845e-07,3.788643550801456e-07,1.0709926711001635e-06,1.4081009805143253e-06,-0.04685966593016387,-0.02930967115319484,-0.021110844844702027,-0.03573066680026487,8.5,9.5,12.0,9.8,1.0,1.0,1.0,1.0,1.3534618065453605,1.4786264415495778,1.7967385708103398,1.5848382136318953,,,,,6.633568410162121,7.252478449574693,7.627115193693478,6.976297385036437,2.5627485655361726,2.669778202248998,3.001461694708052,2.7373949720497226,6.081608010797819e-08,2.4153963661988823e-07,5.680184184536213e-07,9.726008738708531e-07,0.07557937015077076,0.15686339447775266,0.32537459635109567,0.21276632006521567,0.012594148729997746,0.02758759500619929,0.0747716739633087,0.044021423491202014,4.18611250897272e-05,0.0003020902551887132,0.001269604151729584,0.0010457814347143266,,,,,,,,,,,,,,,,,,,,
ed_abstract__mean,latency,4.0,20,6.0,6.0,6.0,6.0,70.0,70.0,70.0,70.0,-0.09584380603169126,-0.04083397325756612,-0.01622658498647686,-0.0700841979353655,1.340196998370227e-06,3.870232070922319e-06,1.8406954392927735e-05,3.305148504654203e-05,,,,,,,,,0.0,0.0,0.0,0.0,0.01378271349862259,0.02230639730639731,0.027089072543617997,0.021714971686562595,4.0,4.0,4.0,4.0,4.0,4.0,4.0,4.0,1260.0,1260.0,1400.0,1288.0,1188.0,1188.0,1320.0,1214.4,0.9428571428571428,0.9428571428571428,0.9428571428571428,0.9428571428571428,0.05714285714285716,0.05714285714285716,0.05714285714285716,0.05714285714285716,76032.0,76032.0,84480.0,77721.6,64.0,64.0,64.0,64.0,0.0,0.0,0.0,0.0,1188.0,1188.0,1320.0,1214.4,0.0,0.0,0.0,0.0,0.0,0.0,0.0,0.0,0.0,0.0,0.0,0.0,0.0,0.0,0.0,0.0,0.0,0.0,0.0,0.0,0.0,0.0,0.0,0.0,0.8050997024194454,0.8329648921739394,0.8450955509334221,0.8240636805662781,0.8924487985425488,0.934460192508384,0.9680080307890042,0.9191629713983158,0.5821428571428572,0.6142857142857143,0.7214285714285714,0.6642857142857141,2.938425578341739e-06,1.238484251541766e-05,3.5609496967078266e-05,0.0005486521931425178,-0.046859616763175946,-0.029309656301030246,-0.021110633654551157,-0.035730208530490984,11.0,16.0,17.25,15.35,1.0,1.0,1.0,1.0,1.3534618065453605,1.4786264415495778,1.7967385708103398,1.5848382136318953,,,,,6.633568410162121,7.252478449574693,7.627115193693478,6.976297385036437,2.5627485655361726,2.669778202248998,3.001461694708052,2.7373949720497226,1.340196998370227e-06,3.870232070922319e-06,1.8406954392927735e-05,3.305148504654203e-05,0.13279076703645187,0.23777469783731275,0.4377731780487797,0.3403036229472656,0.01622658498647686,0.04083397325756612,0.09584380603169126,0.0700841979353655,0.00013421950069929386,0.0007737547863251846,0.0027905446677169597,0.002426826060196864,,,,,,,,,,,,,,,,,,,,
ed_abstract__mean,latency,8.0,20,6.0,6.0,6.0,6.0,70.0,70.0,70.0,70.0,-0.1102064476405287,-0.04750289873464526,-0.013803693258671909,-0.08387962056991247,9.267537396457962e-05,0.0003046064833259805,0.0008728200180990371,0.0012255638929162187,,,,,,,,,0.0,0.0,0.0,0.0,0.02255315249266862,0.039874551971326166,0.04973118279569892,0.038678620886282176,8.0,8.0,8.0,8.0,8.0,8.0,8.0,8.0,1260.0,1260.0,1400.0,1288.0,1116.0,1116.0,1240.0,1140.8,0.8857142857142857,0.8857142857142857,0.8857142857142857,0.8857142857142858,0.11428571428571432,0.11428571428571432,0.11428571428571432,0.11428571428571432,71424.0,71424.0,79360.0,73011.2,64.0,64.0,64.0,64.0,0.0,0.0,0.0,0.0,1116.0,1116.0,1240.0,1140.8,0.0,0.0,0.0,0.0,0.0,0.0,0.0,0.0,0.0,0.0,0.0,0.0,0.0,0.0,0.0,0.0,0.0,0.0,0.0,0.0,0.0,0.0,0.0,0.0,0.8587668057940924,0.8761476320657382,0.8907977170544751,0.8741764253105911,0.8526582065272047,0.9088483402849031,0.9457578925520471,0.8813925437092808,0.5,0.5285714285714285,0.6071428571428571,0.5599999999999999,0.0003136196918465176,0.0008734511044767668,0.002781718505693712,0.0041075419289151646,-0.04685588134124544,-0.02930796164454761,-0.021099238556786963,-0.035713172638949985,19.75,28.0,30.0,26.75,1.0,1.0,1.0,1.0,1.3534618065453605,1.4786264415495778,1.7967385708103398,1.5848382136318953,,,,,6.633568410162121,7.252478449574693,7.627115193693478,6.976297385036437,2.5627485655361726,2.669778202248998,3.001461694708052,2.7373949720497226,9.267537396457962e-05,0.0003046064833259805,0.0008728200180990371,0.0012255638929162187,0.162236600177321,0.23214982788596528,0.5149068511558492,0.4103232401821132,0.013803693258671909,0.04750289873464526,0.1102064476405287,0.08387962056991247,0.00022836658658249232,0.0007551276923078297,0.003178153927754707,0.003537273610633021,,,,,,,,,,,,,,,,,,,,
ed_abstract__mean,msg_drop,0.0,20,6.0,6.0,6.0,6.0,70.0,70.0,70.0,70.0,-0.0003512775915678825,-0.0001752484709384331,-4.093256948696099e-05,-0.0005753632920548528,2.1484586538727534e-11,2.9501634595436117e-10,1.823154786137572e-09,7.637402965520545e-09,,,,,,,,,0.0,0.0,0.0,0.0,0.006205357142857143,0.007142857142857143,0.007142857142857143,0.006690025252525253,0.0,0.0,0.0,0.0,0.0,0.0,0.0,0.0,1260.0,1260.0,1400.0,1288.0,1260.0,1260.0,1400.0,1288.0,1.0,1.0,1.0,1.0,0.0,0.0,0.0,0.0,80640.0,80640.0,89600.0,82432.0,64.0,64.0,64.0,64.0,0.0,0.0,0.0,0.0,1260.0,1260.0,1400.0,1288.0,0.0,0.0,0.0,0.0,0.0,0.0,0.0,0.0,0.0,0.0,0.0,0.0,0.0,0.0,0.0,0.0,0.0,0.0,0.0,0.0,0.0,0.0,0.0,0.0,0.7349855074032322,0.7557739092012871,0.7709648737478585,0.7604448388637056,0.8430859189152063,0.9170772236446021,0.950145480263293,0.8849101773809803,0.9392857142857143,1.0,1.0,0.9678571428571431,8.58973171996045e-11,9.840829102789808e-10,4.664424087913018e-09,2.480676284490238e-08,-0.046859668638841015,-0.029309676096139475,-0.021110846068345332,-0.03573068058545732,4.0,5.0,7.0,5.25,1.0,1.0,1.0,1.0,1.3534618065453605,1.4786264415495778,1.7967385708103398,1.5848382136318953,,,,,6.633568410162121,7.252478449574693,7.627115193693478,6.976297385036437,2.5627485655361726,2.669778202248998,3.001461694708052,2.7373949720497226,2.1484586538727534e-11,2.9501634595436117e-10,1.823154786137572e-09,7.637402965520545e-09,0.000655550564581775,0.001175302917253429,0.0028977976760216073,0.003012589112553732,4.093256948696099e-05,0.0001752484709384331,0.0003512775915678825,0.0005753632920548528,3.380928358179118e-09,1.0723727999233144e-08,1.5014250930025078e-07,4.721501334717913e-07,,,,,,,,,,,,,,,,,,,,
ed_abstract__mean,msg_drop,0.1,20,6.0,6.0,6.0,6.0,70.0,70.0,70.0,70.0,-0.01586568634876405,-0.0033728019131696384,0.0,-0.012307583168059523,2.1494299029459464e-11,1.6537954760594648e-10,7.118303803423253e-09,7.873492661228722e-09,,,,,,,,,0.0,0.0,0.0,0.0,0.10297619047619049,0.10723562152133581,0.11369047619047619,0.10857051381158525,0.0,0.0,0.0,0.0,0.0,0.0,0.0,0.0,1260.0,1260.0,1400.0,1288.0,1115.5,1132.5,1256.5,1156.35,0.8927380952380952,0.8988404452690166,0.9034090909090909,0.8974509637188209,0.09659090909090909,0.10115955473098331,0.10726190476190481,0.10254903628117915,71392.0,72480.0,80416.0,74006.4,64.0,64.0,64.0,64.0,0.0,0.0,0.0,0.0,1115.5,1132.5,1256.5,1156.35,0.0,0.0,0.0,0.0,0.0,0.0,0.0,0.0,126.0,131.0,144.0,131.65,0.0,0.0,0.0,0.0,0.0,0.0,0.0,0.0,0.0,0.0,0.0,0.0,0.7053708957922541,0.7457106816654144,0.781352447801008,0.7477213207030846,0.8361383193956683,0.9306124695860667,0.9745589444243166,0.9001221078248769,0.9,0.9714285714285715,1.0,0.9399999999999998,1.0734102690384906e-10,1.3892230565597309e-09,1.991503165729595e-08,2.2996754843658555e-08,-0.04685966856425793,-0.029309676095770575,-0.021110846071133907,-0.035730680582084604,4.0,4.5,7.25,5.7,1.0,1.0,1.0,1.0,1.3534618065453605,1.4786264415495778,1.7967385708103398,1.5848382136318953,,,,,6.633568410162121,7.252478449574693,7.627115193693478,6.976297385036437,2.5627485655361726,2.669778202248998,3.001461694708052,2.7373949720497226,2.1494299029459464e-11,1.6537954760594648e-10,7.118303803423253e-09,7.873492661228722e-09,0.03669297651621317,0.07761820004068509,0.18723237331446252,0.12050797075759641,0.0,0.0033728019131696384,0.01586568634876405,0.012307583168059523,1.1190910112553152e-05,6.269855146946252e-05,0.00048275894037640664,0.000274932674187816,,,,,,,,,,,,,,,,,,,,
ed_abstract__mean,msg_drop,0.3,20,6.0,6.0,6.0,6.0,70.0,70.0,70.0,70.0,-0.03177383692064598,-0.011896983076569296,0.0,-0.020687601264588913,1.537872703683942e-10,9.482403919996505e-10,1.970547004058174e-08,3.1425728297877386e-08,,,,,,,,,0.0,0.0,0.0,0.0,0.2990327380952381,0.3073979591836735,0.30992063492063493,0.3063503659039373,0.0,0.0,0.0,0.0,0.0,0.0,0.0,0.0,1260.0,1260.0,1400.0,1288.0,871.25,887.0,964.75,899.7,0.6950892857142856,0.6967893217893217,0.7045386904761906,0.6983231550195834,0.29546130952380945,0.3032106782106782,0.3049107142857143,0.30167684498041636,55760.0,56768.0,61744.0,57580.8,64.0,64.0,64.0,64.0,0.0,0.0,0.0,0.0,871.25,887.0,964.75,899.7,0.0,0.0,0.0,0.0,0.0,0.0,0.0,0.0,366.0,382.5,420.25,388.3,0.0,0.0,0.0,0.0,0.0,0.0,0.0,0.0,0.0,0.0,0.0,0.0,0.7309971391627085,0.7419347801898721,0.7673387182006669,0.7442011463431878,0.906363173287867,0.9740354670950622,0.9894518033300547,0.9322857630759138,0.7821428571428571,0.9,0.9321428571428572,0.8607142857142858,1.0937681282572512e-09,3.066385442184875e-09,1.0228428377343353e-07,1.0108390945359127e-07,-0.046859668498513946,-0.029309676095794615,-0.021110845996501888,-0.0357306802456241,5.0,5.5,9.25,6.9,1.0,1.0,1.0,1.0,1.3534618065453605,1.4786264415495778,1.7967385708103398,1.5848382136318953,,,,,6.633568410162121,7.252478449574693,7.627115193693478,6.976297385036437,2.5627485655361726,2.669778202248998,3.001461694708052,2.7373949720497226,1.537872703683942e-10,9.482403919996505e-10,1.970547004058174e-08,3.1425728297877386e-08,0.0763129233698201,0.1611528558021873,0.25131379319764613,0.18248886015105353,0.0,0.011896983076569296,0.03177383692064598,0.020687601264588913,5.1257887391832624e-05,0.0002231630632603024,0.0005707105207539776,0.000660886523570488,,,,,,,,,,,,,,,,,,,,
ed_abstract__mean,msg_drop,0.5,20,6.0,6.0,6.0,6.0,70.0,70.0,70.0,70.0,-0.002551993387965868,0.0,0.0,-0.018344037076768415,3.8543214229822986e-08,1.4418993846897624e-07,4.630922772899043e-07,9.221574727710608e-07,,,,,,,,,0.0,0.0,0.0,0.0,0.4986111111111111,0.5031746031746032,0.5113715277777777,0.5041467287672645,0.0,0.0,0.0,0.0,0.0,0.0,0.0,0.0,1260.0,1260.0,1400.0,1288.0,615.25,633.0,697.25,643.6,0.4918650793650794,0.5003968253968254,0.5049603174603174,0.4992764120799835,0.49503968253968256,0.4996031746031746,0.5081349206349206,0.5007235879200165,39376.0,40512.0,44624.0,41190.4,64.0,64.0,64.0,64.0,0.0,0.0,0.0,0.0,615.25,633.0,697.25,643.6,0.0,0.0,0.0,0.0,0.0,0.0,0.0,0.0,616.75,634.5,687.75,644.4,0.0,0.0,0.0,0.0,0.0,0.0,0.0,0.0,0.0,0.0,0.0,0.0,0.7908226217116238,0.804935180225449,0.8345083680095805,0.8034469570804132,0.9227915707032095,0.9608168923157119,0.9862557553839653,0.9366533425088617,0.7,0.7714285714285715,0.8607142857142857,0.7807142857142858,9.101771695527969e-08,5.898006766317382e-07,1.500357918261272e-06,3.6394610479060795e-06,-0.0468596676871938,-0.02930967394300992,-0.021110842018728992,-0.0357306675208849,6.0,8.0,12.25,9.55,1.0,1.0,1.0,1.0,1.3534618065453605,1.4786264415495778,1.7967385708103398,1.5848382136318953,,,,,6.633568410162121,7.252478449574693,7.627115193693478,6.976297385036437,2.5627485655361726,2.669778202248998,3.001461694708052,2.7373949720497226,3.8543214229822986e-08,1.4418993846897624e-07,4.630922772899043e-07,9.221574727710608e-07,0.12042984488801989,0.19832984382905616,0.36843819724420657,0.3098358464583077,0.0,0.0,0.002551993387965868,0.018344037076768415,0.00013469667856146547,0.0004616802836654241,0.001741453180191793,0.002705730300160363,,,,,,,,,,,,,,,,,,,,
ed_abstract__mean,msg_drop,0.7,20,6.0,6.0,6.0,6.0,70.0,70.0,70.0,70.0,-0.0982326882594495,-0.021092140370116398,0.0,-0.056861082170174417,4.87891393310193e-07,2.873637377761521e-06,2.4179459754337052e-05,7.504125537152254e-05,,,,,,,,,0.0,0.0,0.0,0.0,0.6939303751803751,0.6998412698412698,0.7025081168831169,0.6987504380540095,0.0,0.0,0.0,0.0,0.0,0.0,0.0,0.0,1260.0,1260.0,1400.0,1288.0,371.0,385.0,417.0,391.1,0.29946428571428574,0.3026190476190476,0.3087121212121212,0.30358105287569576,0.6912878787878787,0.6973809523809523,0.7005357142857143,0.6964189471243043,23744.0,24640.0,26688.0,25030.4,64.0,64.0,64.0,64.0,0.0,0.0,0.0,0.0,371.0,385.0,417.0,391.1,0.0,0.0,0.0,0.0,0.0,0.0,0.0,0.0,860.25,880.0,977.75,896.9,0.0,0.0,0.0,0.0,0.0,0.0,0.0,0.0,0.0,0.0,0.0,0.0,0.8087619376488293,0.8407981899137272,0.8810545262958631,0.8329213441064057,0.935172158455756,0.9587915829806157,0.966826915792001,0.9326424211826604,0.6428571428571429,0.7071428571428571,0.7428571428571429,0.6957142857142857,1.8757969739158527e-06,1.0433596480866923e-05,9.314872139779161e-05,0.00010084382478865333,-0.04685966382000063,-0.029309232018224947,-0.021110773520129994,-0.0357296086766292,9.5,12.5,18.25,13.8,1.0,1.0,1.0,1.0,1.3534618065453605,1.4786264415495778,1.7967385708103398,1.5848382136318953,,,,,6.633568410162121,7.252478449574693,7.627115193693478,6.976297385036437,2.5627485655361726,2.669778202248998,3.001461694708052,2.7373949720497226,4.87891393310193e-07,2.873637377761521e-06,2.4179459754337052e-05,7.504125537152254e-05,0.2788312290484276,0.3256683510559406,0.4810475517241579,0.4059787664909124,0.0,0.021092140370116398,0.0982326882594495,0.056861082170174417,0.0008352850233039995,0.0013426940764672737,0.0023856586601123412,0.0023078641054019126,,,,,,,,,,,,,,,,,,,,
ed_abstract__mean,msg_drop,1.0,20,6.0,6.0,6.0,6.0,70.0,70.0,70.0,70.0,-0.08208888522535136,-0.0527896838005538,-0.033264580261175354,-0.07079492308906928,1.4777592250532785,2.0516773267472788,3.28017680933905,2.501147648619415,,,,,,,,,0.0,0.0,0.0,0.0,1.0,1.0,1.0,1.0,0.0,0.0,0.0,0.0,0.0,0.0,0.0,0.0,1260.0,1260.0,1400.0,1288.0,0.0,0.0,0.0,0.0,0.0,0.0,0.0,0.0,1.0,1.0,1.0,1.0,0.0,0.0,0.0,0.0,0.0,0.0,0.0,0.0,0.0,0.0,0.0,0.0,0.0,0.0,0.0,0.0,0.0,0.0,0.0,0.0,0.0,0.0,0.0,0.0,1260.0,1260.0,1400.0,1288.0,0.0,0.0,0.0,0.0,0.0,0.0,0.0,0.0,0.0,0.0,0.0,0.0,1.0,1.0,1.0,1.0,0.0,0.0,0.0,0.0,1.0,1.0,1.0,1.0,1.4777592250532783,2.0516773267472788,3.28017680933905,2.5011476486194155,0.0,0.0,0.0,0.0,,,,,0.0,0.0,0.0,0.0,1.3534618065453605,1.4786264415495778,1.7967385708103398,1.5848382136318953,,,,,6.633568410162121,7.252478449574693,7.627115193693478,6.976297385036437,2.5627485655361726,2.669778202248998,3.001461694708052,2.7373949720497226,1.4777592250532785,2.0516773267472788,3.28017680933905,2.501147648619415,0.0,8.881784197001252e-16,0.07085066072253832,0.047785789088784635,0.033264580261175354,0.0527896838005538,0.08208888522535136,0.07079492308906928,0.04528891401304944,0.0645932749305612,0.09231496628187184,0.0801422891916268,,,,,,,,,,,,,,,,,,,,
ed_abstract__median,bandwidth,0.0,20,6.0,6.0,6.0,6.0,70.0,70.0,70.0,70.0,-0.10395754928574413,-0.04823718594948412,0.0,-0.0853034141831445,2.998325565026343e-11,3.372456743711379e-10,9.173795605358087e-09,3.2589364623061764e-08,,,,,,,,,0.0,0.0,0.0,0.0,0.006205357142857143,0.007142857142857143,0.007142857142857143,0.006690025252525253,0.0,0.0,0.0,0.0,0.0,0.0,0.0,0.0,1260.0,1260.0,1400.0,1288.0,1260.0,1260.0,1400.0,1288.0,1.0,1.0,1.0,1.0,0.0,0.0,0.0,0.0,80640.0,80640.0,89600.0,82432.0,64.0,64.0,64.0,64.0,0.0,0.0,0.0,0.0,1260.0,1260.0,1400.0,1288.0,0.0,0.0,0.0,0.0,0.0,0.0,0.0,0.0,0.0,0.0,0.0,0.0,0.0,0.0,0.0,0.0,0.0,0.0,0.0,0.0,0.0,0.0,0.0,0.0,0.7207286695888591,0.7555976649041081,0.8001392669303642,0.7548031867356391,0.8304895324415389,0.922115431808763,0.9766066894109615,0.8945524753694201,0.9821428571428572,1.0,1.0,0.9800000000000001,1.305435423783441e-10,9.917599492535624e-10,1.7200719647478367e-08,1.443080382043384e-07,-0.04685966792183531,-0.029309673805550475,-0.02111084606925442,-0.03573068022900072,3.75,4.0,6.25,5.5,1.0,1.0,1.0,1.0,1.3534618065453605,1.4786264415495778,1.7967385708103398,1.5848382136318953,,,,,6.633568410162121,7.252478449574693,7.627115193693478,6.976297385036437,2.5627485655361726,2.669778202248998,3.001461694708052,2.7373949720497226,2.998325565026343e-11,3.372456743711379e-10,9.173795605358087e-09,3.2589364623061764e-08,0.1658016047697093,0.4041409209219231,0.8177548167179507,0.5760284348700482,0.0,0.04823718594948412,0.10395754928574413,0.0853034141831445,0.0004419583369831734,0.0019828891813505555,0.007093198688068891,0.006373743798889489,,,,,,,,,,,,,,,,,,,,
ed_abstract__median,bandwidth,1.0,20,6.0,6.0,6.0,6.0,70.0,70.0,70.0,70.0,-0.009153728423622717,0.0,0.0,-0.057181625385598324,0.043666071428365205,0.08110374141909191,0.1401918696946446,0.1034540174707405,,,,,,,,,0.20960139881755496,0.21892273271866616,0.23115213044737043,0.22285247582314766,0.0,0.0,0.0,0.0,0.0,0.0,0.0,0.0,0.0,0.0,0.0,0.0,1260.0,1260.0,1400.0,1288.0,1260.0,1260.0,1400.0,1288.0,1.0,1.0,1.0,1.0,0.0,0.0,0.0,0.0,2520.0,2520.0,2800.0,2576.0,2.0,2.0,2.0,2.0,0.0,0.0,0.0,0.0,1260.0,1260.0,1400.0,1288.0,0.0,0.0,0.0,0.0,0.0,0.0,0.0,0.0,0.0,0.0,0.0,0.0,0.0,0.0,0.0,0.0,0.0,0.0,0.0,0.0,0.0,0.0,0.0,0.0,0.2400716462342788,0.2615218905925613,0.3072548080650867,0.2879015040166132,0.937727681189162,0.9577763225629272,0.972057304703807,0.940359643043452,0.1357142857142857,0.2785714285714286,0.4142857142857143,0.3221428571428571,0.04366607142057619,0.08110374026528713,0.14019186789854718,0.10345375578913037,-0.04649779421768457,-0.028151051218874776,-0.018666872571168884,-0.03425276615926678,3.0,3.0,4.0,3.5789473684210527,1.0,1.0,1.0,0.95,1.3534618065453605,1.4786264415495778,1.7967385708103398,1.5848382136318953,,,,,6.633568410162121,7.252478449574693,7.627115193693478,6.976297385036437,2.5627485655361726,2.669778202248998,3.001461694708052,2.7373949720497226,0.043666071428365205,0.08110374141909191,0.1401918696946446,0.1034540174707405,0.657423890165558,1.2660686814608102,2.1143211012258325,1.5722116775055546,0.0,0.0,0.009153728423622717,0.057181625385598324,0.007168722754903437,0.025926774944645348,0.04797309493023272,0.03677551102110384,,,,,,,,,,,,,,,,,,,,
ed_abstract__median,bandwidth,2.0,20,6.0,6.0,6.0,6.0,70.0,70.0,70.0,70.0,-0.4172820189735571,-0.31993284554349366,-0.07388198160762294,-0.30639969230759456,0.0048517857142856636,0.009115197466864029,0.02150097513305757,0.360440782720729,,,,,,,,,0.027148266123128303,0.029018522139259456,0.030642958064954064,0.04409819729121639,0.0,0.0,0.0,0.0,0.0,0.0,0.0,0.0,0.0,0.0,0.0,0.0,1260.0,1260.0,1400.0,1288.0,1260.0,1260.0,1400.0,1288.0,1.0,1.0,1.0,1.0,0.0,0.0,0.0,0.0,5040.0,5040.0,5600.0,5152.0,4.0,4.0,4.0,4.0,0.0,0.0,0.0,0.0,1260.0,1260.0,1400.0,1288.0,0.0,0.0,0.0,0.0,0.0,0.0,0.0,0.0,0.0,0.0,0.0,0.0,0.0,0.0,0.0,0.0,0.0,0.0,0.0,0.0,0.0,0.0,0.0,0.0,0.2706723210187799,0.33142528733074006,0.45220120623360094,0.40093603874479883,0.8666486657761181,0.9672230784184266,0.975912650127789,0.8744466862913018,0.39642857142857146,0.4714285714285714,0.6214285714285714,0.4992857142857144,0.004851785714282345,0.009115197443072069,0.02150097469227646,0.3607069297150932,-0.046819460428492575,-0.027719135713928842,-0.018421317422567217,-0.030581526655695523,3.0,4.0,5.0,4.133333333333334,0.75,1.0,1.0,0.75,1.3534618065453605,1.4786264415495778,1.7967385708103398,1.5848382136318953,,,,,6.633568410162121,7.252478449574693,7.627115193693478,6.976297385036437,2.5627485655361726,2.669778202248998,3.001461694708052,2.7373949720497226,0.0048517857142856636,0.009115197466864029,0.02150097513305757,0.360440782720729,0.8886206360391087,1.5815196729314458,1.9696859970213612,1.566605701180437,0.07388198160762294,0.31993284554349366,0.4172820189735571,0.30639969230759456,0.009685231140930953,0.030426644435185373,0.053524726371424775,0.04593324896156466,,,,,,,,,,,,,,,,,,,,
ed_abstract__median,bandwidth,3.0,20,6.0,6.0,6.0,6.0,70.0,70.0,70.0,70.0,-0.24227863149095868,-0.0427921954374732,0.0,-0.13022259131315075,0.001655178398053827,0.0024879810869123777,0.005107226586636823,0.10300772689886757,,,,,,,,,0.006287310796385357,0.007296772246416774,0.010295544174198878,0.012294444649548555,0.0,0.0,0.0,0.0,0.0,0.0,0.0,0.0,0.0,0.0,0.0,0.0,1260.0,1260.0,1400.0,1288.0,1260.0,1260.0,1400.0,1288.0,1.0,1.0,1.0,1.0,0.0,0.0,0.0,0.0,7560.0,7560.0,8400.0,7728.0,6.0,6.0,6.0,6.0,0.0,0.0,0.0,0.0,1260.0,1260.0,1400.0,1288.0,0.0,0.0,0.0,0.0,0.0,0.0,0.0,0.0,0.0,0.0,0.0,0.0,0.0,0.0,0.0,0.0,0.0,0.0,0.0,0.0,0.0,0.0,0.0,0.0,0.3780821551451839,0.8480638577200619,0.9771629504542354,0.6855316529981922,0.2119533049775537,0.5116676381307642,0.9770318844260957,0.551196804972707,0.5107142857142857,0.6357142857142857,0.9892857142857143,0.6814285714285714,0.0016551784016154204,0.0024879810847480825,0.005107226885122558,0.10019411417888706,-0.04153621994915939,-0.02928603069069025,-0.019621805735117365,-0.03425914173886497,3.0,4.0,5.25,4.6875,1.0,1.0,1.0,0.8,1.3534618065453605,1.4786264415495778,1.7967385708103398,1.5848382136318953,,,,,6.633568410162121,7.252478449574693,7.627115193693478,6.976297385036437,2.5627485655361726,2.669778202248998,3.001461694708052,2.7373949720497226,0.001655178398053827,0.0024879810869123777,0.005107226586636823,0.10300772689886757,0.2615576164329263,0.9324661187085481,1.3320835759231144,0.8523455555088255,0.0,0.0427921954374732,0.24227863149095868,0.13022259131315075,0.0013619705009843468,0.013985244520788857,0.02389563035243344,0.016483273859004097,,,,,,,,,,,,,,,,,,,,
ed_abstract__median,bandwidth,4.0,20,6.0,6.0,6.0,6.0,70.0,70.0,70.0,70.0,-0.1852399639656765,-0.009983083761977261,0.0,-0.10062171190903164,0.0002178039286720124,0.0005418046924937229,0.001112243594255508,0.016633635254998173,,,,,,,,,0.0019521590201626489,0.0036356705921591504,0.0047602516340642075,0.004759977051058099,0.0,0.0,0.0,0.0,0.0,0.0,0.0,0.0,0.0,0.0,0.0,0.0,1260.0,1260.0,1400.0,1288.0,1260.0,1260.0,1400.0,1288.0,1.0,1.0,1.0,1.0,0.0,0.0,0.0,0.0,10080.0,10080.0,11200.0,10304.0,8.0,8.0,8.0,8.0,0.0,0.0,0.0,0.0,1260.0,1260.0,1400.0,1288.0,0.0,0.0,0.0,0.0,0.0,0.0,0.0,0.0,0.0,0.0,0.0,0.0,0.0,0.0,0.0,0.0,0.0,0.0,0.0,0.0,0.0,0.0,0.0,0.0,0.4176420480567141,0.6699527136103154,0.9574199265995358,0.6704605829404545,0.2832258089203544,0.7948084036525829,0.9512646489078171,0.6398839974633808,0.55,0.7428571428571429,1.0,0.7242857142857143,0.00021780392866919528,0.0005411967592339913,0.001112254510521077,0.016652139279478485,-0.04684204789279033,-0.02867808174614339,-0.021107475884035443,-0.03549305733377739,3.0,4.0,5.0,4.352941176470588,1.0,1.0,1.0,0.85,1.3534618065453605,1.4786264415495778,1.7967385708103398,1.5848382136318953,,,,,6.633568410162121,7.252478449574693,7.627115193693478,6.976297385036437,2.5627485655361726,2.669778202248998,3.001461694708052,2.7373949720497226,0.0002178039286720124,0.0005418046924937229,0.001112243594255508,0.016633635254998173,0.13013004879995838,0.5694894993586335,0.9316782144161073,0.7005354960614224,0.0,0.009983083761977261,0.1852399639656765,0.10062171190903164,0.00019646546450226212,0.0037016465542053746,0.012677111905160986,0.00988755231260689,,,,,,,,,,,,,,,,,,,,
ed_abstract__median,bandwidth,8.0,20,6.0,6.0,6.0,6.0,70.0,70.0,70.0,70.0,-0.06538036668579128,-0.005734695873708048,0.0,-0.058062811539497106,1.2218669816070321e-05,8.697951980443166e-05,0.0007061871790898865,0.0008110755740322413,,,,,,,,,0.00020406629444116365,0.0007606371565424361,0.0024361488400899602,0.0018131979577788808,0.0,0.0,0.0,0.0,0.0,0.0,0.0,0.0,0.0,0.0,0.0,0.0,1260.0,1260.0,1400.0,1288.0,1260.0,1260.0,1400.0,1288.0,1.0,1.0,1.0,1.0,0.0,0.0,0.0,0.0,20160.0,20160.0,22400.0,20608.0,16.0,16.0,16.0,16.0,0.0,0.0,0.0,0.0,1260.0,1260.0,1400.0,1288.0,0.0,0.0,0.0,0.0,0.0,0.0,0.0,0.0,0.0,0.0,0.0,0.0,0.0,0.0,0.0,0.0,0.0,0.0,0.0,0.0,0.0,0.0,0.0,0.0,0.5755569303861836,0.782613547306828,0.9437778163169073,0.7255940196358271,0.5113977059542674,0.7397142818674831,0.9529390243430588,0.6920865303549207,0.6821428571428572,0.8,1.0,0.7992857142857143,1.2251308789429837e-05,0.0001087193474597489,0.0007062317422500768,0.0008158975568004288,-0.04684851435746886,-0.02927537910647937,-0.021110682794246077,-0.03571909390064833,3.0,5.0,6.0,5.7,1.0,1.0,1.0,1.0,1.3534618065453605,1.4786264415495778,1.7967385708103398,1.5848382136318953,,,,,6.633568410162121,7.252478449574693,7.627115193693478,6.976297385036437,2.5627485655361726,2.669778202248998,3.001461694708052,2.7373949720497226,1.2218669816070321e-05,8.697951980443166e-05,0.0007061871790898865,0.0008110755740322413,0.17700986634867677,0.34899661465684106,1.1202786715232262,0.6429052305781564,0.0,0.005734695873708048,0.06538036668579128,0.058062811539497106,0.00040537472210597735,0.0010734223983105305,0.011826640744518611,0.007713585515696278,,,,,,,,,,,,,,,,,,,,
ed_abstract__median,byzantine,0.0,20,6.0,6.0,6.0,6.0,70.0,70.0,70.0,70.0,-0.10395754928574413,-0.04823718594948412,0.0,-0.0853034141831445,2.998325565026343e-11,3.372456743711379e-10,9.173795605358087e-09,3.2589364623061764e-08,,,,,,,,,0.0,0.0,0.0,0.0,0.006205357142857143,0.007142857142857143,0.007142857142857143,0.006690025252525253,0.0,0.0,0.0,0.0,0.0,0.0,0.0,0.0,1260.0,1260.0,1400.0,1288.0,1260.0,1260.0,1400.0,1288.0,1.0,1.0,1.0,1.0,0.0,0.0,0.0,0.0,80640.0,80640.0,89600.0,82432.0,64.0,64.0,64.0,64.0,0.0,0.0,0.0,0.0,1260.0,1260.0,1400.0,1288.0,0.0,0.0,0.0,0.0,0.0,0.0,0.0,0.0,0.0,0.0,0.0,0.0,0.0,0.0,0.0,0.0,0.0,0.0,0.0,0.0,0.0,0.0,0.0,0.0,0.7207286695888591,0.7555976649041081,0.8001392669303642,0.7548031867356391,0.8304895324415389,0.922115431808763,0.9766066894109615,0.8945524753694201,0.9821428571428572,1.0,1.0,0.9800000000000001,1.305435423783441e-10,9.917599492535624e-10,1.7200719647478367e-08,1.443080382043384e-07,-0.04685966792183531,-0.029309673805550475,-0.02111084606925442,-0.03573068022900072,3.75,4.0,6.25,5.5,1.0,1.0,1.0,1.0,1.3534618065453605,1.4786264415495778,1.7967385708103398,1.5848382136318953,,,,,6.633568410162121,7.252478449574693,7.627115193693478,6.976297385036437,2.5627485655361726,2.669778202248998,3.001461694708052,2.7373949720497226,2.998325565026343e-11,3.372456743711379e-10,9.173795605358087e-09,3.2589364623061764e-08,0.1658016047697093,0.4041409209219231,0.8177548167179507,0.5760284348700482,0.0,0.04823718594948412,0.10395754928574413,0.0853034141831445,0.0004419583369831734,0.0019828891813505555,0.007093198688068891,0.006373743798889489,,,,,,,,,,,,,,,,,,,,
ed_abstract__median,byzantine,0.1,20,6.0,6.0,6.0,6.0,70.0,70.0,70.0,70.0,-0.03265450835178166,0.0,0.0,-0.07012868172534922,3.1997166781545444e-10,5.085868165101197e-08,0.737678410474726,0.7471504624082324,,,,,,,,,0.0,0.0,0.0,0.0,0.005158730158730159,0.005537518037518037,0.005952380952380952,0.005506487064522779,0.0,0.0,0.0,0.0,0.0,0.0,0.0,0.0,1260.0,1260.0,1400.0,1288.0,1260.0,1260.0,1400.0,1288.0,1.0,1.0,1.0,1.0,0.0,0.0,0.0,0.0,80640.0,80640.0,89600.0,82432.0,64.0,64.0,64.0,64.0,0.0,0.0,0.0,0.0,1260.0,1260.0,1400.0,1288.0,0.0,0.0,0.0,0.0,0.0,0.0,0.0,0.0,0.0,0.0,0.0,0.0,0.0,0.0,0.0,0.0,0.0,0.0,0.0,0.0,0.0,0.0,0.0,0.0,0.7607587657645505,0.8346146716373594,0.9606902345396038,0.8507987804512578,0.09648251212283271,0.6834072803643993,0.9104417115704142,0.5403370041919475,0.5678571428571428,0.7642857142857142,0.9464285714285714,0.7492857142857143,2.1935073558424616e-09,1.9163812555097705e-07,1.325444017601632,0.7774194542493418,-0.046859668594957576,-0.025036191302895784,-0.0055577177644367684,-0.02505710266015975,4.0,6.0,12.0,12.647058823529411,1.0,1.0,1.0,0.85,1.3534618065453605,1.4786264415495778,1.7967385708103398,1.5848382136318953,,,,,6.633568410162121,7.252478449574693,7.627115193693478,6.976297385036437,2.5627485655361726,2.669778202248998,3.001461694708052,2.7373949720497226,3.1997166781545444e-10,5.085868165101197e-08,0.737678410474726,0.7471504624082324,0.569314352270845,1.3761313607371823,2.4843706745857617,2.2444291069947573,0.0,0.0,0.03265450835178166,0.07012868172534922,0.006479371384495718,0.01789658523941088,0.10337830398751263,0.10474228769710865,,,,,,,,,,,,,,,,,,,,
ed_abstract__median,byzantine,0.25,20,6.0,6.0,6.0,6.0,70.0,70.0,70.0,70.0,0.0,0.0,0.0,-0.032538251476459626,0.10671589905797185,0.3425769151835467,2.148163720701359,1.6144261243503994,,,,,,,,,0.0,0.0,0.0,0.0,0.0035714285714285713,0.00450487012987013,0.004761904761904762,0.0042802321686250255,0.0,0.0,0.0,0.0,0.0,0.0,0.0,0.0,1260.0,1260.0,1400.0,1288.0,1260.0,1260.0,1400.0,1288.0,1.0,1.0,1.0,1.0,0.0,0.0,0.0,0.0,80640.0,80640.0,89600.0,82432.0,64.0,64.0,64.0,64.0,0.0,0.0,0.0,0.0,1260.0,1260.0,1400.0,1288.0,0.0,0.0,0.0,0.0,0.0,0.0,0.0,0.0,0.0,0.0,0.0,0.0,0.0,0.0,0.0,0.0,0.0,0.0,0.0,0.0,0.0,0.0,0.0,0.0,0.9156094343566015,0.9501781015093225,0.9734153423974381,0.8979605951100688,0.03131899273252059,0.13795575003303745,0.2505803737922576,0.19966449681815354,0.525,0.5642857142857143,0.6285714285714286,0.5685714285714285,0.7961390377863813,1.3426861268964654,2.5666979946988535,1.799781876041156,-0.0442451227012564,-0.025161888578459204,0.005963147789611351,-0.012667450346700226,11.0,22.0,31.5,23.266666666666666,0.75,1.0,1.0,0.75,1.3534618065453605,1.4786264415495778,1.7967385708103398,1.5848382136318953,,,,,6.633568410162121,7.252478449574693,7.627115193693478,6.976297385036437,2.5627485655361726,2.669778202248998,3.001461694708052,2.7373949720497226,0.10671589905797185,0.3425769151835467,2.148163720701359,1.6144261243503994,3.145860788405526,6.460462978196068,7.3272233077731075,5.2221469431517935,0.0,0.0,0.0,0.032538251476459626,0.17078436073695802,0.39857449511962184,0.4486148400524777,0.31727379216171026,,,,,,,,,,,,,,,,,,,,
ed_abstract__median,byzantine,0.5,20,6.0,6.0,6.0,6.0,70.0,70.0,70.0,70.0,0.0,0.0,0.0,0.0,0.5022334423501694,1.1854126067837867,2.978107433385012,2.3697241670371465,,,,,,,,,0.0,0.0,0.0,0.0,0.0026339285714285714,0.0031498015873015874,0.0035714285714285713,0.00303108250876108,0.0,0.0,0.0,0.0,0.0,0.0,0.0,0.0,1260.0,1260.0,1400.0,1288.0,1260.0,1260.0,1400.0,1288.0,1.0,1.0,1.0,1.0,0.0,0.0,0.0,0.0,80640.0,80640.0,89600.0,82432.0,64.0,64.0,64.0,64.0,0.0,0.0,0.0,0.0,1260.0,1260.0,1400.0,1288.0,0.0,0.0,0.0,0.0,0.0,0.0,0.0,0.0,0.0,0.0,0.0,0.0,0.0,0.0,0.0,0.0,0.0,0.0,0.0,0.0,0.0,0.0,0.0,0.0,0.9549611904550115,0.972870201608971,0.9927737339766048,0.931897542384393,0.007438867202993776,0.05350790847503806,0.16063557915010584,0.15139898898395968,0.5107142857142857,0.5142857142857142,0.5571428571428572,0.5278571428571428,1.2308183386278775,1.6693777796887066,2.4776441518591206,1.7945113137132864,-0.02772966984771029,-0.012079133418751047,0.010622073840011645,-0.0018774783083181118,9.75,24.0,36.0,24.833333333333332,0.0,0.0,1.0,0.3,1.3534618065453605,1.4786264415495778,1.7967385708103398,1.5848382136318953,,,,,6.633568410162121,7.252478449574693,7.627115193693478,6.976297385036437,2.5627485655361726,2.669778202248998,3.001461694708052,2.7373949720497226,0.5022334423501694,1.1854126067837867,2.978107433385012,2.3697241670371465,6.11671131085758,7.0622853808185555,7.3828456402615,6.718316153738321,0.0,0.0,0.0,0.0,0.3818261352845145,0.4247106569037338,0.4864122948582018,0.4278722927381698,,,,,,,,,,,,,,,,,,,,
ed_abstract__median,latency,0.0,20,6.0,6.0,6.0,6.0,70.0,70.0,70.0,70.0,-0.10395754928574413,-0.04823718594948412,0.0,-0.0853034141831445,2.998325565026343e-11,3.372456743711379e-10,9.173795605358087e-09,3.2589364623061764e-08,,,,,,,,,0.0,0.0,0.0,0.0,0.006205357142857143,0.007142857142857143,0.007142857142857143,0.006690025252525253,0.0,0.0,0.0,0.0,0.0,0.0,0.0,0.0,1260.0,1260.0,1400.0,1288.0,1260.0,1260.0,1400.0,1288.0,1.0,1.0,1.0,1.0,0.0,0.0,0.0,0.0,80640.0,80640.0,89600.0,82432.0,64.0,64.0,64.0,64.0,0.0,0.0,0.0,0.0,1260.0,1260.0,1400.0,1288.0,0.0,0.0,0.0,0.0,0.0,0.0,0.0,0.0,0.0,0.0,0.0,0.0,0.0,0.0,0.0,0.0,0.0,0.0,0.0,0.0,0.0,0.0,0.0,0.0,0.7207286695888591,0.7555976649041081,0.8001392669303642,0.7548031867356391,0.8304895324415389,0.922115431808763,0.9766066894109615,0.8945524753694201,0.9821428571428572,1.0,1.0,0.9800000000000001,1.305435423783441e-10,9.917599492535624e-10,1.7200719647478367e-08,1.443080382043384e-07,-0.04685966792183531,-0.029309673805550475,-0.02111084606925442,-0.03573068022900072,3.75,4.0,6.25,5.5,1.0,1.0,1.0,1.0,1.3534618065453605,1.4786264415495778,1.7967385708103398,1.5848382136318953,,,,,6.633568410162121,7.252478449574693,7.627115193693478,6.976297385036437,2.5627485655361726,2.669778202248998,3.001461694708052,2.7373949720497226,2.998325565026343e-11,3.372456743711379e-10,9.173795605358087e-09,3.2589364623061764e-08,0.1658016047697093,0.4041409209219231,0.8177548167179507,0.5760284348700482,0.0,0.04823718594948412,0.10395754928574413,0.0853034141831445,0.0004419583369831734,0.0019828891813505555,0.007093198688068891,0.006373743798889489,,,,,,,,,,,,,,,,,,,,
ed_abstract__median,latency,1.0,20,6.0,6.0,6.0,6.0,70.0,70.0,70.0,70.0,-0.11397806498868789,-0.06364265939845894,0.0,-0.09833129522620707,4.775555314682721e-09,6.226728882685309e-08,3.3987996827962054e-07,4.22267347014771e-07,,,,,,,,,0.0,0.0,0.0,0.0,0.008031400966183575,0.010466988727858293,0.011912604303908652,0.010282947225882008,1.0,1.0,1.0,1.0,1.0,1.0,1.0,1.0,1260.0,1260.0,1400.0,1288.0,1242.0,1242.0,1380.0,1269.6,0.9857142857142858,0.9857142857142858,0.9857142857142858,0.9857142857142861,0.014285714285714235,0.014285714285714235,0.014285714285714235,0.014285714285714235,79488.0,79488.0,88320.0,81254.4,64.0,64.0,64.0,64.0,0.0,0.0,0.0,0.0,1242.0,1242.0,1380.0,1269.6,0.0,0.0,0.0,0.0,0.0,0.0,0.0,0.0,0.0,0.0,0.0,0.0,0.0,0.0,0.0,0.0,0.0,0.0,0.0,0.0,0.0,0.0,0.0,0.0,0.75034479764983,0.7873556594041891,0.821509398113699,0.7649942633574218,0.8543098014940311,0.9214266641777752,0.979378022274313,0.8998341170550566,0.6071428571428572,0.6928571428571428,0.8142857142857143,0.7250000000000001,1.0847165560371444e-08,8.105605963307511e-08,9.646431295419123e-07,1.1987166748994706e-06,-0.046859665925432344,-0.02930966034719177,-0.021110846068404625,-0.035730674662172404,6.0,6.0,9.25,7.8,1.0,1.0,1.0,1.0,1.3534618065453605,1.4786264415495778,1.7967385708103398,1.5848382136318953,,,,,6.633568410162121,7.252478449574693,7.627115193693478,6.976297385036437,2.5627485655361726,2.669778202248998,3.001461694708052,2.7373949720497226,4.775555314682721e-09,6.226728882685309e-08,3.3987996827962054e-07,4.22267347014771e-07,0.29766933284770714,0.46752924678212704,0.8244250344250292,0.6397481367397143,0.0,0.06364265939845894,0.11397806498868789,0.09833129522620707,0.0009904854499894803,0.0020340482239392037,0.0049573238110689295,0.007566722350421817,,,,,,,,,,,,,,,,,,,,
ed_abstract__median,latency,2.0,20,6.0,6.0,6.0,6.0,70.0,70.0,70.0,70.0,-0.14449628737380046,-0.051295126437105,0.0,-0.10048500181227871,1.6934517727703456e-07,3.0749710984652125e-07,3.769016042853741e-06,9.189643648737302e-06,,,,,,,,,0.0,0.0,0.0,0.0,0.00978442513368984,0.014297385620915032,0.016822638146167558,0.013981543374925728,2.0,2.0,2.0,2.0,2.0,2.0,2.0,2.0,1260.0,1260.0,1400.0,1288.0,1224.0,1224.0,1360.0,1251.2,0.9714285714285714,0.9714285714285714,0.9714285714285714,0.9714285714285713,0.02857142857142858,0.02857142857142858,0.02857142857142858,0.02857142857142858,78336.0,78336.0,87040.0,80076.8,64.0,64.0,64.0,64.0,0.0,0.0,0.0,0.0,1224.0,1224.0,1360.0,1251.2,0.0,0.0,0.0,0.0,0.0,0.0,0.0,0.0,0.0,0.0,0.0,0.0,0.0,0.0,0.0,0.0,0.0,0.0,0.0,0.0,0.0,0.0,0.0,0.0,0.7574150952416274,0.81146992068897,0.8282149941570857,0.7881700472147843,0.850264614480674,0.8933052041881002,0.9783359674423872,0.8825057701886049,0.5571428571428572,0.6071428571428572,0.7535714285714286,0.675,3.123840811629687e-07,8.577875153880201e-07,6.667599125884447e-06,2.8757168982190114e-05,-0.04685945698803144,-0.029309626163994074,-0.021110845037699912,-0.03573054941393952,7.75,9.0,12.0,10.65,1.0,1.0,1.0,1.0,1.3534618065453605,1.4786264415495778,1.7967385708103398,1.5848382136318953,,,,,6.633568410162121,7.252478449574693,7.627115193693478,6.976297385036437,2.5627485655361726,2.669778202248998,3.001461694708052,2.7373949720497226,1.6934517727703456e-07,3.0749710984652125e-07,3.769016042853741e-06,9.189643648737302e-06,0.23151173487830357,0.5026150130359595,0.836783531730249,0.651602680311357,0.0,0.051295126437105,0.14449628737380046,0.10048500181227871,0.0007547556246348783,0.0027092916807354953,0.006641669534546264,0.007849276563000253,,,,,,,,,,,,,,,,,,,,
ed_abstract__median,latency,4.0,20,6.0,6.0,6.0,6.0,70.0,70.0,70.0,70.0,-0.16623510967142746,-0.04944755542301932,0.0,-0.10579347602365637,4.729201484194383e-06,1.7899477465957057e-05,0.0005701648170894564,0.004631129318292579,,,,,,,,,0.0,0.0,0.0,0.0,0.01378271349862259,0.02230639730639731,0.027089072543617997,0.021714971686562595,4.0,4.0,4.0,4.0,4.0,4.0,4.0,4.0,1260.0,1260.0,1400.0,1288.0,1188.0,1188.0,1320.0,1214.4,0.9428571428571428,0.9428571428571428,0.9428571428571428,0.9428571428571428,0.05714285714285716,0.05714285714285716,0.05714285714285716,0.05714285714285716,76032.0,76032.0,84480.0,77721.6,64.0,64.0,64.0,64.0,0.0,0.0,0.0,0.0,1188.0,1188.0,1320.0,1214.4,0.0,0.0,0.0,0.0,0.0,0.0,0.0,0.0,0.0,0.0,0.0,0.0,0.0,0.0,0.0,0.0,0.0,0.0,0.0,0.0,0.0,0.0,0.0,0.0,0.8159278964802464,0.8505766686884626,0.8680305749224169,0.8504770202132524,0.6833290773589165,0.8048926673937884,0.9355330871211514,0.7975984941381556,0.5535714285714286,0.5928571428571429,0.6392857142857142,0.6235714285714286,9.545210800574417e-06,8.333795651148257e-05,0.0019360832586130397,0.006363341071324068,-0.04667439990024927,-0.02930845708704696,-0.0210994576824177,-0.03566452170430175,11.0,16.0,20.25,16.6,1.0,1.0,1.0,1.0,1.3534618065453605,1.4786264415495778,1.7967385708103398,1.5848382136318953,,,,,6.633568410162121,7.252478449574693,7.627115193693478,6.976297385036437,2.5627485655361726,2.669778202248998,3.001461694708052,2.7373949720497226,4.729201484194383e-06,1.7899477465957057e-05,0.0005701648170894564,0.004631129318292579,0.25719271534470356,0.4751061403342245,0.9044892106956173,0.6687652239381523,0.0,0.04944755542301932,0.16623510967142746,0.10579347602365637,0.0008258726259054977,0.002740226323255327,0.010879738743055319,0.008090390111087135,,,,,,,,,,,,,,,,,,,,
ed_abstract__median,latency,8.0,20,6.0,6.0,6.0,6.0,70.0,70.0,70.0,70.0,-0.1768924085704495,-0.0462710753899142,0.0,-0.10324738758756964,8.806876055713119e-05,0.0014219658009687365,0.006984751644455785,0.020125967904469824,,,,,,,,,0.0,0.0,0.0,0.0,0.02255315249266862,0.039874551971326166,0.04973118279569892,0.038678620886282176,8.0,8.0,8.0,8.0,8.0,8.0,8.0,8.0,1260.0,1260.0,1400.0,1288.0,1116.0,1116.0,1240.0,1140.8,0.8857142857142857,0.8857142857142857,0.8857142857142857,0.8857142857142858,0.11428571428571432,0.11428571428571432,0.11428571428571432,0.11428571428571432,71424.0,71424.0,79360.0,73011.2,64.0,64.0,64.0,64.0,0.0,0.0,0.0,0.0,1116.0,1116.0,1240.0,1140.8,0.0,0.0,0.0,0.0,0.0,0.0,0.0,0.0,0.0,0.0,0.0,0.0,0.0,0.0,0.0,0.0,0.0,0.0,0.0,0.0,0.0,0.0,0.0,0.0,0.8491839154535499,0.8876875028974685,0.9085738078142318,0.8775038603843676,0.7198833457116562,0.7918190684672402,0.9437764416241736,0.78974130414921,0.49642857142857144,0.55,0.625,0.562142857142857,0.00026908678755442183,0.0033863412097477064,0.017958040864829924,0.027635336397491928,-0.046512557875949434,-0.029269147252009395,-0.02103851416155488,-0.03544316686735636,19.0,28.0,36.25,29.05,1.0,1.0,1.0,1.0,1.3534618065453605,1.4786264415495778,1.7967385708103398,1.5848382136318953,,,,,6.633568410162121,7.252478449574693,7.627115193693478,6.976297385036437,2.5627485655361726,2.669778202248998,3.001461694708052,2.7373949720497226,8.806876055713119e-05,0.0014219658009687365,0.006984751644455785,0.020125967904469824,0.278414174327837,0.4108179052303811,0.9533074146302454,0.6763463215917025,0.0,0.0462710753899142,0.1768924085704495,0.10324738758756964,0.0011488053932759788,0.00281233064434799,0.012278209465261074,0.008047981432807941,,,,,,,,,,,,,,,,,,,,
ed_abstract__median,msg_drop,0.0,20,6.0,6.0,6.0,6.0,70.0,70.0,70.0,70.0,-0.10395754928574413,-0.04823718594948412,0.0,-0.0853034141831445,2.998325565026343e-11,3.372456743711379e-10,9.173795605358087e-09,3.2589364623061764e-08,,,,,,,,,0.0,0.0,0.0,0.0,0.006205357142857143,0.007142857142857143,0.007142857142857143,0.006690025252525253,0.0,0.0,0.0,0.0,0.0,0.0,0.0,0.0,1260.0,1260.0,1400.0,1288.0,1260.0,1260.0,1400.0,1288.0,1.0,1.0,1.0,1.0,0.0,0.0,0.0,0.0,80640.0,80640.0,89600.0,82432.0,64.0,64.0,64.0,64.0,0.0,0.0,0.0,0.0,1260.0,1260.0,1400.0,1288.0,0.0,0.0,0.0,0.0,0.0,0.0,0.0,0.0,0.0,0.0,0.0,0.0,0.0,0.0,0.0,0.0,0.0,0.0,0.0,0.0,0.0,0.0,0.0,0.0,0.7207286695888591,0.7555976649041081,0.8001392669303642,0.7548031867356391,0.8304895324415389,0.922115431808763,0.9766066894109615,0.8945524753694201,0.9821428571428572,1.0,1.0,0.9800000000000001,1.305435423783441e-10,9.917599492535624e-10,1.7200719647478367e-08,1.443080382043384e-07,-0.04685966792183531,-0.029309673805550475,-0.02111084606925442,-0.03573068022900072,3.75,4.0,6.25,5.5,1.0,1.0,1.0,1.0,1.3534618065453605,1.4786264415495778,1.7967385708103398,1.5848382136318953,,,,,6.633568410162121,7.252478449574693,7.627115193693478,6.976297385036437,2.5627485655361726,2.669778202248998,3.001461694708052,2.7373949720497226,2.998325565026343e-11,3.372456743711379e-10,9.173795605358087e-09,3.2589364623061764e-08,0.1658016047697093,0.4041409209219231,0.8177548167179507,0.5760284348700482,0.0,0.04823718594948412,0.10395754928574413,0.0853034141831445,0.0004419583369831734,0.0019828891813505555,0.007093198688068891,0.006373743798889489,,,,,,,,,,,,,,,,,,,,
ed_abstract__median,msg_drop,0.1,20,6.0,6.0,6.0,6.0,70.0,70.0,70.0,70.0,-0.10399029241549743,-0.025642889397492694,0.0,-0.0667092255037959,6.001104538126971e-11,3.4822389187656274e-10,5.96333974697035e-09,6.456782760871979e-09,,,,,,,,,0.0,0.0,0.0,0.0,0.10297619047619049,0.10723562152133581,0.11369047619047619,0.10857051381158525,0.0,0.0,0.0,0.0,0.0,0.0,0.0,0.0,1260.0,1260.0,1400.0,1288.0,1115.5,1132.5,1256.5,1156.35,0.8927380952380952,0.8988404452690166,0.9034090909090909,0.8974509637188209,0.09659090909090909,0.10115955473098331,0.10726190476190481,0.10254903628117915,71392.0,72480.0,80416.0,74006.4,64.0,64.0,64.0,64.0,0.0,0.0,0.0,0.0,1115.5,1132.5,1256.5,1156.35,0.0,0.0,0.0,0.0,0.0,0.0,0.0,0.0,126.0,131.0,144.0,131.65,0.0,0.0,0.0,0.0,0.0,0.0,0.0,0.0,0.0,0.0,0.0,0.0,0.735643537660964,0.7542657966300415,0.7850467185343094,0.7535510885453824,0.8554052005567179,0.9081144630315324,0.9614883387202534,0.8860791885812052,0.8821428571428571,0.9571428571428572,0.9857142857142858,0.9271428571428573,3.6128352446413483e-10,1.648925813311202e-09,1.7816017898675128e-08,3.320799578604765e-08,-0.046859668609826426,-0.029309676059588164,-0.021110846071680175,-0.03573068060232333,3.75,5.0,7.25,5.6,1.0,1.0,1.0,1.0,1.3534618065453605,1.4786264415495778,1.7967385708103398,1.5848382136318953,,,,,6.633568410162121,7.252478449574693,7.627115193693478,6.976297385036437,2.5627485655361726,2.669778202248998,3.001461694708052,2.7373949720497226,6.001104538126971e-11,3.4822389187656274e-10,5.96333974697035e-09,6.456782760871979e-09,0.151590825900918,0.3478064913230292,0.6314526770398111,0.439729549375082,0.0,0.025642889397492694,0.10399029241549743,0.0667092255037959,0.0002368950946076243,0.0014429486288218953,0.00460771514951206,0.0038255714774138106,,,,,,,,,,,,,,,,,,,,
ed_abstract__median,msg_drop,0.3,20,6.0,6.0,6.0,6.0,70.0,70.0,70.0,70.0,-0.10366342297539834,-0.05182688322842476,-0.0027099902027949677,-0.06726729475059065,1.6324222980434496e-10,3.238892591560979e-09,2.5587880319156746e-08,3.929286009648144e-08,,,,,,,,,0.0,0.0,0.0,0.0,0.2990327380952381,0.3073979591836735,0.30992063492063493,0.3063503659039373,0.0,0.0,0.0,0.0,0.0,0.0,0.0,0.0,1260.0,1260.0,1400.0,1288.0,871.25,887.0,964.75,899.7,0.6950892857142856,0.6967893217893217,0.7045386904761906,0.6983231550195834,0.29546130952380945,0.3032106782106782,0.3049107142857143,0.30167684498041636,55760.0,56768.0,61744.0,57580.8,64.0,64.0,64.0,64.0,0.0,0.0,0.0,0.0,871.25,887.0,964.75,899.7,0.0,0.0,0.0,0.0,0.0,0.0,0.0,0.0,366.0,382.5,420.25,388.3,0.0,0.0,0.0,0.0,0.0,0.0,0.0,0.0,0.0,0.0,0.0,0.0,0.742442026312061,0.7582992300571033,0.7872939049418475,0.7636414895586685,0.8516098614964924,0.9231805684155434,0.9853330750159266,0.909528677036435,0.8,0.8642857142857143,0.9178571428571428,0.8535714285714284,1.0428059540487391e-09,7.885105768709733e-09,8.292779859998235e-08,1.5772628187083823e-07,-0.046859668354551014,-0.029309675929260138,-0.021110846042973568,-0.035730680133236506,4.0,5.5,10.0,6.8,1.0,1.0,1.0,1.0,1.3534618065453605,1.4786264415495778,1.7967385708103398,1.5848382136318953,,,,,6.633568410162121,7.252478449574693,7.627115193693478,6.976297385036437,2.5627485655361726,2.669778202248998,3.001461694708052,2.7373949720497226,1.6324222980434496e-10,3.238892591560979e-09,2.5587880319156746e-08,3.929286009648144e-08,0.1781868456180098,0.3521944275336346,0.5565986843006621,0.4097154545899261,0.0027099902027949677,0.05182688322842476,0.10366342297539834,0.06726729475059065,0.0002779648951653081,0.001347900901884813,0.0032920027515457423,0.0032636930692036235,,,,,,,,,,,,,,,,,,,,
ed_abstract__median,msg_drop,0.5,20,6.0,6.0,6.0,6.0,70.0,70.0,70.0,70.0,-0.027558398936532703,0.0,0.0,-0.03358818234153756,4.260449282550498e-09,7.148629462488726e-08,3.40613360013422e-07,1.4036966367505333e-06,,,,,,,,,0.0,0.0,0.0,0.0,0.4986111111111111,0.5031746031746032,0.5113715277777777,0.5041467287672645,0.0,0.0,0.0,0.0,0.0,0.0,0.0,0.0,1260.0,1260.0,1400.0,1288.0,615.25,633.0,697.25,643.6,0.4918650793650794,0.5003968253968254,0.5049603174603174,0.4992764120799835,0.49503968253968256,0.4996031746031746,0.5081349206349206,0.5007235879200165,39376.0,40512.0,44624.0,41190.4,64.0,64.0,64.0,64.0,0.0,0.0,0.0,0.0,615.25,633.0,697.25,643.6,0.0,0.0,0.0,0.0,0.0,0.0,0.0,0.0,616.75,634.5,687.75,644.4,0.0,0.0,0.0,0.0,0.0,0.0,0.0,0.0,0.0,0.0,0.0,0.0,0.7840886920450449,0.8089594081931071,0.8322658326600594,0.8024766620064485,0.8931206007673093,0.9647939626737082,0.9855473202351495,0.9260953547761082,0.7071428571428572,0.75,0.85,0.7664285714285715,4.781489479413475e-08,3.43613976153087e-07,1.6219122295272105e-06,3.5405410177289983e-06,-0.04685966763626488,-0.029309674011055116,-0.021110844177144955,-0.03573066064175398,5.75,9.0,12.0,9.5,1.0,1.0,1.0,1.0,1.3534618065453605,1.4786264415495778,1.7967385708103398,1.5848382136318953,,,,,6.633568410162121,7.252478449574693,7.627115193693478,6.976297385036437,2.5627485655361726,2.669778202248998,3.001461694708052,2.7373949720497226,4.260449282550498e-09,7.148629462488726e-08,3.40613360013422e-07,1.4036966367505333e-06,0.17196008789032535,0.20836466606463766,0.38157251744816256,0.3641508249903802,0.0,0.0,0.027558398936532703,0.03358818234153756,0.0002344240307348718,0.0005082882352192456,0.002157372853210403,0.003596600708052882,,,,,,,,,,,,,,,,,,,,
ed_abstract__median,msg_drop,0.7,20,6.0,6.0,6.0,6.0,70.0,70.0,70.0,70.0,-0.11669364128101704,-0.04612399711307298,0.0,-0.06470794204310741,2.9156999137375517e-07,2.617646400696779e-06,1.733501421267875e-05,7.032480308256245e-05,,,,,,,,,0.0,0.0,0.0,0.0,0.6939303751803751,0.6998412698412698,0.7025081168831169,0.6987504380540095,0.0,0.0,0.0,0.0,0.0,0.0,0.0,0.0,1260.0,1260.0,1400.0,1288.0,371.0,385.0,417.0,391.1,0.29946428571428574,0.3026190476190476,0.3087121212121212,0.30358105287569576,0.6912878787878787,0.6973809523809523,0.7005357142857143,0.6964189471243043,23744.0,24640.0,26688.0,25030.4,64.0,64.0,64.0,64.0,0.0,0.0,0.0,0.0,371.0,385.0,417.0,391.1,0.0,0.0,0.0,0.0,0.0,0.0,0.0,0.0,860.25,880.0,977.75,896.9,0.0,0.0,0.0,0.0,0.0,0.0,0.0,0.0,0.0,0.0,0.0,0.0,0.797123135012163,0.837709126931212,0.8738968503143433,0.8266636858867162,0.9365842514714107,0.9618960063305264,0.9684712505405658,0.9374406149964875,0.6428571428571429,0.7071428571428571,0.7285714285714285,0.6928571428571428,9.674190861165471e-07,1.0113937266552164e-05,6.731034316491641e-05,8.885478169543672e-05,-0.04685966546828953,-0.029309289296267266,-0.021110798611819775,-0.03572967605451904,9.5,12.5,17.25,13.5,1.0,1.0,1.0,1.0,1.3534618065453605,1.4786264415495778,1.7967385708103398,1.5848382136318953,,,,,6.633568410162121,7.252478449574693,7.627115193693478,6.976297385036437,2.5627485655361726,2.669778202248998,3.001461694708052,2.7373949720497226,2.9156999137375517e-07,2.617646400696779e-06,1.733501421267875e-05,7.032480308256245e-05,0.2218183523266637,0.3925370335686411,0.5741358934615195,0.42484444982422165,0.0,0.04612399711307298,0.11669364128101704,0.06470794204310741,0.0005410278939381581,0.0016744169421034035,0.0031552599517172125,0.002674990855456385,,,,,,,,,,,,,,,,,,,,
ed_abstract__median,msg_drop,1.0,20,6.0,6.0,6.0,6.0,70.0,70.0,70.0,70.0,-0.08208888522535136,-0.0527896838005538,-0.033264580261175354,-0.07079492308906928,1.4777592250532785,2.0516773267472788,3.28017680933905,2.501147648619415,,,,,,,,,0.0,0.0,0.0,0.0,1.0,1.0,1.0,1.0,0.0,0.0,0.0,0.0,0.0,0.0,0.0,0.0,1260.0,1260.0,1400.0,1288.0,0.0,0.0,0.0,0.0,0.0,0.0,0.0,0.0,1.0,1.0,1.0,1.0,0.0,0.0,0.0,0.0,0.0,0.0,0.0,0.0,0.0,0.0,0.0,0.0,0.0,0.0,0.0,0.0,0.0,0.0,0.0,0.0,0.0,0.0,0.0,0.0,1260.0,1260.0,1400.0,1288.0,0.0,0.0,0.0,0.0,0.0,0.0,0.0,0.0,0.0,0.0,0.0,0.0,1.0,1.0,1.0,1.0,0.0,0.0,0.0,0.0,1.0,1.0,1.0,1.0,1.4777592250532783,2.0516773267472788,3.28017680933905,2.5011476486194155,0.0,0.0,0.0,0.0,,,,,0.0,0.0,0.0,0.0,1.3534618065453605,1.4786264415495778,1.7967385708103398,1.5848382136318953,,,,,6.633568410162121,7.252478449574693,7.627115193693478,6.976297385036437,2.5627485655361726,2.669778202248998,3.001461694708052,2.7373949720497226,1.4777592250532785,2.0516773267472788,3.28017680933905,2.501147648619415,0.0,8.881784197001252e-16,0.07085066072253832,0.047785789088784635,0.033264580261175354,0.0527896838005538,0.08208888522535136,0.07079492308906928,0.04528891401304944,0.0645932749305612,0.09231496628187184,0.0801422891916268,,,,,,,,,,,,,,,,,,,,
ed_abstract__oracle,bandwidth,0.0,20,6.0,6.0,6.0,6.0,70.0,70.0,70.0,70.0,-0.006002354422605358,0.0,0.0,-0.004121894352313029,1.0317930954643116e-11,5.269899676580875e-11,1.2099231430060304e-09,4.8086531793695304e-09,,,,,,,,,0.0,0.0,0.0,0.0,0.006205357142857143,0.007142857142857143,0.007142857142857143,0.006690025252525253,0.0,0.0,0.0,0.0,0.0,0.0,0.0,0.0,1260.0,1260.0,1400.0,1288.0,1260.0,1260.0,1400.0,1288.0,1.0,1.0,1.0,1.0,0.0,0.0,0.0,0.0,80640.0,80640.0,89600.0,82432.0,64.0,64.0,64.0,64.0,0.0,0.0,0.0,0.0,1260.0,1260.0,1400.0,1288.0,0.0,0.0,0.0,0.0,0.0,0.0,0.0,0.0,0.0,0.0,0.0,0.0,0.0,0.0,0.0,0.0,0.0,0.0,0.0,0.0,0.0,0.0,0.0,0.0,0.7307046303645943,0.7651581384227899,0.7726634119147029,0.7540365371588224,0.826656455071007,0.9066500129169108,0.950974618354576,0.8701242198310896,0.9285714285714286,1.0,1.0,0.9678571428571429,4.48582000401372e-11,2.1615777522873893e-10,3.3460362194829553e-09,1.624380748781318e-08,-0.04685966865944219,-0.029309676096288668,-0.021110846068288364,-0.035730680625868025,3.75,4.5,6.0,4.9,1.0,1.0,1.0,1.0,1.3534618065453605,1.4786264415495778,1.7967385708103398,1.5848382136318953,,,,,6.633568410162121,7.252478449574693,7.627115193693478,6.976297385036437,2.5627485655361726,2.669778202248998,3.001461694708052,2.7373949720497226,1.0317930954643116e-11,5.269899676580875e-11,1.2099231430060304e-09,4.8086531793695304e-09,0.01570692730064338,0.03068366825462432,0.08353498604530807,0.05728398993387192,0.0,0.0,0.006002354422605358,0.004121894352313029,1.7947488772112503e-06,8.39734402202848e-06,6.774476916147017e-05,9.255093920621521e-05,,,,,,,,,,,,,,,,,,,,
ed_abstract__oracle,bandwidth,1.0,20,6.0,6.0,6.0,6.0,70.0,70.0,70.0,70.0,-0.009153728423622717,0.0,0.0,-0.057181625385598324,0.043666071428365205,0.08110374141909193,0.1401918696946446,0.10345401747074053,,,,,,,,,0.20960139881755496,0.2257361977436699,0.2403832930785081,0.2269921096593322,0.0,0.0,0.0,0.0,0.0,0.0,0.0,0.0,0.0,0.0,0.0,0.0,1260.0,1260.0,1400.0,1288.0,1260.0,1260.0,1400.0,1288.0,1.0,1.0,1.0,1.0,0.0,0.0,0.0,0.0,2520.0,2520.0,2800.0,2576.0,2.0,2.0,2.0,2.0,0.0,0.0,0.0,0.0,1260.0,1260.0,1400.0,1288.0,0.0,0.0,0.0,0.0,0.0,0.0,0.0,0.0,0.0,0.0,0.0,0.0,0.0,0.0,0.0,0.0,0.0,0.0,0.0,0.0,0.0,0.0,0.0,0.0,0.2496896811839896,0.27955078817911916,0.34593745737014414,0.2971791318693661,0.9298093616530184,0.9535466852125545,0.9706184176163456,0.9384782216414479,0.1392857142857143,0.2785714285714286,0.4142857142857143,0.3221428571428571,0.04366607142057619,0.08110374026528713,0.14019186789854718,0.10345375578913199,-0.04649779421768457,-0.028151051218874776,-0.018666872571168884,-0.03425276615926678,3.0,3.0,4.0,3.6315789473684212,1.0,1.0,1.0,0.95,1.3534618065453605,1.4786264415495778,1.7967385708103398,1.5848382136318953,,,,,6.633568410162121,7.252478449574693,7.627115193693478,6.976297385036437,2.5627485655361726,2.669778202248998,3.001461694708052,2.7373949720497226,0.043666071428365205,0.08110374141909193,0.1401918696946446,0.10345401747074053,0.657423890165558,1.2660686814608102,2.1143211012258325,1.572211677505554,0.0,0.0,0.009153728423622717,0.057181625385598324,0.007168722754903437,0.025926774944645348,0.04797309493023272,0.036775511021103824,,,,,,,,,,,,,,,,,,,,
ed_abstract__oracle,bandwidth,2.0,20,6.0,6.0,6.0,6.0,70.0,70.0,70.0,70.0,-0.4172820189735571,-0.31993284554349366,-0.07388198160762294,-0.30687922065528156,0.0048517857142856636,0.009115197466864029,0.02150097513305757,0.18792226420222397,,,,,,,,,0.027491973712957127,0.030203193467241346,0.032248883350143934,0.05438932891673255,0.0,0.0,0.0,0.0,0.0,0.0,0.0,0.0,0.0,0.0,0.0,0.0,1260.0,1260.0,1400.0,1288.0,1260.0,1260.0,1400.0,1288.0,1.0,1.0,1.0,1.0,0.0,0.0,0.0,0.0,5040.0,5040.0,5600.0,5152.0,4.0,4.0,4.0,4.0,0.0,0.0,0.0,0.0,1260.0,1260.0,1400.0,1288.0,0.0,0.0,0.0,0.0,0.0,0.0,0.0,0.0,0.0,0.0,0.0,0.0,0.0,0.0,0.0,0.0,0.0,0.0,0.0,0.0,0.0,0.0,0.0,0.0,0.28722571790540363,0.3394678947419595,0.45012893430321244,0.4104885708531942,0.8809431377580121,0.9507791775124851,0.9703933707363512,0.8412246019587182,0.39642857142857146,0.48571428571428565,0.6178571428571429,0.49714285714285716,0.004851785714282345,0.009115197443072069,0.02150097469227646,0.18818841119685356,-0.04681946042849257,-0.02771913571392884,-0.01842131742256732,-0.033046076920245596,3.0,4.0,4.5,3.933333333333333,0.75,1.0,1.0,0.75,1.3534618065453605,1.4786264415495778,1.7967385708103398,1.5848382136318953,,,,,6.633568410162121,7.252478449574693,7.627115193693478,6.976297385036437,2.5627485655361726,2.669778202248998,3.001461694708052,2.7373949720497226,0.0048517857142856636,0.009115197466864029,0.02150097513305757,0.18792226420222397,0.6717317923293387,1.4958248587223517,1.9167949484845432,1.4437099449664956,0.07388198160762294,0.31993284554349366,0.4172820189735571,0.30687922065528156,0.009685231140930953,0.02920832952101261,0.04413809264713839,0.0359546433346357,,,,,,,,,,,,,,,,,,,,
ed_abstract__oracle,bandwidth,3.0,20,6.0,6.0,6.0,6.0,70.0,70.0,70.0,70.0,-0.2658546294166227,-0.1278238503256303,-0.017722675235752196,-0.1507468847053847,0.0014808525018494669,0.0020157292481032506,0.004549473402242111,0.026121954798297858,,,,,,,,,0.007460370065748009,0.008432068563011987,0.011412152395601128,0.018127225573253997,0.0,0.0,0.0,0.0,0.0,0.0,0.0,0.0,0.0,0.0,0.0,0.0,1260.0,1260.0,1400.0,1288.0,1260.0,1260.0,1400.0,1288.0,1.0,1.0,1.0,1.0,0.0,0.0,0.0,0.0,7560.0,7560.0,8400.0,7728.0,6.0,6.0,6.0,6.0,0.0,0.0,0.0,0.0,1260.0,1260.0,1400.0,1288.0,0.0,0.0,0.0,0.0,0.0,0.0,0.0,0.0,0.0,0.0,0.0,0.0,0.0,0.0,0.0,0.0,0.0,0.0,0.0,0.0,0.0,0.0,0.0,0.0,0.32425693751050133,0.3998525694227182,0.9704118131314243,0.5458756749578836,0.2613168255391616,0.9140000138978213,0.9593102145191754,0.6947735129002031,0.4714285714285714,0.5785714285714285,0.8,0.6192857142857143,0.0014808525015092924,0.00201572923861929,0.0045494345837923215,0.02759259516297523,-0.0468479214784027,-0.028897542423076003,-0.021095370718421262,-0.03535750991173025,3.0,4.0,5.0,4.588235294117647,1.0,1.0,1.0,0.85,1.3534618065453605,1.4786264415495778,1.7967385708103398,1.5848382136318953,,,,,6.633568410162121,7.252478449574693,7.627115193693478,6.976297385036437,2.5627485655361726,2.669778202248998,3.001461694708052,2.7373949720497226,0.0014808525018494669,0.0020157292481032506,0.004549473402242111,0.026121954798297858,0.28135880395039825,0.9324661184949936,1.1859892139195523,0.8768167514863873,0.017722675235752196,0.1278238503256303,0.2658546294166227,0.1507468847053847,0.001361970500984662,0.007774282146313491,0.018743472034010097,0.01342990541175514,,,,,,,,,,,,,,,,,,,,
ed_abstract__oracle,bandwidth,4.0,20,6.0,6.0,6.0,6.0,70.0,70.0,70.0,70.0,-0.1406395970277112,0.0,0.0,-0.07074496917147935,0.00031906689317445574,0.0005418265099879445,0.0016594136921601642,0.009409562805217033,,,,,,,,,0.0028677905236518825,0.003755553002293282,0.006768423642460844,0.005692885187075561,0.0,0.0,0.0,0.0,0.0,0.0,0.0,0.0,0.0,0.0,0.0,0.0,1260.0,1260.0,1400.0,1288.0,1260.0,1260.0,1400.0,1288.0,1.0,1.0,1.0,1.0,0.0,0.0,0.0,0.0,10080.0,10080.0,11200.0,10304.0,8.0,8.0,8.0,8.0,0.0,0.0,0.0,0.0,1260.0,1260.0,1400.0,1288.0,0.0,0.0,0.0,0.0,0.0,0.0,0.0,0.0,0.0,0.0,0.0,0.0,0.0,0.0,0.0,0.0,0.0,0.0,0.0,0.0,0.0,0.0,0.0,0.0,0.39275041723819937,0.5582672632389366,0.9109511158494891,0.6084132085026673,0.38987867056648895,0.8824195635256105,0.9667220033076744,0.7113974380408243,0.55,0.6785714285714286,0.8964285714285715,0.7092857142857143,0.0003190668866550787,0.0005489474509140033,0.0016594168350813365,0.009727901232218485,-0.04685806037378953,-0.029303511283938835,-0.0211009080187947,-0.03559625836877427,3.0,4.0,5.0,4.294117647058823,1.0,1.0,1.0,0.85,1.3534618065453605,1.4786264415495778,1.7967385708103398,1.5848382136318953,,,,,6.633568410162121,7.252478449574693,7.627115193693478,6.976297385036437,2.5627485655361726,2.669778202248998,3.001461694708052,2.7373949720497226,0.00031906689317445574,0.0005418265099879445,0.0016594136921601642,0.009409562805217033,0.15192192721433373,0.4378615708699467,0.9795957043583667,0.6492330211635495,0.0,0.0,0.1406395970277112,0.07074496917147935,0.0002124372409229323,0.0022628583281706425,0.009968048113080889,0.007363119096678278,,,,,,,,,,,,,,,,,,,,
ed_abstract__oracle,bandwidth,8.0,20,6.0,6.0,6.0,6.0,70.0,70.0,70.0,70.0,-0.024572210304457845,0.0,0.0,-0.015787064183306145,2.4924967396767086e-06,6.544901844064659e-06,3.1181740487124903e-05,0.00028934731320602505,,,,,,,,,0.0001780461777200192,0.0006963219521060502,0.00198848587022114,0.0016916899118012533,0.0,0.0,0.0,0.0,0.0,0.0,0.0,0.0,0.0,0.0,0.0,0.0,1260.0,1260.0,1400.0,1288.0,1260.0,1260.0,1400.0,1288.0,1.0,1.0,1.0,1.0,0.0,0.0,0.0,0.0,20160.0,20160.0,22400.0,20608.0,16.0,16.0,16.0,16.0,0.0,0.0,0.0,0.0,1260.0,1260.0,1400.0,1288.0,0.0,0.0,0.0,0.0,0.0,0.0,0.0,0.0,0.0,0.0,0.0,0.0,0.0,0.0,0.0,0.0,0.0,0.0,0.0,0.0,0.0,0.0,0.0,0.0,0.5480005429300354,0.6351078019585528,0.8156442385380209,0.6551535193179793,0.6227064983119093,0.8971416489138562,0.9610219471313453,0.7853327528791996,0.6035714285714286,0.7857142857142857,0.9214285714285715,0.76,2.4924935432293048e-06,7.179082777088633e-06,3.118144458323303e-05,0.00028980125887382864,-0.046859618618409364,-0.029307520443206652,-0.021110776798051584,-0.035726547161517276,3.75,4.5,6.0,4.7,1.0,1.0,1.0,1.0,1.3534618065453605,1.4786264415495778,1.7967385708103398,1.5848382136318953,,,,,6.633568410162121,7.252478449574693,7.627115193693478,6.976297385036437,2.5627485655361726,2.669778202248998,3.001461694708052,2.7373949720497226,2.4924967396767086e-06,6.544901844064659e-06,3.1181740487124903e-05,0.00028934731320602505,0.07229417856977127,0.1770333946767515,0.2673037914969436,0.3357076232524937,0.0,0.0,0.024572210304457845,0.015787064183306145,4.650179616607968e-05,0.0002678678321732596,0.001048967044318278,0.003813168120190036,,,,,,,,,,,,,,,,,,,,
ed_abstract__oracle,byzantine,0.0,20,6.0,6.0,6.0,6.0,70.0,70.0,70.0,70.0,-0.006002354422605358,0.0,0.0,-0.004121894352313029,1.0317930954643116e-11,5.269899676580875e-11,1.2099231430060304e-09,4.8086531793695304e-09,,,,,,,,,0.0,0.0,0.0,0.0,0.006205357142857143,0.007142857142857143,0.007142857142857143,0.006690025252525253,0.0,0.0,0.0,0.0,0.0,0.0,0.0,0.0,1260.0,1260.0,1400.0,1288.0,1260.0,1260.0,1400.0,1288.0,1.0,1.0,1.0,1.0,0.0,0.0,0.0,0.0,80640.0,80640.0,89600.0,82432.0,64.0,64.0,64.0,64.0,0.0,0.0,0.0,0.0,1260.0,1260.0,1400.0,1288.0,0.0,0.0,0.0,0.0,0.0,0.0,0.0,0.0,0.0,0.0,0.0,0.0,0.0,0.0,0.0,0.0,0.0,0.0,0.0,0.0,0.0,0.0,0.0,0.0,0.7307046303645943,0.7651581384227899,0.7726634119147029,0.7540365371588224,0.826656455071007,0.9066500129169108,0.950974618354576,0.8701242198310896,0.9285714285714286,1.0,1.0,0.9678571428571429,4.48582000401372e-11,2.1615777522873893e-10,3.3460362194829553e-09,1.624380748781318e-08,-0.04685966865944219,-0.029309676096288668,-0.021110846068288364,-0.035730680625868025,3.75,4.5,6.0,4.9,1.0,1.0,1.0,1.0,1.3534618065453605,1.4786264415495778,1.7967385708103398,1.5848382136318953,,,,,6.633568410162121,7.252478449574693,7.627115193693478,6.976297385036437,2.5627485655361726,2.669778202248998,3.001461694708052,2.7373949720497226,1.0317930954643116e-11,5.269899676580875e-11,1.2099231430060304e-09,4.8086531793695304e-09,0.01570692730064338,0.03068366825462432,0.08353498604530807,0.05728398993387192,0.0,0.0,0.006002354422605358,0.004121894352313029,1.7947488772112503e-06,8.39734402202848e-06,6.774476916147017e-05,9.255093920621521e-05,,,,,,,,,,,,,,,,,,,,
ed_abstract__oracle,byzantine,0.1,20,6.0,6.0,6.0,6.0,70.0,70.0,70.0,70.0,0.0,0.0,0.0,0.0,0.1120051111068639,0.3531529799563412,0.6235110431752451,0.7188557749729693,,,,,,,,,0.0,0.0,0.0,0.0,0.005158730158730159,0.005537518037518037,0.005952380952380952,0.005506487064522779,0.0,0.0,0.0,0.0,0.0,0.0,0.0,0.0,1260.0,1260.0,1400.0,1288.0,1260.0,1260.0,1400.0,1288.0,1.0,1.0,1.0,1.0,0.0,0.0,0.0,0.0,80640.0,80640.0,89600.0,82432.0,64.0,64.0,64.0,64.0,0.0,0.0,0.0,0.0,1260.0,1260.0,1400.0,1288.0,0.0,0.0,0.0,0.0,0.0,0.0,0.0,0.0,0.0,0.0,0.0,0.0,0.0,0.0,0.0,0.0,0.0,0.0,0.0,0.0,0.0,0.0,0.0,0.0,0.91478279092303,0.9526141233657879,0.9857311792673926,0.9240962884880594,0.03702083509038312,0.10022924619433965,0.22740528104708602,0.1549879106540386,0.5142857142857142,0.5428571428571428,0.5714285714285714,0.5442857142857142,0.6374493883018089,0.8472126473616981,1.1120520386910822,0.9394540724699005,-0.04478699226764302,-0.022784063818987503,-0.01102539162849654,-0.025461312480663512,10.75,22.0,33.0,24.3,1.0,1.0,1.0,1.0,1.3534618065453605,1.4786264415495778,1.7967385708103398,1.5848382136318953,,,,,6.633568410162121,7.252478449574693,7.627115193693478,6.976297385036437,2.5627485655361726,2.669778202248998,3.001461694708052,2.7373949720497226,0.1120051111068639,0.3531529799563412,0.6235110431752451,0.7188557749729693,6.294930236505765,6.9263209074905365,7.407988985628287,6.742636290211607,0.0,0.0,0.0,0.0,0.3818261352845145,0.4352011903786793,0.45677561009414247,0.4277123882730624,,,,,,,,,,,,,,,,,,,,
ed_abstract__oracle,byzantine,0.25,20,6.0,6.0,6.0,6.0,70.0,70.0,70.0,70.0,0.0,0.0,0.0,0.0,0.6184976456499302,1.3346967830739658,2.029822214627279,1.9641644692932694,,,,,,,,,0.0,0.0,0.0,0.0,0.0035714285714285713,0.00450487012987013,0.004761904761904762,0.0042802321686250255,0.0,0.0,0.0,0.0,0.0,0.0,0.0,0.0,1260.0,1260.0,1400.0,1288.0,1260.0,1260.0,1400.0,1288.0,1.0,1.0,1.0,1.0,0.0,0.0,0.0,0.0,80640.0,80640.0,89600.0,82432.0,64.0,64.0,64.0,64.0,0.0,0.0,0.0,0.0,1260.0,1260.0,1400.0,1288.0,0.0,0.0,0.0,0.0,0.0,0.0,0.0,0.0,0.0,0.0,0.0,0.0,0.0,0.0,0.0,0.0,0.0,0.0,0.0,0.0,0.0,0.0,0.0,0.0,0.9520050323247212,0.9716047597121562,0.9838942596905315,0.9399291239096762,0.06322706873690795,0.07836768655935544,0.196822356920592,0.14411050272128761,0.5,0.5285714285714286,0.5428571428571428,0.5271428571428571,0.979904590063578,1.276706413426498,1.8204244046127092,1.4331226305137597,-0.026478355947803473,-0.009831983639749088,0.007498386577328663,-0.007671188276087794,17.0,36.0,57.0,36.857142857142854,0.0,0.0,1.0,0.35,1.3534618065453605,1.4786264415495778,1.7967385708103398,1.5848382136318953,,,,,6.633568410162121,7.252478449574693,7.627115193693478,6.976297385036437,2.5627485655361726,2.669778202248998,3.001461694708052,2.7373949720497226,0.6184976456499302,1.3346967830739658,2.029822214627279,1.9641644692932694,6.443800792530595,6.965198367226723,7.3682044771357464,6.73903693430651,0.0,0.0,0.0,0.0,0.3798782992043927,0.4362969371371168,0.49177676497700534,0.42664480195600357,,,,,,,,,,,,,,,,,,,,
ed_abstract__oracle,byzantine,0.5,20,6.0,6.0,6.0,6.0,70.0,70.0,70.0,70.0,0.0,0.0,0.0,0.0,0.5213273328311676,1.6253998091480493,2.9198994951128134,2.4189689006173842,,,,,,,,,0.0,0.0,0.0,0.0,0.0026339285714285714,0.0031498015873015874,0.0035714285714285713,0.00303108250876108,0.0,0.0,0.0,0.0,0.0,0.0,0.0,0.0,1260.0,1260.0,1400.0,1288.0,1260.0,1260.0,1400.0,1288.0,1.0,1.0,1.0,1.0,0.0,0.0,0.0,0.0,80640.0,80640.0,89600.0,82432.0,64.0,64.0,64.0,64.0,0.0,0.0,0.0,0.0,1260.0,1260.0,1400.0,1288.0,0.0,0.0,0.0,0.0,0.0,0.0,0.0,0.0,0.0,0.0,0.0,0.0,0.0,0.0,0.0,0.0,0.0,0.0,0.0,0.0,0.0,0.0,0.0,0.0,0.9649193689034647,0.9810235848515625,0.9896564986659604,0.964108816573038,0.03289589169874166,0.07635766326606908,0.13490890418522364,0.10834567470645054,0.5,0.5142857142857142,0.5428571428571428,0.5149999999999999,1.3188519809994266,1.897061594295373,2.3987204928116412,1.9694655544317772,-0.034141434840883146,-0.015009974180622752,0.017023518276905642,-0.0011739821143147034,42.5,59.0,63.5,51.0,0.0,0.0,0.0,0.15,1.3534618065453605,1.4786264415495778,1.7967385708103398,1.5848382136318953,,,,,6.633568410162121,7.252478449574693,7.627115193693478,6.976297385036437,2.5627485655361726,2.669778202248998,3.001461694708052,2.7373949720497226,0.5213273328311676,1.6253998091480493,2.9198994951128134,2.4189689006173842,6.105666914346116,6.831697896378497,7.415153992336117,6.520350986429082,0.0,0.0,0.0,0.0,0.33544956824453026,0.4094293021962583,0.4753134751655635,0.4017500168930267,,,,,,,,,,,,,,,,,,,,
ed_abstract__oracle,latency,0.0,20,6.0,6.0,6.0,6.0,70.0,70.0,70.0,70.0,-0.006002354422605358,0.0,0.0,-0.004121894352313029,1.0317930954643116e-11,5.269899676580875e-11,1.2099231430060304e-09,4.8086531793695304e-09,,,,,,,,,0.0,0.0,0.0,0.0,0.006205357142857143,0.007142857142857143,0.007142857142857143,0.006690025252525253,0.0,0.0,0.0,0.0,0.0,0.0,0.0,0.0,1260.0,1260.0,1400.0,1288.0,1260.0,1260.0,1400.0,1288.0,1.0,1.0,1.0,1.0,0.0,0.0,0.0,0.0,80640.0,80640.0,89600.0,82432.0,64.0,64.0,64.0,64.0,0.0,0.0,0.0,0.0,1260.0,1260.0,1400.0,1288.0,0.0,0.0,0.0,0.0,0.0,0.0,0.0,0.0,0.0,0.0,0.0,0.0,0.0,0.0,0.0,0.0,0.0,0.0,0.0,0.0,0.0,0.0,0.0,0.0,0.7307046303645943,0.7651581384227899,0.7726634119147029,0.7540365371588224,0.826656455071007,0.9066500129169108,0.950974618354576,0.8701242198310896,0.9285714285714286,1.0,1.0,0.9678571428571429,4.48582000401372e-11,2.1615777522873893e-10,3.3460362194829553e-09,1.624380748781318e-08,-0.04685966865944219,-0.029309676096288668,-0.021110846068288364,-0.035730680625868025,3.75,4.5,6.0,4.9,1.0,1.0,1.0,1.0,1.3534618065453605,1.4786264415495778,1.7967385708103398,1.5848382136318953,,,,,6.633568410162121,7.252478449574693,7.627115193693478,6.976297385036437,2.5627485655361726,2.669778202248998,3.001461694708052,2.7373949720497226,1.0317930954643116e-11,5.269899676580875e-11,1.2099231430060304e-09,4.8086531793695304e-09,0.01570692730064338,0.03068366825462432,0.08353498604530807,0.05728398993387192,0.0,0.0,0.006002354422605358,0.004121894352313029,1.7947488772112503e-06,8.39734402202848e-06,6.774476916147017e-05,9.255093920621521e-05,,,,,,,,,,,,,,,,,,,,
ed_abstract__oracle,latency,1.0,20,6.0,6.0,6.0,6.0,70.0,70.0,70.0,70.0,-0.03395879702384284,-0.009661819866527668,0.0,-0.021476796597619828,1.4416186565944683e-08,4.530845773343308e-08,9.611495076911599e-08,7.767470185911873e-07,,,,,,,,,0.0,0.0,0.0,0.0,0.008031400966183575,0.010466988727858293,0.011912604303908652,0.010282947225882008,1.0,1.0,1.0,1.0,1.0,1.0,1.0,1.0,1260.0,1260.0,1400.0,1288.0,1242.0,1242.0,1380.0,1269.6,0.9857142857142858,0.9857142857142858,0.9857142857142858,0.9857142857142861,0.014285714285714235,0.014285714285714235,0.014285714285714235,0.014285714285714235,79488.0,79488.0,88320.0,81254.4,64.0,64.0,64.0,64.0,0.0,0.0,0.0,0.0,1242.0,1242.0,1380.0,1269.6,0.0,0.0,0.0,0.0,0.0,0.0,0.0,0.0,0.0,0.0,0.0,0.0,0.0,0.0,0.0,0.0,0.0,0.0,0.0,0.0,0.0,0.0,0.0,0.0,0.7757464693895327,0.7928043033197021,0.8212944017890519,0.7920252852227698,0.7182432865998806,0.8748886804507039,0.9177900425527744,0.8217022121146504,0.6285714285714286,0.75,0.9357142857142857,0.7735714285714287,1.884585955488435e-08,7.403054748890451e-08,1.229059268229914e-07,6.991783779980188e-07,-0.04685966768846379,-0.029309673926295736,-0.02111084567524867,-0.0357306695981771,6.0,6.0,8.0,6.75,1.0,1.0,1.0,1.0,1.3534618065453605,1.4786264415495778,1.7967385708103398,1.5848382136318953,,,,,6.633568410162121,7.252478449574693,7.627115193693478,6.976297385036437,2.5627485655361726,2.669778202248998,3.001461694708052,2.7373949720497226,1.4416186565944683e-08,4.530845773343308e-08,9.611495076911599e-08,7.767470185911873e-07,0.04372725086540985,0.0753576103962681,0.18164452918148188,0.12051808047347046,0.0,0.009661819866527668,0.03395879702384284,0.021476796597619828,1.8222217121993205e-05,7.590061769193015e-05,0.00030246818915939834,0.00036585133016712014,,,,,,,,,,,,,,,,,,,,
ed_abstract__oracle,latency,2.0,20,6.0,6.0,6.0,6.0,70.0,70.0,70.0,70.0,-0.0690276681687727,-0.015279079429048716,-0.004150471566255585,-0.04122822328686179,5.850211149846957e-08,2.0577110984310496e-07,6.976110697992398e-07,9.030259294934247e-07,,,,,,,,,0.0,0.0,0.0,0.0,0.00978442513368984,0.014297385620915032,0.016822638146167558,0.013981543374925728,2.0,2.0,2.0,2.0,2.0,2.0,2.0,2.0,1260.0,1260.0,1400.0,1288.0,1224.0,1224.0,1360.0,1251.2,0.9714285714285714,0.9714285714285714,0.9714285714285714,0.9714285714285713,0.02857142857142858,0.02857142857142858,0.02857142857142858,0.02857142857142858,78336.0,78336.0,87040.0,80076.8,64.0,64.0,64.0,64.0,0.0,0.0,0.0,0.0,1224.0,1224.0,1360.0,1251.2,0.0,0.0,0.0,0.0,0.0,0.0,0.0,0.0,0.0,0.0,0.0,0.0,0.0,0.0,0.0,0.0,0.0,0.0,0.0,0.0,0.0,0.0,0.0,0.0,0.6919431276053883,0.7691310903887836,0.81781073879256,0.7495760750631614,0.8926355781796537,0.927027787453496,0.9644635961939788,0.9100327710570237,0.6214285714285714,0.6571428571428571,0.8464285714285714,0.7264285714285713,8.691903066780107e-08,2.6086281206743304e-07,8.360014063405416e-07,1.2274307260238753e-06,-0.04685966594449553,-0.02930967093535845,-0.021110844627501797,-0.03573066779419265,7.0,9.0,10.25,9.1,1.0,1.0,1.0,1.0,1.3534618065453605,1.4786264415495778,1.7967385708103398,1.5848382136318953,,,,,6.633568410162121,7.252478449574693,7.627115193693478,6.976297385036437,2.5627485655361726,2.669778202248998,3.001461694708052,2.7373949720497226,5.850211149846957e-08,2.0577110984310496e-07,6.976110697992398e-07,9.030259294934247e-07,0.055777439246067484,0.09126159488223395,0.312694501179027,0.20262154000174407,0.004150471566255585,0.015279079429048716,0.0690276681687727,0.04122822328686179,2.596013025370197e-05,8.228912384683449e-05,0.0012959689908732584,0.0011057410983671503,,,,,,,,,,,,,,,,,,,,
ed_abstract__oracle,latency,4.0,20,6.0,6.0,6.0,6.0,70.0,70.0,70.0,70.0,-0.08697534370694686,-0.025720542651116667,-0.012043999883724666,-0.06630939245455048,9.32061110757016e-07,2.0338354631616134e-06,1.202893383961418e-05,2.4279367594539303e-05,,,,,,,,,0.0,0.0,0.0,0.0,0.01378271349862259,0.02230639730639731,0.027089072543617997,0.021714971686562595,4.0,4.0,4.0,4.0,4.0,4.0,4.0,4.0,1260.0,1260.0,1400.0,1288.0,1188.0,1188.0,1320.0,1214.4,0.9428571428571428,0.9428571428571428,0.9428571428571428,0.9428571428571428,0.05714285714285716,0.05714285714285716,0.05714285714285716,0.05714285714285716,76032.0,76032.0,84480.0,77721.6,64.0,64.0,64.0,64.0,0.0,0.0,0.0,0.0,1188.0,1188.0,1320.0,1214.4,0.0,0.0,0.0,0.0,0.0,0.0,0.0,0.0,0.0,0.0,0.0,0.0,0.0,0.0,0.0,0.0,0.0,0.0,0.0,0.0,0.0,0.0,0.0,0.0,0.7953708448956508,0.8226955551979634,0.8403375301013866,0.8153230487038,0.8730480478047213,0.9286292187249952,0.9640523766865229,0.9123265110199604,0.5678571428571428,0.6214285714285714,0.7035714285714285,0.6557142857142856,2.147224630276289e-06,6.9034978309265185e-06,2.6182227161823688e-05,0.000524436622769664,-0.046859617388605605,-0.029309662404852783,-0.02111062350335039,-0.03573033384645458,11.0,15.0,16.0,13.95,1.0,1.0,1.0,1.0,1.3534618065453605,1.4786264415495778,1.7967385708103398,1.5848382136318953,,,,,6.633568410162121,7.252478449574693,7.627115193693478,6.976297385036437,2.5627485655361726,2.669778202248998,3.001461694708052,2.7373949720497226,9.32061110757016e-07,2.0338354631616134e-06,1.202893383961418e-05,2.4279367594539303e-05,0.07917611521039536,0.1793687019631891,0.4070789494003191,0.3198866745372574,0.012043999883724666,0.025720542651116667,0.08697534370694686,0.06630939245455048,5.88135642062195e-05,0.00027806851076873565,0.0022624874208214216,0.002473777224535809,,,,,,,,,,,,,,,,,,,,
ed_abstract__oracle,latency,8.0,20,6.0,6.0,6.0,6.0,70.0,70.0,70.0,70.0,-0.1056880235270313,-0.034008423467057916,-0.014778544767118712,-0.07976300791911815,2.851017910915968e-05,9.885941268522158e-05,0.0007498352485877475,0.0009793624770127163,,,,,,,,,0.0,0.0,0.0,0.0,0.02255315249266862,0.039874551971326166,0.04973118279569892,0.038678620886282176,8.0,8.0,8.0,8.0,8.0,8.0,8.0,8.0,1260.0,1260.0,1400.0,1288.0,1116.0,1116.0,1240.0,1140.8,0.8857142857142857,0.8857142857142857,0.8857142857142857,0.8857142857142858,0.11428571428571432,0.11428571428571432,0.11428571428571432,0.11428571428571432,71424.0,71424.0,79360.0,73011.2,64.0,64.0,64.0,64.0,0.0,0.0,0.0,0.0,1116.0,1116.0,1240.0,1140.8,0.0,0.0,0.0,0.0,0.0,0.0,0.0,0.0,0.0,0.0,0.0,0.0,0.0,0.0,0.0,0.0,0.0,0.0,0.0,0.0,0.0,0.0,0.0,0.0,0.8462736221629626,0.8650479490665617,0.8898603997417436,0.8652925003220255,0.8233720929087143,0.9180240134846015,0.9553368106372335,0.8832582227252124,0.5,0.5285714285714286,0.5928571428571429,0.5549999999999999,0.00013806017752783335,0.0003838226628558862,0.0033533770883784272,0.0034692588971966948,-0.04685591263514927,-0.02930907577397073,-0.021099362311959517,-0.03571668980203432,19.0,27.0,28.25,24.65,1.0,1.0,1.0,1.0,1.3534618065453605,1.4786264415495778,1.7967385708103398,1.5848382136318953,,,,,6.633568410162121,7.252478449574693,7.627115193693478,6.976297385036437,2.5627485655361726,2.669778202248998,3.001461694708052,2.7373949720497226,2.851017910915968e-05,9.885941268522158e-05,0.0007498352485877475,0.0009793624770127163,0.10386186861141766,0.18335144292755778,0.45125439263853817,0.38813758519483627,0.014778544767118712,0.034008423467057916,0.1056880235270313,0.07976300791911815,0.00010529940607487518,0.0005163973322414326,0.0025550120034083476,0.0035378688494108234,,,,,,,,,,,,,,,,,,,,
ed_abstract__oracle,msg_drop,0.0,20,6.0,6.0,6.0,6.0,70.0,70.0,70.0,70.0,-0.006002354422605358,0.0,0.0,-0.004121894352313029,1.0317930954643116e-11,5.269899676580875e-11,1.2099231430060304e-09,4.8086531793695304e-09,,,,,,,,,0.0,0.0,0.0,0.0,0.006205357142857143,0.007142857142857143,0.007142857142857143,0.006690025252525253,0.0,0.0,0.0,0.0,0.0,0.0,0.0,0.0,1260.0,1260.0,1400.0,1288.0,1260.0,1260.0,1400.0,1288.0,1.0,1.0,1.0,1.0,0.0,0.0,0.0,0.0,80640.0,80640.0,89600.0,82432.0,64.0,64.0,64.0,64.0,0.0,0.0,0.0,0.0,1260.0,1260.0,1400.0,1288.0,0.0,0.0,0.0,0.0,0.0,0.0,0.0,0.0,0.0,0.0,0.0,0.0,0.0,0.0,0.0,0.0,0.0,0.0,0.0,0.0,0.0,0.0,0.0,0.0,0.7307046303645943,0.7651581384227899,0.7726634119147029,0.7540365371588224,0.826656455071007,0.9066500129169108,0.950974618354576,0.8701242198310896,0.9285714285714286,1.0,1.0,0.9678571428571429,4.48582000401372e-11,2.1615777522873893e-10,3.3460362194829553e-09,1.624380748781318e-08,-0.04685966865944219,-0.029309676096288668,-0.021110846068288364,-0.035730680625868025,3.75,4.5,6.0,4.9,1.0,1.0,1.0,1.0,1.3534618065453605,1.4786264415495778,1.7967385708103398,1.5848382136318953,,,,,6.633568410162121,7.252478449574693,7.627115193693478,6.976297385036437,2.5627485655361726,2.669778202248998,3.001461694708052,2.7373949720497226,1.0317930954643116e-11,5.269899676580875e-11,1.2099231430060304e-09,4.8086531793695304e-09,0.01570692730064338,0.03068366825462432,0.08353498604530807,0.05728398993387192,0.0,0.0,0.006002354422605358,0.004121894352313029,1.7947488772112503e-06,8.39734402202848e-06,6.774476916147017e-05,9.255093920621521e-05,,,,,,,,,,,,,,,,,,,,
ed_abstract__oracle,msg_drop,0.1,20,6.0,6.0,6.0,6.0,70.0,70.0,70.0,70.0,-0.015718707792928145,-0.0011215408788006775,0.0,-0.010611777410668289,3.137807157946518e-11,1.2080621244553303e-10,4.205211604277644e-09,5.315121262028902e-09,,,,,,,,,0.0,0.0,0.0,0.0,0.10297619047619049,0.10723562152133581,0.11369047619047619,0.10857051381158525,0.0,0.0,0.0,0.0,0.0,0.0,0.0,0.0,1260.0,1260.0,1400.0,1288.0,1115.5,1132.5,1256.5,1156.35,0.8927380952380952,0.8988404452690166,0.9034090909090909,0.8974509637188209,0.09659090909090909,0.10115955473098331,0.10726190476190481,0.10254903628117915,71392.0,72480.0,80416.0,74006.4,64.0,64.0,64.0,64.0,0.0,0.0,0.0,0.0,1115.5,1132.5,1256.5,1156.35,0.0,0.0,0.0,0.0,0.0,0.0,0.0,0.0,126.0,131.0,144.0,131.65,0.0,0.0,0.0,0.0,0.0,0.0,0.0,0.0,0.0,0.0,0.0,0.0,0.7144021229812645,0.7534529025376158,0.7913166030751388,0.7584078370635865,0.8204843461980268,0.908544966517182,0.963086678274405,0.8795932559574892,0.8964285714285715,0.9714285714285715,0.9892857142857143,0.9342857142857142,1.1022114820393683e-10,3.848107858859331e-10,1.4858690265338929e-08,1.7300914471772394e-08,-0.04685966862299998,-0.029309676096012836,-0.021110846071598736,-0.035730680618632764,4.0,4.5,6.25,5.3,1.0,1.0,1.0,1.0,1.3534618065453605,1.4786264415495778,1.7967385708103398,1.5848382136318953,,,,,6.633568410162121,7.252478449574693,7.627115193693478,6.976297385036437,2.5627485655361726,2.669778202248998,3.001461694708052,2.7373949720497226,3.137807157946518e-11,1.2080621244553303e-10,4.205211604277644e-09,5.315121262028902e-09,0.0366458367358502,0.13498600991328313,0.1978657186614481,0.12205279792256225,0.0,0.0011215408788006775,0.015718707792928145,0.010611777410668289,1.862803476863084e-05,0.0001524865839585372,0.0004041000394498305,0.00024129984448815572,,,,,,,,,,,,,,,,,,,,
ed_abstract__oracle,msg_drop,0.3,20,6.0,6.0,6.0,6.0,70.0,70.0,70.0,70.0,-0.03717298768170425,-0.01116804606671019,0.0,-0.02096320347957508,1.5768361936449845e-10,1.6440827750070005e-09,1.3829324956758398e-08,2.3545501592670582e-08,,,,,,,,,0.0,0.0,0.0,0.0,0.2990327380952381,0.3073979591836735,0.30992063492063493,0.3063503659039373,0.0,0.0,0.0,0.0,0.0,0.0,0.0,0.0,1260.0,1260.0,1400.0,1288.0,871.25,887.0,964.75,899.7,0.6950892857142856,0.6967893217893217,0.7045386904761906,0.6983231550195834,0.29546130952380945,0.3032106782106782,0.3049107142857143,0.30167684498041636,55760.0,56768.0,61744.0,57580.8,64.0,64.0,64.0,64.0,0.0,0.0,0.0,0.0,871.25,887.0,964.75,899.7,0.0,0.0,0.0,0.0,0.0,0.0,0.0,0.0,366.0,382.5,420.25,388.3,0.0,0.0,0.0,0.0,0.0,0.0,0.0,0.0,0.0,0.0,0.0,0.0,0.7350480834590284,0.7549721341747815,0.7887637231851115,0.7568312544290434,0.8610196666265133,0.9527912284111719,0.9900159093782821,0.9119890359520454,0.7857142857142857,0.8857142857142857,0.9321428571428572,0.8571428571428573,1.0074349548071103e-09,4.337766676442063e-09,4.297452348419872e-08,8.418375393283283e-08,-0.04685966850043699,-0.029309676096111757,-0.02111084602620846,-0.03573068035819877,4.0,5.5,9.25,6.6,1.0,1.0,1.0,1.0,1.3534618065453605,1.4786264415495778,1.7967385708103398,1.5848382136318953,,,,,6.633568410162121,7.252478449574693,7.627115193693478,6.976297385036437,2.5627485655361726,2.669778202248998,3.001461694708052,2.7373949720497226,1.5768361936449845e-10,1.6440827750070005e-09,1.3829324956758398e-08,2.3545501592670582e-08,0.0802527995852873,0.1716609444399797,0.2533130448127425,0.1850457627726611,0.0,0.01116804606671019,0.03717298768170425,0.02096320347957508,5.995214544565926e-05,0.00031915611118545046,0.0006123139230475466,0.0006557104216028914,,,,,,,,,,,,,,,,,,,,
ed_abstract__oracle,msg_drop,0.5,20,6.0,6.0,6.0,6.0,70.0,70.0,70.0,70.0,-0.010464328204047794,0.0,0.0,-0.020365139388967515,1.873094369650991e-08,1.026037108116368e-07,2.8443550137373075e-07,8.138434469382792e-07,,,,,,,,,0.0,0.0,0.0,0.0,0.4986111111111111,0.5031746031746032,0.5113715277777777,0.5041467287672645,0.0,0.0,0.0,0.0,0.0,0.0,0.0,0.0,1260.0,1260.0,1400.0,1288.0,615.25,633.0,697.25,643.6,0.4918650793650794,0.5003968253968254,0.5049603174603174,0.4992764120799835,0.49503968253968256,0.4996031746031746,0.5081349206349206,0.5007235879200165,39376.0,40512.0,44624.0,41190.4,64.0,64.0,64.0,64.0,0.0,0.0,0.0,0.0,615.25,633.0,697.25,643.6,0.0,0.0,0.0,0.0,0.0,0.0,0.0,0.0,616.75,634.5,687.75,644.4,0.0,0.0,0.0,0.0,0.0,0.0,0.0,0.0,0.0,0.0,0.0,0.0,0.7869361585463523,0.8016898243932417,0.8296042445334366,0.7993921994081432,0.9177363199312111,0.9589301025824022,0.9854168045098012,0.9334245624000186,0.6964285714285714,0.7357142857142858,0.8571428571428571,0.7699999999999999,9.541658837223096e-08,4.2372926110740125e-07,1.1032622143798568e-06,3.2261178260749175e-06,-0.046859667880185245,-0.029309674829651158,-0.021110843685227997,-0.035730669068228124,5.75,8.0,12.25,9.3,1.0,1.0,1.0,1.0,1.3534618065453605,1.4786264415495778,1.7967385708103398,1.5848382136318953,,,,,6.633568410162121,7.252478449574693,7.627115193693478,6.976297385036437,2.5627485655361726,2.669778202248998,3.001461694708052,2.7373949720497226,1.873094369650991e-08,1.026037108116368e-07,2.8443550137373075e-07,8.138434469382792e-07,0.13108317059762964,0.2317415041486952,0.40229314676072714,0.3311524213403592,0.0,0.0,0.010464328204047794,0.020365139388967515,0.0002054334724480253,0.0005863023679222085,0.00136135960941211,0.0030371534945761894,,,,,,,,,,,,,,,,,,,,
ed_abstract__oracle,msg_drop,0.7,20,6.0,6.0,6.0,6.0,70.0,70.0,70.0,70.0,-0.08837475248860083,-0.026454319898786913,0.0,-0.05566018823225229,4.48587118753824e-07,2.6051808741634265e-06,1.9579936816137933e-05,6.872570170879649e-05,,,,,,,,,0.0,0.0,0.0,0.0,0.6939303751803751,0.6998412698412698,0.7025081168831169,0.6987504380540095,0.0,0.0,0.0,0.0,0.0,0.0,0.0,0.0,1260.0,1260.0,1400.0,1288.0,371.0,385.0,417.0,391.1,0.29946428571428574,0.3026190476190476,0.3087121212121212,0.30358105287569576,0.6912878787878787,0.6973809523809523,0.7005357142857143,0.6964189471243043,23744.0,24640.0,26688.0,25030.4,64.0,64.0,64.0,64.0,0.0,0.0,0.0,0.0,371.0,385.0,417.0,391.1,0.0,0.0,0.0,0.0,0.0,0.0,0.0,0.0,860.25,880.0,977.75,896.9,0.0,0.0,0.0,0.0,0.0,0.0,0.0,0.0,0.0,0.0,0.0,0.0,0.8080510088383435,0.8408530095192118,0.8777942107022757,0.8318013442896527,0.9278396076980089,0.9599958166070848,0.9680874587003102,0.9325767063682517,0.6535714285714286,0.7071428571428571,0.7178571428571429,0.6892857142857143,1.7218444121050055e-06,1.0212825549689224e-05,7.305244125193403e-05,8.938967121323435e-05,-0.046859663582376566,-0.02930930734864533,-0.02111079790707375,-0.03572969889882438,9.5,12.5,16.25,13.25,1.0,1.0,1.0,1.0,1.3534618065453605,1.4786264415495778,1.7967385708103398,1.5848382136318953,,,,,6.633568410162121,7.252478449574693,7.627115193693478,6.976297385036437,2.5627485655361726,2.669778202248998,3.001461694708052,2.7373949720497226,4.48587118753824e-07,2.6051808741634265e-06,1.9579936816137933e-05,6.872570170879649e-05,0.26887907779505826,0.3449038787517673,0.47918789186749233,0.40199652868263724,0.0,0.026454319898786913,0.08837475248860083,0.05566018823225229,0.0008272837242122089,0.001381129967271451,0.002179134554573271,0.002275293887710131,,,,,,,,,,,,,,,,,,,,
ed_abstract__oracle,msg_drop,1.0,20,6.0,6.0,6.0,6.0,70.0,70.0,70.0,70.0,-0.08208888522535136,-0.0527896838005538,-0.033264580261175354,-0.07079492308906928,1.4777592250532785,2.0516773267472788,3.28017680933905,2.501147648619415,,,,,,,,,0.0,0.0,0.0,0.0,1.0,1.0,1.0,1.0,0.0,0.0,0.0,0.0,0.0,0.0,0.0,0.0,1260.0,1260.0,1400.0,1288.0,0.0,0.0,0.0,0.0,0.0,0.0,0.0,0.0,1.0,1.0,1.0,1.0,0.0,0.0,0.0,0.0,0.0,0.0,0.0,0.0,0.0,0.0,0.0,0.0,0.0,0.0,0.0,0.0,0.0,0.0,0.0,0.0,0.0,0.0,0.0,0.0,1260.0,1260.0,1400.0,1288.0,0.0,0.0,0.0,0.0,0.0,0.0,0.0,0.0,0.0,0.0,0.0,0.0,1.0,1.0,1.0,1.0,0.0,0.0,0.0,0.0,1.0,1.0,1.0,1.0,1.4777592250532783,2.0516773267472788,3.28017680933905,2.5011476486194155,0.0,0.0,0.0,0.0,,,,,0.0,0.0,0.0,0.0,1.3534618065453605,1.4786264415495778,1.7967385708103398,1.5848382136318953,,,,,6.633568410162121,7.252478449574693,7.627115193693478,6.976297385036437,2.5627485655361726,2.669778202248998,3.001461694708052,2.7373949720497226,1.4777592250532785,2.0516773267472788,3.28017680933905,2.501147648619415,0.0,8.881784197001252e-16,0.07085066072253832,0.047785789088784635,0.033264580261175354,0.0527896838005538,0.08208888522535136,0.07079492308906928,0.04528891401304944,0.0645932749305612,0.09231496628187184,0.0801422891916268,,,,,,,,,,,,,,,,,,,,
ed_gas__gnn,bandwidth,0.0,20,6.0,6.0,6.0,6.0,70.0,70.0,70.0,70.0,-0.13953960110997185,-0.03561029691759732,0.0,-0.07173350814781829,5.229493983344758e-12,3.3660530587254535e-11,9.967128820531491e-10,2.283448994389361e-08,,,,,,,,,0.0,0.0,0.0,0.0,0.006205357142857143,0.007142857142857143,0.007142857142857143,0.006690025252525253,0.0,0.0,0.0,0.0,0.0,0.0,0.0,0.0,1260.0,1260.0,1400.0,1288.0,1260.0,1260.0,1400.0,1288.0,1.0,1.0,1.0,1.0,0.0,0.0,0.0,0.0,80640.0,80640.0,89600.0,82432.0,64.0,64.0,64.0,64.0,0.0,0.0,0.0,0.0,1260.0,1260.0,1400.0,1288.0,0.0,0.0,0.0,0.0,0.0,0.0,0.0,0.0,0.0,0.0,0.0,0.0,0.0,0.0,0.0,0.0,0.0,0.0,0.0,0.0,0.0,0.0,0.0,0.0,0.7221277361562722,0.7676439376336613,0.8086783406292696,0.7592566642966436,0.7982487608636558,0.8400819934570907,0.8726492546412115,0.8231199218270537,0.9714285714285714,1.0,1.0,0.9835714285714285,1.7024458693263152e-11,1.1674921572667517e-10,2.347666085851011e-09,3.8156116755358166e-08,-0.046859668697929825,-0.029309676096166463,-0.021110846071879703,-0.035730680368356076,3.0,4.0,4.25,3.8,1.0,1.0,1.0,1.0,1.3534618065453605,1.4786264415495778,1.7967385708103398,1.5848382136318953,,,,,6.633568410162121,7.252478449574693,7.627115193693478,6.976297385036437,2.5627485655361726,2.669778202248998,3.001461694708052,2.7373949720497226,5.229493983344758e-12,3.3660530587254535e-11,9.967128820531491e-10,2.283448994389361e-08,0.19359302356345798,0.286594046338029,0.4360934966727896,0.41088910481418034,0.0,0.03153483640362418,0.0715638649898271,0.06340017481448497,0.0004652318154053586,0.0006790870340784275,0.0028423649202798896,0.0033999854712576487,0.0,0.0,0.0,0.008333333333333333,0.0,0.0,0.0,0.0,,,,,2.7196342118470347,2.9251928205147744,3.0,2.79329967647261,3.3048156467429313,3.735807016052296,4.141934742471613,3.78224673078077
ed_gas__gnn,bandwidth,1.0,20,6.0,6.0,6.0,6.0,70.0,70.0,70.0,70.0,-0.4885742130162308,-0.3209551196668401,0.0,-0.3277272921816174,0.0,3.41060508506167e-16,6.821210180711256e-16,9.678539448783462e-15,,,,,,,,,0.1833400124939714,0.18740499770168711,0.1936388740837277,0.18860141531974434,0.0,0.0,0.0,0.0,0.0,0.0,0.0,0.0,0.0,0.0,0.0,0.0,1260.0,1260.0,1400.0,1288.0,1260.0,1260.0,1400.0,1288.0,1.0,1.0,1.0,1.0,0.0,0.0,0.0,0.0,2520.0,2520.0,2800.0,2576.0,2.0,2.0,2.0,2.0,0.0,0.0,0.0,0.0,1260.0,1260.0,1400.0,1288.0,0.0,0.0,0.0,0.0,0.0,0.0,0.0,0.0,0.0,0.0,0.0,0.0,0.0,0.0,0.0,0.0,0.0,0.0,0.0,0.0,0.0,0.0,0.0,0.0,0.2136817667802664,0.2243702647575044,0.24862827025735576,0.2332266898671215,0.9959815313893192,0.9971545111887806,0.9982318215118073,0.9967252070845918,1.0,1.0,1.0,0.9985714285714288,7.395570986446986e-32,3.4106050850616706e-16,6.821210201887078e-16,9.678539448995222e-15,-0.04685966870484306,-0.0293096760963897,-0.021110846072189524,-0.035730680694562936,3.0,3.0,3.0,2.95,1.0,1.0,1.0,1.0,1.3534618065453605,1.4786264415495778,1.7967385708103398,1.5848382136318953,,,,,6.633568410162121,7.252478449574693,7.627115193693478,6.976297385036437,2.5627485655361726,2.669778202248998,3.001461694708052,2.7373949720497226,0.0,3.41060508506167e-16,6.821210180711256e-16,9.678539448783462e-15,0.5696268228672599,1.4172081091182518,1.7374831218418447,1.3755218113777377,0.0,0.0,0.02093082858215337,0.07772729218161742,0.002810614388288701,0.02045904563927302,0.03244836648369335,0.027255844752947476,0.0,0.0,0.45833333333333337,0.25,0.0,0.0,0.0,0.1,,,,,1.2735441838184531,2.3920617381191183,2.962440056392248,1.9582993781928464,3.0108027211646218,3.3578868369768546,4.434121741162826,3.83483955634682
ed_gas__gnn,bandwidth,2.0,20,6.0,6.0,6.0,6.0,70.0,70.0,70.0,70.0,-0.6141266039550194,-0.35622600753595246,-0.21064406027676674,-0.42485338582330606,1.1832913578315177e-30,4.2632567533738393e-17,4.9027452663798975e-17,0.48253017416756994,,,,,,,,,0.02240127199924985,0.02276976062638933,0.02476669354571726,0.023970494836176963,0.0,0.0,0.0,0.0,0.0,0.0,0.0,0.0,0.0,0.0,0.0,0.0,1260.0,1260.0,1400.0,1288.0,1260.0,1260.0,1400.0,1288.0,1.0,1.0,1.0,1.0,0.0,0.0,0.0,0.0,5040.0,5040.0,5600.0,5152.0,4.0,4.0,4.0,4.0,0.0,0.0,0.0,0.0,1260.0,1260.0,1400.0,1288.0,0.0,0.0,0.0,0.0,0.0,0.0,0.0,0.0,0.0,0.0,0.0,0.0,0.0,0.0,0.0,0.0,0.0,0.0,0.0,0.0,0.0,0.0,0.0,0.0,0.19474289425843247,0.21880723599399865,0.2402045240748936,0.2886456687498475,0.9944173911361482,0.9966849990206214,0.9978238517649326,0.8966812426795885,1.0,1.0,1.0,0.9421428571428571,1.1832913578315177e-30,4.2632566210249344e-17,4.9027452663798975e-17,0.4825301816459602,-0.04685966870484357,-0.02784486637505545,-0.01853526388166205,-0.028837392492169222,3.0,3.0,3.0,2.888888888888889,1.0,1.0,1.0,0.9,1.3534618065453605,1.4786264415495778,1.7967385708103398,1.5848382136318953,,,,,6.633568410162121,7.252478449574693,7.627115193693478,6.976297385036437,2.5627485655361726,2.669778202248998,3.001461694708052,2.7373949720497226,1.1832913578315177e-30,4.2632567533738393e-17,4.9027452663798975e-17,0.48253017416756994,1.0079043315975342,1.5083229848861064,1.9443587937362925,1.6291545147439337,0.05113034964014842,0.26013423693823445,0.3923034300613495,0.27485338582330604,0.008880365923954777,0.02913183126267528,0.0529708552326848,0.05701915206887644,0.0,0.0,0.0,0.15,0.0,0.0,0.0,0.15,,,,,3.0,3.0,3.0,2.948167440164511,4.221856126335848,4.588719998250062,5.608384356923595,4.920004537150974
ed_gas__gnn,bandwidth,3.0,20,6.0,6.0,6.0,6.0,70.0,70.0,70.0,70.0,-0.3314148574858718,-0.19359973441290096,-0.014422782367829734,-0.2274209170661916,1.705302701349528e-17,1.8118840407745536e-17,1.1491210952097538e-13,0.01256618265727343,,,,,,,,,0.005997522036867527,0.006673345752131486,0.00817325247666634,0.012466571571432446,0.0,0.0,0.0,0.0,0.0,0.0,0.0,0.0,0.0,0.0,0.0,0.0,1260.0,1260.0,1400.0,1288.0,1260.0,1260.0,1400.0,1288.0,1.0,1.0,1.0,1.0,0.0,0.0,0.0,0.0,7560.0,7560.0,8400.0,7728.0,6.0,6.0,6.0,6.0,0.0,0.0,0.0,0.0,1260.0,1260.0,1400.0,1288.0,0.0,0.0,0.0,0.0,0.0,0.0,0.0,0.0,0.0,0.0,0.0,0.0,0.0,0.0,0.0,0.0,0.0,0.0,0.0,0.0,0.0,0.0,0.0,0.0,0.20857539017239668,0.24308562406288858,0.2905750867727309,0.2900108484951179,0.9942106008075247,0.9969324270683114,0.997799616363833,0.9406374674648985,0.9964285714285714,1.0,1.0,0.9292857142857143,1.705302701349528e-17,1.8118840804792196e-17,1.1491210952596684e-13,0.012607366339051521,-0.04685365890514914,-0.029309676096386874,-0.01965255831794726,-0.03555116379945917,3.0,3.0,3.0,3.473684210526316,1.0,1.0,1.0,0.95,1.3534618065453605,1.4786264415495778,1.7967385708103398,1.5848382136318953,,,,,6.633568410162121,7.252478449574693,7.627115193693478,6.976297385036437,2.5627485655361726,2.669778202248998,3.001461694708052,2.7373949720497226,1.705302701349528e-17,1.8118840407745536e-17,1.1491210952097538e-13,0.01256618265727343,0.3949139703661748,0.8979884580776973,1.3558188979943069,0.954607398544017,0.0,0.11133136642424102,0.2463675647801774,0.15658758373285828,0.0017008994454467282,0.01036979234478821,0.018516379880565682,0.017427531129967845,0.0,0.0,0.0,0.07083333333333333,0.0,0.0,0.0,0.05,,,,,2.7708072795520517,3.0,3.0,2.7382597858414184,3.5252820633423863,4.056552785005974,4.861924056835073,4.235215482244081
ed_gas__gnn,bandwidth,4.0,20,6.0,6.0,6.0,6.0,70.0,70.0,70.0,70.0,-0.23446062945324136,-0.0626194526940219,0.0,-0.16880802862307354,2.6645354708591426e-18,4.751428882312395e-14,1.0406838228187725e-13,0.002605831426803929,,,,,,,,,0.002088460844956435,0.003038813643176165,0.004125655871375315,0.00447996446019424,0.0,0.0,0.0,0.0,0.0,0.0,0.0,0.0,0.0,0.0,0.0,0.0,1260.0,1260.0,1400.0,1288.0,1260.0,1260.0,1400.0,1288.0,1.0,1.0,1.0,1.0,0.0,0.0,0.0,0.0,10080.0,10080.0,11200.0,10304.0,8.0,8.0,8.0,8.0,0.0,0.0,0.0,0.0,1260.0,1260.0,1400.0,1288.0,0.0,0.0,0.0,0.0,0.0,0.0,0.0,0.0,0.0,0.0,0.0,0.0,0.0,0.0,0.0,0.0,0.0,0.0,0.0,0.0,0.0,0.0,0.0,0.0,0.20491070704339623,0.2596097572653002,0.2921179088531855,0.25702997396118554,0.9839586374324569,0.9953732550701508,0.9976583210357389,0.9827732495711607,0.9678571428571429,1.0,1.0,0.9199999999999999,2.6645354708591426e-18,4.7514288814366875e-14,9.753811255100776e-14,0.0028614794535397185,-0.046858243240287215,-0.029309676096387773,-0.021000283641822232,-0.03569345453132303,3.0,3.0,3.5,3.9473684210526314,1.0,1.0,1.0,0.95,1.3534618065453605,1.4786264415495778,1.7967385708103398,1.5848382136318953,,,,,6.633568410162121,7.252478449574693,7.627115193693478,6.976297385036437,2.5627485655361726,2.669778202248998,3.001461694708052,2.7373949720497226,2.6645354708591426e-18,4.751428882312395e-14,1.0406838228187725e-13,0.002605831426803929,0.17097630983670875,0.6895351049331682,1.2391088247543185,0.8028767991579226,0.0,0.00742995060523184,0.15839938270306575,0.09797469528974019,0.0004190050749512791,0.003347069190410532,0.013903439953947116,0.011191031662920736,0.0,0.0,0.0,0.07083333333333333,0.0,0.0,0.0,0.05,,,,,2.6297085617443394,2.9956312697340595,3.0,2.7045785744330915,3.2196666291940073,3.992857137507519,4.335036333200308,3.9722717192701134
ed_gas__gnn,bandwidth,8.0,20,6.0,6.0,6.0,6.0,70.0,70.0,70.0,70.0,-0.07079370990746098,-0.009406316649387169,0.0,-0.0990760947527887,1.6653346693007692e-19,4.7298628009634363e-14,1.6348398702472976e-06,0.0002768576006496509,,,,,,,,,0.00018369632263928742,0.0007111933598767792,0.0019251118260260945,0.0016221625945346853,0.0,0.0,0.0,0.0,0.0,0.0,0.0,0.0,0.0,0.0,0.0,0.0,1260.0,1260.0,1400.0,1288.0,1260.0,1260.0,1400.0,1288.0,1.0,1.0,1.0,1.0,0.0,0.0,0.0,0.0,20160.0,20160.0,22400.0,20608.0,16.0,16.0,16.0,16.0,0.0,0.0,0.0,0.0,1260.0,1260.0,1400.0,1288.0,0.0,0.0,0.0,0.0,0.0,0.0,0.0,0.0,0.0,0.0,0.0,0.0,0.0,0.0,0.0,0.0,0.0,0.0,0.0,0.0,0.0,0.0,0.0,0.0,0.275316725023636,0.32446827833555103,0.43912451328325336,0.3908815925764745,0.9499837449450529,0.9731251812266742,0.9888001061141714,0.9294343567604881,0.8535714285714286,1.0,1.0,0.8921428571428571,1.6653346693007692e-19,4.7298627925341546e-14,1.751703022190256e-06,0.00027761813007629916,-0.04685966870483991,-0.029309652618242997,-0.02111084607218969,-0.035726725585982375,3.0,3.0,4.0,3.45,1.0,1.0,1.0,1.0,1.3534618065453605,1.4786264415495778,1.7967385708103398,1.5848382136318953,,,,,6.633568410162121,7.252478449574693,7.627115193693478,6.976297385036437,2.5627485655361726,2.669778202248998,3.001461694708052,2.7373949720497226,1.6653346693007692e-19,4.7298628009634363e-14,1.6348398702472976e-06,0.0002768576006496509,0.0983823377172528,0.24153220419056698,0.5069342106685819,0.49799313903169606,0.0,0.004094514064891662,0.04228364939607336,0.04907609475278869,8.732755573199615e-05,0.0008010738422744347,0.0027597632312387943,0.006610164050287448,0.0,0.0,0.0,0.05,0.0,0.0,0.0,0.05,,,,,2.6124661052439717,2.9315096255860973,2.994433884683972,2.750349834628498,3.3149055632719224,3.9736662552561257,4.191846214978389,3.8067672114785025
ed_gas__gnn,byzantine,0.0,20,6.0,6.0,6.0,6.0,70.0,70.0,70.0,70.0,-0.13953960110997185,-0.03561029691759732,0.0,-0.07173350814781829,5.229493983344758e-12,3.3660530587254535e-11,9.967128820531491e-10,2.283448994389361e-08,,,,,,,,,0.0,0.0,0.0,0.0,0.006205357142857143,0.007142857142857143,0.007142857142857143,0.006690025252525253,0.0,0.0,0.0,0.0,0.0,0.0,0.0,0.0,1260.0,1260.0,1400.0,1288.0,1260.0,1260.0,1400.0,1288.0,1.0,1.0,1.0,1.0,0.0,0.0,0.0,0.0,80640.0,80640.0,89600.0,82432.0,64.0,64.0,64.0,64.0,0.0,0.0,0.0,0.0,1260.0,1260.0,1400.0,1288.0,0.0,0.0,0.0,0.0,0.0,0.0,0.0,0.0,0.0,0.0,0.0,0.0,0.0,0.0,0.0,0.0,0.0,0.0,0.0,0.0,0.0,0.0,0.0,0.0,0.7221277361562722,0.7676439376336613,0.8086783406292696,0.7592566642966436,0.7982487608636558,0.8400819934570907,0.8726492546412115,0.8231199218270537,0.9714285714285714,1.0,1.0,0.9835714285714285,1.7024458693263152e-11,1.1674921572667517e-10,2.347666085851011e-09,3.8156116755358166e-08,-0.046859668697929825,-0.029309676096166463,-0.021110846071879703,-0.035730680368356076,3.0,4.0,4.25,3.8,1.0,1.0,1.0,1.0,1.3534618065453605,1.4786264415495778,1.7967385708103398,1.5848382136318953,,,,,6.633568410162121,7.252478449574693,7.627115193693478,6.976297385036437,2.5627485655361726,2.669778202248998,3.001461694708052,2.7373949720497226,5.229493983344758e-12,3.3660530587254535e-11,9.967128820531491e-10,2.283448994389361e-08,0.19359302356345798,0.286594046338029,0.4360934966727896,0.41088910481418034,0.0,0.03153483640362418,0.0715638649898271,0.06340017481448497,0.0004652318154053586,0.0006790870340784275,0.0028423649202798896,0.0033999854712576487,0.0,0.0,0.0,0.008333333333333333,0.0,0.0,0.0,0.0,,,,,2.7196342118470347,2.9251928205147744,3.0,2.79329967647261,3.3048156467429313,3.735807016052296,4.141934742471613,3.78224673078077
ed_gas__gnn,byzantine,0.1,20,6.0,6.0,6.0,6.0,70.0,70.0,70.0,70.0,-1.0,-0.5233043399946006,0.0,-0.5148255203690553,0.0013473905766265067,0.002328422421433291,0.005969853742966191,0.006826900346533021,,,,,,,,,0.0,0.0,0.0,0.0,0.005158730158730159,0.005537518037518037,0.005952380952380952,0.005506487064522779,0.0,0.0,0.0,0.0,0.0,0.0,0.0,0.0,1260.0,1260.0,1400.0,1288.0,1260.0,1260.0,1400.0,1288.0,1.0,1.0,1.0,1.0,0.0,0.0,0.0,0.0,80640.0,80640.0,89600.0,82432.0,64.0,64.0,64.0,64.0,0.0,0.0,0.0,0.0,1260.0,1260.0,1400.0,1288.0,0.0,0.0,0.0,0.0,0.0,0.0,0.0,0.0,0.0,0.0,0.0,0.0,0.0,0.0,0.0,0.0,0.0,0.0,0.0,0.0,0.0,0.0,0.0,0.0,0.8047781390918964,0.910316128022135,0.9466309049730635,0.834346923452091,0.19881010728005913,0.38108637030239906,0.5670607953657142,0.41758035004657196,0.5714285714285714,0.5928571428571429,0.6285714285714286,0.5971428571428572,0.005778549226440954,0.008323416800162594,0.013523048414120711,0.01004445428239459,-0.046841998814005296,-0.029251751967855295,-0.021056898523611565,-0.03563315354675547,3.75,4.0,6.25,6.15,1.0,1.0,1.0,1.0,1.3534618065453605,1.4786264415495778,1.7967385708103398,1.5848382136318953,,,,,6.633568410162121,7.252478449574693,7.627115193693478,6.976297385036437,2.5627485655361726,2.669778202248998,3.001461694708052,2.7373949720497226,0.0013473905766265067,0.002328422421433291,0.005969853742966191,0.006826900346533021,1.2463698963080623,1.9373739077858865,2.68505928882281,2.214985182076595,0.0,0.0,0.3478659210270437,0.1856588537023886,0.015704566162128144,0.031202854140066606,0.09197688667818753,0.0707272870032204,0.0,0.0,1.0,0.3291666666666667,0.0,0.0,1.0,0.3,,,,,2.3751442542076973,2.980881716512441,3.0,2.6047414115430425,3.186481779191652,3.941563922514161,5.209239860722812,4.569252754576646
ed_gas__gnn,byzantine,0.25,20,6.0,6.0,6.0,6.0,70.0,70.0,70.0,70.0,-1.0,-0.8253264464052069,-0.36260044372524497,-0.6503540421844948,0.006132405479389465,0.02099341888694213,0.04965141599062503,0.032491800767965394,,,,,,,,,0.0,0.0,0.0,0.0,0.0035714285714285713,0.00450487012987013,0.004761904761904762,0.0042802321686250255,0.0,0.0,0.0,0.0,0.0,0.0,0.0,0.0,1260.0,1260.0,1400.0,1288.0,1260.0,1260.0,1400.0,1288.0,1.0,1.0,1.0,1.0,0.0,0.0,0.0,0.0,80640.0,80640.0,89600.0,82432.0,64.0,64.0,64.0,64.0,0.0,0.0,0.0,0.0,1260.0,1260.0,1400.0,1288.0,0.0,0.0,0.0,0.0,0.0,0.0,0.0,0.0,0.0,0.0,0.0,0.0,0.0,0.0,0.0,0.0,0.0,0.0,0.0,0.0,0.0,0.0,0.0,0.0,0.7580032542796472,0.9000709165286636,0.9186929331416557,0.8117571639221934,0.2660926657335291,0.3658203476201123,0.5595028679455869,0.4010413107431309,0.5714285714285714,0.6,0.6285714285714286,0.5914285714285713,0.021267791984623557,0.026508586662490306,0.046658989657034064,0.032310263620317414,-0.04645524039148996,-0.028911893426930818,-0.020112862033788117,-0.03526651211216358,3.75,4.5,5.25,5.15,1.0,1.0,1.0,1.0,1.3534618065453605,1.4786264415495778,1.7967385708103398,1.5848382136318953,,,,,6.633568410162121,7.252478449574693,7.627115193693478,6.976297385036437,2.5627485655361726,2.669778202248998,3.001461694708052,2.7373949720497226,0.006132405479389465,0.02099341888694213,0.04965141599062503,0.032491800767965394,1.8108468701392897,3.3354009285987596,3.484806174422163,2.8881027567751896,0.0,0.0,0.7014077291883698,0.283687375517828,0.036396877828078975,0.10571066248261216,0.1469938844102169,0.10476001559292156,0.0,0.0,1.0,0.3666666666666667,0.0,0.0,1.0,0.35,,,,,2.867587167254846,3.0,3.0,2.6610159220967335,3.7143246748636143,4.772018884175322,7.316975850168835,5.347426945033378
ed_gas__gnn,byzantine,0.5,20,6.0,6.0,6.0,6.0,70.0,70.0,70.0,70.0,-1.0,-0.7748011720365826,-0.41536562990149095,-0.6858750096228252,0.020748943075139078,0.07181623624332578,0.2091070575644145,3.694814625734863,,,,,,,,,0.0,0.0,0.0,0.0,0.0026339285714285714,0.0031498015873015874,0.0035714285714285713,0.00303108250876108,0.0,0.0,0.0,0.0,0.0,0.0,0.0,0.0,1260.0,1260.0,1400.0,1288.0,1260.0,1260.0,1400.0,1288.0,1.0,1.0,1.0,1.0,0.0,0.0,0.0,0.0,80640.0,80640.0,89600.0,82432.0,64.0,64.0,64.0,64.0,0.0,0.0,0.0,0.0,1260.0,1260.0,1400.0,1288.0,0.0,0.0,0.0,0.0,0.0,0.0,0.0,0.0,0.0,0.0,0.0,0.0,0.0,0.0,0.0,0.0,0.0,0.0,0.0,0.0,0.0,0.0,0.0,0.0,0.7910134183664391,0.9169109782928511,0.9630030925877472,0.8552203717298299,0.14547509568065214,0.2612441025615103,0.5738840056021789,0.3551511774772363,0.525,0.5642857142857143,0.5892857142857143,0.5499999999999999,0.03764119272248689,0.04962089984383759,0.09103532589737147,2.5045646997288475,-0.046687800661524274,-0.028472517420965376,-0.01877243566738562,0.017052385387363533,4.0,5.0,6.25,6.25,1.0,1.0,1.0,0.8,1.3534618065453605,1.4786264415495778,1.7967385708103398,1.5848382136318953,,,,,6.633568410162121,7.252478449574693,7.627115193693478,6.976297385036437,2.5627485655361726,2.669778202248998,3.001461694708052,2.7373949720497226,0.020748943075139078,0.07181623624332578,0.2091070575644145,3.694814625734863,1.6332635745549848,2.6503906802104904,4.421851581511696,3.0100512110991997,0.0,0.0,0.16420542573561914,0.16087500962282522,0.047071805895814084,0.11400178222080315,0.21379548024798578,0.12496928387591662,0.0,0.5416666666666666,1.0,0.525,0.0,0.0,1.0,0.45,,,,,0.9929213479958047,3.0,3.0,2.0980660243380593,3.004146370530056,3.9164851114738797,5.6624951335818725,4.687606351153625
ed_gas__gnn,latency,0.0,20,6.0,6.0,6.0,6.0,70.0,70.0,70.0,70.0,-0.13953960110997185,-0.03561029691759732,0.0,-0.07173350814781829,5.229493983344758e-12,3.3660530587254535e-11,9.967128820531491e-10,2.283448994389361e-08,,,,,,,,,0.0,0.0,0.0,0.0,0.006205357142857143,0.007142857142857143,0.007142857142857143,0.006690025252525253,0.0,0.0,0.0,0.0,0.0,0.0,0.0,0.0,1260.0,1260.0,1400.0,1288.0,1260.0,1260.0,1400.0,1288.0,1.0,1.0,1.0,1.0,0.0,0.0,0.0,0.0,80640.0,80640.0,89600.0,82432.0,64.0,64.0,64.0,64.0,0.0,0.0,0.0,0.0,1260.0,1260.0,1400.0,1288.0,0.0,0.0,0.0,0.0,0.0,0.0,0.0,0.0,0.0,0.0,0.0,0.0,0.0,0.0,0.0,0.0,0.0,0.0,0.0,0.0,0.0,0.0,0.0,0.0,0.7221277361562722,0.7676439376336613,0.8086783406292696,0.7592566642966436,0.7982487608636558,0.8400819934570907,0.8726492546412115,0.8231199218270537,0.9714285714285714,1.0,1.0,0.9835714285714285,1.7024458693263152e-11,1.1674921572667517e-10,2.347666085851011e-09,3.8156116755358166e-08,-0.046859668697929825,-0.029309676096166463,-0.021110846071879703,-0.035730680368356076,3.0,4.0,4.25,3.8,1.0,1.0,1.0,1.0,1.3534618065453605,1.4786264415495778,1.7967385708103398,1.5848382136318953,,,,,6.633568410162121,7.252478449574693,7.627115193693478,6.976297385036437,2.5627485655361726,2.669778202248998,3.001461694708052,2.7373949720497226,5.229493983344758e-12,3.3660530587254535e-11,9.967128820531491e-10,2.283448994389361e-08,0.19359302356345798,0.286594046338029,0.4360934966727896,0.41088910481418034,0.0,0.03153483640362418,0.0715638649898271,0.06340017481448497,0.0004652318154053586,0.0006790870340784275,0.0028423649202798896,0.0033999854712576487,0.0,0.0,0.0,0.008333333333333333,0.0,0.0,0.0,0.0,,,,,2.7196342118470347,2.9251928205147744,3.0,2.79329967647261,3.3048156467429313,3.735807016052296,4.141934742471613,3.78224673078077
ed_gas__gnn,latency,1.0,20,6.0,6.0,6.0,6.0,70.0,70.0,70.0,70.0,-0.08860781952270451,-0.028727437528795308,0.0,-0.07660882910481578,2.060785100646371e-09,2.7811752006163873e-08,1.7767210164587694e-07,4.889402983019219e-06,,,,,,,,,0.0,0.0,0.0,0.0,0.008031400966183575,0.010466988727858293,0.011912604303908652,0.010282947225882008,1.0,1.0,1.0,1.0,1.0,1.0,1.0,1.0,1260.0,1260.0,1400.0,1288.0,1242.0,1242.0,1380.0,1269.6,0.9857142857142858,0.9857142857142858,0.9857142857142858,0.9857142857142861,0.014285714285714235,0.014285714285714235,0.014285714285714235,0.014285714285714235,79488.0,79488.0,88320.0,81254.4,64.0,64.0,64.0,64.0,0.0,0.0,0.0,0.0,1242.0,1242.0,1380.0,1269.6,0.0,0.0,0.0,0.0,0.0,0.0,0.0,0.0,0.0,0.0,0.0,0.0,0.0,0.0,0.0,0.0,0.0,0.0,0.0,0.0,0.0,0.0,0.0,0.0,0.6373009055829014,0.7753839463972576,0.8181879039996351,0.7230184452499382,0.6895511145585198,0.8638571990113381,0.910896819848416,0.8117606566497187,0.6,0.65,0.7,0.6621428571428571,3.5350142901128238e-09,2.9841103426934945e-08,2.8827064619797933e-07,4.589257870800678e-06,-0.04685966856087712,-0.029309468866208402,-0.02111084603666675,-0.035730610845949036,4.0,6.0,8.0,6.15,1.0,1.0,1.0,1.0,1.3534618065453605,1.4786264415495778,1.7967385708103398,1.5848382136318953,,,,,6.633568410162121,7.252478449574693,7.627115193693478,6.976297385036437,2.5627485655361726,2.669778202248998,3.001461694708052,2.7373949720497226,2.060785100646371e-09,2.7811752006163873e-08,1.7767210164587694e-07,4.889402983019219e-06,0.14150132172234198,0.23887095261790448,0.40944460374535896,0.41482306218509646,0.0,0.028727437528795308,0.08860781952270451,0.07660882910481578,0.00019403949410847347,0.0006483059920432811,0.002484148234536433,0.004516622173330905,0.0,0.0,0.0,0.0,0.0,0.0,0.0,0.0,,,,,2.791725446851494,2.959584786248084,3.0,2.833267355545168,3.339943806094895,3.80919393834587,4.398456205456934,3.8680078410866288
ed_gas__gnn,latency,2.0,20,6.0,6.0,6.0,6.0,70.0,70.0,70.0,70.0,-0.10408766912556172,-0.028241710783918704,0.0,-0.08179808950558949,2.6773765353154057e-09,4.602746458370567e-08,1.6589516749284076e-07,1.2351204950606488e-05,,,,,,,,,0.0,0.0,0.0,0.0,0.00978442513368984,0.014297385620915032,0.016822638146167558,0.013981543374925728,2.0,2.0,2.0,2.0,2.0,2.0,2.0,2.0,1260.0,1260.0,1400.0,1288.0,1224.0,1224.0,1360.0,1251.2,0.9714285714285714,0.9714285714285714,0.9714285714285714,0.9714285714285713,0.02857142857142858,0.02857142857142858,0.02857142857142858,0.02857142857142858,78336.0,78336.0,87040.0,80076.8,64.0,64.0,64.0,64.0,0.0,0.0,0.0,0.0,1224.0,1224.0,1360.0,1251.2,0.0,0.0,0.0,0.0,0.0,0.0,0.0,0.0,0.0,0.0,0.0,0.0,0.0,0.0,0.0,0.0,0.0,0.0,0.0,0.0,0.0,0.0,0.0,0.0,0.710747877877709,0.739304985629575,0.7618351517495983,0.7351714850939707,0.847380655836197,0.9055240551258883,0.9544988263732064,0.8879208017108573,0.5714285714285714,0.6,0.6857142857142857,0.627142857142857,1.9654153779544665e-08,7.987197663016875e-08,3.576494671926825e-07,2.403676564239672e-05,-0.04685966856043887,-0.02930966628585635,-0.021110846050257266,-0.035730504248778064,6.75,9.0,10.25,8.85,1.0,1.0,1.0,1.0,1.3534618065453605,1.4786264415495778,1.7967385708103398,1.5848382136318953,,,,,6.633568410162121,7.252478449574693,7.627115193693478,6.976297385036437,2.5627485655361726,2.669778202248998,3.001461694708052,2.7373949720497226,2.6773765353154057e-09,4.602746458370567e-08,1.6589516749284076e-07,1.2351204950606488e-05,0.132461731499381,0.2629096836764431,0.5373151722783376,0.4495621508135147,0.0,0.028241710783918704,0.10408766912556172,0.08179808950558949,0.00019348560937656589,0.0009287162155210675,0.0031442395248699705,0.005483995936833143,0.0,0.0,0.0,0.0,0.0,0.0,0.0,0.0,,,,,2.7724388903539863,2.9448078556277797,3.0,2.8245863816654286,3.3486609032089696,3.9017826829128515,4.381264788520465,3.869896457979871
ed_gas__gnn,latency,4.0,20,6.0,6.0,6.0,6.0,70.0,70.0,70.0,70.0,-0.12002470011559935,-0.03642938352647798,0.0,-0.09419868113527098,6.217949933389359e-08,2.9078179336605456e-06,8.731468534173273e-06,0.005772267165741374,,,,,,,,,0.0,0.0,0.0,0.0,0.01378271349862259,0.02230639730639731,0.027089072543617997,0.021714971686562595,4.0,4.0,4.0,4.0,4.0,4.0,4.0,4.0,1260.0,1260.0,1400.0,1288.0,1188.0,1188.0,1320.0,1214.4,0.9428571428571428,0.9428571428571428,0.9428571428571428,0.9428571428571428,0.05714285714285716,0.05714285714285716,0.05714285714285716,0.05714285714285716,76032.0,76032.0,84480.0,77721.6,64.0,64.0,64.0,64.0,0.0,0.0,0.0,0.0,1188.0,1188.0,1320.0,1214.4,0.0,0.0,0.0,0.0,0.0,0.0,0.0,0.0,0.0,0.0,0.0,0.0,0.0,0.0,0.0,0.0,0.0,0.0,0.0,0.0,0.0,0.0,0.0,0.0,0.7865932637041038,0.8131647566200617,0.8281539680296209,0.8129217996016113,0.868771078928507,0.9201786561742764,0.9389481724661622,0.8847093975510655,0.5821428571428572,0.6214285714285714,0.6428571428571429,0.6171428571428571,1.3588548660843768e-06,7.691845469565607e-06,1.9150444460360407e-05,0.006410108164715001,-0.04685963909145047,-0.02930962363202969,-0.021110589522644763,-0.035648219735052486,11.0,14.0,17.75,14.25,1.0,1.0,1.0,1.0,1.3534618065453605,1.4786264415495778,1.7967385708103398,1.5848382136318953,,,,,6.633568410162121,7.252478449574693,7.627115193693478,6.976297385036437,2.5627485655361726,2.669778202248998,3.001461694708052,2.7373949720497226,6.217949933389359e-08,2.9078179336605456e-06,8.731468534173273e-06,0.005772267165741374,0.17623456533727477,0.4672093918021436,0.7216152292117755,0.5547243377440662,0.0,0.03642938352647798,0.12002470011559935,0.09419868113527098,0.00035661781467575296,0.00317044033271182,0.00563121984526242,0.007483998875020634,0.0,0.0,0.0,0.0,0.0,0.0,0.0,0.0,,,,,2.5841221072401837,2.9547796546930343,3.0,2.8121026459950262,3.25848633101242,3.904444776763023,4.421011567289773,3.8805884240360307
ed_gas__gnn,latency,8.0,20,6.0,6.0,6.0,6.0,70.0,70.0,70.0,70.0,-0.15316454172422048,-0.03403026116421868,0.0,-0.10154115894718871,3.9246964032926793e-05,0.00010681830922556301,0.0007438716595484208,0.010544956832663852,,,,,,,,,0.0,0.0,0.0,0.0,0.02255315249266862,0.039874551971326166,0.04973118279569892,0.038678620886282176,8.0,8.0,8.0,8.0,8.0,8.0,8.0,8.0,1260.0,1260.0,1400.0,1288.0,1116.0,1116.0,1240.0,1140.8,0.8857142857142857,0.8857142857142857,0.8857142857142857,0.8857142857142858,0.11428571428571432,0.11428571428571432,0.11428571428571432,0.11428571428571432,71424.0,71424.0,79360.0,73011.2,64.0,64.0,64.0,64.0,0.0,0.0,0.0,0.0,1116.0,1116.0,1240.0,1140.8,0.0,0.0,0.0,0.0,0.0,0.0,0.0,0.0,0.0,0.0,0.0,0.0,0.0,0.0,0.0,0.0,0.0,0.0,0.0,0.0,0.0,0.0,0.0,0.0,0.8426168228572775,0.8619072607447825,0.879060597588695,0.8636677953589066,0.842187648140821,0.9199201851298563,0.9571016958997443,0.8733327668716641,0.4714285714285714,0.5142857142857142,0.6142857142857143,0.5642857142857143,0.0001496561603122188,0.00038800459213945255,0.0011982946836864763,0.013007998160387136,-0.04685431513174992,-0.029308550038503092,-0.0211071935879948,-0.03558003845409645,19.0,24.0,29.0,24.85,1.0,1.0,1.0,1.0,1.3534618065453605,1.4786264415495778,1.7967385708103398,1.5848382136318953,,,,,6.633568410162121,7.252478449574693,7.627115193693478,6.976297385036437,2.5627485655361726,2.669778202248998,3.001461694708052,2.7373949720497226,3.9246964032926793e-05,0.00010681830922556301,0.0007438716595484208,0.010544956832663852,0.23571651827860474,0.5943956984828405,0.9335588399920296,0.6826592373018006,0.0,0.03403026116421868,0.15316454172422048,0.10154115894718871,0.0005907626181952117,0.004390811152944854,0.01030312287241745,0.01031755587383741,0.0,0.0,0.0,0.0,0.0,0.0,0.0,0.0,,,,,2.5707438602608956,2.9620365983840244,3.0,2.7530024103603283,3.1825982043470122,3.644544697830969,4.364082778840943,3.813807050307008
ed_gas__gnn,msg_drop,0.0,20,6.0,6.0,6.0,6.0,70.0,70.0,70.0,70.0,-0.13953960110997185,-0.03561029691759732,0.0,-0.07173350814781829,5.229493983344758e-12,3.3660530587254535e-11,9.967128820531491e-10,2.283448994389361e-08,,,,,,,,,0.0,0.0,0.0,0.0,0.006205357142857143,0.007142857142857143,0.007142857142857143,0.006690025252525253,0.0,0.0,0.0,0.0,0.0,0.0,0.0,0.0,1260.0,1260.0,1400.0,1288.0,1260.0,1260.0,1400.0,1288.0,1.0,1.0,1.0,1.0,0.0,0.0,0.0,0.0,80640.0,80640.0,89600.0,82432.0,64.0,64.0,64.0,64.0,0.0,0.0,0.0,0.0,1260.0,1260.0,1400.0,1288.0,0.0,0.0,0.0,0.0,0.0,0.0,0.0,0.0,0.0,0.0,0.0,0.0,0.0,0.0,0.0,0.0,0.0,0.0,0.0,0.0,0.0,0.0,0.0,0.0,0.7221277361562722,0.7676439376336613,0.8086783406292696,0.7592566642966436,0.7982487608636558,0.8400819934570907,0.8726492546412115,0.8231199218270537,0.9714285714285714,1.0,1.0,0.9835714285714285,1.7024458693263152e-11,1.1674921572667517e-10,2.347666085851011e-09,3.8156116755358166e-08,-0.046859668697929825,-0.029309676096166463,-0.021110846071879703,-0.035730680368356076,3.0,4.0,4.25,3.8,1.0,1.0,1.0,1.0,1.3534618065453605,1.4786264415495778,1.7967385708103398,1.5848382136318953,,,,,6.633568410162121,7.252478449574693,7.627115193693478,6.976297385036437,2.5627485655361726,2.669778202248998,3.001461694708052,2.7373949720497226,5.229493983344758e-12,3.3660530587254535e-11,9.967128820531491e-10,2.283448994389361e-08,0.19359302356345798,0.286594046338029,0.4360934966727896,0.41088910481418034,0.0,0.03153483640362418,0.0715638649898271,0.06340017481448497,0.0004652318154053586,0.0006790870340784275,0.0028423649202798896,0.0033999854712576487,0.0,0.0,0.0,0.008333333333333333,0.0,0.0,0.0,0.0,,,,,2.7196342118470347,2.9251928205147744,3.0,2.79329967647261,3.3048156467429313,3.735807016052296,4.141934742471613,3.78224673078077
ed_gas__gnn,msg_drop,0.1,20,6.0,6.0,6.0,6.0,70.0,70.0,70.0,70.0,-0.10671744997041363,-0.05446664061166023,0.0,-0.07299573717992883,1.5374470664049522e-11,6.611457390001736e-11,3.8887947246709996e-10,5.3377614484941884e-09,,,,,,,,,0.0,0.0,0.0,0.0,0.10297619047619049,0.10723562152133581,0.11369047619047619,0.10857051381158525,0.0,0.0,0.0,0.0,0.0,0.0,0.0,0.0,1260.0,1260.0,1400.0,1288.0,1115.5,1132.5,1256.5,1156.35,0.8927380952380952,0.8988404452690166,0.9034090909090909,0.8974509637188209,0.09659090909090909,0.10115955473098331,0.10726190476190481,0.10254903628117915,71392.0,72480.0,80416.0,74006.4,64.0,64.0,64.0,64.0,0.0,0.0,0.0,0.0,1115.5,1132.5,1256.5,1156.35,0.0,0.0,0.0,0.0,0.0,0.0,0.0,0.0,126.0,131.0,144.0,131.65,0.0,0.0,0.0,0.0,0.0,0.0,0.0,0.0,0.0,0.0,0.0,0.0,0.7337832015229886,0.7666081061270194,0.7993444452708468,0.7546542311273365,0.7627490483069543,0.8645727061187817,0.9160616902613782,0.8335277364114919,0.9142857142857143,0.9428571428571428,0.975,0.9271428571428573,7.446136209812658e-11,2.072015904688936e-10,8.705694160042255e-10,3.9668542554402713e-08,-0.04685966870156528,-0.029309676096065006,-0.02111084607151292,-0.03573068061830934,3.0,4.0,5.0,4.3,1.0,1.0,1.0,1.0,1.3534618065453605,1.4786264415495778,1.7967385708103398,1.5848382136318953,,,,,6.633568410162121,7.252478449574693,7.627115193693478,6.976297385036437,2.5627485655361726,2.669778202248998,3.001461694708052,2.7373949720497226,1.5374470664049522e-11,6.611457390001736e-11,3.8887947246709996e-10,5.3377614484941884e-09,0.2588919017576987,0.2860597184973117,0.6099183752395685,0.4187098901705311,0.0,0.05446664061166023,0.10671744997041363,0.07299573717992883,0.0005791393453900714,0.0010176372411710097,0.0034350087085441095,0.003016024479636917,0.0,0.0,0.0,0.0,0.0,0.0,0.0,0.0,,,,,2.790746479100867,2.9254860503916222,3.0,2.8336255781750257,3.4269573480521514,3.844027285810092,4.293481389195464,3.8501410647826275
ed_gas__gnn,msg_drop,0.3,20,6.0,6.0,6.0,6.0,70.0,70.0,70.0,70.0,-0.17007705795310613,-0.07460104624498176,0.0,-0.11614658912452731,2.032555689348209e-10,9.278407368156578e-10,7.327363577326659e-09,8.651224593236351e-08,,,,,,,,,0.0,0.0,0.0,0.0,0.2990327380952381,0.3073979591836735,0.30992063492063493,0.3063503659039373,0.0,0.0,0.0,0.0,0.0,0.0,0.0,0.0,1260.0,1260.0,1400.0,1288.0,871.25,887.0,964.75,899.7,0.6950892857142856,0.6967893217893217,0.7045386904761906,0.6983231550195834,0.29546130952380945,0.3032106782106782,0.3049107142857143,0.30167684498041636,55760.0,56768.0,61744.0,57580.8,64.0,64.0,64.0,64.0,0.0,0.0,0.0,0.0,871.25,887.0,964.75,899.7,0.0,0.0,0.0,0.0,0.0,0.0,0.0,0.0,366.0,382.5,420.25,388.3,0.0,0.0,0.0,0.0,0.0,0.0,0.0,0.0,0.0,0.0,0.0,0.0,0.7593073276837803,0.7990455357840323,0.8248644865641325,0.77406049712164,0.7300401982476434,0.8161849751982828,0.9129963249248222,0.7913013868367977,0.7142857142857143,0.7714285714285715,0.85,0.7942857142857143,1.0907197027200147e-09,3.4097887073772315e-09,1.218098722069991e-07,2.435777418702633e-07,-0.04685966850543024,-0.029309676093436876,-0.021110845960541694,-0.03573067945867385,4.0,4.0,6.0,4.9,1.0,1.0,1.0,1.0,1.3534618065453605,1.4786264415495778,1.7967385708103398,1.5848382136318953,,,,,6.633568410162121,7.252478449574693,7.627115193693478,6.976297385036437,2.5627485655361726,2.669778202248998,3.001461694708052,2.7373949720497226,2.032555689348209e-10,9.278407368156578e-10,7.327363577326659e-09,8.651224593236351e-08,0.42795904508149185,0.5824806401847225,0.7877619888998428,0.6156950710036087,0.0,0.05753025887532609,0.1485454443147834,0.095313255791194,0.0015400344479050668,0.0035166263915021754,0.006251314767307591,0.0062167841066515395,0.0,0.0,0.0,0.020833333333333336,0.0,0.0,0.0,0.0,,,,,2.730586970189718,2.998852913574237,3.0,2.7492584364526094,3.3788199522001734,3.671461750039559,4.15543467648981,3.819573692904293
ed_gas__gnn,msg_drop,0.5,20,6.0,6.0,6.0,6.0,70.0,70.0,70.0,70.0,-0.15744813705182242,0.0,0.0,-0.1195032680456279,2.932080414707457e-09,2.7385275161012564e-08,4.612584853405283e-07,1.3677370848105516e-06,,,,,,,,,0.0,0.0,0.0,0.0,0.4986111111111111,0.5031746031746032,0.5113715277777777,0.5041467287672645,0.0,0.0,0.0,0.0,0.0,0.0,0.0,0.0,1260.0,1260.0,1400.0,1288.0,615.25,633.0,697.25,643.6,0.4918650793650794,0.5003968253968254,0.5049603174603174,0.4992764120799835,0.49503968253968256,0.4996031746031746,0.5081349206349206,0.5007235879200165,39376.0,40512.0,44624.0,41190.4,64.0,64.0,64.0,64.0,0.0,0.0,0.0,0.0,615.25,633.0,697.25,643.6,0.0,0.0,0.0,0.0,0.0,0.0,0.0,0.0,616.75,634.5,687.75,644.4,0.0,0.0,0.0,0.0,0.0,0.0,0.0,0.0,0.0,0.0,0.0,0.0,0.7516667674236583,0.7970135354485808,0.8473762182559431,0.8018352448426784,0.7650217253836726,0.8210157653917294,0.8876787379674658,0.815536658177898,0.6071428571428572,0.6285714285714286,0.7178571428571429,0.6557142857142857,1.4409496766093916e-08,1.2348641943499092e-07,1.0661019742469669e-06,6.4947489405137915e-06,-0.04685966324810233,-0.029309676054990397,-0.021110845911976008,-0.03573066115546186,4.75,5.5,7.25,5.95,1.0,1.0,1.0,1.0,1.3534618065453605,1.4786264415495778,1.7967385708103398,1.5848382136318953,,,,,6.633568410162121,7.252478449574693,7.627115193693478,6.976297385036437,2.5627485655361726,2.669778202248998,3.001461694708052,2.7373949720497226,2.932080414707457e-09,2.7385275161012564e-08,4.612584853405283e-07,1.3677370848105516e-06,0.313782045224416,0.778172026995144,1.2769123135381732,0.8686259828972787,0.0,0.0,0.09837962367354808,0.07783660137896123,0.0012810903517882788,0.005679713543102919,0.017607162551431254,0.013600125421755824,0.0,0.0,0.0,0.04166666666666667,0.0,0.0,0.0,0.0,,,,,2.0881770645587046,2.6974934759833973,2.9897725537342272,2.4183049214729384,3.24017491497846,3.4238517616484074,3.92771297993266,3.658686600133587
ed_gas__gnn,msg_drop,0.7,20,6.0,6.0,6.0,6.0,70.0,70.0,70.0,70.0,-0.4001409304155783,-0.06285508061738324,-0.0027603791079354894,-0.20647666450459107,1.647787934048195e-07,6.112627127257127e-07,1.2035267981634436e-05,2.7649543385391322e-05,,,,,,,,,0.0,0.0,0.0,0.0,0.6939303751803751,0.6998412698412698,0.7025081168831169,0.6987504380540095,0.0,0.0,0.0,0.0,0.0,0.0,0.0,0.0,1260.0,1260.0,1400.0,1288.0,371.0,385.0,417.0,391.1,0.29946428571428574,0.3026190476190476,0.3087121212121212,0.30358105287569576,0.6912878787878787,0.6973809523809523,0.7005357142857143,0.6964189471243043,23744.0,24640.0,26688.0,25030.4,64.0,64.0,64.0,64.0,0.0,0.0,0.0,0.0,371.0,385.0,417.0,391.1,0.0,0.0,0.0,0.0,0.0,0.0,0.0,0.0,860.25,880.0,977.75,896.9,0.0,0.0,0.0,0.0,0.0,0.0,0.0,0.0,0.0,0.0,0.0,0.0,0.7978671942939515,0.8349694790298874,0.8712008734103076,0.8335398653063046,0.7620327420248665,0.808530842999254,0.8962553854693379,0.8235608096653377,0.5285714285714286,0.5642857142857143,0.5857142857142857,0.5628571428571428,3.763759596983357e-07,3.6356451859385124e-06,3.756203662153596e-05,6.469463997712095e-05,-0.04685945433779169,-0.02930959541831847,-0.021110839475470926,-0.035730285701086134,7.0,8.0,11.0,8.45,1.0,1.0,1.0,1.0,1.3534618065453605,1.4786264415495778,1.7967385708103398,1.5848382136318953,,,,,6.633568410162121,7.252478449574693,7.627115193693478,6.976297385036437,2.5627485655361726,2.669778202248998,3.001461694708052,2.7373949720497226,1.647787934048195e-07,6.112627127257127e-07,1.2035267981634436e-05,2.7649543385391322e-05,0.24735141406923322,0.7435752673939793,1.5586564147789483,0.9662735000284031,0.0,0.04227581266208695,0.17436606612267808,0.13564333117125774,0.0008755534857524482,0.007152811606811469,0.028985275094540235,0.017021455874686307,0.0,0.0,0.0,0.07083333333333333,0.0,0.0,0.0,0.05,,,,,2.533379091998535,2.9639795357889804,3.0,2.6436172960772892,3.1257452750126684,3.8718124330168697,4.514397301633161,4.048389935142351
ed_gas__gnn,msg_drop,1.0,20,6.0,6.0,6.0,6.0,70.0,70.0,70.0,70.0,-0.08208888522535136,-0.0527896838005538,-0.033264580261175354,-0.07079492308906928,1.4777592250532785,2.0516773267472788,3.28017680933905,2.501147648619415,,,,,,,,,0.0,0.0,0.0,0.0,1.0,1.0,1.0,1.0,0.0,0.0,0.0,0.0,0.0,0.0,0.0,0.0,1260.0,1260.0,1400.0,1288.0,0.0,0.0,0.0,0.0,0.0,0.0,0.0,0.0,1.0,1.0,1.0,1.0,0.0,0.0,0.0,0.0,0.0,0.0,0.0,0.0,0.0,0.0,0.0,0.0,0.0,0.0,0.0,0.0,0.0,0.0,0.0,0.0,0.0,0.0,0.0,0.0,1260.0,1260.0,1400.0,1288.0,0.0,0.0,0.0,0.0,0.0,0.0,0.0,0.0,0.0,0.0,0.0,0.0,1.0,1.0,1.0,1.0,0.0,0.0,0.0,0.0,1.0,1.0,1.0,1.0,1.4777592250532783,2.0516773267472788,3.28017680933905,2.5011476486194155,0.0,0.0,0.0,0.0,,,,,0.0,0.0,0.0,0.0,1.3534618065453605,1.4786264415495778,1.7967385708103398,1.5848382136318953,,,,,6.633568410162121,7.252478449574693,7.627115193693478,6.976297385036437,2.5627485655361726,2.669778202248998,3.001461694708052,2.7373949720497226,1.4777592250532785,2.0516773267472788,3.28017680933905,2.501147648619415,0.0,8.881784197001252e-16,0.07085066072253832,0.047785789088784635,0.033264580261175354,0.0527896838005538,0.08208888522535136,0.07079492308906928,0.04528891401304944,0.0645932749305612,0.09231496628187184,0.0801422891916268,0.0,0.0,0.0,0.0,0.0,0.0,0.0,0.0,,,,,2.848098079311506,2.9252027488181707,2.970463811228799,2.9034315366296566,3.0672584871200446,3.086233255462111,3.102059630198371,3.09446816491898
ed_gas__hybrid,bandwidth,0.0,20,6.0,6.0,6.0,6.0,70.0,70.0,70.0,70.0,-0.0003512775915678825,-0.0001752484709384331,-4.093256948696099e-05,-0.0005753632920548528,2.1484586538727534e-11,2.9501634595436117e-10,1.823154786137572e-09,7.637402965520545e-09,,,,,,,,,0.0,0.0,0.0,0.0,0.006205357142857143,0.007142857142857143,0.007142857142857143,0.006690025252525253,0.0,0.0,0.0,0.0,0.0,0.0,0.0,0.0,1260.0,1260.0,1400.0,1288.0,1260.0,1260.0,1400.0,1288.0,1.0,1.0,1.0,1.0,0.0,0.0,0.0,0.0,80640.0,80640.0,89600.0,82432.0,64.0,64.0,64.0,64.0,0.0,0.0,0.0,0.0,1260.0,1260.0,1400.0,1288.0,0.0,0.0,0.0,0.0,0.0,0.0,0.0,0.0,0.0,0.0,0.0,0.0,0.0,0.0,0.0,0.0,0.0,0.0,0.0,0.0,0.0,0.0,0.0,0.0,0.7349855074032322,0.7557739092012871,0.7709648737478585,0.7604448388637056,0.8430859189152063,0.9170772236446021,0.950145480263293,0.8849101773809803,0.9392857142857143,1.0,1.0,0.9678571428571431,8.58973171996045e-11,9.840829102789808e-10,4.664424087913018e-09,2.480676284490238e-08,-0.046859668638841015,-0.029309676096139475,-0.021110846068345332,-0.03573068058545732,4.0,5.0,7.0,5.25,1.0,1.0,1.0,1.0,1.3534618065453605,1.4786264415495778,1.7967385708103398,1.5848382136318953,,,,,6.633568410162121,7.252478449574693,7.627115193693478,6.976297385036437,2.5627485655361726,2.669778202248998,3.001461694708052,2.7373949720497226,2.1484586538727534e-11,2.9501634595436117e-10,1.823154786137572e-09,7.637402965520545e-09,0.000655550564581775,0.001175302917253429,0.0028977976760216073,0.003012589112553732,4.093256948696099e-05,0.0001752484709384331,0.0003512775915678825,0.0005753632920548528,3.380928358179118e-09,1.0723727999233144e-08,1.5014250930025078e-07,4.721501334717913e-07,0.0,0.0,0.0,0.0,0.0,0.0,0.0,0.0,,,,,2.583152354072346,2.882697716415584,2.960396300431195,2.6659062830846914,3.444092279984396,3.6750245598720257,4.020242549782301,3.7037199646683647
ed_gas__hybrid,bandwidth,1.0,20,6.0,6.0,6.0,6.0,70.0,70.0,70.0,70.0,-1.0,-0.34470108399567273,-0.027461185270868264,-0.44051495928219947,0.04366607142836519,0.08110374141909191,0.14019186969464442,0.10345401576103759,,,,,,,,,0.20960139881755463,0.22608524053799356,0.2418067028804972,0.2270612356088217,0.0,0.0,0.0,0.0,0.0,0.0,0.0,0.0,0.0,0.0,0.0,0.0,1260.0,1260.0,1400.0,1288.0,1260.0,1260.0,1400.0,1288.0,1.0,1.0,1.0,1.0,0.0,0.0,0.0,0.0,2520.0,2520.0,2800.0,2576.0,2.0,2.0,2.0,2.0,0.0,0.0,0.0,0.0,1260.0,1260.0,1400.0,1288.0,0.0,0.0,0.0,0.0,0.0,0.0,0.0,0.0,0.0,0.0,0.0,0.0,0.0,0.0,0.0,0.0,0.0,0.0,0.0,0.0,0.0,0.0,0.0,0.0,0.24626632287149225,0.2792466264988176,0.3520135825396081,0.29822373725571577,0.9298093616530183,0.9505464308069644,0.9694736837951105,0.9365025358216258,0.1392857142857143,0.2785714285714286,0.4142857142857143,0.3221428571428571,0.04366607142057617,0.08110374026528705,0.14019186789854704,0.1034537476736759,-0.04649779421768457,-0.028151051218874776,-0.01866687268520468,-0.03425276618369111,3.0,3.0,4.0,3.5294117647058822,1.0,1.0,1.0,0.85,1.3534618065453605,1.4786264415495778,1.7967385708103398,1.5848382136318953,,,,,6.633568410162121,7.252478449574693,7.627115193693478,6.976297385036437,2.5627485655361726,2.669778202248998,3.001461694708052,2.7373949720497226,0.04366607142836519,0.08110374141909191,0.14019186969464442,0.10345401576103759,0.6574239078524611,1.2660686814608098,2.1143211014042675,1.5722116807742268,0.0,0.0,0.009153728423622755,0.057181625948866166,0.007168722754903233,0.025926774944645514,0.047973094762343106,0.036775510931007074,0.0,0.16666666666666666,1.0,0.38333333333333336,0.0,0.0,1.0,0.3,,,,,1.4300766727390786,2.329240416638333,2.959090158452307,2.0564139063743645,3.011282642573372,3.3265991601180263,4.488144478948543,3.8310630279589772
ed_gas__hybrid,bandwidth,2.0,20,6.0,6.0,6.0,6.0,70.0,70.0,70.0,70.0,-0.45797535449768834,-0.3576667063551541,-0.12297661880364998,-0.3563996923076186,0.004851785714285684,0.009115197466922782,0.021500975133057584,0.1948024607252829,,,,,,,,,0.027578480576148715,0.030322398592399682,0.033710693951027,0.05338193366591113,0.0,0.0,0.0,0.0,0.0,0.0,0.0,0.0,0.0,0.0,0.0,0.0,1260.0,1260.0,1400.0,1288.0,1260.0,1260.0,1400.0,1288.0,1.0,1.0,1.0,1.0,0.0,0.0,0.0,0.0,5040.0,5040.0,5600.0,5152.0,4.0,4.0,4.0,4.0,0.0,0.0,0.0,0.0,1260.0,1260.0,1400.0,1288.0,0.0,0.0,0.0,0.0,0.0,0.0,0.0,0.0,0.0,0.0,0.0,0.0,0.0,0.0,0.0,0.0,0.0,0.0,0.0,0.0,0.0,0.0,0.0,0.0,0.28787416728541954,0.3387165579791922,0.4493858006368673,0.41211821483196126,0.8831413875191222,0.9459846255985381,0.9691060129639341,0.840246225978871,0.3928571428571429,0.48571428571428565,0.6178571428571429,0.49642857142857144,0.004851785714282358,0.009115197444510035,0.021500974692276454,0.1950686077200446,-0.04681946042849256,-0.027719135713928842,-0.018421317422567314,-0.03294778839848761,3.0,4.0,4.0,3.933333333333333,0.75,1.0,1.0,0.75,1.3534618065453605,1.4786264415495778,1.7967385708103398,1.5848382136318953,,,,,6.633568410162121,7.252478449574693,7.627115193693478,6.976297385036437,2.5627485655361726,2.669778202248998,3.001461694708052,2.7373949720497226,0.004851785714285684,0.009115197466922782,0.021500975133057584,0.1948024607252829,0.671731792329338,1.4958248587223517,1.9167949484845237,1.4523658081934063,0.07388198160762321,0.31993284554349377,0.41728201897365247,0.30639969230761854,0.009685231140931057,0.02920832952101261,0.04413809264713826,0.036154054640034225,0.0,0.0,0.0,0.05,0.0,0.0,0.0,0.05,,,,,3.0,3.0,3.0,2.9575713275883664,4.236616572609032,4.620005909320411,5.643880839327689,4.949280973179751
ed_gas__hybrid,bandwidth,3.0,20,6.0,6.0,6.0,6.0,70.0,70.0,70.0,70.0,-0.31964795544695257,-0.2237055941655255,-0.0698302310661403,-0.23056457429181348,0.0014808525018494669,0.00201572924827592,0.0045494656068459,0.03801860276921728,,,,,,,,,0.007200778238523008,0.00850043020693123,0.01340553179244427,0.017643272952762606,0.0,0.0,0.0,0.0,0.0,0.0,0.0,0.0,0.0,0.0,0.0,0.0,1260.0,1260.0,1400.0,1288.0,1260.0,1260.0,1400.0,1288.0,1.0,1.0,1.0,1.0,0.0,0.0,0.0,0.0,7560.0,7560.0,8400.0,7728.0,6.0,6.0,6.0,6.0,0.0,0.0,0.0,0.0,1260.0,1260.0,1400.0,1288.0,0.0,0.0,0.0,0.0,0.0,0.0,0.0,0.0,0.0,0.0,0.0,0.0,0.0,0.0,0.0,0.0,0.0,0.0,0.0,0.0,0.0,0.0,0.0,0.0,0.3071599318073512,0.44568477314793836,0.9681542595919536,0.5575796752657516,0.26351819454508874,0.9175790615944143,0.9537278093299633,0.697160846692935,0.45357142857142857,0.5714285714285714,0.8,0.6064285714285714,0.0014808525015092924,0.0020157292428551517,0.004549399081442615,0.039238295302103085,-0.0468479214784027,-0.028897542423074404,-0.021095370718420027,-0.035187557797859974,3.0,4.0,5.0,4.764705882352941,1.0,1.0,1.0,0.85,1.3534618065453605,1.4786264415495778,1.7967385708103398,1.5848382136318953,,,,,6.633568410162121,7.252478449574693,7.627115193693478,6.976297385036437,2.5627485655361726,2.669778202248998,3.001461694708052,2.7373949720497226,0.0014808525018494669,0.00201572924827592,0.0045494656068459,0.03801860276921728,0.35225855510722437,0.9395149645458218,1.1816951676789476,0.9154791149095411,0.017722675235752584,0.18212420838022064,0.2658546294054063,0.15973124095848015,0.0013619705365929802,0.01238046195272129,0.018743472034009948,0.014051139371849344,0.0,0.0,0.0,0.07083333333333333,0.0,0.0,0.0,0.05,,,,,2.9882479001489477,3.0,3.0,2.823403532655382,3.8508055654269904,4.1765165653365095,4.652398539733763,4.309962324490687
ed_gas__hybrid,bandwidth,4.0,20,6.0,6.0,6.0,6.0,70.0,70.0,70.0,70.0,-0.18266949745474043,-0.01664412935563202,0.0,-0.1382258709384726,0.0003190668930369147,0.000438980553980261,0.0011122475904461863,0.0106278711384236,,,,,,,,,0.0022431562890170356,0.003309762825061248,0.004392137004923514,0.0048551086973382404,0.0,0.0,0.0,0.0,0.0,0.0,0.0,0.0,0.0,0.0,0.0,0.0,1260.0,1260.0,1400.0,1288.0,1260.0,1260.0,1400.0,1288.0,1.0,1.0,1.0,1.0,0.0,0.0,0.0,0.0,10080.0,10080.0,11200.0,10304.0,8.0,8.0,8.0,8.0,0.0,0.0,0.0,0.0,1260.0,1260.0,1400.0,1288.0,0.0,0.0,0.0,0.0,0.0,0.0,0.0,0.0,0.0,0.0,0.0,0.0,0.0,0.0,0.0,0.0,0.0,0.0,0.0,0.0,0.0,0.0,0.0,0.0,0.3957807569006978,0.5347311424827559,0.9500553365280229,0.6078087934316542,0.38716456273626537,0.8695960961484761,0.9541541128113442,0.7137042740583055,0.5535714285714286,0.6785714285714286,0.9785714285714285,0.7328571428571429,0.00031906688292453433,0.00043897746289643864,0.0011122735141452108,0.010880543480593344,-0.04685806037378952,-0.02930452665248172,-0.0211074758840355,-0.03557885396401417,4.0,5.0,5.0,4.352941176470588,1.0,1.0,1.0,0.85,1.3534618065453605,1.4786264415495778,1.7967385708103398,1.5848382136318953,,,,,6.633568410162121,7.252478449574693,7.627115193693478,6.976297385036437,2.5627485655361726,2.669778202248998,3.001461694708052,2.7373949720497226,0.0003190668930369147,0.000438980553980261,0.0011122475904461863,0.0106278711384236,0.1519219272143335,0.47815568955817955,0.9425310988127293,0.656116716711788,0.0,0.0,0.1406395970282065,0.07155920427180594,0.00022902062131925437,0.0025309387423657972,0.009968048111820182,0.007325674343006667,0.0,0.0,0.0,0.06666666666666667,0.0,0.0,0.0,0.05,,,,,2.3954334208642223,2.880729710114629,3.0,2.6268946303363174,3.1812265893262808,3.9957320512304126,4.320488459277444,3.94901200962548
ed_gas__hybrid,bandwidth,8.0,20,6.0,6.0,6.0,6.0,70.0,70.0,70.0,70.0,-0.03594514512665205,-0.014077837797126909,0.0,-0.07274271170178445,3.4679561692853275e-06,1.0203688490826773e-05,4.976783008454893e-05,0.0002971990094269766,,,,,,,,,0.00018952569118304516,0.0006972415906052278,0.0019905051746443537,0.001693266242252608,0.0,0.0,0.0,0.0,0.0,0.0,0.0,0.0,0.0,0.0,0.0,0.0,1260.0,1260.0,1400.0,1288.0,1260.0,1260.0,1400.0,1288.0,1.0,1.0,1.0,1.0,0.0,0.0,0.0,0.0,20160.0,20160.0,22400.0,20608.0,16.0,16.0,16.0,16.0,0.0,0.0,0.0,0.0,1260.0,1260.0,1400.0,1288.0,0.0,0.0,0.0,0.0,0.0,0.0,0.0,0.0,0.0,0.0,0.0,0.0,0.0,0.0,0.0,0.0,0.0,0.0,0.0,0.0,0.0,0.0,0.0,0.0,0.5057895805197016,0.6542325589962341,0.8987590845267125,0.6772280782562581,0.5518584278110987,0.8987814493378128,0.9603970675315097,0.75807465705373,0.5678571428571428,0.8142857142857143,0.9892857142857143,0.7621428571428572,3.0490175304667683e-06,1.3840607668626762e-05,4.976749318878125e-05,0.00029833234232845785,-0.04685961861840936,-0.029307893852266956,-0.021110834410638747,-0.03572643499442841,3.75,5.0,7.0,5.15,1.0,1.0,1.0,1.0,1.3534618065453605,1.4786264415495778,1.7967385708103398,1.5848382136318953,,,,,6.633568410162121,7.252478449574693,7.627115193693478,6.976297385036437,2.5627485655361726,2.669778202248998,3.001461694708052,2.7373949720497226,3.4679561692853275e-06,1.0203688490826773e-05,4.976783008454893e-05,0.0002971990094269766,0.07229417856479214,0.1418288990989831,0.23481738835475463,0.3321307828108483,0.0,0.00965784273878622,0.028722035869297176,0.022742711701784456,4.6501796159049774e-05,0.00019925352522954045,0.000761100674323413,0.0038950722709455918,0.0,0.0,0.0,0.05,0.0,0.0,0.0,0.05,,,,,2.400271430339475,2.8451038899966323,2.983782142192453,2.655574356973353,3.320329994627617,3.8140968977715217,4.097424878889132,3.769290816670782
ed_gas__hybrid,byzantine,0.0,20,6.0,6.0,6.0,6.0,70.0,70.0,70.0,70.0,-0.0003512775915678825,-0.0001752484709384331,-4.093256948696099e-05,-0.0005753632920548528,2.1484586538727534e-11,2.9501634595436117e-10,1.823154786137572e-09,7.637402965520545e-09,,,,,,,,,0.0,0.0,0.0,0.0,0.006205357142857143,0.007142857142857143,0.007142857142857143,0.006690025252525253,0.0,0.0,0.0,0.0,0.0,0.0,0.0,0.0,1260.0,1260.0,1400.0,1288.0,1260.0,1260.0,1400.0,1288.0,1.0,1.0,1.0,1.0,0.0,0.0,0.0,0.0,80640.0,80640.0,89600.0,82432.0,64.0,64.0,64.0,64.0,0.0,0.0,0.0,0.0,1260.0,1260.0,1400.0,1288.0,0.0,0.0,0.0,0.0,0.0,0.0,0.0,0.0,0.0,0.0,0.0,0.0,0.0,0.0,0.0,0.0,0.0,0.0,0.0,0.0,0.0,0.0,0.0,0.0,0.7349855074032322,0.7557739092012871,0.7709648737478585,0.7604448388637056,0.8430859189152063,0.9170772236446021,0.950145480263293,0.8849101773809803,0.9392857142857143,1.0,1.0,0.9678571428571431,8.58973171996045e-11,9.840829102789808e-10,4.664424087913018e-09,2.480676284490238e-08,-0.046859668638841015,-0.029309676096139475,-0.021110846068345332,-0.03573068058545732,4.0,5.0,7.0,5.25,1.0,1.0,1.0,1.0,1.3534618065453605,1.4786264415495778,1.7967385708103398,1.5848382136318953,,,,,6.633568410162121,7.252478449574693,7.627115193693478,6.976297385036437,2.5627485655361726,2.669778202248998,3.001461694708052,2.7373949720497226,2.1484586538727534e-11,2.9501634595436117e-10,1.823154786137572e-09,7.637402965520545e-09,0.000655550564581775,0.001175302917253429,0.0028977976760216073,0.003012589112553732,4.093256948696099e-05,0.0001752484709384331,0.0003512775915678825,0.0005753632920548528,3.380928358179118e-09,1.0723727999233144e-08,1.5014250930025078e-07,4.721501334717913e-07,0.0,0.0,0.0,0.0,0.0,0.0,0.0,0.0,,,,,2.583152354072346,2.882697716415584,2.960396300431195,2.6659062830846914,3.444092279984396,3.6750245598720257,4.020242549782301,3.7037199646683647
ed_gas__hybrid,byzantine,0.1,20,6.0,6.0,6.0,6.0,70.0,70.0,70.0,70.0,-1.0,-1.0,-1.0,-1.0,0.11862841461728513,0.3766747319040914,0.7356677180834901,0.7831080775214538,,,,,,,,,0.0,0.0,0.0,0.0,0.005158730158730159,0.005537518037518037,0.005952380952380952,0.005506487064522779,0.0,0.0,0.0,0.0,0.0,0.0,0.0,0.0,1260.0,1260.0,1400.0,1288.0,1260.0,1260.0,1400.0,1288.0,1.0,1.0,1.0,1.0,0.0,0.0,0.0,0.0,80640.0,80640.0,89600.0,82432.0,64.0,64.0,64.0,64.0,0.0,0.0,0.0,0.0,1260.0,1260.0,1400.0,1288.0,0.0,0.0,0.0,0.0,0.0,0.0,0.0,0.0,0.0,0.0,0.0,0.0,0.0,0.0,0.0,0.0,0.0,0.0,0.0,0.0,0.0,0.0,0.0,0.0,0.9221172527851681,0.9537536687591791,0.9830919864184912,0.9352753888255982,0.05307778845659028,0.09843431998879282,0.180747778306365,0.14006522961231022,0.5357142857142857,0.5571428571428572,0.5714285714285714,0.5499999999999999,0.6229798056571956,0.9446629417485586,1.2461500740293312,1.0325731424059805,-0.044786992267643023,-0.021545896637511084,-0.007963538606297336,-0.024543422444256606,9.0,22.0,36.75,25.0625,1.0,1.0,1.0,0.8,1.3534618065453605,1.4786264415495778,1.7967385708103398,1.5848382136318953,,,,,6.633568410162121,7.252478449574693,7.627115193693478,6.976297385036437,2.5627485655361726,2.669778202248998,3.001461694708052,2.7373949720497226,0.11862841461728513,0.3766747319040914,0.7356677180834901,0.7831080775214538,6.294930236505765,6.929419403758054,7.407988985628287,6.7518273683932675,0.0,0.0,0.0,0.0,0.3818261352845145,0.4292702424039666,0.45677561009414247,0.4281096632994374,1.0,1.0,1.0,1.0,1.0,1.0,1.0,1.0,,,,,,,,,,,,
ed_gas__hybrid,byzantine,0.25,20,6.0,6.0,6.0,6.0,70.0,70.0,70.0,70.0,-1.0,-1.0,-1.0,-1.0,0.6290984945308146,1.4991733847032744,2.241757272557428,2.3132950415567026,,,,,,,,,0.0,0.0,0.0,0.0,0.0035714285714285713,0.00450487012987013,0.004761904761904762,0.0042802321686250255,0.0,0.0,0.0,0.0,0.0,0.0,0.0,0.0,1260.0,1260.0,1400.0,1288.0,1260.0,1260.0,1400.0,1288.0,1.0,1.0,1.0,1.0,0.0,0.0,0.0,0.0,80640.0,80640.0,89600.0,82432.0,64.0,64.0,64.0,64.0,0.0,0.0,0.0,0.0,1260.0,1260.0,1400.0,1288.0,0.0,0.0,0.0,0.0,0.0,0.0,0.0,0.0,0.0,0.0,0.0,0.0,0.0,0.0,0.0,0.0,0.0,0.0,0.0,0.0,0.0,0.0,0.0,0.0,0.953025471575963,0.972186254771169,0.9790249953164522,0.9395259604861824,0.07034606641868435,0.10381909311697618,0.21599743220258322,0.15412150676570185,0.5,0.5285714285714286,0.5464285714285714,0.5285714285714286,1.0391077237599717,1.2528797871366915,1.8338376733018371,1.553250638956439,-0.02485250871836993,-0.008943544193711928,0.01046606183411057,-0.002683608672324452,18.75,39.0,57.25,37.5,0.0,0.0,1.0,0.4,1.3534618065453605,1.4786264415495778,1.7967385708103398,1.5848382136318953,,,,,6.633568410162121,7.252478449574693,7.627115193693478,6.976297385036437,2.5627485655361726,2.669778202248998,3.001461694708052,2.7373949720497226,0.6290984945308146,1.4991733847032744,2.241757272557428,2.3132950415567026,6.36400953219053,6.965198367226723,7.37971570257569,6.714203885515777,0.0,0.0,0.0,0.0,0.3811383863908041,0.4330016664610674,0.4834289985923268,0.42558577946138926,1.0,1.0,1.0,1.0,1.0,1.0,1.0,1.0,,,,,,,,,,,,
ed_gas__hybrid,byzantine,0.5,20,6.0,6.0,6.0,6.0,70.0,70.0,70.0,70.0,-1.0,-1.0,-1.0,-1.0,0.515670916509832,1.6528089415752025,2.940380466180699,2.5219649534111808,,,,,,,,,0.0,0.0,0.0,0.0,0.0026339285714285714,0.0031498015873015874,0.0035714285714285713,0.00303108250876108,0.0,0.0,0.0,0.0,0.0,0.0,0.0,0.0,1260.0,1260.0,1400.0,1288.0,1260.0,1260.0,1400.0,1288.0,1.0,1.0,1.0,1.0,0.0,0.0,0.0,0.0,80640.0,80640.0,89600.0,82432.0,64.0,64.0,64.0,64.0,0.0,0.0,0.0,0.0,1260.0,1260.0,1400.0,1288.0,0.0,0.0,0.0,0.0,0.0,0.0,0.0,0.0,0.0,0.0,0.0,0.0,0.0,0.0,0.0,0.0,0.0,0.0,0.0,0.0,0.0,0.0,0.0,0.0,0.9549107266319322,0.9772138532510914,0.9895437358349306,0.9613731571623101,0.03522514411700087,0.08036563490054854,0.17528363757004525,0.12148536485201991,0.5142857142857142,0.5285714285714286,0.5464285714285714,0.5214285714285714,1.452777811071686,2.000686843629361,2.515340141388651,2.0715046326355107,-0.030454138411139954,-0.014547710253067333,0.0157098486181901,0.00029739006845380526,36.5,47.0,57.5,47.0,0.0,0.0,0.0,0.1,1.3534618065453605,1.4786264415495778,1.7967385708103398,1.5848382136318953,,,,,6.633568410162121,7.252478449574693,7.627115193693478,6.976297385036437,2.5627485655361726,2.669778202248998,3.001461694708052,2.7373949720497226,0.515670916509832,1.6528089415752025,2.940380466180699,2.5219649534111808,6.068810877299784,6.831697896378497,7.415153992336117,6.532000974976491,0.0,0.0,0.0,0.0,0.34287796704439916,0.4113554093422227,0.47481576579223667,0.40285115289777484,1.0,1.0,1.0,1.0,1.0,1.0,1.0,1.0,,,,,,,,,,,,
ed_gas__hybrid,latency,0.0,20,6.0,6.0,6.0,6.0,70.0,70.0,70.0,70.0,-0.0003512775915678825,-0.0001752484709384331,-4.093256948696099e-05,-0.0005753632920548528,2.1484586538727534e-11,2.9501634595436117e-10,1.823154786137572e-09,7.637402965520545e-09,,,,,,,,,0.0,0.0,0.0,0.0,0.006205357142857143,0.007142857142857143,0.007142857142857143,0.006690025252525253,0.0,0.0,0.0,0.0,0.0,0.0,0.0,0.0,1260.0,1260.0,1400.0,1288.0,1260.0,1260.0,1400.0,1288.0,1.0,1.0,1.0,1.0,0.0,0.0,0.0,0.0,80640.0,80640.0,89600.0,82432.0,64.0,64.0,64.0,64.0,0.0,0.0,0.0,0.0,1260.0,1260.0,1400.0,1288.0,0.0,0.0,0.0,0.0,0.0,0.0,0.0,0.0,0.0,0.0,0.0,0.0,0.0,0.0,0.0,0.0,0.0,0.0,0.0,0.0,0.0,0.0,0.0,0.0,0.7349855074032322,0.7557739092012871,0.7709648737478585,0.7604448388637056,0.8430859189152063,0.9170772236446021,0.950145480263293,0.8849101773809803,0.9392857142857143,1.0,1.0,0.9678571428571431,8.58973171996045e-11,9.840829102789808e-10,4.664424087913018e-09,2.480676284490238e-08,-0.046859668638841015,-0.029309676096139475,-0.021110846068345332,-0.03573068058545732,4.0,5.0,7.0,5.25,1.0,1.0,1.0,1.0,1.3534618065453605,1.4786264415495778,1.7967385708103398,1.5848382136318953,,,,,6.633568410162121,7.252478449574693,7.627115193693478,6.976297385036437,2.5627485655361726,2.669778202248998,3.001461694708052,2.7373949720497226,2.1484586538727534e-11,2.9501634595436117e-10,1.823154786137572e-09,7.637402965520545e-09,0.000655550564581775,0.001175302917253429,0.0028977976760216073,0.003012589112553732,4.093256948696099e-05,0.0001752484709384331,0.0003512775915678825,0.0005753632920548528,3.380928358179118e-09,1.0723727999233144e-08,1.5014250930025078e-07,4.721501334717913e-07,0.0,0.0,0.0,0.0,0.0,0.0,0.0,0.0,,,,,2.583152354072346,2.882697716415584,2.960396300431195,2.6659062830846914,3.444092279984396,3.6750245598720257,4.020242549782301,3.7037199646683647
ed_gas__hybrid,latency,1.0,20,6.0,6.0,6.0,6.0,70.0,70.0,70.0,70.0,-0.03250743463139767,-0.010060711574905252,-0.005808995472033546,-0.021171567169170145,1.1866376631547268e-08,3.013203031574476e-08,9.332953012119838e-08,1.1159723217894833e-06,,,,,,,,,0.0,0.0,0.0,0.0,0.008031400966183575,0.010466988727858293,0.011912604303908652,0.010282947225882008,1.0,1.0,1.0,1.0,1.0,1.0,1.0,1.0,1260.0,1260.0,1400.0,1288.0,1242.0,1242.0,1380.0,1269.6,0.9857142857142858,0.9857142857142858,0.9857142857142858,0.9857142857142861,0.014285714285714235,0.014285714285714235,0.014285714285714235,0.014285714285714235,79488.0,79488.0,88320.0,81254.4,64.0,64.0,64.0,64.0,0.0,0.0,0.0,0.0,1242.0,1242.0,1380.0,1269.6,0.0,0.0,0.0,0.0,0.0,0.0,0.0,0.0,0.0,0.0,0.0,0.0,0.0,0.0,0.0,0.0,0.0,0.0,0.0,0.0,0.0,0.0,0.0,0.0,0.770413143740755,0.7887175131136767,0.8177102708813784,0.7879192372817394,0.758762787276091,0.8804156741275395,0.9804471365633806,0.8492565484114587,0.6642857142857143,0.7857142857142858,0.975,0.7964285714285714,1.69279857492954e-08,5.757674260485374e-08,1.374119876942757e-07,9.45302171982426e-07,-0.04685966771282405,-0.02930967444310388,-0.021110845828363763,-0.035730664752101335,6.0,7.0,9.25,7.3,1.0,1.0,1.0,1.0,1.3534618065453605,1.4786264415495778,1.7967385708103398,1.5848382136318953,,,,,6.633568410162121,7.252478449574693,7.627115193693478,6.976297385036437,2.5627485655361726,2.669778202248998,3.001461694708052,2.7373949720497226,1.1866376631547268e-08,3.013203031574476e-08,9.332953012119838e-08,1.1159723217894833e-06,0.033674695587312176,0.05887695965216766,0.15842641752242836,0.10184035732044298,0.005808995472033546,0.010060711574905252,0.03250743463139767,0.021171567169170145,8.815736995945815e-06,5.5079539778872545e-05,0.00020791439755026098,0.00027477269488148385,0.0,0.0,0.0,0.0,0.0,0.0,0.0,0.0,,,,,2.6049422926247234,2.902765099051687,2.956177835103899,2.7560371184190715,3.4023501913520864,3.7541163938740585,4.156722875790282,3.766598055275697
ed_gas__hybrid,latency,2.0,20,6.0,6.0,6.0,6.0,70.0,70.0,70.0,70.0,-0.0747716739633087,-0.02758759500619929,-0.012594148729997746,-0.044021423491202014,6.081608010797819e-08,2.4153963661988823e-07,5.680184184536213e-07,9.726008738708531e-07,,,,,,,,,0.0,0.0,0.0,0.0,0.00978442513368984,0.014297385620915032,0.016822638146167558,0.013981543374925728,2.0,2.0,2.0,2.0,2.0,2.0,2.0,2.0,1260.0,1260.0,1400.0,1288.0,1224.0,1224.0,1360.0,1251.2,0.9714285714285714,0.9714285714285714,0.9714285714285714,0.9714285714285713,0.02857142857142858,0.02857142857142858,0.02857142857142858,0.02857142857142858,78336.0,78336.0,87040.0,80076.8,64.0,64.0,64.0,64.0,0.0,0.0,0.0,0.0,1224.0,1224.0,1360.0,1251.2,0.0,0.0,0.0,0.0,0.0,0.0,0.0,0.0,0.0,0.0,0.0,0.0,0.0,0.0,0.0,0.0,0.0,0.0,0.0,0.0,0.0,0.0,0.0,0.0,0.7116653510632113,0.7920742948664963,0.8188866529164714,0.7688267368275156,0.8668526360307275,0.9496166884468271,0.9882485974189577,0.912749545926334,0.6214285714285714,0.6714285714285715,0.9571428571428572,0.7492857142857142,1.2444021889445845e-07,3.788643550801456e-07,1.0709926711001635e-06,1.4081009805143253e-06,-0.04685966593016387,-0.02930967115319484,-0.021110844844702027,-0.03573066680026487,8.5,9.5,12.0,9.8,1.0,1.0,1.0,1.0,1.3534618065453605,1.4786264415495778,1.7967385708103398,1.5848382136318953,,,,,6.633568410162121,7.252478449574693,7.627115193693478,6.976297385036437,2.5627485655361726,2.669778202248998,3.001461694708052,2.7373949720497226,6.081608010797819e-08,2.4153963661988823e-07,5.680184184536213e-07,9.726008738708531e-07,0.07557937015077076,0.15686339447775266,0.32537459635109567,0.21276632006521567,0.012594148729997746,0.02758759500619929,0.0747716739633087,0.044021423491202014,4.18611250897272e-05,0.0003020902551887132,0.001269604151729584,0.0010457814347143266,0.0,0.0,0.0,0.0,0.0,0.0,0.0,0.0,,,,,2.777432922821208,2.9287803226383473,2.9804348617022787,2.8281717208497072,3.3684336413276545,3.8598708467084712,4.218957616453765,3.8319427818916147
ed_gas__hybrid,latency,4.0,20,6.0,6.0,6.0,6.0,70.0,70.0,70.0,70.0,-0.09584380603169126,-0.04083397325756612,-0.01622658498647686,-0.0700841979353655,1.340196998370227e-06,3.870232070922319e-06,1.8406954392927735e-05,3.305148504654203e-05,,,,,,,,,0.0,0.0,0.0,0.0,0.01378271349862259,0.02230639730639731,0.027089072543617997,0.021714971686562595,4.0,4.0,4.0,4.0,4.0,4.0,4.0,4.0,1260.0,1260.0,1400.0,1288.0,1188.0,1188.0,1320.0,1214.4,0.9428571428571428,0.9428571428571428,0.9428571428571428,0.9428571428571428,0.05714285714285716,0.05714285714285716,0.05714285714285716,0.05714285714285716,76032.0,76032.0,84480.0,77721.6,64.0,64.0,64.0,64.0,0.0,0.0,0.0,0.0,1188.0,1188.0,1320.0,1214.4,0.0,0.0,0.0,0.0,0.0,0.0,0.0,0.0,0.0,0.0,0.0,0.0,0.0,0.0,0.0,0.0,0.0,0.0,0.0,0.0,0.0,0.0,0.0,0.0,0.8050997024194454,0.8329648921739394,0.8450955509334221,0.8240636805662781,0.8924487985425488,0.934460192508384,0.9680080307890042,0.9191629713983158,0.5821428571428572,0.6142857142857143,0.7214285714285714,0.6642857142857141,2.938425578341739e-06,1.238484251541766e-05,3.5609496967078266e-05,0.0005486521931425178,-0.046859616763175946,-0.029309656301030246,-0.021110633654551157,-0.035730208530490984,11.0,16.0,17.25,15.35,1.0,1.0,1.0,1.0,1.3534618065453605,1.4786264415495778,1.7967385708103398,1.5848382136318953,,,,,6.633568410162121,7.252478449574693,7.627115193693478,6.976297385036437,2.5627485655361726,2.669778202248998,3.001461694708052,2.7373949720497226,1.340196998370227e-06,3.870232070922319e-06,1.8406954392927735e-05,3.305148504654203e-05,0.13279076703645187,0.23777469783731275,0.4377731780487797,0.3403036229472656,0.01622658498647686,0.04083397325756612,0.09584380603169126,0.0700841979353655,0.00013421950069929386,0.0007737547863251846,0.0027905446677169597,0.002426826060196864,0.0,0.0,0.0,0.0,0.0,0.0,0.0,0.0,,,,,2.860780583846749,2.9415991647623896,3.0,2.8841244650068454,3.357980741504727,4.028062417443566,4.253147255767747,3.911374511308536
ed_gas__hybrid,latency,8.0,20,6.0,6.0,6.0,6.0,70.0,70.0,70.0,70.0,-0.1102064476405287,-0.04750289873464526,-0.013803693258671909,-0.08387962056991247,9.267537396457962e-05,0.0003046064833259805,0.0008728200180990371,0.0012255638929162187,,,,,,,,,0.0,0.0,0.0,0.0,0.02255315249266862,0.039874551971326166,0.04973118279569892,0.038678620886282176,8.0,8.0,8.0,8.0,8.0,8.0,8.0,8.0,1260.0,1260.0,1400.0,1288.0,1116.0,1116.0,1240.0,1140.8,0.8857142857142857,0.8857142857142857,0.8857142857142857,0.8857142857142858,0.11428571428571432,0.11428571428571432,0.11428571428571432,0.11428571428571432,71424.0,71424.0,79360.0,73011.2,64.0,64.0,64.0,64.0,0.0,0.0,0.0,0.0,1116.0,1116.0,1240.0,1140.8,0.0,0.0,0.0,0.0,0.0,0.0,0.0,0.0,0.0,0.0,0.0,0.0,0.0,0.0,0.0,0.0,0.0,0.0,0.0,0.0,0.0,0.0,0.0,0.0,0.8587668057940924,0.8761476320657382,0.8907977170544751,0.8741764253105911,0.8526582065272047,0.9088483402849031,0.9457578925520471,0.8813925437092808,0.5,0.5285714285714285,0.6071428571428571,0.5599999999999999,0.0003136196918465176,0.0008734511044767668,0.002781718505693712,0.0041075419289151646,-0.04685588134124544,-0.02930796164454761,-0.021099238556786963,-0.035713172638949985,19.75,28.0,30.0,26.75,1.0,1.0,1.0,1.0,1.3534618065453605,1.4786264415495778,1.7967385708103398,1.5848382136318953,,,,,6.633568410162121,7.252478449574693,7.627115193693478,6.976297385036437,2.5627485655361726,2.669778202248998,3.001461694708052,2.7373949720497226,9.267537396457962e-05,0.0003046064833259805,0.0008728200180990371,0.0012255638929162187,0.162236600177321,0.23214982788596528,0.5149068511558492,0.4103232401821132,0.013803693258671909,0.04750289873464526,0.1102064476405287,0.08387962056991247,0.00022836658658249232,0.0007551276923078297,0.003178153927754707,0.003537273610633021,0.0,0.0,0.0,0.0,0.0,0.0,0.0,0.0,,,,,2.8858988134561394,2.964591697502076,3.0,2.906378583940308,3.414247836116929,4.04794737617773,4.396417604027283,3.9493387194551963
ed_gas__hybrid,msg_drop,0.0,20,6.0,6.0,6.0,6.0,70.0,70.0,70.0,70.0,-0.0003512775915678825,-0.0001752484709384331,-4.093256948696099e-05,-0.0005753632920548528,2.1484586538727534e-11,2.9501634595436117e-10,1.823154786137572e-09,7.637402965520545e-09,,,,,,,,,0.0,0.0,0.0,0.0,0.006205357142857143,0.007142857142857143,0.007142857142857143,0.006690025252525253,0.0,0.0,0.0,0.0,0.0,0.0,0.0,0.0,1260.0,1260.0,1400.0,1288.0,1260.0,1260.0,1400.0,1288.0,1.0,1.0,1.0,1.0,0.0,0.0,0.0,0.0,80640.0,80640.0,89600.0,82432.0,64.0,64.0,64.0,64.0,0.0,0.0,0.0,0.0,1260.0,1260.0,1400.0,1288.0,0.0,0.0,0.0,0.0,0.0,0.0,0.0,0.0,0.0,0.0,0.0,0.0,0.0,0.0,0.0,0.0,0.0,0.0,0.0,0.0,0.0,0.0,0.0,0.0,0.7349855074032322,0.7557739092012871,0.7709648737478585,0.7604448388637056,0.8430859189152063,0.9170772236446021,0.950145480263293,0.8849101773809803,0.9392857142857143,1.0,1.0,0.9678571428571431,8.58973171996045e-11,9.840829102789808e-10,4.664424087913018e-09,2.480676284490238e-08,-0.046859668638841015,-0.029309676096139475,-0.021110846068345332,-0.03573068058545732,4.0,5.0,7.0,5.25,1.0,1.0,1.0,1.0,1.3534618065453605,1.4786264415495778,1.7967385708103398,1.5848382136318953,,,,,6.633568410162121,7.252478449574693,7.627115193693478,6.976297385036437,2.5627485655361726,2.669778202248998,3.001461694708052,2.7373949720497226,2.1484586538727534e-11,2.9501634595436117e-10,1.823154786137572e-09,7.637402965520545e-09,0.000655550564581775,0.001175302917253429,0.0028977976760216073,0.003012589112553732,4.093256948696099e-05,0.0001752484709384331,0.0003512775915678825,0.0005753632920548528,3.380928358179118e-09,1.0723727999233144e-08,1.5014250930025078e-07,4.721501334717913e-07,0.0,0.0,0.0,0.0,0.0,0.0,0.0,0.0,,,,,2.583152354072346,2.882697716415584,2.960396300431195,2.6659062830846914,3.444092279984396,3.6750245598720257,4.020242549782301,3.7037199646683647
ed_gas__hybrid,msg_drop,0.1,20,6.0,6.0,6.0,6.0,70.0,70.0,70.0,70.0,-0.02067562833693704,-0.006422136995775936,0.0,-0.020640916501392857,2.1494299029459464e-11,1.6537954760594648e-10,7.118303803423253e-09,7.873492661228722e-09,,,,,,,,,0.0,0.0,0.0,0.0,0.10297619047619049,0.10723562152133581,0.11369047619047619,0.10857051381158525,0.0,0.0,0.0,0.0,0.0,0.0,0.0,0.0,1260.0,1260.0,1400.0,1288.0,1115.5,1132.5,1256.5,1156.35,0.8927380952380952,0.8988404452690166,0.9034090909090909,0.8974509637188209,0.09659090909090909,0.10115955473098331,0.10726190476190481,0.10254903628117915,71392.0,72480.0,80416.0,74006.4,64.0,64.0,64.0,64.0,0.0,0.0,0.0,0.0,1115.5,1132.5,1256.5,1156.35,0.0,0.0,0.0,0.0,0.0,0.0,0.0,0.0,126.0,131.0,144.0,131.65,0.0,0.0,0.0,0.0,0.0,0.0,0.0,0.0,0.0,0.0,0.0,0.0,0.7053708957922541,0.7457106816654144,0.781352447801008,0.7477213207030846,0.8361383193956683,0.9306124695860667,0.9745589444243166,0.9001221078248769,0.9,0.9714285714285715,1.0,0.9399999999999998,1.0734102690384906e-10,1.3892230565597309e-09,1.991503165729595e-08,2.2996754843658555e-08,-0.04685966856425793,-0.029309676095770575,-0.021110846071133907,-0.035730680582084604,4.0,4.5,7.25,5.7,1.0,1.0,1.0,1.0,1.3534618065453605,1.4786264415495778,1.7967385708103398,1.5848382136318953,,,,,6.633568410162121,7.252478449574693,7.627115193693478,6.976297385036437,2.5627485655361726,2.669778202248998,3.001461694708052,2.7373949720497226,2.1494299029459464e-11,1.6537954760594648e-10,7.118303803423253e-09,7.873492661228722e-09,0.03669297651621317,0.07761820004068509,0.18723237331446252,0.12050797075759641,0.0,0.0033728019131696384,0.01586568634876405,0.012307583168059523,1.1190910112553152e-05,6.269855146946252e-05,0.00048275894037640664,0.000274932674187816,0.0,0.0,0.0,0.008333333333333333,0.0,0.0,0.0,0.0,,,,,2.597128589173477,2.8547533472723945,2.974227826319115,2.6556437641686452,3.3919520541037507,3.6031274972046514,4.055951426540376,3.689495958904925
ed_gas__hybrid,msg_drop,0.3,20,6.0,6.0,6.0,6.0,70.0,70.0,70.0,70.0,-0.03570712596659934,-0.014602334462503154,0.0,-0.03735426793125558,1.537872703683942e-10,9.482403919996505e-10,1.970547004058174e-08,3.1425728297877386e-08,,,,,,,,,0.0,0.0,0.0,0.0,0.2990327380952381,0.3073979591836735,0.30992063492063493,0.3063503659039373,0.0,0.0,0.0,0.0,0.0,0.0,0.0,0.0,1260.0,1260.0,1400.0,1288.0,871.25,887.0,964.75,899.7,0.6950892857142856,0.6967893217893217,0.7045386904761906,0.6983231550195834,0.29546130952380945,0.3032106782106782,0.3049107142857143,0.30167684498041636,55760.0,56768.0,61744.0,57580.8,64.0,64.0,64.0,64.0,0.0,0.0,0.0,0.0,871.25,887.0,964.75,899.7,0.0,0.0,0.0,0.0,0.0,0.0,0.0,0.0,366.0,382.5,420.25,388.3,0.0,0.0,0.0,0.0,0.0,0.0,0.0,0.0,0.0,0.0,0.0,0.0,0.7309971391627085,0.7419347801898721,0.7673387182006669,0.7442011463431878,0.906363173287867,0.9740354670950622,0.9894518033300547,0.9322857630759138,0.7821428571428571,0.9,0.9321428571428572,0.8607142857142858,1.0937681282572512e-09,3.066385442184875e-09,1.0228428377343353e-07,1.0108390945359127e-07,-0.046859668498513946,-0.029309676095794615,-0.021110845996501888,-0.0357306802456241,5.0,5.5,9.25,6.9,1.0,1.0,1.0,1.0,1.3534618065453605,1.4786264415495778,1.7967385708103398,1.5848382136318953,,,,,6.633568410162121,7.252478449574693,7.627115193693478,6.976297385036437,2.5627485655361726,2.669778202248998,3.001461694708052,2.7373949720497226,1.537872703683942e-10,9.482403919996505e-10,1.970547004058174e-08,3.1425728297877386e-08,0.0763129233698201,0.1611528558021873,0.25131379319764613,0.18248886015105353,0.0,0.011896983076569296,0.03177383692064598,0.020687601264588913,5.1257887391832624e-05,0.0002231630632603024,0.0005707105207539776,0.000660886523570488,0.0,0.0,0.0,0.016666666666666666,0.0,0.0,0.0,0.0,,,,,2.6187947885452805,2.914762183039601,2.9762864973718974,2.6331399721261475,3.427199990147426,3.618908090731989,3.968421863731281,3.6809574142519423
ed_gas__hybrid,msg_drop,0.5,20,6.0,6.0,6.0,6.0,70.0,70.0,70.0,70.0,-0.01997064385154939,0.0,0.0,-0.06001070374343509,3.8543214229822986e-08,1.4418993846897624e-07,4.630922772899043e-07,9.221574727710608e-07,,,,,,,,,0.0,0.0,0.0,0.0,0.4986111111111111,0.5031746031746032,0.5113715277777777,0.5041467287672645,0.0,0.0,0.0,0.0,0.0,0.0,0.0,0.0,1260.0,1260.0,1400.0,1288.0,615.25,633.0,697.25,643.6,0.4918650793650794,0.5003968253968254,0.5049603174603174,0.4992764120799835,0.49503968253968256,0.4996031746031746,0.5081349206349206,0.5007235879200165,39376.0,40512.0,44624.0,41190.4,64.0,64.0,64.0,64.0,0.0,0.0,0.0,0.0,615.25,633.0,697.25,643.6,0.0,0.0,0.0,0.0,0.0,0.0,0.0,0.0,616.75,634.5,687.75,644.4,0.0,0.0,0.0,0.0,0.0,0.0,0.0,0.0,0.0,0.0,0.0,0.0,0.7908226217116238,0.804935180225449,0.8345083680095805,0.8034469570804132,0.9227915707032095,0.9608168923157119,0.9862557553839653,0.9366533425088617,0.7,0.7714285714285715,0.8607142857142857,0.7807142857142858,9.101771695527969e-08,5.898006766317382e-07,1.500357918261272e-06,3.6394610479060795e-06,-0.0468596676871938,-0.02930967394300992,-0.021110842018728992,-0.0357306675208849,6.0,8.0,12.25,9.55,1.0,1.0,1.0,1.0,1.3534618065453605,1.4786264415495778,1.7967385708103398,1.5848382136318953,,,,,6.633568410162121,7.252478449574693,7.627115193693478,6.976297385036437,2.5627485655361726,2.669778202248998,3.001461694708052,2.7373949720497226,3.8543214229822986e-08,1.4418993846897624e-07,4.630922772899043e-07,9.221574727710608e-07,0.12042984488801989,0.19832984382905616,0.36843819724420657,0.3098358464583077,0.0,0.0,0.002551993387965868,0.018344037076768415,0.00013469667856146547,0.0004616802836654241,0.001741453180191793,0.002705730300160363,0.0,0.0,0.0,0.04166666666666667,0.0,0.0,0.0,0.0,,,,,2.541211027371518,2.833898924836797,2.9340313882323277,2.543188587328791,3.3177291502583888,3.605355551684297,3.855295909342888,3.6102919035521976
ed_gas__hybrid,msg_drop,0.7,20,6.0,6.0,6.0,6.0,70.0,70.0,70.0,70.0,-0.12374292355728636,-0.06479854963525823,0.0,-0.08602774883684108,4.87891393310193e-07,2.873637377761521e-06,2.4179459754337052e-05,7.504125537152254e-05,,,,,,,,,0.0,0.0,0.0,0.0,0.6939303751803751,0.6998412698412698,0.7025081168831169,0.6987504380540095,0.0,0.0,0.0,0.0,0.0,0.0,0.0,0.0,1260.0,1260.0,1400.0,1288.0,371.0,385.0,417.0,391.1,0.29946428571428574,0.3026190476190476,0.3087121212121212,0.30358105287569576,0.6912878787878787,0.6973809523809523,0.7005357142857143,0.6964189471243043,23744.0,24640.0,26688.0,25030.4,64.0,64.0,64.0,64.0,0.0,0.0,0.0,0.0,371.0,385.0,417.0,391.1,0.0,0.0,0.0,0.0,0.0,0.0,0.0,0.0,860.25,880.0,977.75,896.9,0.0,0.0,0.0,0.0,0.0,0.0,0.0,0.0,0.0,0.0,0.0,0.0,0.8087619376488293,0.8407981899137272,0.8810545262958631,0.8329213441064057,0.935172158455756,0.9587915829806157,0.966826915792001,0.9326424211826604,0.6428571428571429,0.7071428571428571,0.7428571428571429,0.6957142857142857,1.8757969739158527e-06,1.0433596480866923e-05,9.314872139779161e-05,0.00010084382478865333,-0.04685966382000063,-0.029309232018224947,-0.021110773520129994,-0.0357296086766292,9.5,12.5,18.25,13.8,1.0,1.0,1.0,1.0,1.3534618065453605,1.4786264415495778,1.7967385708103398,1.5848382136318953,,,,,6.633568410162121,7.252478449574693,7.627115193693478,6.976297385036437,2.5627485655361726,2.669778202248998,3.001461694708052,2.7373949720497226,4.87891393310193e-07,2.873637377761521e-06,2.4179459754337052e-05,7.504125537152254e-05,0.2788312290484276,0.3256683510559406,0.4810475517241579,0.4059787664909124,0.0,0.021092140370116398,0.0982326882594495,0.056861082170174417,0.0008352850233039995,0.0013426940764672737,0.0023856586601123412,0.0023078641054019126,0.0,0.0,0.0,0.029166666666666667,0.0,0.0,0.0,0.0,,,,,2.6034145921498886,2.8516273015904527,3.0,2.6199189619653587,3.288133817360579,3.785397061952381,4.178553056483769,3.8105701206269016
ed_gas__hybrid,msg_drop,1.0,20,6.0,6.0,6.0,6.0,70.0,70.0,70.0,70.0,-0.08208888522535136,-0.0527896838005538,-0.033264580261175354,-0.07079492308906928,1.4777592250532785,2.0516773267472788,3.28017680933905,2.501147648619415,,,,,,,,,0.0,0.0,0.0,0.0,1.0,1.0,1.0,1.0,0.0,0.0,0.0,0.0,0.0,0.0,0.0,0.0,1260.0,1260.0,1400.0,1288.0,0.0,0.0,0.0,0.0,0.0,0.0,0.0,0.0,1.0,1.0,1.0,1.0,0.0,0.0,0.0,0.0,0.0,0.0,0.0,0.0,0.0,0.0,0.0,0.0,0.0,0.0,0.0,0.0,0.0,0.0,0.0,0.0,0.0,0.0,0.0,0.0,1260.0,1260.0,1400.0,1288.0,0.0,0.0,0.0,0.0,0.0,0.0,0.0,0.0,0.0,0.0,0.0,0.0,1.0,1.0,1.0,1.0,0.0,0.0,0.0,0.0,1.0,1.0,1.0,1.0,1.4777592250532783,2.0516773267472788,3.28017680933905,2.5011476486194155,0.0,0.0,0.0,0.0,,,,,0.0,0.0,0.0,0.0,1.3534618065453605,1.4786264415495778,1.7967385708103398,1.5848382136318953,,,,,6.633568410162121,7.252478449574693,7.627115193693478,6.976297385036437,2.5627485655361726,2.669778202248998,3.001461694708052,2.7373949720497226,1.4777592250532785,2.0516773267472788,3.28017680933905,2.501147648619415,0.0,8.881784197001252e-16,0.07085066072253832,0.047785789088784635,0.033264580261175354,0.0527896838005538,0.08208888522535136,0.07079492308906928,0.04528891401304944,0.0645932749305612,0.09231496628187184,0.0801422891916268,0.0,0.0,0.0,0.0,0.0,0.0,0.0,0.0,,,,,2.848098079311506,2.9252027488181707,2.970463811228799,2.9034315366296566,3.0672584871200446,3.086233255462111,3.102059630198371,3.09446816491898
ed_gas__mean,bandwidth,0.0,20,6.0,6.0,6.0,6.0,70.0,70.0,70.0,70.0,-0.0003512775915678825,-0.0001752484709384331,-4.093256948696099e-05,-0.0005753632920548528,2.1484586538727534e-11,2.9501634595436117e-10,1.823154786137572e-09,7.637402965520545e-09,,,,,,,,,0.0,0.0,0.0,0.0,0.006205357142857143,0.007142857142857143,0.007142857142857143,0.006690025252525253,0.0,0.0,0.0,0.0,0.0,0.0,0.0,0.0,1260.0,1260.0,1400.0,1288.0,1260.0,1260.0,1400.0,1288.0,1.0,1.0,1.0,1.0,0.0,0.0,0.0,0.0,80640.0,80640.0,89600.0,82432.0,64.0,64.0,64.0,64.0,0.0,0.0,0.0,0.0,1260.0,1260.0,1400.0,1288.0,0.0,0.0,0.0,0.0,0.0,0.0,0.0,0.0,0.0,0.0,0.0,0.0,0.0,0.0,0.0,0.0,0.0,0.0,0.0,0.0,0.0,0.0,0.0,0.0,0.7349855074032322,0.7557739092012871,0.7709648737478585,0.7604448388637056,0.8430859189152063,0.9170772236446021,0.950145480263293,0.8849101773809803,0.9392857142857143,1.0,1.0,0.9678571428571431,8.58973171996045e-11,9.840829102789808e-10,4.664424087913018e-09,2.480676284490238e-08,-0.046859668638841015,-0.029309676096139475,-0.021110846068345332,-0.03573068058545732,4.0,5.0,7.0,5.25,1.0,1.0,1.0,1.0,1.3534618065453605,1.4786264415495778,1.7967385708103398,1.5848382136318953,,,,,6.633568410162121,7.252478449574693,7.627115193693478,6.976297385036437,2.5627485655361726,2.669778202248998,3.001461694708052,2.7373949720497226,2.1484586538727534e-11,2.9501634595436117e-10,1.823154786137572e-09,7.637402965520545e-09,0.000655550564581775,0.001175302917253429,0.0028977976760216073,0.003012589112553732,4.093256948696099e-05,0.0001752484709384331,0.0003512775915678825,0.0005753632920548528,3.380928358179118e-09,1.0723727999233144e-08,1.5014250930025078e-07,4.721501334717913e-07,0.0,0.0,0.0,0.0,0.0,0.0,0.0,0.0,,,,,2.583152354072346,2.882697716415584,2.960396300431195,2.6659062830846914,3.444092279984396,3.6750245598720257,4.020242549782301,3.7037199646683647
ed_gas__mean,bandwidth,1.0,20,6.0,6.0,6.0,6.0,70.0,70.0,70.0,70.0,-1.0,-0.34470108399567273,-0.027461185270868264,-0.44051495928219947,0.04366607142836519,0.08110374141909191,0.14019186969464442,0.10345401576103759,,,,,,,,,0.20960139881755463,0.22608524053799356,0.2418067028804972,0.2270612356088217,0.0,0.0,0.0,0.0,0.0,0.0,0.0,0.0,0.0,0.0,0.0,0.0,1260.0,1260.0,1400.0,1288.0,1260.0,1260.0,1400.0,1288.0,1.0,1.0,1.0,1.0,0.0,0.0,0.0,0.0,2520.0,2520.0,2800.0,2576.0,2.0,2.0,2.0,2.0,0.0,0.0,0.0,0.0,1260.0,1260.0,1400.0,1288.0,0.0,0.0,0.0,0.0,0.0,0.0,0.0,0.0,0.0,0.0,0.0,0.0,0.0,0.0,0.0,0.0,0.0,0.0,0.0,0.0,0.0,0.0,0.0,0.0,0.24626632287149225,0.2792466264988176,0.3520135825396081,0.29822373725571577,0.9298093616530183,0.9505464308069644,0.9694736837951105,0.9365025358216258,0.1392857142857143,0.2785714285714286,0.4142857142857143,0.3221428571428571,0.04366607142057617,0.08110374026528705,0.14019186789854704,0.1034537476736759,-0.04649779421768457,-0.028151051218874776,-0.01866687268520468,-0.03425276618369111,3.0,3.0,4.0,3.5294117647058822,1.0,1.0,1.0,0.85,1.3534618065453605,1.4786264415495778,1.7967385708103398,1.5848382136318953,,,,,6.633568410162121,7.252478449574693,7.627115193693478,6.976297385036437,2.5627485655361726,2.669778202248998,3.001461694708052,2.7373949720497226,0.04366607142836519,0.08110374141909191,0.14019186969464442,0.10345401576103759,0.6574239078524611,1.2660686814608098,2.1143211014042675,1.5722116807742268,0.0,0.0,0.009153728423622755,0.057181625948866166,0.007168722754903233,0.025926774944645514,0.047973094762343106,0.036775510931007074,0.0,0.16666666666666666,1.0,0.38333333333333336,0.0,0.0,1.0,0.3,,,,,1.4300766727390786,2.329240416638333,2.959090158452307,2.0564139063743645,3.011282642573372,3.3265991601180263,4.488144478948543,3.8310630279589772
ed_gas__mean,bandwidth,2.0,20,6.0,6.0,6.0,6.0,70.0,70.0,70.0,70.0,-0.45797535449768834,-0.3576667063551541,-0.12297661880364998,-0.3563996923076186,0.004851785714285684,0.009115197466922782,0.021500975133057584,0.1948024607252829,,,,,,,,,0.027578480576148715,0.030322398592399682,0.033710693951027,0.05338193366591113,0.0,0.0,0.0,0.0,0.0,0.0,0.0,0.0,0.0,0.0,0.0,0.0,1260.0,1260.0,1400.0,1288.0,1260.0,1260.0,1400.0,1288.0,1.0,1.0,1.0,1.0,0.0,0.0,0.0,0.0,5040.0,5040.0,5600.0,5152.0,4.0,4.0,4.0,4.0,0.0,0.0,0.0,0.0,1260.0,1260.0,1400.0,1288.0,0.0,0.0,0.0,0.0,0.0,0.0,0.0,0.0,0.0,0.0,0.0,0.0,0.0,0.0,0.0,0.0,0.0,0.0,0.0,0.0,0.0,0.0,0.0,0.0,0.28787416728541954,0.3387165579791922,0.4493858006368673,0.41211821483196126,0.8831413875191222,0.9459846255985381,0.9691060129639341,0.840246225978871,0.3928571428571429,0.48571428571428565,0.6178571428571429,0.49642857142857144,0.004851785714282358,0.009115197444510035,0.021500974692276454,0.1950686077200446,-0.04681946042849256,-0.027719135713928842,-0.018421317422567314,-0.03294778839848761,3.0,4.0,4.0,3.933333333333333,0.75,1.0,1.0,0.75,1.3534618065453605,1.4786264415495778,1.7967385708103398,1.5848382136318953,,,,,6.633568410162121,7.252478449574693,7.627115193693478,6.976297385036437,2.5627485655361726,2.669778202248998,3.001461694708052,2.7373949720497226,0.004851785714285684,0.009115197466922782,0.021500975133057584,0.1948024607252829,0.671731792329338,1.4958248587223517,1.9167949484845237,1.4523658081934063,0.07388198160762321,0.31993284554349377,0.41728201897365247,0.30639969230761854,0.009685231140931057,0.02920832952101261,0.04413809264713826,0.036154054640034225,0.0,0.0,0.0,0.05,0.0,0.0,0.0,0.05,,,,,3.0,3.0,3.0,2.9575713275883664,4.236616572609032,4.620005909320411,5.643880839327689,4.949280973179751
ed_gas__mean,bandwidth,3.0,20,6.0,6.0,6.0,6.0,70.0,70.0,70.0,70.0,-0.31964795544695257,-0.2237055941655255,-0.0698302310661403,-0.23056457429181348,0.0014808525018494669,0.00201572924827592,0.0045494656068459,0.03801860276921728,,,,,,,,,0.007200778238523008,0.00850043020693123,0.01340553179244427,0.017643272952762606,0.0,0.0,0.0,0.0,0.0,0.0,0.0,0.0,0.0,0.0,0.0,0.0,1260.0,1260.0,1400.0,1288.0,1260.0,1260.0,1400.0,1288.0,1.0,1.0,1.0,1.0,0.0,0.0,0.0,0.0,7560.0,7560.0,8400.0,7728.0,6.0,6.0,6.0,6.0,0.0,0.0,0.0,0.0,1260.0,1260.0,1400.0,1288.0,0.0,0.0,0.0,0.0,0.0,0.0,0.0,0.0,0.0,0.0,0.0,0.0,0.0,0.0,0.0,0.0,0.0,0.0,0.0,0.0,0.0,0.0,0.0,0.0,0.3071599318073512,0.44568477314793836,0.9681542595919536,0.5575796752657516,0.26351819454508874,0.9175790615944143,0.9537278093299633,0.697160846692935,0.45357142857142857,0.5714285714285714,0.8,0.6064285714285714,0.0014808525015092924,0.0020157292428551517,0.004549399081442615,0.039238295302103085,-0.0468479214784027,-0.028897542423074404,-0.021095370718420027,-0.035187557797859974,3.0,4.0,5.0,4.764705882352941,1.0,1.0,1.0,0.85,1.3534618065453605,1.4786264415495778,1.7967385708103398,1.5848382136318953,,,,,6.633568410162121,7.252478449574693,7.627115193693478,6.976297385036437,2.5627485655361726,2.669778202248998,3.001461694708052,2.7373949720497226,0.0014808525018494669,0.00201572924827592,0.0045494656068459,0.03801860276921728,0.35225855510722437,0.9395149645458218,1.1816951676789476,0.9154791149095411,0.017722675235752584,0.18212420838022064,0.2658546294054063,0.15973124095848015,0.0013619705365929802,0.01238046195272129,0.018743472034009948,0.014051139371849344,0.0,0.0,0.0,0.07083333333333333,0.0,0.0,0.0,0.05,,,,,2.9882479001489477,3.0,3.0,2.823403532655382,3.8508055654269904,4.1765165653365095,4.652398539733763,4.309962324490687
ed_gas__mean,bandwidth,4.0,20,6.0,6.0,6.0,6.0,70.0,70.0,70.0,70.0,-0.18266949745474043,-0.01664412935563202,0.0,-0.1382258709384726,0.0003190668930369147,0.000438980553980261,0.0011122475904461863,0.0106278711384236,,,,,,,,,0.0022431562890170356,0.003309762825061248,0.004392137004923514,0.0048551086973382404,0.0,0.0,0.0,0.0,0.0,0.0,0.0,0.0,0.0,0.0,0.0,0.0,1260.0,1260.0,1400.0,1288.0,1260.0,1260.0,1400.0,1288.0,1.0,1.0,1.0,1.0,0.0,0.0,0.0,0.0,10080.0,10080.0,11200.0,10304.0,8.0,8.0,8.0,8.0,0.0,0.0,0.0,0.0,1260.0,1260.0,1400.0,1288.0,0.0,0.0,0.0,0.0,0.0,0.0,0.0,0.0,0.0,0.0,0.0,0.0,0.0,0.0,0.0,0.0,0.0,0.0,0.0,0.0,0.0,0.0,0.0,0.0,0.3957807569006978,0.5347311424827559,0.9500553365280229,0.6078087934316542,0.38716456273626537,0.8695960961484761,0.9541541128113442,0.7137042740583055,0.5535714285714286,0.6785714285714286,0.9785714285714285,0.7328571428571429,0.00031906688292453433,0.00043897746289643864,0.0011122735141452108,0.010880543480593344,-0.04685806037378952,-0.02930452665248172,-0.0211074758840355,-0.03557885396401417,4.0,5.0,5.0,4.352941176470588,1.0,1.0,1.0,0.85,1.3534618065453605,1.4786264415495778,1.7967385708103398,1.5848382136318953,,,,,6.633568410162121,7.252478449574693,7.627115193693478,6.976297385036437,2.5627485655361726,2.669778202248998,3.001461694708052,2.7373949720497226,0.0003190668930369147,0.000438980553980261,0.0011122475904461863,0.0106278711384236,0.1519219272143335,0.47815568955817955,0.9425310988127293,0.656116716711788,0.0,0.0,0.1406395970282065,0.07155920427180594,0.00022902062131925437,0.0025309387423657972,0.009968048111820182,0.007325674343006667,0.0,0.0,0.0,0.06666666666666667,0.0,0.0,0.0,0.05,,,,,2.3954334208642223,2.880729710114629,3.0,2.6268946303363174,3.1812265893262808,3.9957320512304126,4.320488459277444,3.94901200962548
ed_gas__mean,bandwidth,8.0,20,6.0,6.0,6.0,6.0,70.0,70.0,70.0,70.0,-0.03594514512665205,-0.014077837797126909,0.0,-0.07274271170178445,3.4679561692853275e-06,1.0203688490826773e-05,4.976783008454893e-05,0.0002971990094269766,,,,,,,,,0.00018952569118304516,0.0006972415906052278,0.0019905051746443537,0.001693266242252608,0.0,0.0,0.0,0.0,0.0,0.0,0.0,0.0,0.0,0.0,0.0,0.0,1260.0,1260.0,1400.0,1288.0,1260.0,1260.0,1400.0,1288.0,1.0,1.0,1.0,1.0,0.0,0.0,0.0,0.0,20160.0,20160.0,22400.0,20608.0,16.0,16.0,16.0,16.0,0.0,0.0,0.0,0.0,1260.0,1260.0,1400.0,1288.0,0.0,0.0,0.0,0.0,0.0,0.0,0.0,0.0,0.0,0.0,0.0,0.0,0.0,0.0,0.0,0.0,0.0,0.0,0.0,0.0,0.0,0.0,0.0,0.0,0.5057895805197016,0.6542325589962341,0.8987590845267125,0.6772280782562581,0.5518584278110987,0.8987814493378128,0.9603970675315097,0.75807465705373,0.5678571428571428,0.8142857142857143,0.9892857142857143,0.7621428571428572,3.0490175304667683e-06,1.3840607668626762e-05,4.976749318878125e-05,0.00029833234232845785,-0.04685961861840936,-0.029307893852266956,-0.021110834410638747,-0.03572643499442841,3.75,5.0,7.0,5.15,1.0,1.0,1.0,1.0,1.3534618065453605,1.4786264415495778,1.7967385708103398,1.5848382136318953,,,,,6.633568410162121,7.252478449574693,7.627115193693478,6.976297385036437,2.5627485655361726,2.669778202248998,3.001461694708052,2.7373949720497226,3.4679561692853275e-06,1.0203688490826773e-05,4.976783008454893e-05,0.0002971990094269766,0.07229417856479214,0.1418288990989831,0.23481738835475463,0.3321307828108483,0.0,0.00965784273878622,0.028722035869297176,0.022742711701784456,4.6501796159049774e-05,0.00019925352522954045,0.000761100674323413,0.0038950722709455918,0.0,0.0,0.0,0.05,0.0,0.0,0.0,0.05,,,,,2.400271430339475,2.8451038899966323,2.983782142192453,2.655574356973353,3.320329994627617,3.8140968977715217,4.097424878889132,3.769290816670782
ed_gas__mean,byzantine,0.0,20,6.0,6.0,6.0,6.0,70.0,70.0,70.0,70.0,-0.0003512775915678825,-0.0001752484709384331,-4.093256948696099e-05,-0.0005753632920548528,2.1484586538727534e-11,2.9501634595436117e-10,1.823154786137572e-09,7.637402965520545e-09,,,,,,,,,0.0,0.0,0.0,0.0,0.006205357142857143,0.007142857142857143,0.007142857142857143,0.006690025252525253,0.0,0.0,0.0,0.0,0.0,0.0,0.0,0.0,1260.0,1260.0,1400.0,1288.0,1260.0,1260.0,1400.0,1288.0,1.0,1.0,1.0,1.0,0.0,0.0,0.0,0.0,80640.0,80640.0,89600.0,82432.0,64.0,64.0,64.0,64.0,0.0,0.0,0.0,0.0,1260.0,1260.0,1400.0,1288.0,0.0,0.0,0.0,0.0,0.0,0.0,0.0,0.0,0.0,0.0,0.0,0.0,0.0,0.0,0.0,0.0,0.0,0.0,0.0,0.0,0.0,0.0,0.0,0.0,0.7349855074032322,0.7557739092012871,0.7709648737478585,0.7604448388637056,0.8430859189152063,0.9170772236446021,0.950145480263293,0.8849101773809803,0.9392857142857143,1.0,1.0,0.9678571428571431,8.58973171996045e-11,9.840829102789808e-10,4.664424087913018e-09,2.480676284490238e-08,-0.046859668638841015,-0.029309676096139475,-0.021110846068345332,-0.03573068058545732,4.0,5.0,7.0,5.25,1.0,1.0,1.0,1.0,1.3534618065453605,1.4786264415495778,1.7967385708103398,1.5848382136318953,,,,,6.633568410162121,7.252478449574693,7.627115193693478,6.976297385036437,2.5627485655361726,2.669778202248998,3.001461694708052,2.7373949720497226,2.1484586538727534e-11,2.9501634595436117e-10,1.823154786137572e-09,7.637402965520545e-09,0.000655550564581775,0.001175302917253429,0.0028977976760216073,0.003012589112553732,4.093256948696099e-05,0.0001752484709384331,0.0003512775915678825,0.0005753632920548528,3.380928358179118e-09,1.0723727999233144e-08,1.5014250930025078e-07,4.721501334717913e-07,0.0,0.0,0.0,0.0,0.0,0.0,0.0,0.0,,,,,2.583152354072346,2.882697716415584,2.960396300431195,2.6659062830846914,3.444092279984396,3.6750245598720257,4.020242549782301,3.7037199646683647
ed_gas__mean,byzantine,0.1,20,6.0,6.0,6.0,6.0,70.0,70.0,70.0,70.0,-1.0,-1.0,-1.0,-1.0,0.11862841461728513,0.3766747319040914,0.7356677180834901,0.7831080775214538,,,,,,,,,0.0,0.0,0.0,0.0,0.005158730158730159,0.005537518037518037,0.005952380952380952,0.005506487064522779,0.0,0.0,0.0,0.0,0.0,0.0,0.0,0.0,1260.0,1260.0,1400.0,1288.0,1260.0,1260.0,1400.0,1288.0,1.0,1.0,1.0,1.0,0.0,0.0,0.0,0.0,80640.0,80640.0,89600.0,82432.0,64.0,64.0,64.0,64.0,0.0,0.0,0.0,0.0,1260.0,1260.0,1400.0,1288.0,0.0,0.0,0.0,0.0,0.0,0.0,0.0,0.0,0.0,0.0,0.0,0.0,0.0,0.0,0.0,0.0,0.0,0.0,0.0,0.0,0.0,0.0,0.0,0.0,0.9221172527851681,0.9537536687591791,0.9830919864184912,0.9352753888255982,0.05307778845659028,0.09843431998879282,0.180747778306365,0.14006522961231022,0.5357142857142857,0.5571428571428572,0.5714285714285714,0.5499999999999999,0.6229798056571956,0.9446629417485586,1.2461500740293312,1.0325731424059805,-0.044786992267643023,-0.021545896637511084,-0.007963538606297336,-0.024543422444256606,9.0,22.0,36.75,25.0625,1.0,1.0,1.0,0.8,1.3534618065453605,1.4786264415495778,1.7967385708103398,1.5848382136318953,,,,,6.633568410162121,7.252478449574693,7.627115193693478,6.976297385036437,2.5627485655361726,2.669778202248998,3.001461694708052,2.7373949720497226,0.11862841461728513,0.3766747319040914,0.7356677180834901,0.7831080775214538,6.294930236505765,6.929419403758054,7.407988985628287,6.7518273683932675,0.0,0.0,0.0,0.0,0.3818261352845145,0.4292702424039666,0.45677561009414247,0.4281096632994374,1.0,1.0,1.0,1.0,1.0,1.0,1.0,1.0,,,,,,,,,,,,
ed_gas__mean,byzantine,0.25,20,6.0,6.0,6.0,6.0,70.0,70.0,70.0,70.0,-1.0,-1.0,-1.0,-1.0,0.6290984945308146,1.4991733847032744,2.241757272557428,2.3132950415567026,,,,,,,,,0.0,0.0,0.0,0.0,0.0035714285714285713,0.00450487012987013,0.004761904761904762,0.0042802321686250255,0.0,0.0,0.0,0.0,0.0,0.0,0.0,0.0,1260.0,1260.0,1400.0,1288.0,1260.0,1260.0,1400.0,1288.0,1.0,1.0,1.0,1.0,0.0,0.0,0.0,0.0,80640.0,80640.0,89600.0,82432.0,64.0,64.0,64.0,64.0,0.0,0.0,0.0,0.0,1260.0,1260.0,1400.0,1288.0,0.0,0.0,0.0,0.0,0.0,0.0,0.0,0.0,0.0,0.0,0.0,0.0,0.0,0.0,0.0,0.0,0.0,0.0,0.0,0.0,0.0,0.0,0.0,0.0,0.953025471575963,0.972186254771169,0.9790249953164522,0.9395259604861824,0.07034606641868435,0.10381909311697618,0.21599743220258322,0.15412150676570185,0.5,0.5285714285714286,0.5464285714285714,0.5285714285714286,1.0391077237599717,1.2528797871366915,1.8338376733018371,1.553250638956439,-0.02485250871836993,-0.008943544193711928,0.01046606183411057,-0.002683608672324452,18.75,39.0,57.25,37.5,0.0,0.0,1.0,0.4,1.3534618065453605,1.4786264415495778,1.7967385708103398,1.5848382136318953,,,,,6.633568410162121,7.252478449574693,7.627115193693478,6.976297385036437,2.5627485655361726,2.669778202248998,3.001461694708052,2.7373949720497226,0.6290984945308146,1.4991733847032744,2.241757272557428,2.3132950415567026,6.36400953219053,6.965198367226723,7.37971570257569,6.714203885515777,0.0,0.0,0.0,0.0,0.3811383863908041,0.4330016664610674,0.4834289985923268,0.42558577946138926,1.0,1.0,1.0,1.0,1.0,1.0,1.0,1.0,,,,,,,,,,,,
ed_gas__mean,byzantine,0.5,20,6.0,6.0,6.0,6.0,70.0,70.0,70.0,70.0,-1.0,-1.0,-1.0,-1.0,0.515670916509832,1.6528089415752025,2.940380466180699,2.5219649534111808,,,,,,,,,0.0,0.0,0.0,0.0,0.0026339285714285714,0.0031498015873015874,0.0035714285714285713,0.00303108250876108,0.0,0.0,0.0,0.0,0.0,0.0,0.0,0.0,1260.0,1260.0,1400.0,1288.0,1260.0,1260.0,1400.0,1288.0,1.0,1.0,1.0,1.0,0.0,0.0,0.0,0.0,80640.0,80640.0,89600.0,82432.0,64.0,64.0,64.0,64.0,0.0,0.0,0.0,0.0,1260.0,1260.0,1400.0,1288.0,0.0,0.0,0.0,0.0,0.0,0.0,0.0,0.0,0.0,0.0,0.0,0.0,0.0,0.0,0.0,0.0,0.0,0.0,0.0,0.0,0.0,0.0,0.0,0.0,0.9549107266319322,0.9772138532510914,0.9895437358349306,0.9613731571623101,0.03522514411700087,0.08036563490054854,0.17528363757004525,0.12148536485201991,0.5142857142857142,0.5285714285714286,0.5464285714285714,0.5214285714285714,1.452777811071686,2.000686843629361,2.515340141388651,2.0715046326355107,-0.030454138411139954,-0.014547710253067333,0.0157098486181901,0.00029739006845380526,36.5,47.0,57.5,47.0,0.0,0.0,0.0,0.1,1.3534618065453605,1.4786264415495778,1.7967385708103398,1.5848382136318953,,,,,6.633568410162121,7.252478449574693,7.627115193693478,6.976297385036437,2.5627485655361726,2.669778202248998,3.001461694708052,2.7373949720497226,0.515670916509832,1.6528089415752025,2.940380466180699,2.5219649534111808,6.068810877299784,6.831697896378497,7.415153992336117,6.532000974976491,0.0,0.0,0.0,0.0,0.34287796704439916,0.4113554093422227,0.47481576579223667,0.40285115289777484,1.0,1.0,1.0,1.0,1.0,1.0,1.0,1.0,,,,,,,,,,,,
ed_gas__mean,latency,0.0,20,6.0,6.0,6.0,6.0,70.0,70.0,70.0,70.0,-0.0003512775915678825,-0.0001752484709384331,-4.093256948696099e-05,-0.0005753632920548528,2.1484586538727534e-11,2.9501634595436117e-10,1.823154786137572e-09,7.637402965520545e-09,,,,,,,,,0.0,0.0,0.0,0.0,0.006205357142857143,0.007142857142857143,0.007142857142857143,0.006690025252525253,0.0,0.0,0.0,0.0,0.0,0.0,0.0,0.0,1260.0,1260.0,1400.0,1288.0,1260.0,1260.0,1400.0,1288.0,1.0,1.0,1.0,1.0,0.0,0.0,0.0,0.0,80640.0,80640.0,89600.0,82432.0,64.0,64.0,64.0,64.0,0.0,0.0,0.0,0.0,1260.0,1260.0,1400.0,1288.0,0.0,0.0,0.0,0.0,0.0,0.0,0.0,0.0,0.0,0.0,0.0,0.0,0.0,0.0,0.0,0.0,0.0,0.0,0.0,0.0,0.0,0.0,0.0,0.0,0.7349855074032322,0.7557739092012871,0.7709648737478585,0.7604448388637056,0.8430859189152063,0.9170772236446021,0.950145480263293,0.8849101773809803,0.9392857142857143,1.0,1.0,0.9678571428571431,8.58973171996045e-11,9.840829102789808e-10,4.664424087913018e-09,2.480676284490238e-08,-0.046859668638841015,-0.029309676096139475,-0.021110846068345332,-0.03573068058545732,4.0,5.0,7.0,5.25,1.0,1.0,1.0,1.0,1.3534618065453605,1.4786264415495778,1.7967385708103398,1.5848382136318953,,,,,6.633568410162121,7.252478449574693,7.627115193693478,6.976297385036437,2.5627485655361726,2.669778202248998,3.001461694708052,2.7373949720497226,2.1484586538727534e-11,2.9501634595436117e-10,1.823154786137572e-09,7.637402965520545e-09,0.000655550564581775,0.001175302917253429,0.0028977976760216073,0.003012589112553732,4.093256948696099e-05,0.0001752484709384331,0.0003512775915678825,0.0005753632920548528,3.380928358179118e-09,1.0723727999233144e-08,1.5014250930025078e-07,4.721501334717913e-07,0.0,0.0,0.0,0.0,0.0,0.0,0.0,0.0,,,,,2.583152354072346,2.882697716415584,2.960396300431195,2.6659062830846914,3.444092279984396,3.6750245598720257,4.020242549782301,3.7037199646683647
ed_gas__mean,latency,1.0,20,6.0,6.0,6.0,6.0,70.0,70.0,70.0,70.0,-0.03250743463139767,-0.010060711574905252,-0.005808995472033546,-0.021171567169170145,1.1866376631547268e-08,3.013203031574476e-08,9.332953012119838e-08,1.1159723217894833e-06,,,,,,,,,0.0,0.0,0.0,0.0,0.008031400966183575,0.010466988727858293,0.011912604303908652,0.010282947225882008,1.0,1.0,1.0,1.0,1.0,1.0,1.0,1.0,1260.0,1260.0,1400.0,1288.0,1242.0,1242.0,1380.0,1269.6,0.9857142857142858,0.9857142857142858,0.9857142857142858,0.9857142857142861,0.014285714285714235,0.014285714285714235,0.014285714285714235,0.014285714285714235,79488.0,79488.0,88320.0,81254.4,64.0,64.0,64.0,64.0,0.0,0.0,0.0,0.0,1242.0,1242.0,1380.0,1269.6,0.0,0.0,0.0,0.0,0.0,0.0,0.0,0.0,0.0,0.0,0.0,0.0,0.0,0.0,0.0,0.0,0.0,0.0,0.0,0.0,0.0,0.0,0.0,0.0,0.770413143740755,0.7887175131136767,0.8177102708813784,0.7879192372817394,0.758762787276091,0.8804156741275395,0.9804471365633806,0.8492565484114587,0.6642857142857143,0.7857142857142858,0.975,0.7964285714285714,1.69279857492954e-08,5.757674260485374e-08,1.374119876942757e-07,9.45302171982426e-07,-0.04685966771282405,-0.02930967444310388,-0.021110845828363763,-0.035730664752101335,6.0,7.0,9.25,7.3,1.0,1.0,1.0,1.0,1.3534618065453605,1.4786264415495778,1.7967385708103398,1.5848382136318953,,,,,6.633568410162121,7.252478449574693,7.627115193693478,6.976297385036437,2.5627485655361726,2.669778202248998,3.001461694708052,2.7373949720497226,1.1866376631547268e-08,3.013203031574476e-08,9.332953012119838e-08,1.1159723217894833e-06,0.033674695587312176,0.05887695965216766,0.15842641752242836,0.10184035732044298,0.005808995472033546,0.010060711574905252,0.03250743463139767,0.021171567169170145,8.815736995945815e-06,5.5079539778872545e-05,0.00020791439755026098,0.00027477269488148385,0.0,0.0,0.0,0.0,0.0,0.0,0.0,0.0,,,,,2.6049422926247234,2.902765099051687,2.956177835103899,2.7560371184190715,3.4023501913520864,3.7541163938740585,4.156722875790282,3.766598055275697
ed_gas__mean,latency,2.0,20,6.0,6.0,6.0,6.0,70.0,70.0,70.0,70.0,-0.0747716739633087,-0.02758759500619929,-0.012594148729997746,-0.044021423491202014,6.081608010797819e-08,2.4153963661988823e-07,5.680184184536213e-07,9.726008738708531e-07,,,,,,,,,0.0,0.0,0.0,0.0,0.00978442513368984,0.014297385620915032,0.016822638146167558,0.013981543374925728,2.0,2.0,2.0,2.0,2.0,2.0,2.0,2.0,1260.0,1260.0,1400.0,1288.0,1224.0,1224.0,1360.0,1251.2,0.9714285714285714,0.9714285714285714,0.9714285714285714,0.9714285714285713,0.02857142857142858,0.02857142857142858,0.02857142857142858,0.02857142857142858,78336.0,78336.0,87040.0,80076.8,64.0,64.0,64.0,64.0,0.0,0.0,0.0,0.0,1224.0,1224.0,1360.0,1251.2,0.0,0.0,0.0,0.0,0.0,0.0,0.0,0.0,0.0,0.0,0.0,0.0,0.0,0.0,0.0,0.0,0.0,0.0,0.0,0.0,0.0,0.0,0.0,0.0,0.7116653510632113,0.7920742948664963,0.8188866529164714,0.7688267368275156,0.8668526360307275,0.9496166884468271,0.9882485974189577,0.912749545926334,0.6214285714285714,0.6714285714285715,0.9571428571428572,0.7492857142857142,1.2444021889445845e-07,3.788643550801456e-07,1.0709926711001635e-06,1.4081009805143253e-06,-0.04685966593016387,-0.02930967115319484,-0.021110844844702027,-0.03573066680026487,8.5,9.5,12.0,9.8,1.0,1.0,1.0,1.0,1.3534618065453605,1.4786264415495778,1.7967385708103398,1.5848382136318953,,,,,6.633568410162121,7.252478449574693,7.627115193693478,6.976297385036437,2.5627485655361726,2.669778202248998,3.001461694708052,2.7373949720497226,6.081608010797819e-08,2.4153963661988823e-07,5.680184184536213e-07,9.726008738708531e-07,0.07557937015077076,0.15686339447775266,0.32537459635109567,0.21276632006521567,0.012594148729997746,0.02758759500619929,0.0747716739633087,0.044021423491202014,4.18611250897272e-05,0.0003020902551887132,0.001269604151729584,0.0010457814347143266,0.0,0.0,0.0,0.0,0.0,0.0,0.0,0.0,,,,,2.777432922821208,2.9287803226383473,2.9804348617022787,2.8281717208497072,3.3684336413276545,3.8598708467084712,4.218957616453765,3.8319427818916147
ed_gas__mean,latency,4.0,20,6.0,6.0,6.0,6.0,70.0,70.0,70.0,70.0,-0.09584380603169126,-0.04083397325756612,-0.01622658498647686,-0.0700841979353655,1.340196998370227e-06,3.870232070922319e-06,1.8406954392927735e-05,3.305148504654203e-05,,,,,,,,,0.0,0.0,0.0,0.0,0.01378271349862259,0.02230639730639731,0.027089072543617997,0.021714971686562595,4.0,4.0,4.0,4.0,4.0,4.0,4.0,4.0,1260.0,1260.0,1400.0,1288.0,1188.0,1188.0,1320.0,1214.4,0.9428571428571428,0.9428571428571428,0.9428571428571428,0.9428571428571428,0.05714285714285716,0.05714285714285716,0.05714285714285716,0.05714285714285716,76032.0,76032.0,84480.0,77721.6,64.0,64.0,64.0,64.0,0.0,0.0,0.0,0.0,1188.0,1188.0,1320.0,1214.4,0.0,0.0,0.0,0.0,0.0,0.0,0.0,0.0,0.0,0.0,0.0,0.0,0.0,0.0,0.0,0.0,0.0,0.0,0.0,0.0,0.0,0.0,0.0,0.0,0.8050997024194454,0.8329648921739394,0.8450955509334221,0.8240636805662781,0.8924487985425488,0.934460192508384,0.9680080307890042,0.9191629713983158,0.5821428571428572,0.6142857142857143,0.7214285714285714,0.6642857142857141,2.938425578341739e-06,1.238484251541766e-05,3.5609496967078266e-05,0.0005486521931425178,-0.046859616763175946,-0.029309656301030246,-0.021110633654551157,-0.035730208530490984,11.0,16.0,17.25,15.35,1.0,1.0,1.0,1.0,1.3534618065453605,1.4786264415495778,1.7967385708103398,1.5848382136318953,,,,,6.633568410162121,7.252478449574693,7.627115193693478,6.976297385036437,2.5627485655361726,2.669778202248998,3.001461694708052,2.7373949720497226,1.340196998370227e-06,3.870232070922319e-06,1.8406954392927735e-05,3.305148504654203e-05,0.13279076703645187,0.23777469783731275,0.4377731780487797,0.3403036229472656,0.01622658498647686,0.04083397325756612,0.09584380603169126,0.0700841979353655,0.00013421950069929386,0.0007737547863251846,0.0027905446677169597,0.002426826060196864,0.0,0.0,0.0,0.0,0.0,0.0,0.0,0.0,,,,,2.860780583846749,2.9415991647623896,3.0,2.8841244650068454,3.357980741504727,4.028062417443566,4.253147255767747,3.911374511308536
ed_gas__mean,latency,8.0,20,6.0,6.0,6.0,6.0,70.0,70.0,70.0,70.0,-0.1102064476405287,-0.04750289873464526,-0.013803693258671909,-0.08387962056991247,9.267537396457962e-05,0.0003046064833259805,0.0008728200180990371,0.0012255638929162187,,,,,,,,,0.0,0.0,0.0,0.0,0.02255315249266862,0.039874551971326166,0.04973118279569892,0.038678620886282176,8.0,8.0,8.0,8.0,8.0,8.0,8.0,8.0,1260.0,1260.0,1400.0,1288.0,1116.0,1116.0,1240.0,1140.8,0.8857142857142857,0.8857142857142857,0.8857142857142857,0.8857142857142858,0.11428571428571432,0.11428571428571432,0.11428571428571432,0.11428571428571432,71424.0,71424.0,79360.0,73011.2,64.0,64.0,64.0,64.0,0.0,0.0,0.0,0.0,1116.0,1116.0,1240.0,1140.8,0.0,0.0,0.0,0.0,0.0,0.0,0.0,0.0,0.0,0.0,0.0,0.0,0.0,0.0,0.0,0.0,0.0,0.0,0.0,0.0,0.0,0.0,0.0,0.0,0.8587668057940924,0.8761476320657382,0.8907977170544751,0.8741764253105911,0.8526582065272047,0.9088483402849031,0.9457578925520471,0.8813925437092808,0.5,0.5285714285714285,0.6071428571428571,0.5599999999999999,0.0003136196918465176,0.0008734511044767668,0.002781718505693712,0.0041075419289151646,-0.04685588134124544,-0.02930796164454761,-0.021099238556786963,-0.035713172638949985,19.75,28.0,30.0,26.75,1.0,1.0,1.0,1.0,1.3534618065453605,1.4786264415495778,1.7967385708103398,1.5848382136318953,,,,,6.633568410162121,7.252478449574693,7.627115193693478,6.976297385036437,2.5627485655361726,2.669778202248998,3.001461694708052,2.7373949720497226,9.267537396457962e-05,0.0003046064833259805,0.0008728200180990371,0.0012255638929162187,0.162236600177321,0.23214982788596528,0.5149068511558492,0.4103232401821132,0.013803693258671909,0.04750289873464526,0.1102064476405287,0.08387962056991247,0.00022836658658249232,0.0007551276923078297,0.003178153927754707,0.003537273610633021,0.0,0.0,0.0,0.0,0.0,0.0,0.0,0.0,,,,,2.8858988134561394,2.964591697502076,3.0,2.906378583940308,3.414247836116929,4.04794737617773,4.396417604027283,3.9493387194551963
ed_gas__mean,msg_drop,0.0,20,6.0,6.0,6.0,6.0,70.0,70.0,70.0,70.0,-0.0003512775915678825,-0.0001752484709384331,-4.093256948696099e-05,-0.0005753632920548528,2.1484586538727534e-11,2.9501634595436117e-10,1.823154786137572e-09,7.637402965520545e-09,,,,,,,,,0.0,0.0,0.0,0.0,0.006205357142857143,0.007142857142857143,0.007142857142857143,0.006690025252525253,0.0,0.0,0.0,0.0,0.0,0.0,0.0,0.0,1260.0,1260.0,1400.0,1288.0,1260.0,1260.0,1400.0,1288.0,1.0,1.0,1.0,1.0,0.0,0.0,0.0,0.0,80640.0,80640.0,89600.0,82432.0,64.0,64.0,64.0,64.0,0.0,0.0,0.0,0.0,1260.0,1260.0,1400.0,1288.0,0.0,0.0,0.0,0.0,0.0,0.0,0.0,0.0,0.0,0.0,0.0,0.0,0.0,0.0,0.0,0.0,0.0,0.0,0.0,0.0,0.0,0.0,0.0,0.0,0.7349855074032322,0.7557739092012871,0.7709648737478585,0.7604448388637056,0.8430859189152063,0.9170772236446021,0.950145480263293,0.8849101773809803,0.9392857142857143,1.0,1.0,0.9678571428571431,8.58973171996045e-11,9.840829102789808e-10,4.664424087913018e-09,2.480676284490238e-08,-0.046859668638841015,-0.029309676096139475,-0.021110846068345332,-0.03573068058545732,4.0,5.0,7.0,5.25,1.0,1.0,1.0,1.0,1.3534618065453605,1.4786264415495778,1.7967385708103398,1.5848382136318953,,,,,6.633568410162121,7.252478449574693,7.627115193693478,6.976297385036437,2.5627485655361726,2.669778202248998,3.001461694708052,2.7373949720497226,2.1484586538727534e-11,2.9501634595436117e-10,1.823154786137572e-09,7.637402965520545e-09,0.000655550564581775,0.001175302917253429,0.0028977976760216073,0.003012589112553732,4.093256948696099e-05,0.0001752484709384331,0.0003512775915678825,0.0005753632920548528,3.380928358179118e-09,1.0723727999233144e-08,1.5014250930025078e-07,4.721501334717913e-07,0.0,0.0,0.0,0.0,0.0,0.0,0.0,0.0,,,,,2.583152354072346,2.882697716415584,2.960396300431195,2.6659062830846914,3.444092279984396,3.6750245598720257,4.020242549782301,3.7037199646683647
ed_gas__mean,msg_drop,0.1,20,6.0,6.0,6.0,6.0,70.0,70.0,70.0,70.0,-0.02067562833693704,-0.006422136995775936,0.0,-0.020640916501392857,2.1494299029459464e-11,1.6537954760594648e-10,7.118303803423253e-09,7.873492661228722e-09,,,,,,,,,0.0,0.0,0.0,0.0,0.10297619047619049,0.10723562152133581,0.11369047619047619,0.10857051381158525,0.0,0.0,0.0,0.0,0.0,0.0,0.0,0.0,1260.0,1260.0,1400.0,1288.0,1115.5,1132.5,1256.5,1156.35,0.8927380952380952,0.8988404452690166,0.9034090909090909,0.8974509637188209,0.09659090909090909,0.10115955473098331,0.10726190476190481,0.10254903628117915,71392.0,72480.0,80416.0,74006.4,64.0,64.0,64.0,64.0,0.0,0.0,0.0,0.0,1115.5,1132.5,1256.5,1156.35,0.0,0.0,0.0,0.0,0.0,0.0,0.0,0.0,126.0,131.0,144.0,131.65,0.0,0.0,0.0,0.0,0.0,0.0,0.0,0.0,0.0,0.0,0.0,0.0,0.7053708957922541,0.7457106816654144,0.781352447801008,0.7477213207030846,0.8361383193956683,0.9306124695860667,0.9745589444243166,0.9001221078248769,0.9,0.9714285714285715,1.0,0.9399999999999998,1.0734102690384906e-10,1.3892230565597309e-09,1.991503165729595e-08,2.2996754843658555e-08,-0.04685966856425793,-0.029309676095770575,-0.021110846071133907,-0.035730680582084604,4.0,4.5,7.25,5.7,1.0,1.0,1.0,1.0,1.3534618065453605,1.4786264415495778,1.7967385708103398,1.5848382136318953,,,,,6.633568410162121,7.252478449574693,7.627115193693478,6.976297385036437,2.5627485655361726,2.669778202248998,3.001461694708052,2.7373949720497226,2.1494299029459464e-11,1.6537954760594648e-10,7.118303803423253e-09,7.873492661228722e-09,0.03669297651621317,0.07761820004068509,0.18723237331446252,0.12050797075759641,0.0,0.0033728019131696384,0.01586568634876405,0.012307583168059523,1.1190910112553152e-05,6.269855146946252e-05,0.00048275894037640664,0.000274932674187816,0.0,0.0,0.0,0.008333333333333333,0.0,0.0,0.0,0.0,,,,,2.597128589173477,2.8547533472723945,2.974227826319115,2.6556437641686452,3.3919520541037507,3.6031274972046514,4.055951426540376,3.689495958904925
ed_gas__mean,msg_drop,0.3,20,6.0,6.0,6.0,6.0,70.0,70.0,70.0,70.0,-0.03570712596659934,-0.014602334462503154,0.0,-0.03735426793125558,1.537872703683942e-10,9.482403919996505e-10,1.970547004058174e-08,3.1425728297877386e-08,,,,,,,,,0.0,0.0,0.0,0.0,0.2990327380952381,0.3073979591836735,0.30992063492063493,0.3063503659039373,0.0,0.0,0.0,0.0,0.0,0.0,0.0,0.0,1260.0,1260.0,1400.0,1288.0,871.25,887.0,964.75,899.7,0.6950892857142856,0.6967893217893217,0.7045386904761906,0.6983231550195834,0.29546130952380945,0.3032106782106782,0.3049107142857143,0.30167684498041636,55760.0,56768.0,61744.0,57580.8,64.0,64.0,64.0,64.0,0.0,0.0,0.0,0.0,871.25,887.0,964.75,899.7,0.0,0.0,0.0,0.0,0.0,0.0,0.0,0.0,366.0,382.5,420.25,388.3,0.0,0.0,0.0,0.0,0.0,0.0,0.0,0.0,0.0,0.0,0.0,0.0,0.7309971391627085,0.7419347801898721,0.7673387182006669,0.7442011463431878,0.906363173287867,0.9740354670950622,0.9894518033300547,0.9322857630759138,0.7821428571428571,0.9,0.9321428571428572,0.8607142857142858,1.0937681282572512e-09,3.066385442184875e-09,1.0228428377343353e-07,1.0108390945359127e-07,-0.046859668498513946,-0.029309676095794615,-0.021110845996501888,-0.0357306802456241,5.0,5.5,9.25,6.9,1.0,1.0,1.0,1.0,1.3534618065453605,1.4786264415495778,1.7967385708103398,1.5848382136318953,,,,,6.633568410162121,7.252478449574693,7.627115193693478,6.976297385036437,2.5627485655361726,2.669778202248998,3.001461694708052,2.7373949720497226,1.537872703683942e-10,9.482403919996505e-10,1.970547004058174e-08,3.1425728297877386e-08,0.0763129233698201,0.1611528558021873,0.25131379319764613,0.18248886015105353,0.0,0.011896983076569296,0.03177383692064598,0.020687601264588913,5.1257887391832624e-05,0.0002231630632603024,0.0005707105207539776,0.000660886523570488,0.0,0.0,0.0,0.016666666666666666,0.0,0.0,0.0,0.0,,,,,2.6187947885452805,2.914762183039601,2.9762864973718974,2.6331399721261475,3.427199990147426,3.618908090731989,3.968421863731281,3.6809574142519423
ed_gas__mean,msg_drop,0.5,20,6.0,6.0,6.0,6.0,70.0,70.0,70.0,70.0,-0.01997064385154939,0.0,0.0,-0.06001070374343509,3.8543214229822986e-08,1.4418993846897624e-07,4.630922772899043e-07,9.221574727710608e-07,,,,,,,,,0.0,0.0,0.0,0.0,0.4986111111111111,0.5031746031746032,0.5113715277777777,0.5041467287672645,0.0,0.0,0.0,0.0,0.0,0.0,0.0,0.0,1260.0,1260.0,1400.0,1288.0,615.25,633.0,697.25,643.6,0.4918650793650794,0.5003968253968254,0.5049603174603174,0.4992764120799835,0.49503968253968256,0.4996031746031746,0.5081349206349206,0.5007235879200165,39376.0,40512.0,44624.0,41190.4,64.0,64.0,64.0,64.0,0.0,0.0,0.0,0.0,615.25,633.0,697.25,643.6,0.0,0.0,0.0,0.0,0.0,0.0,0.0,0.0,616.75,634.5,687.75,644.4,0.0,0.0,0.0,0.0,0.0,0.0,0.0,0.0,0.0,0.0,0.0,0.0,0.7908226217116238,0.804935180225449,0.8345083680095805,0.8034469570804132,0.9227915707032095,0.9608168923157119,0.9862557553839653,0.9366533425088617,0.7,0.7714285714285715,0.8607142857142857,0.7807142857142858,9.101771695527969e-08,5.898006766317382e-07,1.500357918261272e-06,3.6394610479060795e-06,-0.0468596676871938,-0.02930967394300992,-0.021110842018728992,-0.0357306675208849,6.0,8.0,12.25,9.55,1.0,1.0,1.0,1.0,1.3534618065453605,1.4786264415495778,1.7967385708103398,1.5848382136318953,,,,,6.633568410162121,7.252478449574693,7.627115193693478,6.976297385036437,2.5627485655361726,2.669778202248998,3.001461694708052,2.7373949720497226,3.8543214229822986e-08,1.4418993846897624e-07,4.630922772899043e-07,9.221574727710608e-07,0.12042984488801989,0.19832984382905616,0.36843819724420657,0.3098358464583077,0.0,0.0,0.002551993387965868,0.018344037076768415,0.00013469667856146547,0.0004616802836654241,0.001741453180191793,0.002705730300160363,0.0,0.0,0.0,0.04166666666666667,0.0,0.0,0.0,0.0,,,,,2.541211027371518,2.833898924836797,2.9340313882323277,2.543188587328791,3.3177291502583888,3.605355551684297,3.855295909342888,3.6102919035521976
ed_gas__mean,msg_drop,0.7,20,6.0,6.0,6.0,6.0,70.0,70.0,70.0,70.0,-0.12374292355728636,-0.06479854963525823,0.0,-0.08602774883684108,4.87891393310193e-07,2.873637377761521e-06,2.4179459754337052e-05,7.504125537152254e-05,,,,,,,,,0.0,0.0,0.0,0.0,0.6939303751803751,0.6998412698412698,0.7025081168831169,0.6987504380540095,0.0,0.0,0.0,0.0,0.0,0.0,0.0,0.0,1260.0,1260.0,1400.0,1288.0,371.0,385.0,417.0,391.1,0.29946428571428574,0.3026190476190476,0.3087121212121212,0.30358105287569576,0.6912878787878787,0.6973809523809523,0.7005357142857143,0.6964189471243043,23744.0,24640.0,26688.0,25030.4,64.0,64.0,64.0,64.0,0.0,0.0,0.0,0.0,371.0,385.0,417.0,391.1,0.0,0.0,0.0,0.0,0.0,0.0,0.0,0.0,860.25,880.0,977.75,896.9,0.0,0.0,0.0,0.0,0.0,0.0,0.0,0.0,0.0,0.0,0.0,0.0,0.8087619376488293,0.8407981899137272,0.8810545262958631,0.8329213441064057,0.935172158455756,0.9587915829806157,0.966826915792001,0.9326424211826604,0.6428571428571429,0.7071428571428571,0.7428571428571429,0.6957142857142857,1.8757969739158527e-06,1.0433596480866923e-05,9.314872139779161e-05,0.00010084382478865333,-0.04685966382000063,-0.029309232018224947,-0.021110773520129994,-0.0357296086766292,9.5,12.5,18.25,13.8,1.0,1.0,1.0,1.0,1.3534618065453605,1.4786264415495778,1.7967385708103398,1.5848382136318953,,,,,6.633568410162121,7.252478449574693,7.627115193693478,6.976297385036437,2.5627485655361726,2.669778202248998,3.001461694708052,2.7373949720497226,4.87891393310193e-07,2.873637377761521e-06,2.4179459754337052e-05,7.504125537152254e-05,0.2788312290484276,0.3256683510559406,0.4810475517241579,0.4059787664909124,0.0,0.021092140370116398,0.0982326882594495,0.056861082170174417,0.0008352850233039995,0.0013426940764672737,0.0023856586601123412,0.0023078641054019126,0.0,0.0,0.0,0.029166666666666667,0.0,0.0,0.0,0.0,,,,,2.6034145921498886,2.8516273015904527,3.0,2.6199189619653587,3.288133817360579,3.785397061952381,4.178553056483769,3.8105701206269016
ed_gas__mean,msg_drop,1.0,20,6.0,6.0,6.0,6.0,70.0,70.0,70.0,70.0,-0.08208888522535136,-0.0527896838005538,-0.033264580261175354,-0.07079492308906928,1.4777592250532785,2.0516773267472788,3.28017680933905,2.501147648619415,,,,,,,,,0.0,0.0,0.0,0.0,1.0,1.0,1.0,1.0,0.0,0.0,0.0,0.0,0.0,0.0,0.0,0.0,1260.0,1260.0,1400.0,1288.0,0.0,0.0,0.0,0.0,0.0,0.0,0.0,0.0,1.0,1.0,1.0,1.0,0.0,0.0,0.0,0.0,0.0,0.0,0.0,0.0,0.0,0.0,0.0,0.0,0.0,0.0,0.0,0.0,0.0,0.0,0.0,0.0,0.0,0.0,0.0,0.0,1260.0,1260.0,1400.0,1288.0,0.0,0.0,0.0,0.0,0.0,0.0,0.0,0.0,0.0,0.0,0.0,0.0,1.0,1.0,1.0,1.0,0.0,0.0,0.0,0.0,1.0,1.0,1.0,1.0,1.4777592250532783,2.0516773267472788,3.28017680933905,2.5011476486194155,0.0,0.0,0.0,0.0,,,,,0.0,0.0,0.0,0.0,1.3534618065453605,1.4786264415495778,1.7967385708103398,1.5848382136318953,,,,,6.633568410162121,7.252478449574693,7.627115193693478,6.976297385036437,2.5627485655361726,2.669778202248998,3.001461694708052,2.7373949720497226,1.4777592250532785,2.0516773267472788,3.28017680933905,2.501147648619415,0.0,8.881784197001252e-16,0.07085066072253832,0.047785789088784635,0.033264580261175354,0.0527896838005538,0.08208888522535136,0.07079492308906928,0.04528891401304944,0.0645932749305612,0.09231496628187184,0.0801422891916268,0.0,0.0,0.0,0.0,0.0,0.0,0.0,0.0,,,,,2.848098079311506,2.9252027488181707,2.970463811228799,2.9034315366296566,3.0672584871200446,3.086233255462111,3.102059630198371,3.09446816491898
ed_gas__median,bandwidth,0.0,20,6.0,6.0,6.0,6.0,70.0,70.0,70.0,70.0,-0.10395754928574413,-0.04823718594948412,0.0,-0.0853034141831445,2.998325565026343e-11,3.372456743711379e-10,9.173795605358087e-09,3.2589364623061764e-08,,,,,,,,,0.0,0.0,0.0,0.0,0.006205357142857143,0.007142857142857143,0.007142857142857143,0.006690025252525253,0.0,0.0,0.0,0.0,0.0,0.0,0.0,0.0,1260.0,1260.0,1400.0,1288.0,1260.0,1260.0,1400.0,1288.0,1.0,1.0,1.0,1.0,0.0,0.0,0.0,0.0,80640.0,80640.0,89600.0,82432.0,64.0,64.0,64.0,64.0,0.0,0.0,0.0,0.0,1260.0,1260.0,1400.0,1288.0,0.0,0.0,0.0,0.0,0.0,0.0,0.0,0.0,0.0,0.0,0.0,0.0,0.0,0.0,0.0,0.0,0.0,0.0,0.0,0.0,0.0,0.0,0.0,0.0,0.7207286695888591,0.7555976649041081,0.8001392669303642,0.7548031867356391,0.8304895324415389,0.922115431808763,0.9766066894109615,0.8945524753694201,0.9821428571428572,1.0,1.0,0.9800000000000001,1.305435423783441e-10,9.917599492535624e-10,1.7200719647478367e-08,1.443080382043384e-07,-0.04685966792183531,-0.029309673805550475,-0.02111084606925442,-0.03573068022900072,3.75,4.0,6.25,5.5,1.0,1.0,1.0,1.0,1.3534618065453605,1.4786264415495778,1.7967385708103398,1.5848382136318953,,,,,6.633568410162121,7.252478449574693,7.627115193693478,6.976297385036437,2.5627485655361726,2.669778202248998,3.001461694708052,2.7373949720497226,2.998325565026343e-11,3.372456743711379e-10,9.173795605358087e-09,3.2589364623061764e-08,0.1658016047697093,0.4041409209219231,0.8177548167179507,0.5760284348700482,0.0,0.04823718594948412,0.10395754928574413,0.0853034141831445,0.0004419583369831734,0.0019828891813505555,0.007093198688068891,0.006373743798889489,0.0,0.0,0.0,0.0,0.0,0.0,0.0,0.0,,,,,2.678395276849014,2.9177736080536505,3.0,2.726006105381491,3.150617223855823,3.868590363128366,4.400056961743682,3.8531045244361706
ed_gas__median,bandwidth,1.0,20,6.0,6.0,6.0,6.0,70.0,70.0,70.0,70.0,-1.0,-0.34470108399567273,-0.02746118527086815,-0.44051495871893154,0.043666071428365205,0.08110374141909191,0.1401918696946446,0.1034540174707405,,,,,,,,,0.20960139881755496,0.21892273271866616,0.23115213044737043,0.22285247582314766,0.0,0.0,0.0,0.0,0.0,0.0,0.0,0.0,0.0,0.0,0.0,0.0,1260.0,1260.0,1400.0,1288.0,1260.0,1260.0,1400.0,1288.0,1.0,1.0,1.0,1.0,0.0,0.0,0.0,0.0,2520.0,2520.0,2800.0,2576.0,2.0,2.0,2.0,2.0,0.0,0.0,0.0,0.0,1260.0,1260.0,1400.0,1288.0,0.0,0.0,0.0,0.0,0.0,0.0,0.0,0.0,0.0,0.0,0.0,0.0,0.0,0.0,0.0,0.0,0.0,0.0,0.0,0.0,0.0,0.0,0.0,0.0,0.2400716462342788,0.2615218905925613,0.3072548080650867,0.2879015040166132,0.937727681189162,0.9577763225629272,0.972057304703807,0.940359643043452,0.1357142857142857,0.2785714285714286,0.4142857142857143,0.3221428571428571,0.04366607142057619,0.08110374026528713,0.14019186789854718,0.10345375578913037,-0.04649779421768457,-0.028151051218874776,-0.018666872571168884,-0.03425276615926678,3.0,3.0,4.0,3.5789473684210527,1.0,1.0,1.0,0.95,1.3534618065453605,1.4786264415495778,1.7967385708103398,1.5848382136318953,,,,,6.633568410162121,7.252478449574693,7.627115193693478,6.976297385036437,2.5627485655361726,2.669778202248998,3.001461694708052,2.7373949720497226,0.043666071428365205,0.08110374141909191,0.1401918696946446,0.1034540174707405,0.657423890165558,1.2660686814608102,2.1143211012258325,1.5722116775055546,0.0,0.0,0.009153728423622717,0.057181625385598324,0.007168722754903437,0.025926774944645348,0.04797309493023272,0.03677551102110384,0.0,0.16666666666666666,1.0,0.38333333333333336,0.0,0.0,1.0,0.3,,,,,1.4300766727390786,2.3292404166383323,2.959090158452307,2.056413897984724,3.011282642573372,3.3265991601180263,4.4881444741797285,3.8310630265964583
ed_gas__median,bandwidth,2.0,20,6.0,6.0,6.0,6.0,70.0,70.0,70.0,70.0,-0.542266437979428,-0.37327229342522006,-0.22329881005453925,-0.4063996923075946,0.0048517857142856636,0.009115197466864029,0.02150097513305757,0.360440782720729,,,,,,,,,0.027148266123128303,0.029018522139259456,0.030642958064954064,0.04409819729121639,0.0,0.0,0.0,0.0,0.0,0.0,0.0,0.0,0.0,0.0,0.0,0.0,1260.0,1260.0,1400.0,1288.0,1260.0,1260.0,1400.0,1288.0,1.0,1.0,1.0,1.0,0.0,0.0,0.0,0.0,5040.0,5040.0,5600.0,5152.0,4.0,4.0,4.0,4.0,0.0,0.0,0.0,0.0,1260.0,1260.0,1400.0,1288.0,0.0,0.0,0.0,0.0,0.0,0.0,0.0,0.0,0.0,0.0,0.0,0.0,0.0,0.0,0.0,0.0,0.0,0.0,0.0,0.0,0.0,0.0,0.0,0.0,0.2706723210187799,0.33142528733074006,0.45220120623360094,0.40093603874479883,0.8666486657761181,0.9672230784184266,0.975912650127789,0.8744466862913018,0.39642857142857146,0.4714285714285714,0.6214285714285714,0.4992857142857144,0.004851785714282345,0.009115197443072069,0.02150097469227646,0.3607069297150932,-0.046819460428492575,-0.027719135713928842,-0.018421317422567217,-0.030581526655695523,3.0,4.0,5.0,4.133333333333334,0.75,1.0,1.0,0.75,1.3534618065453605,1.4786264415495778,1.7967385708103398,1.5848382136318953,,,,,6.633568410162121,7.252478449574693,7.627115193693478,6.976297385036437,2.5627485655361726,2.669778202248998,3.001461694708052,2.7373949720497226,0.0048517857142856636,0.009115197466864029,0.02150097513305757,0.360440782720729,0.8886206360391087,1.5815196729314458,1.9696859970213612,1.566605701180437,0.07388198160762294,0.31993284554349366,0.4172820189735571,0.30639969230759456,0.009685231140930953,0.030426644435185373,0.053524726371424775,0.04593324896156466,0.0,0.0,0.0,0.1,0.0,0.0,0.0,0.1,,,,,3.0,3.0,3.0,2.9557216692162163,4.298988043440677,4.677296678330261,5.661548953810565,5.037738539742236
ed_gas__median,bandwidth,3.0,20,6.0,6.0,6.0,6.0,70.0,70.0,70.0,70.0,-0.3451292537612916,-0.1278238503685804,-0.005772727228097505,-0.20105592464648409,0.001655178398053827,0.0024879810869123777,0.005107226586636823,0.10300772689886757,,,,,,,,,0.006287310796385357,0.007296772246416774,0.010295544174198878,0.012294444649548555,0.0,0.0,0.0,0.0,0.0,0.0,0.0,0.0,0.0,0.0,0.0,0.0,1260.0,1260.0,1400.0,1288.0,1260.0,1260.0,1400.0,1288.0,1.0,1.0,1.0,1.0,0.0,0.0,0.0,0.0,7560.0,7560.0,8400.0,7728.0,6.0,6.0,6.0,6.0,0.0,0.0,0.0,0.0,1260.0,1260.0,1400.0,1288.0,0.0,0.0,0.0,0.0,0.0,0.0,0.0,0.0,0.0,0.0,0.0,0.0,0.0,0.0,0.0,0.0,0.0,0.0,0.0,0.0,0.0,0.0,0.0,0.0,0.3780821551451839,0.8480638577200619,0.9771629504542354,0.6855316529981922,0.2119533049775537,0.5116676381307642,0.9770318844260957,0.551196804972707,0.5107142857142857,0.6357142857142857,0.9892857142857143,0.6814285714285714,0.0016551784016154204,0.0024879810847480825,0.005107226885122558,0.10019411417888706,-0.04153621994915939,-0.02928603069069025,-0.019621805735117365,-0.03425914173886497,3.0,4.0,5.25,4.6875,1.0,1.0,1.0,0.8,1.3534618065453605,1.4786264415495778,1.7967385708103398,1.5848382136318953,,,,,6.633568410162121,7.252478449574693,7.627115193693478,6.976297385036437,2.5627485655361726,2.669778202248998,3.001461694708052,2.7373949720497226,0.001655178398053827,0.0024879810869123777,0.005107226586636823,0.10300772689886757,0.2615576164329263,0.9324661187085481,1.3320835759231144,0.8523455555088255,0.0,0.0427921954374732,0.24227863149095868,0.13022259131315075,0.0013619705009843468,0.013985244520788857,0.02389563035243344,0.016483273859004097,0.0,0.0,0.0,0.07083333333333333,0.0,0.0,0.0,0.05,,,,,2.6958626949652977,3.0,3.0,2.7395348511535826,3.2682199867442603,4.080947111248586,4.659483744673823,4.1401786839457975
ed_gas__median,bandwidth,4.0,20,6.0,6.0,6.0,6.0,70.0,70.0,70.0,70.0,-0.19789352051028497,-0.026155536459324644,0.0,-0.15062171190903165,0.0002178039286720124,0.0005418046924937229,0.001112243594255508,0.016633635254998173,,,,,,,,,0.0019521590201626489,0.0036356705921591504,0.0047602516340642075,0.004759977051058099,0.0,0.0,0.0,0.0,0.0,0.0,0.0,0.0,0.0,0.0,0.0,0.0,1260.0,1260.0,1400.0,1288.0,1260.0,1260.0,1400.0,1288.0,1.0,1.0,1.0,1.0,0.0,0.0,0.0,0.0,10080.0,10080.0,11200.0,10304.0,8.0,8.0,8.0,8.0,0.0,0.0,0.0,0.0,1260.0,1260.0,1400.0,1288.0,0.0,0.0,0.0,0.0,0.0,0.0,0.0,0.0,0.0,0.0,0.0,0.0,0.0,0.0,0.0,0.0,0.0,0.0,0.0,0.0,0.0,0.0,0.0,0.0,0.4176420480567141,0.6699527136103154,0.9574199265995358,0.6704605829404545,0.2832258089203544,0.7948084036525829,0.9512646489078171,0.6398839974633808,0.55,0.7428571428571429,1.0,0.7242857142857143,0.00021780392866919528,0.0005411967592339913,0.001112254510521077,0.016652139279478485,-0.04684204789279033,-0.02867808174614339,-0.021107475884035443,-0.03549305733377739,3.0,4.0,5.0,4.352941176470588,1.0,1.0,1.0,0.85,1.3534618065453605,1.4786264415495778,1.7967385708103398,1.5848382136318953,,,,,6.633568410162121,7.252478449574693,7.627115193693478,6.976297385036437,2.5627485655361726,2.669778202248998,3.001461694708052,2.7373949720497226,0.0002178039286720124,0.0005418046924937229,0.001112243594255508,0.016633635254998173,0.13013004879995838,0.5694894993586335,0.9316782144161073,0.7005354960614224,0.0,0.009983083761977261,0.1852399639656765,0.10062171190903164,0.00019646546450226212,0.0037016465542053746,0.012677111905160986,0.00988755231260689,0.0,0.0,0.0,0.05,0.0,0.0,0.0,0.05,,,,,2.78002696558032,2.966404915324601,3.0,2.788044666790691,3.181226589326286,4.048651558568178,4.602554951569541,4.0816699039395825
ed_gas__median,bandwidth,8.0,20,6.0,6.0,6.0,6.0,70.0,70.0,70.0,70.0,-0.13552268087862307,-0.019826220682912496,0.0,-0.10806281153949711,1.2218669816070321e-05,8.697951980443166e-05,0.0007061871790898865,0.0008110755740322413,,,,,,,,,0.00020406629444116365,0.0007606371565424361,0.0024361488400899602,0.0018131979577788808,0.0,0.0,0.0,0.0,0.0,0.0,0.0,0.0,0.0,0.0,0.0,0.0,1260.0,1260.0,1400.0,1288.0,1260.0,1260.0,1400.0,1288.0,1.0,1.0,1.0,1.0,0.0,0.0,0.0,0.0,20160.0,20160.0,22400.0,20608.0,16.0,16.0,16.0,16.0,0.0,0.0,0.0,0.0,1260.0,1260.0,1400.0,1288.0,0.0,0.0,0.0,0.0,0.0,0.0,0.0,0.0,0.0,0.0,0.0,0.0,0.0,0.0,0.0,0.0,0.0,0.0,0.0,0.0,0.0,0.0,0.0,0.0,0.5755569303861836,0.782613547306828,0.9437778163169073,0.7255940196358271,0.5113977059542674,0.7397142818674831,0.9529390243430588,0.6920865303549207,0.6821428571428572,0.8,1.0,0.7992857142857143,1.2251308789429837e-05,0.0001087193474597489,0.0007062317422500768,0.0008158975568004288,-0.04684851435746886,-0.02927537910647937,-0.021110682794246077,-0.03571909390064833,3.0,5.0,6.0,5.7,1.0,1.0,1.0,1.0,1.3534618065453605,1.4786264415495778,1.7967385708103398,1.5848382136318953,,,,,6.633568410162121,7.252478449574693,7.627115193693478,6.976297385036437,2.5627485655361726,2.669778202248998,3.001461694708052,2.7373949720497226,1.2218669816070321e-05,8.697951980443166e-05,0.0007061871790898865,0.0008110755740322413,0.17700986634867677,0.34899661465684106,1.1202786715232262,0.6429052305781564,0.0,0.005734695873708048,0.06538036668579128,0.058062811539497106,0.00040537472210597735,0.0010734223983105305,0.011826640744518611,0.007713585515696278,0.0,0.0,0.0,0.05,0.0,0.0,0.0,0.05,,,,,2.4596706371913504,2.954693202468305,3.0,2.677637455656671,3.1112798886498902,3.642707051363172,4.2330315598071975,3.764297797194497
ed_gas__median,byzantine,0.0,20,6.0,6.0,6.0,6.0,70.0,70.0,70.0,70.0,-0.10395754928574413,-0.04823718594948412,0.0,-0.0853034141831445,2.998325565026343e-11,3.372456743711379e-10,9.173795605358087e-09,3.2589364623061764e-08,,,,,,,,,0.0,0.0,0.0,0.0,0.006205357142857143,0.007142857142857143,0.007142857142857143,0.006690025252525253,0.0,0.0,0.0,0.0,0.0,0.0,0.0,0.0,1260.0,1260.0,1400.0,1288.0,1260.0,1260.0,1400.0,1288.0,1.0,1.0,1.0,1.0,0.0,0.0,0.0,0.0,80640.0,80640.0,89600.0,82432.0,64.0,64.0,64.0,64.0,0.0,0.0,0.0,0.0,1260.0,1260.0,1400.0,1288.0,0.0,0.0,0.0,0.0,0.0,0.0,0.0,0.0,0.0,0.0,0.0,0.0,0.0,0.0,0.0,0.0,0.0,0.0,0.0,0.0,0.0,0.0,0.0,0.0,0.7207286695888591,0.7555976649041081,0.8001392669303642,0.7548031867356391,0.8304895324415389,0.922115431808763,0.9766066894109615,0.8945524753694201,0.9821428571428572,1.0,1.0,0.9800000000000001,1.305435423783441e-10,9.917599492535624e-10,1.7200719647478367e-08,1.443080382043384e-07,-0.04685966792183531,-0.029309673805550475,-0.02111084606925442,-0.03573068022900072,3.75,4.0,6.25,5.5,1.0,1.0,1.0,1.0,1.3534618065453605,1.4786264415495778,1.7967385708103398,1.5848382136318953,,,,,6.633568410162121,7.252478449574693,7.627115193693478,6.976297385036437,2.5627485655361726,2.669778202248998,3.001461694708052,2.7373949720497226,2.998325565026343e-11,3.372456743711379e-10,9.173795605358087e-09,3.2589364623061764e-08,0.1658016047697093,0.4041409209219231,0.8177548167179507,0.5760284348700482,0.0,0.04823718594948412,0.10395754928574413,0.0853034141831445,0.0004419583369831734,0.0019828891813505555,0.007093198688068891,0.006373743798889489,0.0,0.0,0.0,0.0,0.0,0.0,0.0,0.0,,,,,2.678395276849014,2.9177736080536505,3.0,2.726006105381491,3.150617223855823,3.868590363128366,4.400056961743682,3.8531045244361706
ed_gas__median,byzantine,0.1,20,6.0,6.0,6.0,6.0,70.0,70.0,70.0,70.0,-0.5792964048842395,-0.06530901670356332,0.0,-0.32012868172534914,3.1997166781545444e-10,5.085868165101197e-08,0.737678410474726,0.7471504624082324,,,,,,,,,0.0,0.0,0.0,0.0,0.005158730158730159,0.005537518037518037,0.005952380952380952,0.005506487064522779,0.0,0.0,0.0,0.0,0.0,0.0,0.0,0.0,1260.0,1260.0,1400.0,1288.0,1260.0,1260.0,1400.0,1288.0,1.0,1.0,1.0,1.0,0.0,0.0,0.0,0.0,80640.0,80640.0,89600.0,82432.0,64.0,64.0,64.0,64.0,0.0,0.0,0.0,0.0,1260.0,1260.0,1400.0,1288.0,0.0,0.0,0.0,0.0,0.0,0.0,0.0,0.0,0.0,0.0,0.0,0.0,0.0,0.0,0.0,0.0,0.0,0.0,0.0,0.0,0.0,0.0,0.0,0.0,0.7607587657645505,0.8346146716373594,0.9606902345396038,0.8507987804512578,0.09648251212283271,0.6834072803643993,0.9104417115704142,0.5403370041919475,0.5678571428571428,0.7642857142857142,0.9464285714285714,0.7492857142857143,2.1935073558424616e-09,1.9163812555097705e-07,1.325444017601632,0.7774194542493418,-0.046859668594957576,-0.025036191302895784,-0.0055577177644367684,-0.02505710266015975,4.0,6.0,12.0,12.647058823529411,1.0,1.0,1.0,0.85,1.3534618065453605,1.4786264415495778,1.7967385708103398,1.5848382136318953,,,,,6.633568410162121,7.252478449574693,7.627115193693478,6.976297385036437,2.5627485655361726,2.669778202248998,3.001461694708052,2.7373949720497226,3.1997166781545444e-10,5.085868165101197e-08,0.737678410474726,0.7471504624082324,0.569314352270845,1.3761313607371823,2.4843706745857617,2.2444291069947573,0.0,0.0,0.03265450835178166,0.07012868172534922,0.006479371384495718,0.01789658523941088,0.10337830398751263,0.10474228769710865,0.0,0.0,0.25,0.25,0.0,0.0,0.25,0.25,,,,,2.3983169771981308,2.636950871866571,2.9497580413941944,2.602175394128068,3.3900364899887485,3.5550972179054545,4.168054754004418,3.798719115537536
ed_gas__median,byzantine,0.25,20,6.0,6.0,6.0,6.0,70.0,70.0,70.0,70.0,-1.0,-1.0,-1.0,-0.8492049181431263,0.10671589905797185,0.3425769151835467,2.148163720701359,1.6144261243503994,,,,,,,,,0.0,0.0,0.0,0.0,0.0035714285714285713,0.00450487012987013,0.004761904761904762,0.0042802321686250255,0.0,0.0,0.0,0.0,0.0,0.0,0.0,0.0,1260.0,1260.0,1400.0,1288.0,1260.0,1260.0,1400.0,1288.0,1.0,1.0,1.0,1.0,0.0,0.0,0.0,0.0,80640.0,80640.0,89600.0,82432.0,64.0,64.0,64.0,64.0,0.0,0.0,0.0,0.0,1260.0,1260.0,1400.0,1288.0,0.0,0.0,0.0,0.0,0.0,0.0,0.0,0.0,0.0,0.0,0.0,0.0,0.0,0.0,0.0,0.0,0.0,0.0,0.0,0.0,0.0,0.0,0.0,0.0,0.9156094343566015,0.9501781015093225,0.9734153423974381,0.8979605951100688,0.03131899273252059,0.13795575003303745,0.2505803737922576,0.19966449681815354,0.525,0.5642857142857143,0.6285714285714286,0.5685714285714285,0.7961390377863813,1.3426861268964654,2.5666979946988535,1.799781876041156,-0.0442451227012564,-0.025161888578459204,0.005963147789611351,-0.012667450346700226,11.0,22.0,31.5,23.266666666666666,0.75,1.0,1.0,0.75,1.3534618065453605,1.4786264415495778,1.7967385708103398,1.5848382136318953,,,,,6.633568410162121,7.252478449574693,7.627115193693478,6.976297385036437,2.5627485655361726,2.669778202248998,3.001461694708052,2.7373949720497226,0.10671589905797185,0.3425769151835467,2.148163720701359,1.6144261243503994,3.145860788405526,6.460462978196068,7.3272233077731075,5.2221469431517935,0.0,0.0,0.0,0.032538251476459626,0.17078436073695802,0.39857449511962184,0.4486148400524777,0.31727379216171026,1.0,1.0,1.0,0.8166666666666668,1.0,1.0,1.0,0.8,,,,,2.4588260859302773,3.0,3.0,2.4588260859302773,4.439997429865594,5.016110162033929,5.244970369896947,4.668857637728614
ed_gas__median,byzantine,0.5,20,6.0,6.0,6.0,6.0,70.0,70.0,70.0,70.0,-1.0,-1.0,-1.0,-1.0,0.5022334423501694,1.1854126067837867,2.978107433385012,2.3697241670371465,,,,,,,,,0.0,0.0,0.0,0.0,0.0026339285714285714,0.0031498015873015874,0.0035714285714285713,0.00303108250876108,0.0,0.0,0.0,0.0,0.0,0.0,0.0,0.0,1260.0,1260.0,1400.0,1288.0,1260.0,1260.0,1400.0,1288.0,1.0,1.0,1.0,1.0,0.0,0.0,0.0,0.0,80640.0,80640.0,89600.0,82432.0,64.0,64.0,64.0,64.0,0.0,0.0,0.0,0.0,1260.0,1260.0,1400.0,1288.0,0.0,0.0,0.0,0.0,0.0,0.0,0.0,0.0,0.0,0.0,0.0,0.0,0.0,0.0,0.0,0.0,0.0,0.0,0.0,0.0,0.0,0.0,0.0,0.0,0.9549611904550115,0.972870201608971,0.9927737339766048,0.931897542384393,0.007438867202993776,0.05350790847503806,0.16063557915010584,0.15139898898395968,0.5107142857142857,0.5142857142857142,0.5571428571428572,0.5278571428571428,1.2308183386278775,1.6693777796887066,2.4776441518591206,1.7945113137132864,-0.02772966984771029,-0.012079133418751047,0.010622073840011645,-0.0018774783083181118,9.75,24.0,36.0,24.833333333333332,0.0,0.0,1.0,0.3,1.3534618065453605,1.4786264415495778,1.7967385708103398,1.5848382136318953,,,,,6.633568410162121,7.252478449574693,7.627115193693478,6.976297385036437,2.5627485655361726,2.669778202248998,3.001461694708052,2.7373949720497226,0.5022334423501694,1.1854126067837867,2.978107433385012,2.3697241670371465,6.11671131085758,7.0622853808185555,7.3828456402615,6.718316153738321,0.0,0.0,0.0,0.0,0.3818261352845145,0.4247106569037338,0.4864122948582018,0.4278722927381698,1.0,1.0,1.0,1.0,1.0,1.0,1.0,1.0,,,,,,,,,,,,
ed_gas__median,latency,0.0,20,6.0,6.0,6.0,6.0,70.0,70.0,70.0,70.0,-0.10395754928574413,-0.04823718594948412,0.0,-0.0853034141831445,2.998325565026343e-11,3.372456743711379e-10,9.173795605358087e-09,3.2589364623061764e-08,,,,,,,,,0.0,0.0,0.0,0.0,0.006205357142857143,0.007142857142857143,0.007142857142857143,0.006690025252525253,0.0,0.0,0.0,0.0,0.0,0.0,0.0,0.0,1260.0,1260.0,1400.0,1288.0,1260.0,1260.0,1400.0,1288.0,1.0,1.0,1.0,1.0,0.0,0.0,0.0,0.0,80640.0,80640.0,89600.0,82432.0,64.0,64.0,64.0,64.0,0.0,0.0,0.0,0.0,1260.0,1260.0,1400.0,1288.0,0.0,0.0,0.0,0.0,0.0,0.0,0.0,0.0,0.0,0.0,0.0,0.0,0.0,0.0,0.0,0.0,0.0,0.0,0.0,0.0,0.0,0.0,0.0,0.0,0.7207286695888591,0.7555976649041081,0.8001392669303642,0.7548031867356391,0.8304895324415389,0.922115431808763,0.9766066894109615,0.8945524753694201,0.9821428571428572,1.0,1.0,0.9800000000000001,1.305435423783441e-10,9.917599492535624e-10,1.7200719647478367e-08,1.443080382043384e-07,-0.04685966792183531,-0.029309673805550475,-0.02111084606925442,-0.03573068022900072,3.75,4.0,6.25,5.5,1.0,1.0,1.0,1.0,1.3534618065453605,1.4786264415495778,1.7967385708103398,1.5848382136318953,,,,,6.633568410162121,7.252478449574693,7.627115193693478,6.976297385036437,2.5627485655361726,2.669778202248998,3.001461694708052,2.7373949720497226,2.998325565026343e-11,3.372456743711379e-10,9.173795605358087e-09,3.2589364623061764e-08,0.1658016047697093,0.4041409209219231,0.8177548167179507,0.5760284348700482,0.0,0.04823718594948412,0.10395754928574413,0.0853034141831445,0.0004419583369831734,0.0019828891813505555,0.007093198688068891,0.006373743798889489,0.0,0.0,0.0,0.0,0.0,0.0,0.0,0.0,,,,,2.678395276849014,2.9177736080536505,3.0,2.726006105381491,3.150617223855823,3.868590363128366,4.400056961743682,3.8531045244361706
ed_gas__median,latency,1.0,20,6.0,6.0,6.0,6.0,70.0,70.0,70.0,70.0,-0.14494505145807593,-0.06660790552675716,-0.015044877538538087,-0.11083129522620708,4.775555314682721e-09,6.226728882685309e-08,3.3987996827962054e-07,4.22267347014771e-07,,,,,,,,,0.0,0.0,0.0,0.0,0.008031400966183575,0.010466988727858293,0.011912604303908652,0.010282947225882008,1.0,1.0,1.0,1.0,1.0,1.0,1.0,1.0,1260.0,1260.0,1400.0,1288.0,1242.0,1242.0,1380.0,1269.6,0.9857142857142858,0.9857142857142858,0.9857142857142858,0.9857142857142861,0.014285714285714235,0.014285714285714235,0.014285714285714235,0.014285714285714235,79488.0,79488.0,88320.0,81254.4,64.0,64.0,64.0,64.0,0.0,0.0,0.0,0.0,1242.0,1242.0,1380.0,1269.6,0.0,0.0,0.0,0.0,0.0,0.0,0.0,0.0,0.0,0.0,0.0,0.0,0.0,0.0,0.0,0.0,0.0,0.0,0.0,0.0,0.0,0.0,0.0,0.0,0.75034479764983,0.7873556594041891,0.821509398113699,0.7649942633574218,0.8543098014940311,0.9214266641777752,0.979378022274313,0.8998341170550566,0.6071428571428572,0.6928571428571428,0.8142857142857143,0.7250000000000001,1.0847165560371444e-08,8.105605963307511e-08,9.646431295419123e-07,1.1987166748994706e-06,-0.046859665925432344,-0.02930966034719177,-0.021110846068404625,-0.035730674662172404,6.0,6.0,9.25,7.8,1.0,1.0,1.0,1.0,1.3534618065453605,1.4786264415495778,1.7967385708103398,1.5848382136318953,,,,,6.633568410162121,7.252478449574693,7.627115193693478,6.976297385036437,2.5627485655361726,2.669778202248998,3.001461694708052,2.7373949720497226,4.775555314682721e-09,6.226728882685309e-08,3.3987996827962054e-07,4.22267347014771e-07,0.29766933284770714,0.46752924678212704,0.8244250344250292,0.6397481367397143,0.0,0.06364265939845894,0.11397806498868789,0.09833129522620707,0.0009904854499894803,0.0020340482239392037,0.0049573238110689295,0.007566722350421817,0.0,0.0,0.0,0.0125,0.0,0.0,0.0,0.0,,,,,2.6205885401027937,2.9978009379529764,3.0,2.723772172295766,3.197589630450766,3.965748939150161,4.398474942927912,3.8829722536395708
ed_gas__median,latency,2.0,20,6.0,6.0,6.0,6.0,70.0,70.0,70.0,70.0,-0.1820574591129546,-0.055807148462612255,-0.01987538926087936,-0.11298500181227873,1.6934517727703456e-07,3.0749710984652125e-07,3.769016042853741e-06,9.189643648737302e-06,,,,,,,,,0.0,0.0,0.0,0.0,0.00978442513368984,0.014297385620915032,0.016822638146167558,0.013981543374925728,2.0,2.0,2.0,2.0,2.0,2.0,2.0,2.0,1260.0,1260.0,1400.0,1288.0,1224.0,1224.0,1360.0,1251.2,0.9714285714285714,0.9714285714285714,0.9714285714285714,0.9714285714285713,0.02857142857142858,0.02857142857142858,0.02857142857142858,0.02857142857142858,78336.0,78336.0,87040.0,80076.8,64.0,64.0,64.0,64.0,0.0,0.0,0.0,0.0,1224.0,1224.0,1360.0,1251.2,0.0,0.0,0.0,0.0,0.0,0.0,0.0,0.0,0.0,0.0,0.0,0.0,0.0,0.0,0.0,0.0,0.0,0.0,0.0,0.0,0.0,0.0,0.0,0.0,0.7574150952416274,0.81146992068897,0.8282149941570857,0.7881700472147843,0.850264614480674,0.8933052041881002,0.9783359674423872,0.8825057701886049,0.5571428571428572,0.6071428571428572,0.7535714285714286,0.675,3.123840811629687e-07,8.577875153880201e-07,6.667599125884447e-06,2.8757168982190114e-05,-0.04685945698803144,-0.029309626163994074,-0.021110845037699912,-0.03573054941393952,7.75,9.0,12.0,10.65,1.0,1.0,1.0,1.0,1.3534618065453605,1.4786264415495778,1.7967385708103398,1.5848382136318953,,,,,6.633568410162121,7.252478449574693,7.627115193693478,6.976297385036437,2.5627485655361726,2.669778202248998,3.001461694708052,2.7373949720497226,1.6934517727703456e-07,3.0749710984652125e-07,3.769016042853741e-06,9.189643648737302e-06,0.23151173487830357,0.5026150130359595,0.836783531730249,0.651602680311357,0.0,0.051295126437105,0.14449628737380046,0.10048500181227871,0.0007547556246348783,0.0027092916807354953,0.006641669534546264,0.007849276563000253,0.0,0.0,0.0,0.0125,0.0,0.0,0.0,0.0,,,,,2.698417870879844,3.0,3.0,2.749101803098743,3.2008242255309702,4.039640481224098,4.326470093954746,3.8863078403375995
ed_gas__median,latency,4.0,20,6.0,6.0,6.0,6.0,70.0,70.0,70.0,70.0,-0.16623510967142746,-0.04944755542301932,0.0,-0.10579347602365637,4.729201484194383e-06,1.7899477465957057e-05,0.0005701648170894564,0.004631129318292579,,,,,,,,,0.0,0.0,0.0,0.0,0.01378271349862259,0.02230639730639731,0.027089072543617997,0.021714971686562595,4.0,4.0,4.0,4.0,4.0,4.0,4.0,4.0,1260.0,1260.0,1400.0,1288.0,1188.0,1188.0,1320.0,1214.4,0.9428571428571428,0.9428571428571428,0.9428571428571428,0.9428571428571428,0.05714285714285716,0.05714285714285716,0.05714285714285716,0.05714285714285716,76032.0,76032.0,84480.0,77721.6,64.0,64.0,64.0,64.0,0.0,0.0,0.0,0.0,1188.0,1188.0,1320.0,1214.4,0.0,0.0,0.0,0.0,0.0,0.0,0.0,0.0,0.0,0.0,0.0,0.0,0.0,0.0,0.0,0.0,0.0,0.0,0.0,0.0,0.0,0.0,0.0,0.0,0.8159278964802464,0.8505766686884626,0.8680305749224169,0.8504770202132524,0.6833290773589165,0.8048926673937884,0.9355330871211514,0.7975984941381556,0.5535714285714286,0.5928571428571429,0.6392857142857142,0.6235714285714286,9.545210800574417e-06,8.333795651148257e-05,0.0019360832586130397,0.006363341071324068,-0.04667439990024927,-0.02930845708704696,-0.0210994576824177,-0.03566452170430175,11.0,16.0,20.25,16.6,1.0,1.0,1.0,1.0,1.3534618065453605,1.4786264415495778,1.7967385708103398,1.5848382136318953,,,,,6.633568410162121,7.252478449574693,7.627115193693478,6.976297385036437,2.5627485655361726,2.669778202248998,3.001461694708052,2.7373949720497226,4.729201484194383e-06,1.7899477465957057e-05,0.0005701648170894564,0.004631129318292579,0.25719271534470356,0.4751061403342245,0.9044892106956173,0.6687652239381523,0.0,0.04944755542301932,0.16623510967142746,0.10579347602365637,0.0008258726259054977,0.002740226323255327,0.010879738743055319,0.008090390111087135,0.0,0.0,0.0,0.0,0.0,0.0,0.0,0.0,,,,,2.726339298239638,3.0,3.0,2.7632405775424296,3.2469864949991702,4.053390315869472,4.393017351560011,3.913819744606034
ed_gas__median,latency,8.0,20,6.0,6.0,6.0,6.0,70.0,70.0,70.0,70.0,-0.1768924085704495,-0.0462710753899142,0.0,-0.10324738758756964,8.806876055713119e-05,0.0014219658009687365,0.006984751644455785,0.020125967904469824,,,,,,,,,0.0,0.0,0.0,0.0,0.02255315249266862,0.039874551971326166,0.04973118279569892,0.038678620886282176,8.0,8.0,8.0,8.0,8.0,8.0,8.0,8.0,1260.0,1260.0,1400.0,1288.0,1116.0,1116.0,1240.0,1140.8,0.8857142857142857,0.8857142857142857,0.8857142857142857,0.8857142857142858,0.11428571428571432,0.11428571428571432,0.11428571428571432,0.11428571428571432,71424.0,71424.0,79360.0,73011.2,64.0,64.0,64.0,64.0,0.0,0.0,0.0,0.0,1116.0,1116.0,1240.0,1140.8,0.0,0.0,0.0,0.0,0.0,0.0,0.0,0.0,0.0,0.0,0.0,0.0,0.0,0.0,0.0,0.0,0.0,0.0,0.0,0.0,0.0,0.0,0.0,0.0,0.8491839154535499,0.8876875028974685,0.9085738078142318,0.8775038603843676,0.7198833457116562,0.7918190684672402,0.9437764416241736,0.78974130414921,0.49642857142857144,0.55,0.625,0.562142857142857,0.00026908678755442183,0.0033863412097477064,0.017958040864829924,0.027635336397491928,-0.046512557875949434,-0.029269147252009395,-0.02103851416155488,-0.03544316686735636,19.0,28.0,36.25,29.05,1.0,1.0,1.0,1.0,1.3534618065453605,1.4786264415495778,1.7967385708103398,1.5848382136318953,,,,,6.633568410162121,7.252478449574693,7.627115193693478,6.976297385036437,2.5627485655361726,2.669778202248998,3.001461694708052,2.7373949720497226,8.806876055713119e-05,0.0014219658009687365,0.006984751644455785,0.020125967904469824,0.278414174327837,0.4108179052303811,0.9533074146302454,0.6763463215917025,0.0,0.0462710753899142,0.1768924085704495,0.10324738758756964,0.0011488053932759788,0.00281233064434799,0.012278209465261074,0.008047981432807941,0.0,0.0,0.0,0.0,0.0,0.0,0.0,0.0,,,,,2.6560396482320754,3.0,3.0,2.7539623530849333,3.2689853620859957,3.9252104025404417,4.384428268313922,3.8927070701228104
ed_gas__median,msg_drop,0.0,20,6.0,6.0,6.0,6.0,70.0,70.0,70.0,70.0,-0.10395754928574413,-0.04823718594948412,0.0,-0.0853034141831445,2.998325565026343e-11,3.372456743711379e-10,9.173795605358087e-09,3.2589364623061764e-08,,,,,,,,,0.0,0.0,0.0,0.0,0.006205357142857143,0.007142857142857143,0.007142857142857143,0.006690025252525253,0.0,0.0,0.0,0.0,0.0,0.0,0.0,0.0,1260.0,1260.0,1400.0,1288.0,1260.0,1260.0,1400.0,1288.0,1.0,1.0,1.0,1.0,0.0,0.0,0.0,0.0,80640.0,80640.0,89600.0,82432.0,64.0,64.0,64.0,64.0,0.0,0.0,0.0,0.0,1260.0,1260.0,1400.0,1288.0,0.0,0.0,0.0,0.0,0.0,0.0,0.0,0.0,0.0,0.0,0.0,0.0,0.0,0.0,0.0,0.0,0.0,0.0,0.0,0.0,0.0,0.0,0.0,0.0,0.7207286695888591,0.7555976649041081,0.8001392669303642,0.7548031867356391,0.8304895324415389,0.922115431808763,0.9766066894109615,0.8945524753694201,0.9821428571428572,1.0,1.0,0.9800000000000001,1.305435423783441e-10,9.917599492535624e-10,1.7200719647478367e-08,1.443080382043384e-07,-0.04685966792183531,-0.029309673805550475,-0.02111084606925442,-0.03573068022900072,3.75,4.0,6.25,5.5,1.0,1.0,1.0,1.0,1.3534618065453605,1.4786264415495778,1.7967385708103398,1.5848382136318953,,,,,6.633568410162121,7.252478449574693,7.627115193693478,6.976297385036437,2.5627485655361726,2.669778202248998,3.001461694708052,2.7373949720497226,2.998325565026343e-11,3.372456743711379e-10,9.173795605358087e-09,3.2589364623061764e-08,0.1658016047697093,0.4041409209219231,0.8177548167179507,0.5760284348700482,0.0,0.04823718594948412,0.10395754928574413,0.0853034141831445,0.0004419583369831734,0.0019828891813505555,0.007093198688068891,0.006373743798889489,0.0,0.0,0.0,0.0,0.0,0.0,0.0,0.0,,,,,2.678395276849014,2.9177736080536505,3.0,2.726006105381491,3.150617223855823,3.868590363128366,4.400056961743682,3.8531045244361706
ed_gas__median,msg_drop,0.1,20,6.0,6.0,6.0,6.0,70.0,70.0,70.0,70.0,-0.10399029241549743,-0.025642889397492694,0.0,-0.0667092255037959,6.001104538126971e-11,3.4822389187656274e-10,5.96333974697035e-09,6.456782760871979e-09,,,,,,,,,0.0,0.0,0.0,0.0,0.10297619047619049,0.10723562152133581,0.11369047619047619,0.10857051381158525,0.0,0.0,0.0,0.0,0.0,0.0,0.0,0.0,1260.0,1260.0,1400.0,1288.0,1115.5,1132.5,1256.5,1156.35,0.8927380952380952,0.8988404452690166,0.9034090909090909,0.8974509637188209,0.09659090909090909,0.10115955473098331,0.10726190476190481,0.10254903628117915,71392.0,72480.0,80416.0,74006.4,64.0,64.0,64.0,64.0,0.0,0.0,0.0,0.0,1115.5,1132.5,1256.5,1156.35,0.0,0.0,0.0,0.0,0.0,0.0,0.0,0.0,126.0,131.0,144.0,131.65,0.0,0.0,0.0,0.0,0.0,0.0,0.0,0.0,0.0,0.0,0.0,0.0,0.735643537660964,0.7542657966300415,0.7850467185343094,0.7535510885453824,0.8554052005567179,0.9081144630315324,0.9614883387202534,0.8860791885812052,0.8821428571428571,0.9571428571428572,0.9857142857142858,0.9271428571428573,3.6128352446413483e-10,1.648925813311202e-09,1.7816017898675128e-08,3.320799578604765e-08,-0.046859668609826426,-0.029309676059588164,-0.021110846071680175,-0.03573068060232333,3.75,5.0,7.25,5.6,1.0,1.0,1.0,1.0,1.3534618065453605,1.4786264415495778,1.7967385708103398,1.5848382136318953,,,,,6.633568410162121,7.252478449574693,7.627115193693478,6.976297385036437,2.5627485655361726,2.669778202248998,3.001461694708052,2.7373949720497226,6.001104538126971e-11,3.4822389187656274e-10,5.96333974697035e-09,6.456782760871979e-09,0.151590825900918,0.3478064913230292,0.6314526770398111,0.439729549375082,0.0,0.025642889397492694,0.10399029241549743,0.0667092255037959,0.0002368950946076243,0.0014429486288218953,0.00460771514951206,0.0038255714774138106,0.0,0.0,0.0,0.0,0.0,0.0,0.0,0.0,,,,,2.717906180393025,2.879046004745483,3.0,2.8066367553475233,3.336489627264452,3.6933260612769523,4.21524706808328,3.7723528035252576
ed_gas__median,msg_drop,0.3,20,6.0,6.0,6.0,6.0,70.0,70.0,70.0,70.0,-0.1081160277564076,-0.07072391236388724,-0.007448562398978843,-0.07560062808392398,1.6324222980434496e-10,3.238892591560979e-09,2.5587880319156746e-08,3.929286009648144e-08,,,,,,,,,0.0,0.0,0.0,0.0,0.2990327380952381,0.3073979591836735,0.30992063492063493,0.3063503659039373,0.0,0.0,0.0,0.0,0.0,0.0,0.0,0.0,1260.0,1260.0,1400.0,1288.0,871.25,887.0,964.75,899.7,0.6950892857142856,0.6967893217893217,0.7045386904761906,0.6983231550195834,0.29546130952380945,0.3032106782106782,0.3049107142857143,0.30167684498041636,55760.0,56768.0,61744.0,57580.8,64.0,64.0,64.0,64.0,0.0,0.0,0.0,0.0,871.25,887.0,964.75,899.7,0.0,0.0,0.0,0.0,0.0,0.0,0.0,0.0,366.0,382.5,420.25,388.3,0.0,0.0,0.0,0.0,0.0,0.0,0.0,0.0,0.0,0.0,0.0,0.0,0.742442026312061,0.7582992300571033,0.7872939049418475,0.7636414895586685,0.8516098614964924,0.9231805684155434,0.9853330750159266,0.909528677036435,0.8,0.8642857142857143,0.9178571428571428,0.8535714285714284,1.0428059540487391e-09,7.885105768709733e-09,8.292779859998235e-08,1.5772628187083823e-07,-0.046859668354551014,-0.029309675929260138,-0.021110846042973568,-0.035730680133236506,4.0,5.5,10.0,6.8,1.0,1.0,1.0,1.0,1.3534618065453605,1.4786264415495778,1.7967385708103398,1.5848382136318953,,,,,6.633568410162121,7.252478449574693,7.627115193693478,6.976297385036437,2.5627485655361726,2.669778202248998,3.001461694708052,2.7373949720497226,1.6324222980434496e-10,3.238892591560979e-09,2.5587880319156746e-08,3.929286009648144e-08,0.1781868456180098,0.3521944275336346,0.5565986843006621,0.4097154545899261,0.0027099902027949677,0.05182688322842476,0.10366342297539834,0.06726729475059065,0.0002779648951653081,0.001347900901884813,0.0032920027515457423,0.0032636930692036235,0.0,0.0,0.0,0.008333333333333333,0.0,0.0,0.0,0.0,,,,,2.771494826694286,2.9406756961341296,3.0,2.79812720107292,3.417117665728159,3.6963955156283896,4.162756787008708,3.788136223303981
ed_gas__median,msg_drop,0.5,20,6.0,6.0,6.0,6.0,70.0,70.0,70.0,70.0,-0.037991729272739035,0.0,0.0,-0.07942151567487091,4.260449282550498e-09,7.148629462488726e-08,3.40613360013422e-07,1.4036966367505333e-06,,,,,,,,,0.0,0.0,0.0,0.0,0.4986111111111111,0.5031746031746032,0.5113715277777777,0.5041467287672645,0.0,0.0,0.0,0.0,0.0,0.0,0.0,0.0,1260.0,1260.0,1400.0,1288.0,615.25,633.0,697.25,643.6,0.4918650793650794,0.5003968253968254,0.5049603174603174,0.4992764120799835,0.49503968253968256,0.4996031746031746,0.5081349206349206,0.5007235879200165,39376.0,40512.0,44624.0,41190.4,64.0,64.0,64.0,64.0,0.0,0.0,0.0,0.0,615.25,633.0,697.25,643.6,0.0,0.0,0.0,0.0,0.0,0.0,0.0,0.0,616.75,634.5,687.75,644.4,0.0,0.0,0.0,0.0,0.0,0.0,0.0,0.0,0.0,0.0,0.0,0.0,0.7840886920450449,0.8089594081931071,0.8322658326600594,0.8024766620064485,0.8931206007673093,0.9647939626737082,0.9855473202351495,0.9260953547761082,0.7071428571428572,0.75,0.85,0.7664285714285715,4.781489479413475e-08,3.43613976153087e-07,1.6219122295272105e-06,3.5405410177289983e-06,-0.04685966763626488,-0.029309674011055116,-0.021110844177144955,-0.03573066064175398,5.75,9.0,12.0,9.5,1.0,1.0,1.0,1.0,1.3534618065453605,1.4786264415495778,1.7967385708103398,1.5848382136318953,,,,,6.633568410162121,7.252478449574693,7.627115193693478,6.976297385036437,2.5627485655361726,2.669778202248998,3.001461694708052,2.7373949720497226,4.260449282550498e-09,7.148629462488726e-08,3.40613360013422e-07,1.4036966367505333e-06,0.17196008789032535,0.20836466606463766,0.38157251744816256,0.3641508249903802,0.0,0.0,0.027558398936532703,0.03358818234153756,0.0002344240307348718,0.0005082882352192456,0.002157372853210403,0.003596600708052882,0.0,0.0,0.0,0.04583333333333334,0.0,0.0,0.0,0.0,,,,,2.610140710439529,2.8724892697722035,2.983037636312403,2.5800586796566405,3.3270213264995325,3.783545589186879,3.9707643321932,3.6708705452698807
ed_gas__median,msg_drop,0.7,20,6.0,6.0,6.0,6.0,70.0,70.0,70.0,70.0,-0.12628420815887362,-0.05235028049882738,0.0,-0.08554127537644075,2.9156999137375517e-07,2.617646400696779e-06,1.733501421267875e-05,7.032480308256245e-05,,,,,,,,,0.0,0.0,0.0,0.0,0.6939303751803751,0.6998412698412698,0.7025081168831169,0.6987504380540095,0.0,0.0,0.0,0.0,0.0,0.0,0.0,0.0,1260.0,1260.0,1400.0,1288.0,371.0,385.0,417.0,391.1,0.29946428571428574,0.3026190476190476,0.3087121212121212,0.30358105287569576,0.6912878787878787,0.6973809523809523,0.7005357142857143,0.6964189471243043,23744.0,24640.0,26688.0,25030.4,64.0,64.0,64.0,64.0,0.0,0.0,0.0,0.0,371.0,385.0,417.0,391.1,0.0,0.0,0.0,0.0,0.0,0.0,0.0,0.0,860.25,880.0,977.75,896.9,0.0,0.0,0.0,0.0,0.0,0.0,0.0,0.0,0.0,0.0,0.0,0.0,0.797123135012163,0.837709126931212,0.8738968503143433,0.8266636858867162,0.9365842514714107,0.9618960063305264,0.9684712505405658,0.9374406149964875,0.6428571428571429,0.7071428571428571,0.7285714285714285,0.6928571428571428,9.674190861165471e-07,1.0113937266552164e-05,6.731034316491641e-05,8.885478169543672e-05,-0.04685966546828953,-0.029309289296267266,-0.021110798611819775,-0.03572967605451904,9.5,12.5,17.25,13.5,1.0,1.0,1.0,1.0,1.3534618065453605,1.4786264415495778,1.7967385708103398,1.5848382136318953,,,,,6.633568410162121,7.252478449574693,7.627115193693478,6.976297385036437,2.5627485655361726,2.669778202248998,3.001461694708052,2.7373949720497226,2.9156999137375517e-07,2.617646400696779e-06,1.733501421267875e-05,7.032480308256245e-05,0.2218183523266637,0.3925370335686411,0.5741358934615195,0.42484444982422165,0.0,0.04612399711307298,0.11669364128101704,0.06470794204310741,0.0005410278939381581,0.0016744169421034035,0.0031552599517172125,0.002674990855456385,0.0,0.0,0.0,0.020833333333333336,0.0,0.0,0.0,0.0,,,,,2.512113183065629,2.8756072994053663,3.0,2.652319727850908,3.299989794673368,3.8271135858245477,4.188100326389531,3.848091287652644
ed_gas__median,msg_drop,1.0,20,6.0,6.0,6.0,6.0,70.0,70.0,70.0,70.0,-0.08208888522535136,-0.0527896838005538,-0.033264580261175354,-0.07079492308906928,1.4777592250532785,2.0516773267472788,3.28017680933905,2.501147648619415,,,,,,,,,0.0,0.0,0.0,0.0,1.0,1.0,1.0,1.0,0.0,0.0,0.0,0.0,0.0,0.0,0.0,0.0,1260.0,1260.0,1400.0,1288.0,0.0,0.0,0.0,0.0,0.0,0.0,0.0,0.0,1.0,1.0,1.0,1.0,0.0,0.0,0.0,0.0,0.0,0.0,0.0,0.0,0.0,0.0,0.0,0.0,0.0,0.0,0.0,0.0,0.0,0.0,0.0,0.0,0.0,0.0,0.0,0.0,1260.0,1260.0,1400.0,1288.0,0.0,0.0,0.0,0.0,0.0,0.0,0.0,0.0,0.0,0.0,0.0,0.0,1.0,1.0,1.0,1.0,0.0,0.0,0.0,0.0,1.0,1.0,1.0,1.0,1.4777592250532783,2.0516773267472788,3.28017680933905,2.5011476486194155,0.0,0.0,0.0,0.0,,,,,0.0,0.0,0.0,0.0,1.3534618065453605,1.4786264415495778,1.7967385708103398,1.5848382136318953,,,,,6.633568410162121,7.252478449574693,7.627115193693478,6.976297385036437,2.5627485655361726,2.669778202248998,3.001461694708052,2.7373949720497226,1.4777592250532785,2.0516773267472788,3.28017680933905,2.501147648619415,0.0,8.881784197001252e-16,0.07085066072253832,0.047785789088784635,0.033264580261175354,0.0527896838005538,0.08208888522535136,0.07079492308906928,0.04528891401304944,0.0645932749305612,0.09231496628187184,0.0801422891916268,0.0,0.0,0.0,0.0,0.0,0.0,0.0,0.0,,,,,2.848098079311506,2.9252027488181707,2.970463811228799,2.9034315366296566,3.0672584871200446,3.086233255462111,3.102059630198371,3.09446816491898
ed_gas__oracle,bandwidth,0.0,20,6.0,6.0,6.0,6.0,70.0,70.0,70.0,70.0,-0.006002354422605358,0.0,0.0,-0.004121894352313029,1.0317930954643116e-11,5.269899676580875e-11,1.2099231430060304e-09,4.8086531793695304e-09,,,,,,,,,0.0,0.0,0.0,0.0,0.006205357142857143,0.007142857142857143,0.007142857142857143,0.006690025252525253,0.0,0.0,0.0,0.0,0.0,0.0,0.0,0.0,1260.0,1260.0,1400.0,1288.0,1260.0,1260.0,1400.0,1288.0,1.0,1.0,1.0,1.0,0.0,0.0,0.0,0.0,80640.0,80640.0,89600.0,82432.0,64.0,64.0,64.0,64.0,0.0,0.0,0.0,0.0,1260.0,1260.0,1400.0,1288.0,0.0,0.0,0.0,0.0,0.0,0.0,0.0,0.0,0.0,0.0,0.0,0.0,0.0,0.0,0.0,0.0,0.0,0.0,0.0,0.0,0.0,0.0,0.0,0.0,0.7307046303645943,0.7651581384227899,0.7726634119147029,0.7540365371588224,0.826656455071007,0.9066500129169108,0.950974618354576,0.8701242198310896,0.9285714285714286,1.0,1.0,0.9678571428571429,4.48582000401372e-11,2.1615777522873893e-10,3.3460362194829553e-09,1.624380748781318e-08,-0.04685966865944219,-0.029309676096288668,-0.021110846068288364,-0.035730680625868025,3.75,4.5,6.0,4.9,1.0,1.0,1.0,1.0,1.3534618065453605,1.4786264415495778,1.7967385708103398,1.5848382136318953,,,,,6.633568410162121,7.252478449574693,7.627115193693478,6.976297385036437,2.5627485655361726,2.669778202248998,3.001461694708052,2.7373949720497226,1.0317930954643116e-11,5.269899676580875e-11,1.2099231430060304e-09,4.8086531793695304e-09,0.01570692730064338,0.03068366825462432,0.08353498604530807,0.05728398993387192,0.0,0.0,0.006002354422605358,0.004121894352313029,1.7947488772112503e-06,8.39734402202848e-06,6.774476916147017e-05,9.255093920621521e-05,0.0,0.0,0.0,0.0,0.0,0.0,0.0,0.0,,,,,2.6195869244182886,2.859182492418256,2.9514497630352663,2.6605009792821255,3.4556159980099554,3.7158571798212705,3.97984518334973,3.6905456055908323
ed_gas__oracle,bandwidth,1.0,20,6.0,6.0,6.0,6.0,70.0,70.0,70.0,70.0,-1.0,-0.34470108399567273,-0.02746118527086815,-0.44051495871893154,0.043666071428365205,0.08110374141909193,0.1401918696946446,0.10345401747074053,,,,,,,,,0.20960139881755496,0.2257361977436699,0.2403832930785081,0.2269921096593322,0.0,0.0,0.0,0.0,0.0,0.0,0.0,0.0,0.0,0.0,0.0,0.0,1260.0,1260.0,1400.0,1288.0,1260.0,1260.0,1400.0,1288.0,1.0,1.0,1.0,1.0,0.0,0.0,0.0,0.0,2520.0,2520.0,2800.0,2576.0,2.0,2.0,2.0,2.0,0.0,0.0,0.0,0.0,1260.0,1260.0,1400.0,1288.0,0.0,0.0,0.0,0.0,0.0,0.0,0.0,0.0,0.0,0.0,0.0,0.0,0.0,0.0,0.0,0.0,0.0,0.0,0.0,0.0,0.0,0.0,0.0,0.0,0.2496896811839896,0.27955078817911916,0.34593745737014414,0.2971791318693661,0.9298093616530184,0.9535466852125545,0.9706184176163456,0.9384782216414479,0.1392857142857143,0.2785714285714286,0.4142857142857143,0.3221428571428571,0.04366607142057619,0.08110374026528713,0.14019186789854718,0.10345375578913199,-0.04649779421768457,-0.028151051218874776,-0.018666872571168884,-0.03425276615926678,3.0,3.0,4.0,3.6315789473684212,1.0,1.0,1.0,0.95,1.3534618065453605,1.4786264415495778,1.7967385708103398,1.5848382136318953,,,,,6.633568410162121,7.252478449574693,7.627115193693478,6.976297385036437,2.5627485655361726,2.669778202248998,3.001461694708052,2.7373949720497226,0.043666071428365205,0.08110374141909193,0.1401918696946446,0.10345401747074053,0.657423890165558,1.2660686814608102,2.1143211012258325,1.572211677505554,0.0,0.0,0.009153728423622717,0.057181625385598324,0.007168722754903437,0.025926774944645348,0.04797309493023272,0.036775511021103824,0.0,0.16666666666666666,1.0,0.38333333333333336,0.0,0.0,1.0,0.3,,,,,1.4300766727390786,2.3292404166383323,2.959090158452307,2.056413897984724,3.011282642573372,3.3265991601180263,4.4881444741797285,3.8310630265964583
ed_gas__oracle,bandwidth,2.0,20,6.0,6.0,6.0,6.0,70.0,70.0,70.0,70.0,-0.4579753544977053,-0.3576667063551541,-0.1229766188036499,-0.35687922065528155,0.0048517857142856636,0.009115197466864029,0.02150097513305757,0.18792226420222397,,,,,,,,,0.027491973712957127,0.030203193467241346,0.032248883350143934,0.05438932891673255,0.0,0.0,0.0,0.0,0.0,0.0,0.0,0.0,0.0,0.0,0.0,0.0,1260.0,1260.0,1400.0,1288.0,1260.0,1260.0,1400.0,1288.0,1.0,1.0,1.0,1.0,0.0,0.0,0.0,0.0,5040.0,5040.0,5600.0,5152.0,4.0,4.0,4.0,4.0,0.0,0.0,0.0,0.0,1260.0,1260.0,1400.0,1288.0,0.0,0.0,0.0,0.0,0.0,0.0,0.0,0.0,0.0,0.0,0.0,0.0,0.0,0.0,0.0,0.0,0.0,0.0,0.0,0.0,0.0,0.0,0.0,0.0,0.28722571790540363,0.3394678947419595,0.45012893430321244,0.4104885708531942,0.8809431377580121,0.9507791775124851,0.9703933707363512,0.8412246019587182,0.39642857142857146,0.48571428571428565,0.6178571428571429,0.49714285714285716,0.004851785714282345,0.009115197443072069,0.02150097469227646,0.18818841119685356,-0.04681946042849257,-0.02771913571392884,-0.01842131742256732,-0.033046076920245596,3.0,4.0,4.5,3.933333333333333,0.75,1.0,1.0,0.75,1.3534618065453605,1.4786264415495778,1.7967385708103398,1.5848382136318953,,,,,6.633568410162121,7.252478449574693,7.627115193693478,6.976297385036437,2.5627485655361726,2.669778202248998,3.001461694708052,2.7373949720497226,0.0048517857142856636,0.009115197466864029,0.02150097513305757,0.18792226420222397,0.6717317923293387,1.4958248587223517,1.9167949484845432,1.4437099449664956,0.07388198160762294,0.31993284554349366,0.4172820189735571,0.30687922065528156,0.009685231140930953,0.02920832952101261,0.04413809264713839,0.0359546433346357,0.0,0.0,0.0,0.05,0.0,0.0,0.0,0.05,,,,,3.0,3.0,3.0,2.9580521076785207,4.236616572609032,4.620005909320409,5.643880839327689,4.953592214443927
ed_gas__oracle,bandwidth,3.0,20,6.0,6.0,6.0,6.0,70.0,70.0,70.0,70.0,-0.32005678583072283,-0.20857917348293675,-0.05300064832270192,-0.221580218038718,0.0014808525018494669,0.0020157292481032506,0.004549473402242111,0.026121954798297858,,,,,,,,,0.007460370065748009,0.008432068563011987,0.011412152395601128,0.018127225573253997,0.0,0.0,0.0,0.0,0.0,0.0,0.0,0.0,0.0,0.0,0.0,0.0,1260.0,1260.0,1400.0,1288.0,1260.0,1260.0,1400.0,1288.0,1.0,1.0,1.0,1.0,0.0,0.0,0.0,0.0,7560.0,7560.0,8400.0,7728.0,6.0,6.0,6.0,6.0,0.0,0.0,0.0,0.0,1260.0,1260.0,1400.0,1288.0,0.0,0.0,0.0,0.0,0.0,0.0,0.0,0.0,0.0,0.0,0.0,0.0,0.0,0.0,0.0,0.0,0.0,0.0,0.0,0.0,0.0,0.0,0.0,0.0,0.32425693751050133,0.3998525694227182,0.9704118131314243,0.5458756749578836,0.2613168255391616,0.9140000138978213,0.9593102145191754,0.6947735129002031,0.4714285714285714,0.5785714285714285,0.8,0.6192857142857143,0.0014808525015092924,0.00201572923861929,0.0045494345837923215,0.02759259516297523,-0.0468479214784027,-0.028897542423076003,-0.021095370718421262,-0.03535750991173025,3.0,4.0,5.0,4.588235294117647,1.0,1.0,1.0,0.85,1.3534618065453605,1.4786264415495778,1.7967385708103398,1.5848382136318953,,,,,6.633568410162121,7.252478449574693,7.627115193693478,6.976297385036437,2.5627485655361726,2.669778202248998,3.001461694708052,2.7373949720497226,0.0014808525018494669,0.0020157292481032506,0.004549473402242111,0.026121954798297858,0.28135880395039825,0.9324661184949936,1.1859892139195523,0.8768167514863873,0.017722675235752196,0.1278238503256303,0.2658546294166227,0.1507468847053847,0.001361970500984662,0.007774282146313491,0.018743472034010097,0.01342990541175514,0.0,0.0,0.0,0.07083333333333333,0.0,0.0,0.0,0.05,,,,,2.960999339321578,3.0,3.0,2.8201278220510293,3.8508055654269904,4.1765165653365095,4.576231025464274,4.2686820262504215
ed_gas__oracle,bandwidth,4.0,20,6.0,6.0,6.0,6.0,70.0,70.0,70.0,70.0,-0.18623165068702047,-0.016644129355631802,0.0,-0.137411635838146,0.00031906689317445574,0.0005418265099879445,0.0016594136921601642,0.009409562805217033,,,,,,,,,0.0028677905236518825,0.003755553002293282,0.006768423642460844,0.005692885187075561,0.0,0.0,0.0,0.0,0.0,0.0,0.0,0.0,0.0,0.0,0.0,0.0,1260.0,1260.0,1400.0,1288.0,1260.0,1260.0,1400.0,1288.0,1.0,1.0,1.0,1.0,0.0,0.0,0.0,0.0,10080.0,10080.0,11200.0,10304.0,8.0,8.0,8.0,8.0,0.0,0.0,0.0,0.0,1260.0,1260.0,1400.0,1288.0,0.0,0.0,0.0,0.0,0.0,0.0,0.0,0.0,0.0,0.0,0.0,0.0,0.0,0.0,0.0,0.0,0.0,0.0,0.0,0.0,0.0,0.0,0.0,0.0,0.39275041723819937,0.5582672632389366,0.9109511158494891,0.6084132085026673,0.38987867056648895,0.8824195635256105,0.9667220033076744,0.7113974380408243,0.55,0.6785714285714286,0.8964285714285715,0.7092857142857143,0.0003190668866550787,0.0005489474509140033,0.0016594168350813365,0.009727901232218485,-0.04685806037378953,-0.029303511283938835,-0.0211009080187947,-0.03559625836877427,3.0,4.0,5.0,4.294117647058823,1.0,1.0,1.0,0.85,1.3534618065453605,1.4786264415495778,1.7967385708103398,1.5848382136318953,,,,,6.633568410162121,7.252478449574693,7.627115193693478,6.976297385036437,2.5627485655361726,2.669778202248998,3.001461694708052,2.7373949720497226,0.00031906689317445574,0.0005418265099879445,0.0016594136921601642,0.009409562805217033,0.15192192721433373,0.4378615708699467,0.9795957043583667,0.6492330211635495,0.0,0.0,0.1406395970277112,0.07074496917147935,0.0002124372409229323,0.0022628583281706425,0.009968048113080889,0.007363119096678278,0.0,0.0,0.0,0.06666666666666667,0.0,0.0,0.0,0.05,,,,,2.3954334208994243,2.880729710114629,3.0,2.6283044786630483,3.1812265893262808,3.9957320512304113,4.318562254485176,3.944607995888182
ed_gas__oracle,bandwidth,8.0,20,6.0,6.0,6.0,6.0,70.0,70.0,70.0,70.0,-0.04508797163624632,-0.0001449745019906369,0.0,-0.06578706418330614,2.4924967396767086e-06,6.544901844064659e-06,3.1181740487124903e-05,0.00028934731320602505,,,,,,,,,0.0001780461777200192,0.0006963219521060502,0.00198848587022114,0.0016916899118012533,0.0,0.0,0.0,0.0,0.0,0.0,0.0,0.0,0.0,0.0,0.0,0.0,1260.0,1260.0,1400.0,1288.0,1260.0,1260.0,1400.0,1288.0,1.0,1.0,1.0,1.0,0.0,0.0,0.0,0.0,20160.0,20160.0,22400.0,20608.0,16.0,16.0,16.0,16.0,0.0,0.0,0.0,0.0,1260.0,1260.0,1400.0,1288.0,0.0,0.0,0.0,0.0,0.0,0.0,0.0,0.0,0.0,0.0,0.0,0.0,0.0,0.0,0.0,0.0,0.0,0.0,0.0,0.0,0.0,0.0,0.0,0.0,0.5480005429300354,0.6351078019585528,0.8156442385380209,0.6551535193179793,0.6227064983119093,0.8971416489138562,0.9610219471313453,0.7853327528791996,0.6035714285714286,0.7857142857142857,0.9214285714285715,0.76,2.4924935432293048e-06,7.179082777088633e-06,3.118144458323303e-05,0.00028980125887382864,-0.046859618618409364,-0.029307520443206652,-0.021110776798051584,-0.035726547161517276,3.75,4.5,6.0,4.7,1.0,1.0,1.0,1.0,1.3534618065453605,1.4786264415495778,1.7967385708103398,1.5848382136318953,,,,,6.633568410162121,7.252478449574693,7.627115193693478,6.976297385036437,2.5627485655361726,2.669778202248998,3.001461694708052,2.7373949720497226,2.4924967396767086e-06,6.544901844064659e-06,3.1181740487124903e-05,0.00028934731320602505,0.07229417856977127,0.1770333946767515,0.2673037914969436,0.3357076232524937,0.0,0.0,0.024572210304457845,0.015787064183306145,4.650179616607968e-05,0.0002678678321732596,0.001048967044318278,0.003813168120190036,0.0,0.0,0.0,0.05,0.0,0.0,0.0,0.05,,,,,2.3686091686413917,2.8666671924670024,2.919565960020977,2.6527891844163203,3.300243554117981,3.7487131235329443,4.071523879589609,3.730449938175169
ed_gas__oracle,byzantine,0.0,20,6.0,6.0,6.0,6.0,70.0,70.0,70.0,70.0,-0.006002354422605358,0.0,0.0,-0.004121894352313029,1.0317930954643116e-11,5.269899676580875e-11,1.2099231430060304e-09,4.8086531793695304e-09,,,,,,,,,0.0,0.0,0.0,0.0,0.006205357142857143,0.007142857142857143,0.007142857142857143,0.006690025252525253,0.0,0.0,0.0,0.0,0.0,0.0,0.0,0.0,1260.0,1260.0,1400.0,1288.0,1260.0,1260.0,1400.0,1288.0,1.0,1.0,1.0,1.0,0.0,0.0,0.0,0.0,80640.0,80640.0,89600.0,82432.0,64.0,64.0,64.0,64.0,0.0,0.0,0.0,0.0,1260.0,1260.0,1400.0,1288.0,0.0,0.0,0.0,0.0,0.0,0.0,0.0,0.0,0.0,0.0,0.0,0.0,0.0,0.0,0.0,0.0,0.0,0.0,0.0,0.0,0.0,0.0,0.0,0.0,0.7307046303645943,0.7651581384227899,0.7726634119147029,0.7540365371588224,0.826656455071007,0.9066500129169108,0.950974618354576,0.8701242198310896,0.9285714285714286,1.0,1.0,0.9678571428571429,4.48582000401372e-11,2.1615777522873893e-10,3.3460362194829553e-09,1.624380748781318e-08,-0.04685966865944219,-0.029309676096288668,-0.021110846068288364,-0.035730680625868025,3.75,4.5,6.0,4.9,1.0,1.0,1.0,1.0,1.3534618065453605,1.4786264415495778,1.7967385708103398,1.5848382136318953,,,,,6.633568410162121,7.252478449574693,7.627115193693478,6.976297385036437,2.5627485655361726,2.669778202248998,3.001461694708052,2.7373949720497226,1.0317930954643116e-11,5.269899676580875e-11,1.2099231430060304e-09,4.8086531793695304e-09,0.01570692730064338,0.03068366825462432,0.08353498604530807,0.05728398993387192,0.0,0.0,0.006002354422605358,0.004121894352313029,1.7947488772112503e-06,8.39734402202848e-06,6.774476916147017e-05,9.255093920621521e-05,0.0,0.0,0.0,0.0,0.0,0.0,0.0,0.0,,,,,2.6195869244182886,2.859182492418256,2.9514497630352663,2.6605009792821255,3.4556159980099554,3.7158571798212705,3.97984518334973,3.6905456055908323
ed_gas__oracle,byzantine,0.1,20,6.0,6.0,6.0,6.0,70.0,70.0,70.0,70.0,-1.0,-1.0,-1.0,-1.0,0.1120051111068639,0.3531529799563412,0.6235110431752451,0.7188557749729693,,,,,,,,,0.0,0.0,0.0,0.0,0.005158730158730159,0.005537518037518037,0.005952380952380952,0.005506487064522779,0.0,0.0,0.0,0.0,0.0,0.0,0.0,0.0,1260.0,1260.0,1400.0,1288.0,1260.0,1260.0,1400.0,1288.0,1.0,1.0,1.0,1.0,0.0,0.0,0.0,0.0,80640.0,80640.0,89600.0,82432.0,64.0,64.0,64.0,64.0,0.0,0.0,0.0,0.0,1260.0,1260.0,1400.0,1288.0,0.0,0.0,0.0,0.0,0.0,0.0,0.0,0.0,0.0,0.0,0.0,0.0,0.0,0.0,0.0,0.0,0.0,0.0,0.0,0.0,0.0,0.0,0.0,0.0,0.91478279092303,0.9526141233657879,0.9857311792673926,0.9240962884880594,0.03702083509038312,0.10022924619433965,0.22740528104708602,0.1549879106540386,0.5142857142857142,0.5428571428571428,0.5714285714285714,0.5442857142857142,0.6374493883018089,0.8472126473616981,1.1120520386910822,0.9394540724699005,-0.04478699226764302,-0.022784063818987503,-0.01102539162849654,-0.025461312480663512,10.75,22.0,33.0,24.3,1.0,1.0,1.0,1.0,1.3534618065453605,1.4786264415495778,1.7967385708103398,1.5848382136318953,,,,,6.633568410162121,7.252478449574693,7.627115193693478,6.976297385036437,2.5627485655361726,2.669778202248998,3.001461694708052,2.7373949720497226,0.1120051111068639,0.3531529799563412,0.6235110431752451,0.7188557749729693,6.294930236505765,6.9263209074905365,7.407988985628287,6.742636290211607,0.0,0.0,0.0,0.0,0.3818261352845145,0.4352011903786793,0.45677561009414247,0.4277123882730624,1.0,1.0,1.0,1.0,1.0,1.0,1.0,1.0,,,,,,,,,,,,
ed_gas__oracle,byzantine,0.25,20,6.0,6.0,6.0,6.0,70.0,70.0,70.0,70.0,-1.0,-1.0,-1.0,-1.0,0.6184976456499302,1.3346967830739658,2.029822214627279,1.9641644692932694,,,,,,,,,0.0,0.0,0.0,0.0,0.0035714285714285713,0.00450487012987013,0.004761904761904762,0.0042802321686250255,0.0,0.0,0.0,0.0,0.0,0.0,0.0,0.0,1260.0,1260.0,1400.0,1288.0,1260.0,1260.0,1400.0,1288.0,1.0,1.0,1.0,1.0,0.0,0.0,0.0,0.0,80640.0,80640.0,89600.0,82432.0,64.0,64.0,64.0,64.0,0.0,0.0,0.0,0.0,1260.0,1260.0,1400.0,1288.0,0.0,0.0,0.0,0.0,0.0,0.0,0.0,0.0,0.0,0.0,0.0,0.0,0.0,0.0,0.0,0.0,0.0,0.0,0.0,0.0,0.0,0.0,0.0,0.0,0.9520050323247212,0.9716047597121562,0.9838942596905315,0.9399291239096762,0.06322706873690795,0.07836768655935544,0.196822356920592,0.14411050272128761,0.5,0.5285714285714286,0.5428571428571428,0.5271428571428571,0.979904590063578,1.276706413426498,1.8204244046127092,1.4331226305137597,-0.026478355947803473,-0.009831983639749088,0.007498386577328663,-0.007671188276087794,17.0,36.0,57.0,36.857142857142854,0.0,0.0,1.0,0.35,1.3534618065453605,1.4786264415495778,1.7967385708103398,1.5848382136318953,,,,,6.633568410162121,7.252478449574693,7.627115193693478,6.976297385036437,2.5627485655361726,2.669778202248998,3.001461694708052,2.7373949720497226,0.6184976456499302,1.3346967830739658,2.029822214627279,1.9641644692932694,6.443800792530595,6.965198367226723,7.3682044771357464,6.73903693430651,0.0,0.0,0.0,0.0,0.3798782992043927,0.4362969371371168,0.49177676497700534,0.42664480195600357,1.0,1.0,1.0,1.0,1.0,1.0,1.0,1.0,,,,,,,,,,,,
ed_gas__oracle,byzantine,0.5,20,6.0,6.0,6.0,6.0,70.0,70.0,70.0,70.0,-1.0,-1.0,-1.0,-1.0,0.5213273328311676,1.6253998091480493,2.9198994951128134,2.4189689006173842,,,,,,,,,0.0,0.0,0.0,0.0,0.0026339285714285714,0.0031498015873015874,0.0035714285714285713,0.00303108250876108,0.0,0.0,0.0,0.0,0.0,0.0,0.0,0.0,1260.0,1260.0,1400.0,1288.0,1260.0,1260.0,1400.0,1288.0,1.0,1.0,1.0,1.0,0.0,0.0,0.0,0.0,80640.0,80640.0,89600.0,82432.0,64.0,64.0,64.0,64.0,0.0,0.0,0.0,0.0,1260.0,1260.0,1400.0,1288.0,0.0,0.0,0.0,0.0,0.0,0.0,0.0,0.0,0.0,0.0,0.0,0.0,0.0,0.0,0.0,0.0,0.0,0.0,0.0,0.0,0.0,0.0,0.0,0.0,0.9649193689034647,0.9810235848515625,0.9896564986659604,0.964108816573038,0.03289589169874166,0.07635766326606908,0.13490890418522364,0.10834567470645054,0.5,0.5142857142857142,0.5428571428571428,0.5149999999999999,1.3188519809994266,1.897061594295373,2.3987204928116412,1.9694655544317772,-0.034141434840883146,-0.015009974180622752,0.017023518276905642,-0.0011739821143147034,42.5,59.0,63.5,51.0,0.0,0.0,0.0,0.15,1.3534618065453605,1.4786264415495778,1.7967385708103398,1.5848382136318953,,,,,6.633568410162121,7.252478449574693,7.627115193693478,6.976297385036437,2.5627485655361726,2.669778202248998,3.001461694708052,2.7373949720497226,0.5213273328311676,1.6253998091480493,2.9198994951128134,2.4189689006173842,6.105666914346116,6.831697896378497,7.415153992336117,6.520350986429082,0.0,0.0,0.0,0.0,0.33544956824453026,0.4094293021962583,0.4753134751655635,0.4017500168930267,1.0,1.0,1.0,1.0,1.0,1.0,1.0,1.0,,,,,,,,,,,,
ed_gas__oracle,latency,0.0,20,6.0,6.0,6.0,6.0,70.0,70.0,70.0,70.0,-0.006002354422605358,0.0,0.0,-0.004121894352313029,1.0317930954643116e-11,5.269899676580875e-11,1.2099231430060304e-09,4.8086531793695304e-09,,,,,,,,,0.0,0.0,0.0,0.0,0.006205357142857143,0.007142857142857143,0.007142857142857143,0.006690025252525253,0.0,0.0,0.0,0.0,0.0,0.0,0.0,0.0,1260.0,1260.0,1400.0,1288.0,1260.0,1260.0,1400.0,1288.0,1.0,1.0,1.0,1.0,0.0,0.0,0.0,0.0,80640.0,80640.0,89600.0,82432.0,64.0,64.0,64.0,64.0,0.0,0.0,0.0,0.0,1260.0,1260.0,1400.0,1288.0,0.0,0.0,0.0,0.0,0.0,0.0,0.0,0.0,0.0,0.0,0.0,0.0,0.0,0.0,0.0,0.0,0.0,0.0,0.0,0.0,0.0,0.0,0.0,0.0,0.7307046303645943,0.7651581384227899,0.7726634119147029,0.7540365371588224,0.826656455071007,0.9066500129169108,0.950974618354576,0.8701242198310896,0.9285714285714286,1.0,1.0,0.9678571428571429,4.48582000401372e-11,2.1615777522873893e-10,3.3460362194829553e-09,1.624380748781318e-08,-0.04685966865944219,-0.029309676096288668,-0.021110846068288364,-0.035730680625868025,3.75,4.5,6.0,4.9,1.0,1.0,1.0,1.0,1.3534618065453605,1.4786264415495778,1.7967385708103398,1.5848382136318953,,,,,6.633568410162121,7.252478449574693,7.627115193693478,6.976297385036437,2.5627485655361726,2.669778202248998,3.001461694708052,2.7373949720497226,1.0317930954643116e-11,5.269899676580875e-11,1.2099231430060304e-09,4.8086531793695304e-09,0.01570692730064338,0.03068366825462432,0.08353498604530807,0.05728398993387192,0.0,0.0,0.006002354422605358,0.004121894352313029,1.7947488772112503e-06,8.39734402202848e-06,6.774476916147017e-05,9.255093920621521e-05,0.0,0.0,0.0,0.0,0.0,0.0,0.0,0.0,,,,,2.6195869244182886,2.859182492418256,2.9514497630352663,2.6605009792821255,3.4556159980099554,3.7158571798212705,3.97984518334973,3.6905456055908323
ed_gas__oracle,latency,1.0,20,6.0,6.0,6.0,6.0,70.0,70.0,70.0,70.0,-0.03395879702384284,-0.009661819866527668,0.0,-0.021476796597619828,1.4416186565944683e-08,4.530845773343308e-08,9.611495076911599e-08,7.767470185911873e-07,,,,,,,,,0.0,0.0,0.0,0.0,0.008031400966183575,0.010466988727858293,0.011912604303908652,0.010282947225882008,1.0,1.0,1.0,1.0,1.0,1.0,1.0,1.0,1260.0,1260.0,1400.0,1288.0,1242.0,1242.0,1380.0,1269.6,0.9857142857142858,0.9857142857142858,0.9857142857142858,0.9857142857142861,0.014285714285714235,0.014285714285714235,0.014285714285714235,0.014285714285714235,79488.0,79488.0,88320.0,81254.4,64.0,64.0,64.0,64.0,0.0,0.0,0.0,0.0,1242.0,1242.0,1380.0,1269.6,0.0,0.0,0.0,0.0,0.0,0.0,0.0,0.0,0.0,0.0,0.0,0.0,0.0,0.0,0.0,0.0,0.0,0.0,0.0,0.0,0.0,0.0,0.0,0.0,0.7757464693895327,0.7928043033197021,0.8212944017890519,0.7920252852227698,0.7182432865998806,0.8748886804507039,0.9177900425527744,0.8217022121146504,0.6285714285714286,0.75,0.9357142857142857,0.7735714285714287,1.884585955488435e-08,7.403054748890451e-08,1.229059268229914e-07,6.991783779980188e-07,-0.04685966768846379,-0.029309673926295736,-0.02111084567524867,-0.0357306695981771,6.0,6.0,8.0,6.75,1.0,1.0,1.0,1.0,1.3534618065453605,1.4786264415495778,1.7967385708103398,1.5848382136318953,,,,,6.633568410162121,7.252478449574693,7.627115193693478,6.976297385036437,2.5627485655361726,2.669778202248998,3.001461694708052,2.7373949720497226,1.4416186565944683e-08,4.530845773343308e-08,9.611495076911599e-08,7.767470185911873e-07,0.04372725086540985,0.0753576103962681,0.18164452918148188,0.12051808047347046,0.0,0.009661819866527668,0.03395879702384284,0.021476796597619828,1.8222217121993205e-05,7.590061769193015e-05,0.00030246818915939834,0.00036585133016712014,0.0,0.0,0.0,0.0,0.0,0.0,0.0,0.0,,,,,2.696338142824032,2.8994841521265733,2.951476950160227,2.7550302699227434,3.4220122075132693,3.773740662070703,4.12787515084311,3.756666656383179
ed_gas__oracle,latency,2.0,20,6.0,6.0,6.0,6.0,70.0,70.0,70.0,70.0,-0.0690276681687727,-0.015279079429048716,-0.004150471566255585,-0.04122822328686179,5.850211149846957e-08,2.0577110984310496e-07,6.976110697992398e-07,9.030259294934247e-07,,,,,,,,,0.0,0.0,0.0,0.0,0.00978442513368984,0.014297385620915032,0.016822638146167558,0.013981543374925728,2.0,2.0,2.0,2.0,2.0,2.0,2.0,2.0,1260.0,1260.0,1400.0,1288.0,1224.0,1224.0,1360.0,1251.2,0.9714285714285714,0.9714285714285714,0.9714285714285714,0.9714285714285713,0.02857142857142858,0.02857142857142858,0.02857142857142858,0.02857142857142858,78336.0,78336.0,87040.0,80076.8,64.0,64.0,64.0,64.0,0.0,0.0,0.0,0.0,1224.0,1224.0,1360.0,1251.2,0.0,0.0,0.0,0.0,0.0,0.0,0.0,0.0,0.0,0.0,0.0,0.0,0.0,0.0,0.0,0.0,0.0,0.0,0.0,0.0,0.0,0.0,0.0,0.0,0.6919431276053883,0.7691310903887836,0.81781073879256,0.7495760750631614,0.8926355781796537,0.927027787453496,0.9644635961939788,0.9100327710570237,0.6214285714285714,0.6571428571428571,0.8464285714285714,0.7264285714285713,8.691903066780107e-08,2.6086281206743304e-07,8.360014063405416e-07,1.2274307260238753e-06,-0.04685966594449553,-0.02930967093535845,-0.021110844627501797,-0.03573066779419265,7.0,9.0,10.25,9.1,1.0,1.0,1.0,1.0,1.3534618065453605,1.4786264415495778,1.7967385708103398,1.5848382136318953,,,,,6.633568410162121,7.252478449574693,7.627115193693478,6.976297385036437,2.5627485655361726,2.669778202248998,3.001461694708052,2.7373949720497226,5.850211149846957e-08,2.0577110984310496e-07,6.976110697992398e-07,9.030259294934247e-07,0.055777439246067484,0.09126159488223395,0.312694501179027,0.20262154000174407,0.004150471566255585,0.015279079429048716,0.0690276681687727,0.04122822328686179,2.596013025370197e-05,8.228912384683449e-05,0.0012959689908732584,0.0011057410983671503,0.0,0.0,0.0,0.0,0.0,0.0,0.0,0.0,,,,,2.732737385733994,2.925205199952011,2.9846637147306083,2.821842672582161,3.390405465267471,3.8700306729151404,4.204150345327607,3.819158750369481
ed_gas__oracle,latency,4.0,20,6.0,6.0,6.0,6.0,70.0,70.0,70.0,70.0,-0.08697534370694686,-0.025720542651116667,-0.012043999883724666,-0.06630939245455048,9.32061110757016e-07,2.0338354631616134e-06,1.202893383961418e-05,2.4279367594539303e-05,,,,,,,,,0.0,0.0,0.0,0.0,0.01378271349862259,0.02230639730639731,0.027089072543617997,0.021714971686562595,4.0,4.0,4.0,4.0,4.0,4.0,4.0,4.0,1260.0,1260.0,1400.0,1288.0,1188.0,1188.0,1320.0,1214.4,0.9428571428571428,0.9428571428571428,0.9428571428571428,0.9428571428571428,0.05714285714285716,0.05714285714285716,0.05714285714285716,0.05714285714285716,76032.0,76032.0,84480.0,77721.6,64.0,64.0,64.0,64.0,0.0,0.0,0.0,0.0,1188.0,1188.0,1320.0,1214.4,0.0,0.0,0.0,0.0,0.0,0.0,0.0,0.0,0.0,0.0,0.0,0.0,0.0,0.0,0.0,0.0,0.0,0.0,0.0,0.0,0.0,0.0,0.0,0.0,0.7953708448956508,0.8226955551979634,0.8403375301013866,0.8153230487038,0.8730480478047213,0.9286292187249952,0.9640523766865229,0.9123265110199604,0.5678571428571428,0.6214285714285714,0.7035714285714285,0.6557142857142856,2.147224630276289e-06,6.9034978309265185e-06,2.6182227161823688e-05,0.000524436622769664,-0.046859617388605605,-0.029309662404852783,-0.02111062350335039,-0.03573033384645458,11.0,15.0,16.0,13.95,1.0,1.0,1.0,1.0,1.3534618065453605,1.4786264415495778,1.7967385708103398,1.5848382136318953,,,,,6.633568410162121,7.252478449574693,7.627115193693478,6.976297385036437,2.5627485655361726,2.669778202248998,3.001461694708052,2.7373949720497226,9.32061110757016e-07,2.0338354631616134e-06,1.202893383961418e-05,2.4279367594539303e-05,0.07917611521039536,0.1793687019631891,0.4070789494003191,0.3198866745372574,0.012043999883724666,0.025720542651116667,0.08697534370694686,0.06630939245455048,5.88135642062195e-05,0.00027806851076873565,0.0022624874208214216,0.002473777224535809,0.0,0.0,0.0,0.0,0.0,0.0,0.0,0.0,,,,,2.838216185615091,2.9340276367493727,3.0,2.8787880372788512,3.3645909327120624,4.0251534447546025,4.286414152457937,3.8986059032775637
ed_gas__oracle,latency,8.0,20,6.0,6.0,6.0,6.0,70.0,70.0,70.0,70.0,-0.1056880235270313,-0.034008423467057916,-0.014778544767118712,-0.07976300791911815,2.851017910915968e-05,9.885941268522158e-05,0.0007498352485877475,0.0009793624770127163,,,,,,,,,0.0,0.0,0.0,0.0,0.02255315249266862,0.039874551971326166,0.04973118279569892,0.038678620886282176,8.0,8.0,8.0,8.0,8.0,8.0,8.0,8.0,1260.0,1260.0,1400.0,1288.0,1116.0,1116.0,1240.0,1140.8,0.8857142857142857,0.8857142857142857,0.8857142857142857,0.8857142857142858,0.11428571428571432,0.11428571428571432,0.11428571428571432,0.11428571428571432,71424.0,71424.0,79360.0,73011.2,64.0,64.0,64.0,64.0,0.0,0.0,0.0,0.0,1116.0,1116.0,1240.0,1140.8,0.0,0.0,0.0,0.0,0.0,0.0,0.0,0.0,0.0,0.0,0.0,0.0,0.0,0.0,0.0,0.0,0.0,0.0,0.0,0.0,0.0,0.0,0.0,0.0,0.8462736221629626,0.8650479490665617,0.8898603997417436,0.8652925003220255,0.8233720929087143,0.9180240134846015,0.9553368106372335,0.8832582227252124,0.5,0.5285714285714286,0.5928571428571429,0.5549999999999999,0.00013806017752783335,0.0003838226628558862,0.0033533770883784272,0.0034692588971966948,-0.04685591263514927,-0.02930907577397073,-0.021099362311959517,-0.03571668980203432,19.0,27.0,28.25,24.65,1.0,1.0,1.0,1.0,1.3534618065453605,1.4786264415495778,1.7967385708103398,1.5848382136318953,,,,,6.633568410162121,7.252478449574693,7.627115193693478,6.976297385036437,2.5627485655361726,2.669778202248998,3.001461694708052,2.7373949720497226,2.851017910915968e-05,9.885941268522158e-05,0.0007498352485877475,0.0009793624770127163,0.10386186861141766,0.18335144292755778,0.45125439263853817,0.38813758519483627,0.014778544767118712,0.034008423467057916,0.1056880235270313,0.07976300791911815,0.00010529940607487518,0.0005163973322414326,0.0025550120034083476,0.0035378688494108234,0.0,0.0,0.0,0.0,0.0,0.0,0.0,0.0,,,,,2.8595740627410002,2.947703793328503,3.0,2.9020117380829893,3.4157825886229585,4.03301935118699,4.416646190716539,3.935990140683728
ed_gas__oracle,msg_drop,0.0,20,6.0,6.0,6.0,6.0,70.0,70.0,70.0,70.0,-0.006002354422605358,0.0,0.0,-0.004121894352313029,1.0317930954643116e-11,5.269899676580875e-11,1.2099231430060304e-09,4.8086531793695304e-09,,,,,,,,,0.0,0.0,0.0,0.0,0.006205357142857143,0.007142857142857143,0.007142857142857143,0.006690025252525253,0.0,0.0,0.0,0.0,0.0,0.0,0.0,0.0,1260.0,1260.0,1400.0,1288.0,1260.0,1260.0,1400.0,1288.0,1.0,1.0,1.0,1.0,0.0,0.0,0.0,0.0,80640.0,80640.0,89600.0,82432.0,64.0,64.0,64.0,64.0,0.0,0.0,0.0,0.0,1260.0,1260.0,1400.0,1288.0,0.0,0.0,0.0,0.0,0.0,0.0,0.0,0.0,0.0,0.0,0.0,0.0,0.0,0.0,0.0,0.0,0.0,0.0,0.0,0.0,0.0,0.0,0.0,0.0,0.7307046303645943,0.7651581384227899,0.7726634119147029,0.7540365371588224,0.826656455071007,0.9066500129169108,0.950974618354576,0.8701242198310896,0.9285714285714286,1.0,1.0,0.9678571428571429,4.48582000401372e-11,2.1615777522873893e-10,3.3460362194829553e-09,1.624380748781318e-08,-0.04685966865944219,-0.029309676096288668,-0.021110846068288364,-0.035730680625868025,3.75,4.5,6.0,4.9,1.0,1.0,1.0,1.0,1.3534618065453605,1.4786264415495778,1.7967385708103398,1.5848382136318953,,,,,6.633568410162121,7.252478449574693,7.627115193693478,6.976297385036437,2.5627485655361726,2.669778202248998,3.001461694708052,2.7373949720497226,1.0317930954643116e-11,5.269899676580875e-11,1.2099231430060304e-09,4.8086531793695304e-09,0.01570692730064338,0.03068366825462432,0.08353498604530807,0.05728398993387192,0.0,0.0,0.006002354422605358,0.004121894352313029,1.7947488772112503e-06,8.39734402202848e-06,6.774476916147017e-05,9.255093920621521e-05,0.0,0.0,0.0,0.0,0.0,0.0,0.0,0.0,,,,,2.6195869244182886,2.859182492418256,2.9514497630352663,2.6605009792821255,3.4556159980099554,3.7158571798212705,3.97984518334973,3.6905456055908323
ed_gas__oracle,msg_drop,0.1,20,6.0,6.0,6.0,6.0,70.0,70.0,70.0,70.0,-0.021854648039102715,-0.002850917535365879,0.0,-0.018945110744001622,3.137807157946518e-11,1.2080621244553303e-10,4.205211604277644e-09,5.315121262028902e-09,,,,,,,,,0.0,0.0,0.0,0.0,0.10297619047619049,0.10723562152133581,0.11369047619047619,0.10857051381158525,0.0,0.0,0.0,0.0,0.0,0.0,0.0,0.0,1260.0,1260.0,1400.0,1288.0,1115.5,1132.5,1256.5,1156.35,0.8927380952380952,0.8988404452690166,0.9034090909090909,0.8974509637188209,0.09659090909090909,0.10115955473098331,0.10726190476190481,0.10254903628117915,71392.0,72480.0,80416.0,74006.4,64.0,64.0,64.0,64.0,0.0,0.0,0.0,0.0,1115.5,1132.5,1256.5,1156.35,0.0,0.0,0.0,0.0,0.0,0.0,0.0,0.0,126.0,131.0,144.0,131.65,0.0,0.0,0.0,0.0,0.0,0.0,0.0,0.0,0.0,0.0,0.0,0.0,0.7144021229812645,0.7534529025376158,0.7913166030751388,0.7584078370635865,0.8204843461980268,0.908544966517182,0.963086678274405,0.8795932559574892,0.8964285714285715,0.9714285714285715,0.9892857142857143,0.9342857142857142,1.1022114820393683e-10,3.848107858859331e-10,1.4858690265338929e-08,1.7300914471772394e-08,-0.04685966862299998,-0.029309676096012836,-0.021110846071598736,-0.035730680618632764,4.0,4.5,6.25,5.3,1.0,1.0,1.0,1.0,1.3534618065453605,1.4786264415495778,1.7967385708103398,1.5848382136318953,,,,,6.633568410162121,7.252478449574693,7.627115193693478,6.976297385036437,2.5627485655361726,2.669778202248998,3.001461694708052,2.7373949720497226,3.137807157946518e-11,1.2080621244553303e-10,4.205211604277644e-09,5.315121262028902e-09,0.0366458367358502,0.13498600991328313,0.1978657186614481,0.12205279792256225,0.0,0.0011215408788006775,0.015718707792928145,0.010611777410668289,1.862803476863084e-05,0.0001524865839585372,0.0004041000394498305,0.00024129984448815572,0.0,0.0,0.0,0.008333333333333333,0.0,0.0,0.0,0.0,,,,,2.642757431860269,2.8382275293846533,2.9607637277352428,2.6530220600912005,3.418784327576259,3.6113590316840254,4.02693543688323,3.6768219408206293
ed_gas__oracle,msg_drop,0.3,20,6.0,6.0,6.0,6.0,70.0,70.0,70.0,70.0,-0.04302708307509513,-0.019356333827574793,0.0,-0.037629870146241744,1.5768361936449845e-10,1.6440827750070005e-09,1.3829324956758398e-08,2.3545501592670582e-08,,,,,,,,,0.0,0.0,0.0,0.0,0.2990327380952381,0.3073979591836735,0.30992063492063493,0.3063503659039373,0.0,0.0,0.0,0.0,0.0,0.0,0.0,0.0,1260.0,1260.0,1400.0,1288.0,871.25,887.0,964.75,899.7,0.6950892857142856,0.6967893217893217,0.7045386904761906,0.6983231550195834,0.29546130952380945,0.3032106782106782,0.3049107142857143,0.30167684498041636,55760.0,56768.0,61744.0,57580.8,64.0,64.0,64.0,64.0,0.0,0.0,0.0,0.0,871.25,887.0,964.75,899.7,0.0,0.0,0.0,0.0,0.0,0.0,0.0,0.0,366.0,382.5,420.25,388.3,0.0,0.0,0.0,0.0,0.0,0.0,0.0,0.0,0.0,0.0,0.0,0.0,0.7350480834590284,0.7549721341747815,0.7887637231851115,0.7568312544290434,0.8610196666265133,0.9527912284111719,0.9900159093782821,0.9119890359520454,0.7857142857142857,0.8857142857142857,0.9321428571428572,0.8571428571428573,1.0074349548071103e-09,4.337766676442063e-09,4.297452348419872e-08,8.418375393283283e-08,-0.04685966850043699,-0.029309676096111757,-0.02111084602620846,-0.03573068035819877,4.0,5.5,9.25,6.6,1.0,1.0,1.0,1.0,1.3534618065453605,1.4786264415495778,1.7967385708103398,1.5848382136318953,,,,,6.633568410162121,7.252478449574693,7.627115193693478,6.976297385036437,2.5627485655361726,2.669778202248998,3.001461694708052,2.7373949720497226,1.5768361936449845e-10,1.6440827750070005e-09,1.3829324956758398e-08,2.3545501592670582e-08,0.0802527995852873,0.1716609444399797,0.2533130448127425,0.1850457627726611,0.0,0.01116804606671019,0.03717298768170425,0.02096320347957508,5.995214544565926e-05,0.00031915611118545046,0.0006123139230475466,0.0006557104216028914,0.0,0.0,0.0,0.016666666666666666,0.0,0.0,0.0,0.0,,,,,2.6265558686350308,2.8735621924412906,2.9918138814856543,2.6430363451775154,3.4132681854956015,3.67008405390399,3.9364153937819024,3.6788324713925364
ed_gas__oracle,msg_drop,0.5,20,6.0,6.0,6.0,6.0,70.0,70.0,70.0,70.0,-0.020225147495764356,0.0,0.0,-0.05369847272230085,1.873094369650991e-08,1.026037108116368e-07,2.8443550137373075e-07,8.138434469382792e-07,,,,,,,,,0.0,0.0,0.0,0.0,0.4986111111111111,0.5031746031746032,0.5113715277777777,0.5041467287672645,0.0,0.0,0.0,0.0,0.0,0.0,0.0,0.0,1260.0,1260.0,1400.0,1288.0,615.25,633.0,697.25,643.6,0.4918650793650794,0.5003968253968254,0.5049603174603174,0.4992764120799835,0.49503968253968256,0.4996031746031746,0.5081349206349206,0.5007235879200165,39376.0,40512.0,44624.0,41190.4,64.0,64.0,64.0,64.0,0.0,0.0,0.0,0.0,615.25,633.0,697.25,643.6,0.0,0.0,0.0,0.0,0.0,0.0,0.0,0.0,616.75,634.5,687.75,644.4,0.0,0.0,0.0,0.0,0.0,0.0,0.0,0.0,0.0,0.0,0.0,0.0,0.7869361585463523,0.8016898243932417,0.8296042445334366,0.7993921994081432,0.9177363199312111,0.9589301025824022,0.9854168045098012,0.9334245624000186,0.6964285714285714,0.7357142857142858,0.8571428571428571,0.7699999999999999,9.541658837223096e-08,4.2372926110740125e-07,1.1032622143798568e-06,3.2261178260749175e-06,-0.046859667880185245,-0.029309674829651158,-0.021110843685227997,-0.035730669068228124,5.75,8.0,12.25,9.3,1.0,1.0,1.0,1.0,1.3534618065453605,1.4786264415495778,1.7967385708103398,1.5848382136318953,,,,,6.633568410162121,7.252478449574693,7.627115193693478,6.976297385036437,2.5627485655361726,2.669778202248998,3.001461694708052,2.7373949720497226,1.873094369650991e-08,1.026037108116368e-07,2.8443550137373075e-07,8.138434469382792e-07,0.13108317059762964,0.2317415041486952,0.40229314676072714,0.3311524213403592,0.0,0.0,0.010464328204047794,0.020365139388967515,0.0002054334724480253,0.0005863023679222085,0.00136135960941211,0.0030371534945761894,0.0,0.0,0.0,0.03333333333333334,0.0,0.0,0.0,0.0,,,,,2.544743797188331,2.8511110514816886,2.9348416084765447,2.5547679629732625,3.280430229636062,3.6354707888942386,3.8474719304233176,3.6059154795894783
ed_gas__oracle,msg_drop,0.7,20,6.0,6.0,6.0,6.0,70.0,70.0,70.0,70.0,-0.12730413521364903,-0.06352417046980152,0.0,-0.08482685489891897,4.48587118753824e-07,2.6051808741634265e-06,1.9579936816137933e-05,6.872570170879649e-05,,,,,,,,,0.0,0.0,0.0,0.0,0.6939303751803751,0.6998412698412698,0.7025081168831169,0.6987504380540095,0.0,0.0,0.0,0.0,0.0,0.0,0.0,0.0,1260.0,1260.0,1400.0,1288.0,371.0,385.0,417.0,391.1,0.29946428571428574,0.3026190476190476,0.3087121212121212,0.30358105287569576,0.6912878787878787,0.6973809523809523,0.7005357142857143,0.6964189471243043,23744.0,24640.0,26688.0,25030.4,64.0,64.0,64.0,64.0,0.0,0.0,0.0,0.0,371.0,385.0,417.0,391.1,0.0,0.0,0.0,0.0,0.0,0.0,0.0,0.0,860.25,880.0,977.75,896.9,0.0,0.0,0.0,0.0,0.0,0.0,0.0,0.0,0.0,0.0,0.0,0.0,0.8080510088383435,0.8408530095192118,0.8777942107022757,0.8318013442896527,0.9278396076980089,0.9599958166070848,0.9680874587003102,0.9325767063682517,0.6535714285714286,0.7071428571428571,0.7178571428571429,0.6892857142857143,1.7218444121050055e-06,1.0212825549689224e-05,7.305244125193403e-05,8.938967121323435e-05,-0.046859663582376566,-0.02930930734864533,-0.02111079790707375,-0.03572969889882438,9.5,12.5,16.25,13.25,1.0,1.0,1.0,1.0,1.3534618065453605,1.4786264415495778,1.7967385708103398,1.5848382136318953,,,,,6.633568410162121,7.252478449574693,7.627115193693478,6.976297385036437,2.5627485655361726,2.669778202248998,3.001461694708052,2.7373949720497226,4.48587118753824e-07,2.6051808741634265e-06,1.9579936816137933e-05,6.872570170879649e-05,0.26887907779505826,0.3449038787517673,0.47918789186749233,0.40199652868263724,0.0,0.026454319898786913,0.08837475248860083,0.05566018823225229,0.0008272837242122089,0.001381129967271451,0.002179134554573271,0.002275293887710131,0.0,0.0,0.0,0.029166666666666667,0.0,0.0,0.0,0.0,,,,,2.5665229246946826,2.857901049563199,3.0,2.630605322151318,3.2850413051052536,3.80212663512139,4.1803602918344485,3.7999585562201696
ed_gas__oracle,msg_drop,1.0,20,6.0,6.0,6.0,6.0,70.0,70.0,70.0,70.0,-0.08208888522535136,-0.0527896838005538,-0.033264580261175354,-0.07079492308906928,1.4777592250532785,2.0516773267472788,3.28017680933905,2.501147648619415,,,,,,,,,0.0,0.0,0.0,0.0,1.0,1.0,1.0,1.0,0.0,0.0,0.0,0.0,0.0,0.0,0.0,0.0,1260.0,1260.0,1400.0,1288.0,0.0,0.0,0.0,0.0,0.0,0.0,0.0,0.0,1.0,1.0,1.0,1.0,0.0,0.0,0.0,0.0,0.0,0.0,0.0,0.0,0.0,0.0,0.0,0.0,0.0,0.0,0.0,0.0,0.0,0.0,0.0,0.0,0.0,0.0,0.0,0.0,1260.0,1260.0,1400.0,1288.0,0.0,0.0,0.0,0.0,0.0,0.0,0.0,0.0,0.0,0.0,0.0,0.0,1.0,1.0,1.0,1.0,0.0,0.0,0.0,0.0,1.0,1.0,1.0,1.0,1.4777592250532783,2.0516773267472788,3.28017680933905,2.5011476486194155,0.0,0.0,0.0,0.0,,,,,0.0,0.0,0.0,0.0,1.3534618065453605,1.4786264415495778,1.7967385708103398,1.5848382136318953,,,,,6.633568410162121,7.252478449574693,7.627115193693478,6.976297385036437,2.5627485655361726,2.669778202248998,3.001461694708052,2.7373949720497226,1.4777592250532785,2.0516773267472788,3.28017680933905,2.501147648619415,0.0,8.881784197001252e-16,0.07085066072253832,0.047785789088784635,0.033264580261175354,0.0527896838005538,0.08208888522535136,0.07079492308906928,0.04528891401304944,0.0645932749305612,0.09231496628187184,0.0801422891916268,0.0,0.0,0.0,0.0,0.0,0.0,0.0,0.0,,,,,2.848098079311506,2.9252027488181707,2.970463811228799,2.9034315366296566,3.0672584871200446,3.086233255462111,3.102059630198371,3.09446816491898
ed_power__gnn,bandwidth,0.0,20,6.0,6.0,6.0,6.0,70.0,70.0,70.0,70.0,-0.13846212420705162,-0.08990613377973744,-0.04878048780487805,-0.11705871139985083,5.229493983344758e-12,3.3660530587254535e-11,9.967128820531491e-10,2.283448994389361e-08,,,,,,,,,0.0,0.0,0.0,0.0,0.006205357142857143,0.007142857142857143,0.007142857142857143,0.006690025252525253,0.0,0.0,0.0,0.0,0.0,0.0,0.0,0.0,1260.0,1260.0,1400.0,1288.0,1260.0,1260.0,1400.0,1288.0,1.0,1.0,1.0,1.0,0.0,0.0,0.0,0.0,80640.0,80640.0,89600.0,82432.0,64.0,64.0,64.0,64.0,0.0,0.0,0.0,0.0,1260.0,1260.0,1400.0,1288.0,0.0,0.0,0.0,0.0,0.0,0.0,0.0,0.0,0.0,0.0,0.0,0.0,0.0,0.0,0.0,0.0,0.0,0.0,0.0,0.0,0.0,0.0,0.0,0.0,0.7221277361562722,0.7676439376336613,0.8086783406292696,0.7592566642966436,0.7982487608636558,0.8400819934570907,0.8726492546412115,0.8231199218270537,0.9714285714285714,1.0,1.0,0.9835714285714285,1.7024458693263152e-11,1.1674921572667517e-10,2.347666085851011e-09,3.8156116755358166e-08,-0.046859668697929825,-0.029309676096166463,-0.021110846071879703,-0.035730680368356076,3.0,4.0,4.25,3.8,1.0,1.0,1.0,1.0,1.3534618065453605,1.4786264415495778,1.7967385708103398,1.5848382136318953,,,,,6.633568410162121,7.252478449574693,7.627115193693478,6.976297385036437,2.5627485655361726,2.669778202248998,3.001461694708052,2.7373949720497226,5.229493983344758e-12,3.3660530587254535e-11,9.967128820531491e-10,2.283448994389361e-08,0.19359302356345798,0.286594046338029,0.4360934966727896,0.41088910481418034,0.0,0.03153483640362418,0.0715638649898271,0.06340017481448497,0.0004652318154053586,0.0006790870340784275,0.0028423649202798896,0.0033999854712576487,0.04878048780487805,0.04878048780487805,0.07317073170731707,0.05365853658536586,0.0,0.0,0.0,0.0,105.08398661237327,118.55595909783432,151.32880130013285,129.91660118928726,,,,,,,,
ed_power__gnn,bandwidth,1.0,20,6.0,6.0,6.0,6.0,70.0,70.0,70.0,70.0,-0.1123942432162997,-0.07317073170731707,-0.024390243902439025,-0.13260534096210524,0.0,3.41060508506167e-16,6.821210180711256e-16,9.678539448783462e-15,,,,,,,,,0.1833400124939714,0.18740499770168711,0.1936388740837277,0.18860141531974434,0.0,0.0,0.0,0.0,0.0,0.0,0.0,0.0,0.0,0.0,0.0,0.0,1260.0,1260.0,1400.0,1288.0,1260.0,1260.0,1400.0,1288.0,1.0,1.0,1.0,1.0,0.0,0.0,0.0,0.0,2520.0,2520.0,2800.0,2576.0,2.0,2.0,2.0,2.0,0.0,0.0,0.0,0.0,1260.0,1260.0,1400.0,1288.0,0.0,0.0,0.0,0.0,0.0,0.0,0.0,0.0,0.0,0.0,0.0,0.0,0.0,0.0,0.0,0.0,0.0,0.0,0.0,0.0,0.0,0.0,0.0,0.0,0.2136817667802664,0.2243702647575044,0.24862827025735576,0.2332266898671215,0.9959815313893192,0.9971545111887806,0.9982318215118073,0.9967252070845918,1.0,1.0,1.0,0.9985714285714288,7.395570986446986e-32,3.4106050850616706e-16,6.821210201887078e-16,9.678539448995222e-15,-0.04685966870484306,-0.0293096760963897,-0.021110846072189524,-0.035730680694562936,3.0,3.0,3.0,2.95,1.0,1.0,1.0,1.0,1.3534618065453605,1.4786264415495778,1.7967385708103398,1.5848382136318953,,,,,6.633568410162121,7.252478449574693,7.627115193693478,6.976297385036437,2.5627485655361726,2.669778202248998,3.001461694708052,2.7373949720497226,0.0,3.41060508506167e-16,6.821210180711256e-16,9.678539448783462e-15,0.5696268228672599,1.4172081091182518,1.7374831218418447,1.3755218113777377,0.0,0.0,0.02093082858215337,0.07772729218161742,0.002810614388288701,0.02045904563927302,0.03244836648369335,0.027255844752947476,0.024390243902439025,0.04878048780487805,0.07317073170731707,0.05487804878048781,0.0,0.0,0.0,0.0,84.18204295612644,112.63124550441971,158.1806629828146,124.76204008643747,,,,,,,,
ed_power__gnn,bandwidth,2.0,20,6.0,6.0,6.0,6.0,70.0,70.0,70.0,70.0,-0.4751038842908144,-0.31791901690195545,-0.10600839842063622,-0.34070704435989146,1.1832913578315177e-30,4.2632567533738393e-17,4.9027452663798975e-17,0.48253017416756994,,,,,,,,,0.02240127199924985,0.02276976062638933,0.02476669354571726,0.023970494836176963,0.0,0.0,0.0,0.0,0.0,0.0,0.0,0.0,0.0,0.0,0.0,0.0,1260.0,1260.0,1400.0,1288.0,1260.0,1260.0,1400.0,1288.0,1.0,1.0,1.0,1.0,0.0,0.0,0.0,0.0,5040.0,5040.0,5600.0,5152.0,4.0,4.0,4.0,4.0,0.0,0.0,0.0,0.0,1260.0,1260.0,1400.0,1288.0,0.0,0.0,0.0,0.0,0.0,0.0,0.0,0.0,0.0,0.0,0.0,0.0,0.0,0.0,0.0,0.0,0.0,0.0,0.0,0.0,0.0,0.0,0.0,0.0,0.19474289425843247,0.21880723599399865,0.2402045240748936,0.2886456687498475,0.9944173911361482,0.9966849990206214,0.9978238517649326,0.8966812426795885,1.0,1.0,1.0,0.9421428571428571,1.1832913578315177e-30,4.2632566210249344e-17,4.9027452663798975e-17,0.4825301816459602,-0.04685966870484357,-0.02784486637505545,-0.01853526388166205,-0.028837392492169222,3.0,3.0,3.0,2.888888888888889,1.0,1.0,1.0,0.9,1.3534618065453605,1.4786264415495778,1.7967385708103398,1.5848382136318953,,,,,6.633568410162121,7.252478449574693,7.627115193693478,6.976297385036437,2.5627485655361726,2.669778202248998,3.001461694708052,2.7373949720497226,1.1832913578315177e-30,4.2632567533738393e-17,4.9027452663798975e-17,0.48253017416756994,1.0079043315975342,1.5083229848861064,1.9443587937362925,1.6291545147439337,0.05113034964014842,0.26013423693823445,0.3923034300613495,0.27485338582330604,0.008880365923954777,0.02913183126267528,0.0529708552326848,0.05701915206887644,0.04878048780487805,0.04878048780487805,0.07317073170731707,0.06585365853658537,0.0,0.0,0.0,0.0,112.0653154648125,131.450457483047,176.71974079612906,138.19980575255946,,,,,,,,
ed_power__gnn,bandwidth,3.0,20,6.0,6.0,6.0,6.0,70.0,70.0,70.0,70.0,-0.29514805258505544,-0.16011185422911908,-0.04971932570390457,-0.2114656325133461,1.705302701349528e-17,1.8118840407745536e-17,1.1491210952097538e-13,0.01256618265727343,,,,,,,,,0.005997522036867527,0.006673345752131486,0.00817325247666634,0.012466571571432446,0.0,0.0,0.0,0.0,0.0,0.0,0.0,0.0,0.0,0.0,0.0,0.0,1260.0,1260.0,1400.0,1288.0,1260.0,1260.0,1400.0,1288.0,1.0,1.0,1.0,1.0,0.0,0.0,0.0,0.0,7560.0,7560.0,8400.0,7728.0,6.0,6.0,6.0,6.0,0.0,0.0,0.0,0.0,1260.0,1260.0,1400.0,1288.0,0.0,0.0,0.0,0.0,0.0,0.0,0.0,0.0,0.0,0.0,0.0,0.0,0.0,0.0,0.0,0.0,0.0,0.0,0.0,0.0,0.0,0.0,0.0,0.0,0.20857539017239668,0.24308562406288858,0.2905750867727309,0.2900108484951179,0.9942106008075247,0.9969324270683114,0.997799616363833,0.9406374674648985,0.9964285714285714,1.0,1.0,0.9292857142857143,1.705302701349528e-17,1.8118840804792196e-17,1.1491210952596684e-13,0.012607366339051521,-0.04685365890514914,-0.029309676096386874,-0.01965255831794726,-0.03555116379945917,3.0,3.0,3.0,3.473684210526316,1.0,1.0,1.0,0.95,1.3534618065453605,1.4786264415495778,1.7967385708103398,1.5848382136318953,,,,,6.633568410162121,7.252478449574693,7.627115193693478,6.976297385036437,2.5627485655361726,2.669778202248998,3.001461694708052,2.7373949720497226,1.705302701349528e-17,1.8118840407745536e-17,1.1491210952097538e-13,0.01256618265727343,0.3949139703661748,0.8979884580776973,1.3558188979943069,0.954607398544017,0.0,0.11133136642424102,0.2463675647801774,0.15658758373285828,0.0017008994454467282,0.01036979234478821,0.018516379880565682,0.017427531129967845,0.04878048780487805,0.04878048780487805,0.07317073170731707,0.05487804878048781,0.0,0.0,0.0,0.0,102.23568526852077,125.35397327018516,164.69060943194393,133.3258184726052,,,,,,,,
ed_power__gnn,bandwidth,4.0,20,6.0,6.0,6.0,6.0,70.0,70.0,70.0,70.0,-0.25835242350293497,-0.08060068231254891,-0.042682926829268296,-0.15163323187510608,2.6645354708591426e-18,4.751428882312395e-14,1.0406838228187725e-13,0.002605831426803929,,,,,,,,,0.002088460844956435,0.003038813643176165,0.004125655871375315,0.00447996446019424,0.0,0.0,0.0,0.0,0.0,0.0,0.0,0.0,0.0,0.0,0.0,0.0,1260.0,1260.0,1400.0,1288.0,1260.0,1260.0,1400.0,1288.0,1.0,1.0,1.0,1.0,0.0,0.0,0.0,0.0,10080.0,10080.0,11200.0,10304.0,8.0,8.0,8.0,8.0,0.0,0.0,0.0,0.0,1260.0,1260.0,1400.0,1288.0,0.0,0.0,0.0,0.0,0.0,0.0,0.0,0.0,0.0,0.0,0.0,0.0,0.0,0.0,0.0,0.0,0.0,0.0,0.0,0.0,0.0,0.0,0.0,0.0,0.20491070704339623,0.2596097572653002,0.2921179088531855,0.25702997396118554,0.9839586374324569,0.9953732550701508,0.9976583210357389,0.9827732495711607,0.9678571428571429,1.0,1.0,0.9199999999999999,2.6645354708591426e-18,4.7514288814366875e-14,9.753811255100776e-14,0.0028614794535397185,-0.046858243240287215,-0.029309676096387773,-0.021000283641822232,-0.03569345453132303,3.0,3.0,3.5,3.9473684210526314,1.0,1.0,1.0,0.95,1.3534618065453605,1.4786264415495778,1.7967385708103398,1.5848382136318953,,,,,6.633568410162121,7.252478449574693,7.627115193693478,6.976297385036437,2.5627485655361726,2.669778202248998,3.001461694708052,2.7373949720497226,2.6645354708591426e-18,4.751428882312395e-14,1.0406838228187725e-13,0.002605831426803929,0.17097630983670875,0.6895351049331682,1.2391088247543185,0.8028767991579226,0.0,0.00742995060523184,0.15839938270306575,0.09797469528974019,0.0004190050749512791,0.003347069190410532,0.013903439953947116,0.011191031662920736,0.024390243902439025,0.04878048780487805,0.054878048780487805,0.05365853658536586,0.0,0.0,0.0,0.0,99.21569582608154,117.05750743747839,157.48181235752728,128.44597242817255,,,,,,,,
ed_power__gnn,bandwidth,8.0,20,6.0,6.0,6.0,6.0,70.0,70.0,70.0,70.0,-0.11543396347632161,-0.06943408947835594,-0.04878048780487805,-0.0990760947527887,1.6653346693007692e-19,4.7298628009634363e-14,1.6348398702472976e-06,0.0002768576006496509,,,,,,,,,0.00018369632263928742,0.0007111933598767792,0.0019251118260260945,0.0016221625945346853,0.0,0.0,0.0,0.0,0.0,0.0,0.0,0.0,0.0,0.0,0.0,0.0,1260.0,1260.0,1400.0,1288.0,1260.0,1260.0,1400.0,1288.0,1.0,1.0,1.0,1.0,0.0,0.0,0.0,0.0,20160.0,20160.0,22400.0,20608.0,16.0,16.0,16.0,16.0,0.0,0.0,0.0,0.0,1260.0,1260.0,1400.0,1288.0,0.0,0.0,0.0,0.0,0.0,0.0,0.0,0.0,0.0,0.0,0.0,0.0,0.0,0.0,0.0,0.0,0.0,0.0,0.0,0.0,0.0,0.0,0.0,0.0,0.275316725023636,0.32446827833555103,0.43912451328325336,0.3908815925764745,0.9499837449450529,0.9731251812266742,0.9888001061141714,0.9294343567604881,0.8535714285714286,1.0,1.0,0.8921428571428571,1.6653346693007692e-19,4.7298627925341546e-14,1.751703022190256e-06,0.00027761813007629916,-0.04685966870483991,-0.029309652618242997,-0.02111084607218969,-0.035726725585982375,3.0,3.0,4.0,3.45,1.0,1.0,1.0,1.0,1.3534618065453605,1.4786264415495778,1.7967385708103398,1.5848382136318953,,,,,6.633568410162121,7.252478449574693,7.627115193693478,6.976297385036437,2.5627485655361726,2.669778202248998,3.001461694708052,2.7373949720497226,1.6653346693007692e-19,4.7298628009634363e-14,1.6348398702472976e-06,0.0002768576006496509,0.0983823377172528,0.24153220419056698,0.5069342106685819,0.49799313903169606,0.0,0.004094514064891662,0.04228364939607336,0.04907609475278869,8.732755573199615e-05,0.0008010738422744347,0.0027597632312387943,0.006610164050287448,0.042682926829268296,0.04878048780487805,0.054878048780487805,0.05,0.0,0.0,0.0,0.0,96.04828697346899,122.17434271131319,147.01789495713,126.63361235003966,,,,,,,,
ed_power__gnn,byzantine,0.0,20,6.0,6.0,6.0,6.0,70.0,70.0,70.0,70.0,-0.13846212420705162,-0.08990613377973744,-0.04878048780487805,-0.11705871139985083,5.229493983344758e-12,3.3660530587254535e-11,9.967128820531491e-10,2.283448994389361e-08,,,,,,,,,0.0,0.0,0.0,0.0,0.006205357142857143,0.007142857142857143,0.007142857142857143,0.006690025252525253,0.0,0.0,0.0,0.0,0.0,0.0,0.0,0.0,1260.0,1260.0,1400.0,1288.0,1260.0,1260.0,1400.0,1288.0,1.0,1.0,1.0,1.0,0.0,0.0,0.0,0.0,80640.0,80640.0,89600.0,82432.0,64.0,64.0,64.0,64.0,0.0,0.0,0.0,0.0,1260.0,1260.0,1400.0,1288.0,0.0,0.0,0.0,0.0,0.0,0.0,0.0,0.0,0.0,0.0,0.0,0.0,0.0,0.0,0.0,0.0,0.0,0.0,0.0,0.0,0.0,0.0,0.0,0.0,0.7221277361562722,0.7676439376336613,0.8086783406292696,0.7592566642966436,0.7982487608636558,0.8400819934570907,0.8726492546412115,0.8231199218270537,0.9714285714285714,1.0,1.0,0.9835714285714285,1.7024458693263152e-11,1.1674921572667517e-10,2.347666085851011e-09,3.8156116755358166e-08,-0.046859668697929825,-0.029309676096166463,-0.021110846071879703,-0.035730680368356076,3.0,4.0,4.25,3.8,1.0,1.0,1.0,1.0,1.3534618065453605,1.4786264415495778,1.7967385708103398,1.5848382136318953,,,,,6.633568410162121,7.252478449574693,7.627115193693478,6.976297385036437,2.5627485655361726,2.669778202248998,3.001461694708052,2.7373949720497226,5.229493983344758e-12,3.3660530587254535e-11,9.967128820531491e-10,2.283448994389361e-08,0.19359302356345798,0.286594046338029,0.4360934966727896,0.41088910481418034,0.0,0.03153483640362418,0.0715638649898271,0.06340017481448497,0.0004652318154053586,0.0006790870340784275,0.0028423649202798896,0.0033999854712576487,0.04878048780487805,0.04878048780487805,0.07317073170731707,0.05365853658536586,0.0,0.0,0.0,0.0,105.08398661237327,118.55595909783432,151.32880130013285,129.91660118928726,,,,,,,,
ed_power__gnn,byzantine,0.1,20,6.0,6.0,6.0,6.0,70.0,70.0,70.0,70.0,-0.42103665273436086,-0.06097560975609756,-0.042682926829268296,-0.2466344634584862,0.0013473905766265067,0.002328422421433291,0.005969853742966191,0.006826900346533021,,,,,,,,,0.0,0.0,0.0,0.0,0.005158730158730159,0.005537518037518037,0.005952380952380952,0.005506487064522779,0.0,0.0,0.0,0.0,0.0,0.0,0.0,0.0,1260.0,1260.0,1400.0,1288.0,1260.0,1260.0,1400.0,1288.0,1.0,1.0,1.0,1.0,0.0,0.0,0.0,0.0,80640.0,80640.0,89600.0,82432.0,64.0,64.0,64.0,64.0,0.0,0.0,0.0,0.0,1260.0,1260.0,1400.0,1288.0,0.0,0.0,0.0,0.0,0.0,0.0,0.0,0.0,0.0,0.0,0.0,0.0,0.0,0.0,0.0,0.0,0.0,0.0,0.0,0.0,0.0,0.0,0.0,0.0,0.8047781390918964,0.910316128022135,0.9466309049730635,0.834346923452091,0.19881010728005913,0.38108637030239906,0.5670607953657142,0.41758035004657196,0.5714285714285714,0.5928571428571429,0.6285714285714286,0.5971428571428572,0.005778549226440954,0.008323416800162594,0.013523048414120711,0.01004445428239459,-0.046841998814005296,-0.029251751967855295,-0.021056898523611565,-0.03563315354675547,3.75,4.0,6.25,6.15,1.0,1.0,1.0,1.0,1.3534618065453605,1.4786264415495778,1.7967385708103398,1.5848382136318953,,,,,6.633568410162121,7.252478449574693,7.627115193693478,6.976297385036437,2.5627485655361726,2.669778202248998,3.001461694708052,2.7373949720497226,0.0013473905766265067,0.002328422421433291,0.005969853742966191,0.006826900346533021,1.2463698963080623,1.9373739077858865,2.68505928882281,2.214985182076595,0.0,0.0,0.3478659210270437,0.1856588537023886,0.015704566162128144,0.031202854140066606,0.09197688667818753,0.0707272870032204,0.042682926829268296,0.04878048780487805,0.07317073170731707,0.060975609756097573,0.0,0.0,0.0,0.0,87.5054024076355,120.83757280865052,166.82958820586433,126.75094125367801,,,,,,,,
ed_power__gnn,byzantine,0.25,20,6.0,6.0,6.0,6.0,70.0,70.0,70.0,70.0,-0.7562857779688577,-0.06097560975609756,-0.024390243902439025,-0.3385654242983158,0.006132405479389465,0.02099341888694213,0.04965141599062503,0.032491800767965394,,,,,,,,,0.0,0.0,0.0,0.0,0.0035714285714285713,0.00450487012987013,0.004761904761904762,0.0042802321686250255,0.0,0.0,0.0,0.0,0.0,0.0,0.0,0.0,1260.0,1260.0,1400.0,1288.0,1260.0,1260.0,1400.0,1288.0,1.0,1.0,1.0,1.0,0.0,0.0,0.0,0.0,80640.0,80640.0,89600.0,82432.0,64.0,64.0,64.0,64.0,0.0,0.0,0.0,0.0,1260.0,1260.0,1400.0,1288.0,0.0,0.0,0.0,0.0,0.0,0.0,0.0,0.0,0.0,0.0,0.0,0.0,0.0,0.0,0.0,0.0,0.0,0.0,0.0,0.0,0.0,0.0,0.0,0.0,0.7580032542796472,0.9000709165286636,0.9186929331416557,0.8117571639221934,0.2660926657335291,0.3658203476201123,0.5595028679455869,0.4010413107431309,0.5714285714285714,0.6,0.6285714285714286,0.5914285714285713,0.021267791984623557,0.026508586662490306,0.046658989657034064,0.032310263620317414,-0.04645524039148996,-0.028911893426930818,-0.020112862033788117,-0.03526651211216358,3.75,4.5,5.25,5.15,1.0,1.0,1.0,1.0,1.3534618065453605,1.4786264415495778,1.7967385708103398,1.5848382136318953,,,,,6.633568410162121,7.252478449574693,7.627115193693478,6.976297385036437,2.5627485655361726,2.669778202248998,3.001461694708052,2.7373949720497226,0.006132405479389465,0.02099341888694213,0.04965141599062503,0.032491800767965394,1.8108468701392897,3.3354009285987596,3.484806174422163,2.8881027567751896,0.0,0.0,0.7014077291883698,0.283687375517828,0.036396877828078975,0.10571066248261216,0.1469938844102169,0.10476001559292156,0.024390243902439025,0.04878048780487805,0.07926829268292683,0.05487804878048781,0.0,0.0,0.0,0.0,89.79663402506286,118.75258712461093,155.14447721813377,129.41753020667863,,,,,,,,
ed_power__gnn,byzantine,0.5,20,6.0,6.0,6.0,6.0,70.0,70.0,70.0,70.0,-0.23737615744293622,-0.04878048780487805,-0.024390243902439025,-0.21453354620819107,0.020748943075139078,0.07181623624332578,0.2091070575644145,3.694814625734863,,,,,,,,,0.0,0.0,0.0,0.0,0.0026339285714285714,0.0031498015873015874,0.0035714285714285713,0.00303108250876108,0.0,0.0,0.0,0.0,0.0,0.0,0.0,0.0,1260.0,1260.0,1400.0,1288.0,1260.0,1260.0,1400.0,1288.0,1.0,1.0,1.0,1.0,0.0,0.0,0.0,0.0,80640.0,80640.0,89600.0,82432.0,64.0,64.0,64.0,64.0,0.0,0.0,0.0,0.0,1260.0,1260.0,1400.0,1288.0,0.0,0.0,0.0,0.0,0.0,0.0,0.0,0.0,0.0,0.0,0.0,0.0,0.0,0.0,0.0,0.0,0.0,0.0,0.0,0.0,0.0,0.0,0.0,0.0,0.7910134183664391,0.9169109782928511,0.9630030925877472,0.8552203717298299,0.14547509568065214,0.2612441025615103,0.5738840056021789,0.3551511774772363,0.525,0.5642857142857143,0.5892857142857143,0.5499999999999999,0.03764119272248689,0.04962089984383759,0.09103532589737147,2.5045646997288475,-0.046687800661524274,-0.028472517420965376,-0.01877243566738562,0.017052385387363533,4.0,5.0,6.25,6.25,1.0,1.0,1.0,0.8,1.3534618065453605,1.4786264415495778,1.7967385708103398,1.5848382136318953,,,,,6.633568410162121,7.252478449574693,7.627115193693478,6.976297385036437,2.5627485655361726,2.669778202248998,3.001461694708052,2.7373949720497226,0.020748943075139078,0.07181623624332578,0.2091070575644145,3.694814625734863,1.6332635745549848,2.6503906802104904,4.421851581511696,3.0100512110991997,0.0,0.0,0.16420542573561914,0.16087500962282522,0.047071805895814084,0.11400178222080315,0.21379548024798578,0.12496928387591662,0.024390243902439025,0.04878048780487805,0.07317073170731707,0.05365853658536586,0.0,0.0,0.0,0.0,87.28664754364651,93.27099324018593,124.38775500090873,119.54876103128045,,,,,,,,
ed_power__gnn,latency,0.0,20,6.0,6.0,6.0,6.0,70.0,70.0,70.0,70.0,-0.13846212420705162,-0.08990613377973744,-0.04878048780487805,-0.11705871139985083,5.229493983344758e-12,3.3660530587254535e-11,9.967128820531491e-10,2.283448994389361e-08,,,,,,,,,0.0,0.0,0.0,0.0,0.006205357142857143,0.007142857142857143,0.007142857142857143,0.006690025252525253,0.0,0.0,0.0,0.0,0.0,0.0,0.0,0.0,1260.0,1260.0,1400.0,1288.0,1260.0,1260.0,1400.0,1288.0,1.0,1.0,1.0,1.0,0.0,0.0,0.0,0.0,80640.0,80640.0,89600.0,82432.0,64.0,64.0,64.0,64.0,0.0,0.0,0.0,0.0,1260.0,1260.0,1400.0,1288.0,0.0,0.0,0.0,0.0,0.0,0.0,0.0,0.0,0.0,0.0,0.0,0.0,0.0,0.0,0.0,0.0,0.0,0.0,0.0,0.0,0.0,0.0,0.0,0.0,0.7221277361562722,0.7676439376336613,0.8086783406292696,0.7592566642966436,0.7982487608636558,0.8400819934570907,0.8726492546412115,0.8231199218270537,0.9714285714285714,1.0,1.0,0.9835714285714285,1.7024458693263152e-11,1.1674921572667517e-10,2.347666085851011e-09,3.8156116755358166e-08,-0.046859668697929825,-0.029309676096166463,-0.021110846071879703,-0.035730680368356076,3.0,4.0,4.25,3.8,1.0,1.0,1.0,1.0,1.3534618065453605,1.4786264415495778,1.7967385708103398,1.5848382136318953,,,,,6.633568410162121,7.252478449574693,7.627115193693478,6.976297385036437,2.5627485655361726,2.669778202248998,3.001461694708052,2.7373949720497226,5.229493983344758e-12,3.3660530587254535e-11,9.967128820531491e-10,2.283448994389361e-08,0.19359302356345798,0.286594046338029,0.4360934966727896,0.41088910481418034,0.0,0.03153483640362418,0.0715638649898271,0.06340017481448497,0.0004652318154053586,0.0006790870340784275,0.0028423649202798896,0.0033999854712576487,0.04878048780487805,0.04878048780487805,0.07317073170731707,0.05365853658536586,0.0,0.0,0.0,0.0,105.08398661237327,118.55595909783432,151.32880130013285,129.91660118928726,,,,,,,,
ed_power__gnn,latency,1.0,20,6.0,6.0,6.0,6.0,70.0,70.0,70.0,70.0,-0.15128755514415396,-0.10003805401957169,-0.04878048780487805,-0.13392590227554751,2.060785100646371e-09,2.7811752006163873e-08,1.7767210164587694e-07,4.889402983019219e-06,,,,,,,,,0.0,0.0,0.0,0.0,0.008031400966183575,0.010466988727858293,0.011912604303908652,0.010282947225882008,1.0,1.0,1.0,1.0,1.0,1.0,1.0,1.0,1260.0,1260.0,1400.0,1288.0,1242.0,1242.0,1380.0,1269.6,0.9857142857142858,0.9857142857142858,0.9857142857142858,0.9857142857142861,0.014285714285714235,0.014285714285714235,0.014285714285714235,0.014285714285714235,79488.0,79488.0,88320.0,81254.4,64.0,64.0,64.0,64.0,0.0,0.0,0.0,0.0,1242.0,1242.0,1380.0,1269.6,0.0,0.0,0.0,0.0,0.0,0.0,0.0,0.0,0.0,0.0,0.0,0.0,0.0,0.0,0.0,0.0,0.0,0.0,0.0,0.0,0.0,0.0,0.0,0.0,0.6373009055829014,0.7753839463972576,0.8181879039996351,0.7230184452499382,0.6895511145585198,0.8638571990113381,0.910896819848416,0.8117606566497187,0.6,0.65,0.7,0.6621428571428571,3.5350142901128238e-09,2.9841103426934945e-08,2.8827064619797933e-07,4.589257870800678e-06,-0.04685966856087712,-0.029309468866208402,-0.02111084603666675,-0.035730610845949036,4.0,6.0,8.0,6.15,1.0,1.0,1.0,1.0,1.3534618065453605,1.4786264415495778,1.7967385708103398,1.5848382136318953,,,,,6.633568410162121,7.252478449574693,7.627115193693478,6.976297385036437,2.5627485655361726,2.669778202248998,3.001461694708052,2.7373949720497226,2.060785100646371e-09,2.7811752006163873e-08,1.7767210164587694e-07,4.889402983019219e-06,0.14150132172234198,0.23887095261790448,0.40944460374535896,0.41482306218509646,0.0,0.028727437528795308,0.08860781952270451,0.07660882910481578,0.00019403949410847347,0.0006483059920432811,0.002484148234536433,0.004516622173330905,0.04878048780487805,0.04878048780487805,0.07317073170731707,0.05731707317073172,0.0,0.0,0.0,0.0,106.8769656674765,121.58311416765923,151.399500691829,131.5223309701664,,,,,,,,
ed_power__gnn,latency,2.0,20,6.0,6.0,6.0,6.0,70.0,70.0,70.0,70.0,-0.1715333249660424,-0.09655078477746865,-0.04878048780487805,-0.1391151626763212,2.6773765353154057e-09,4.602746458370567e-08,1.6589516749284076e-07,1.2351204950606488e-05,,,,,,,,,0.0,0.0,0.0,0.0,0.00978442513368984,0.014297385620915032,0.016822638146167558,0.013981543374925728,2.0,2.0,2.0,2.0,2.0,2.0,2.0,2.0,1260.0,1260.0,1400.0,1288.0,1224.0,1224.0,1360.0,1251.2,0.9714285714285714,0.9714285714285714,0.9714285714285714,0.9714285714285713,0.02857142857142858,0.02857142857142858,0.02857142857142858,0.02857142857142858,78336.0,78336.0,87040.0,80076.8,64.0,64.0,64.0,64.0,0.0,0.0,0.0,0.0,1224.0,1224.0,1360.0,1251.2,0.0,0.0,0.0,0.0,0.0,0.0,0.0,0.0,0.0,0.0,0.0,0.0,0.0,0.0,0.0,0.0,0.0,0.0,0.0,0.0,0.0,0.0,0.0,0.0,0.710747877877709,0.739304985629575,0.7618351517495983,0.7351714850939707,0.847380655836197,0.9055240551258883,0.9544988263732064,0.8879208017108573,0.5714285714285714,0.6,0.6857142857142857,0.627142857142857,1.9654153779544665e-08,7.987197663016875e-08,3.576494671926825e-07,2.403676564239672e-05,-0.04685966856043887,-0.02930966628585635,-0.021110846050257266,-0.035730504248778064,6.75,9.0,10.25,8.85,1.0,1.0,1.0,1.0,1.3534618065453605,1.4786264415495778,1.7967385708103398,1.5848382136318953,,,,,6.633568410162121,7.252478449574693,7.627115193693478,6.976297385036437,2.5627485655361726,2.669778202248998,3.001461694708052,2.7373949720497226,2.6773765353154057e-09,4.602746458370567e-08,1.6589516749284076e-07,1.2351204950606488e-05,0.132461731499381,0.2629096836764431,0.5373151722783376,0.4495621508135147,0.0,0.028241710783918704,0.10408766912556172,0.08179808950558949,0.00019348560937656589,0.0009287162155210675,0.0031442395248699705,0.005483995936833143,0.04878048780487805,0.04878048780487805,0.07317073170731707,0.05731707317073172,0.0,0.0,0.0,0.0,106.5430523584692,120.72996999607443,144.8637466082631,131.37393217672061,,,,,,,,
ed_power__gnn,latency,4.0,20,6.0,6.0,6.0,6.0,70.0,70.0,70.0,70.0,-0.1931954318229164,-0.09296289042936534,-0.04878048780487805,-0.15151575430600267,6.217949933389359e-08,2.9078179336605456e-06,8.731468534173273e-06,0.005772267165741374,,,,,,,,,0.0,0.0,0.0,0.0,0.01378271349862259,0.02230639730639731,0.027089072543617997,0.021714971686562595,4.0,4.0,4.0,4.0,4.0,4.0,4.0,4.0,1260.0,1260.0,1400.0,1288.0,1188.0,1188.0,1320.0,1214.4,0.9428571428571428,0.9428571428571428,0.9428571428571428,0.9428571428571428,0.05714285714285716,0.05714285714285716,0.05714285714285716,0.05714285714285716,76032.0,76032.0,84480.0,77721.6,64.0,64.0,64.0,64.0,0.0,0.0,0.0,0.0,1188.0,1188.0,1320.0,1214.4,0.0,0.0,0.0,0.0,0.0,0.0,0.0,0.0,0.0,0.0,0.0,0.0,0.0,0.0,0.0,0.0,0.0,0.0,0.0,0.0,0.0,0.0,0.0,0.0,0.7865932637041038,0.8131647566200617,0.8281539680296209,0.8129217996016113,0.868771078928507,0.9201786561742764,0.9389481724661622,0.8847093975510655,0.5821428571428572,0.6214285714285714,0.6428571428571429,0.6171428571428571,1.3588548660843768e-06,7.691845469565607e-06,1.9150444460360407e-05,0.006410108164715001,-0.04685963909145047,-0.02930962363202969,-0.021110589522644763,-0.035648219735052486,11.0,14.0,17.75,14.25,1.0,1.0,1.0,1.0,1.3534618065453605,1.4786264415495778,1.7967385708103398,1.5848382136318953,,,,,6.633568410162121,7.252478449574693,7.627115193693478,6.976297385036437,2.5627485655361726,2.669778202248998,3.001461694708052,2.7373949720497226,6.217949933389359e-08,2.9078179336605456e-06,8.731468534173273e-06,0.005772267165741374,0.17623456533727477,0.4672093918021436,0.7216152292117755,0.5547243377440662,0.0,0.03642938352647798,0.12002470011559935,0.09419868113527098,0.00035661781467575296,0.00317044033271182,0.00563121984526242,0.007483998875020634,0.04878048780487805,0.04878048780487805,0.07317073170731707,0.05731707317073172,0.0,0.0,0.0,0.0,105.27028298276082,121.78368443113797,146.5807460173404,131.5857142543802,,,,,,,,
ed_power__gnn,latency,8.0,20,6.0,6.0,6.0,6.0,70.0,70.0,70.0,70.0,-0.21306150030898777,-0.09944493022426434,-0.04878048780487805,-0.15763871992279846,3.9246964032926793e-05,0.00010681830922556301,0.0007438716595484208,0.010544956832663852,,,,,,,,,0.0,0.0,0.0,0.0,0.02255315249266862,0.039874551971326166,0.04973118279569892,0.038678620886282176,8.0,8.0,8.0,8.0,8.0,8.0,8.0,8.0,1260.0,1260.0,1400.0,1288.0,1116.0,1116.0,1240.0,1140.8,0.8857142857142857,0.8857142857142857,0.8857142857142857,0.8857142857142858,0.11428571428571432,0.11428571428571432,0.11428571428571432,0.11428571428571432,71424.0,71424.0,79360.0,73011.2,64.0,64.0,64.0,64.0,0.0,0.0,0.0,0.0,1116.0,1116.0,1240.0,1140.8,0.0,0.0,0.0,0.0,0.0,0.0,0.0,0.0,0.0,0.0,0.0,0.0,0.0,0.0,0.0,0.0,0.0,0.0,0.0,0.0,0.0,0.0,0.0,0.0,0.8426168228572775,0.8619072607447825,0.879060597588695,0.8636677953589066,0.842187648140821,0.9199201851298563,0.9571016958997443,0.8733327668716641,0.4714285714285714,0.5142857142857142,0.6142857142857143,0.5642857142857143,0.0001496561603122188,0.00038800459213945255,0.0011982946836864763,0.013007998160387136,-0.04685431513174992,-0.029308550038503092,-0.0211071935879948,-0.03558003845409645,19.0,24.0,29.0,24.85,1.0,1.0,1.0,1.0,1.3534618065453605,1.4786264415495778,1.7967385708103398,1.5848382136318953,,,,,6.633568410162121,7.252478449574693,7.627115193693478,6.976297385036437,2.5627485655361726,2.669778202248998,3.001461694708052,2.7373949720497226,3.9246964032926793e-05,0.00010681830922556301,0.0007438716595484208,0.010544956832663852,0.23571651827860474,0.5943956984828405,0.9335588399920296,0.6826592373018006,0.0,0.03403026116421868,0.15316454172422048,0.10154115894718871,0.0005907626181952117,0.004390811152944854,0.01030312287241745,0.01031755587383741,0.04878048780487805,0.04878048780487805,0.07317073170731707,0.056097560975609764,0.0,0.0,0.0,0.0,102.17585667879706,116.24575374531221,149.49589852578552,129.23502361818353,,,,,,,,
ed_power__gnn,msg_drop,0.0,20,6.0,6.0,6.0,6.0,70.0,70.0,70.0,70.0,-0.13846212420705162,-0.08990613377973744,-0.04878048780487805,-0.11705871139985083,5.229493983344758e-12,3.3660530587254535e-11,9.967128820531491e-10,2.283448994389361e-08,,,,,,,,,0.0,0.0,0.0,0.0,0.006205357142857143,0.007142857142857143,0.007142857142857143,0.006690025252525253,0.0,0.0,0.0,0.0,0.0,0.0,0.0,0.0,1260.0,1260.0,1400.0,1288.0,1260.0,1260.0,1400.0,1288.0,1.0,1.0,1.0,1.0,0.0,0.0,0.0,0.0,80640.0,80640.0,89600.0,82432.0,64.0,64.0,64.0,64.0,0.0,0.0,0.0,0.0,1260.0,1260.0,1400.0,1288.0,0.0,0.0,0.0,0.0,0.0,0.0,0.0,0.0,0.0,0.0,0.0,0.0,0.0,0.0,0.0,0.0,0.0,0.0,0.0,0.0,0.0,0.0,0.0,0.0,0.7221277361562722,0.7676439376336613,0.8086783406292696,0.7592566642966436,0.7982487608636558,0.8400819934570907,0.8726492546412115,0.8231199218270537,0.9714285714285714,1.0,1.0,0.9835714285714285,1.7024458693263152e-11,1.1674921572667517e-10,2.347666085851011e-09,3.8156116755358166e-08,-0.046859668697929825,-0.029309676096166463,-0.021110846071879703,-0.035730680368356076,3.0,4.0,4.25,3.8,1.0,1.0,1.0,1.0,1.3534618065453605,1.4786264415495778,1.7967385708103398,1.5848382136318953,,,,,6.633568410162121,7.252478449574693,7.627115193693478,6.976297385036437,2.5627485655361726,2.669778202248998,3.001461694708052,2.7373949720497226,5.229493983344758e-12,3.3660530587254535e-11,9.967128820531491e-10,2.283448994389361e-08,0.19359302356345798,0.286594046338029,0.4360934966727896,0.41088910481418034,0.0,0.03153483640362418,0.0715638649898271,0.06340017481448497,0.0004652318154053586,0.0006790870340784275,0.0028423649202798896,0.0033999854712576487,0.04878048780487805,0.04878048780487805,0.07317073170731707,0.05365853658536586,0.0,0.0,0.0,0.0,105.08398661237327,118.55595909783432,151.32880130013285,129.91660118928726,,,,,,,,
ed_power__gnn,msg_drop,0.1,20,6.0,6.0,6.0,6.0,70.0,70.0,70.0,70.0,-0.16465203356478075,-0.1032471284165383,-0.07317073170731707,-0.13031281035066056,1.5374470664049522e-11,6.611457390001736e-11,3.8887947246709996e-10,5.3377614484941884e-09,,,,,,,,,0.0,0.0,0.0,0.0,0.10297619047619049,0.10723562152133581,0.11369047619047619,0.10857051381158525,0.0,0.0,0.0,0.0,0.0,0.0,0.0,0.0,1260.0,1260.0,1400.0,1288.0,1115.5,1132.5,1256.5,1156.35,0.8927380952380952,0.8988404452690166,0.9034090909090909,0.8974509637188209,0.09659090909090909,0.10115955473098331,0.10726190476190481,0.10254903628117915,71392.0,72480.0,80416.0,74006.4,64.0,64.0,64.0,64.0,0.0,0.0,0.0,0.0,1115.5,1132.5,1256.5,1156.35,0.0,0.0,0.0,0.0,0.0,0.0,0.0,0.0,126.0,131.0,144.0,131.65,0.0,0.0,0.0,0.0,0.0,0.0,0.0,0.0,0.0,0.0,0.0,0.0,0.7337832015229886,0.7666081061270194,0.7993444452708468,0.7546542311273365,0.7627490483069543,0.8645727061187817,0.9160616902613782,0.8335277364114919,0.9142857142857143,0.9428571428571428,0.975,0.9271428571428573,7.446136209812658e-11,2.072015904688936e-10,8.705694160042255e-10,3.9668542554402713e-08,-0.04685966870156528,-0.029309676096065006,-0.02111084607151292,-0.03573068061830934,3.0,4.0,5.0,4.3,1.0,1.0,1.0,1.0,1.3534618065453605,1.4786264415495778,1.7967385708103398,1.5848382136318953,,,,,6.633568410162121,7.252478449574693,7.627115193693478,6.976297385036437,2.5627485655361726,2.669778202248998,3.001461694708052,2.7373949720497226,1.5374470664049522e-11,6.611457390001736e-11,3.8887947246709996e-10,5.3377614484941884e-09,0.2588919017576987,0.2860597184973117,0.6099183752395685,0.4187098901705311,0.0,0.05446664061166023,0.10671744997041363,0.07299573717992883,0.0005791393453900714,0.0010176372411710097,0.0034350087085441095,0.003016024479636917,0.04878048780487805,0.04878048780487805,0.07317073170731707,0.05731707317073172,0.0,0.0,0.0,0.0,107.07604112409209,120.25874559052039,158.52483777599974,131.55671439366785,,,,,,,,
ed_power__gnn,msg_drop,0.3,20,6.0,6.0,6.0,6.0,70.0,70.0,70.0,70.0,-0.2106376473896377,-0.10631074668020413,-0.04878048780487805,-0.1526303289619257,2.032555689348209e-10,9.278407368156578e-10,7.327363577326659e-09,8.651224593236351e-08,,,,,,,,,0.0,0.0,0.0,0.0,0.2990327380952381,0.3073979591836735,0.30992063492063493,0.3063503659039373,0.0,0.0,0.0,0.0,0.0,0.0,0.0,0.0,1260.0,1260.0,1400.0,1288.0,871.25,887.0,964.75,899.7,0.6950892857142856,0.6967893217893217,0.7045386904761906,0.6983231550195834,0.29546130952380945,0.3032106782106782,0.3049107142857143,0.30167684498041636,55760.0,56768.0,61744.0,57580.8,64.0,64.0,64.0,64.0,0.0,0.0,0.0,0.0,871.25,887.0,964.75,899.7,0.0,0.0,0.0,0.0,0.0,0.0,0.0,0.0,366.0,382.5,420.25,388.3,0.0,0.0,0.0,0.0,0.0,0.0,0.0,0.0,0.0,0.0,0.0,0.0,0.7593073276837803,0.7990455357840323,0.8248644865641325,0.77406049712164,0.7300401982476434,0.8161849751982828,0.9129963249248222,0.7913013868367977,0.7142857142857143,0.7714285714285715,0.85,0.7942857142857143,1.0907197027200147e-09,3.4097887073772315e-09,1.218098722069991e-07,2.435777418702633e-07,-0.04685966850543024,-0.029309676093436876,-0.021110845960541694,-0.03573067945867385,4.0,4.0,6.0,4.9,1.0,1.0,1.0,1.0,1.3534618065453605,1.4786264415495778,1.7967385708103398,1.5848382136318953,,,,,6.633568410162121,7.252478449574693,7.627115193693478,6.976297385036437,2.5627485655361726,2.669778202248998,3.001461694708052,2.7373949720497226,2.032555689348209e-10,9.278407368156578e-10,7.327363577326659e-09,8.651224593236351e-08,0.42795904508149185,0.5824806401847225,0.7877619888998428,0.6156950710036087,0.0,0.05753025887532609,0.1485454443147834,0.095313255791194,0.0015400344479050668,0.0035166263915021754,0.006251314767307591,0.0062167841066515395,0.04878048780487805,0.04878048780487805,0.07317073170731707,0.05731707317073172,0.0,0.0,0.0,0.0,113.2910009015821,120.7265135170365,157.6046879783147,132.15834466055944,,,,,,,,
ed_power__gnn,msg_drop,0.5,20,6.0,6.0,6.0,6.0,70.0,70.0,70.0,70.0,-0.1710760768121165,-0.04878048780487805,-0.04878048780487805,-0.13027562576920512,2.932080414707457e-09,2.7385275161012564e-08,4.612584853405283e-07,1.3677370848105516e-06,,,,,,,,,0.0,0.0,0.0,0.0,0.4986111111111111,0.5031746031746032,0.5113715277777777,0.5041467287672645,0.0,0.0,0.0,0.0,0.0,0.0,0.0,0.0,1260.0,1260.0,1400.0,1288.0,615.25,633.0,697.25,643.6,0.4918650793650794,0.5003968253968254,0.5049603174603174,0.4992764120799835,0.49503968253968256,0.4996031746031746,0.5081349206349206,0.5007235879200165,39376.0,40512.0,44624.0,41190.4,64.0,64.0,64.0,64.0,0.0,0.0,0.0,0.0,615.25,633.0,697.25,643.6,0.0,0.0,0.0,0.0,0.0,0.0,0.0,0.0,616.75,634.5,687.75,644.4,0.0,0.0,0.0,0.0,0.0,0.0,0.0,0.0,0.0,0.0,0.0,0.0,0.7516667674236583,0.7970135354485808,0.8473762182559431,0.8018352448426784,0.7650217253836726,0.8210157653917294,0.8876787379674658,0.815536658177898,0.6071428571428572,0.6285714285714286,0.7178571428571429,0.6557142857142857,1.4409496766093916e-08,1.2348641943499092e-07,1.0661019742469669e-06,6.4947489405137915e-06,-0.04685966324810233,-0.029309676054990397,-0.021110845911976008,-0.03573066115546186,4.75,5.5,7.25,5.95,1.0,1.0,1.0,1.0,1.3534618065453605,1.4786264415495778,1.7967385708103398,1.5848382136318953,,,,,6.633568410162121,7.252478449574693,7.627115193693478,6.976297385036437,2.5627485655361726,2.669778202248998,3.001461694708052,2.7373949720497226,2.932080414707457e-09,2.7385275161012564e-08,4.612584853405283e-07,1.3677370848105516e-06,0.313782045224416,0.778172026995144,1.2769123135381732,0.8686259828972787,0.0,0.0,0.09837962367354808,0.07783660137896123,0.0012810903517882788,0.005679713543102919,0.017607162551431254,0.013600125421755824,0.04878048780487805,0.04878048780487805,0.07317073170731707,0.05243902439024391,0.0,0.0,0.0,0.0,102.87110453896598,113.17813170187074,136.20783800890302,124.53983468323392,,,,,,,,
ed_power__gnn,msg_drop,0.7,20,6.0,6.0,6.0,6.0,70.0,70.0,70.0,70.0,-0.25706004474178146,-0.10011715133276064,-0.04878048780487805,-0.19783845312247728,1.647787934048195e-07,6.112627127257127e-07,1.2035267981634436e-05,2.7649543385391322e-05,,,,,,,,,0.0,0.0,0.0,0.0,0.6939303751803751,0.6998412698412698,0.7025081168831169,0.6987504380540095,0.0,0.0,0.0,0.0,0.0,0.0,0.0,0.0,1260.0,1260.0,1400.0,1288.0,371.0,385.0,417.0,391.1,0.29946428571428574,0.3026190476190476,0.3087121212121212,0.30358105287569576,0.6912878787878787,0.6973809523809523,0.7005357142857143,0.6964189471243043,23744.0,24640.0,26688.0,25030.4,64.0,64.0,64.0,64.0,0.0,0.0,0.0,0.0,371.0,385.0,417.0,391.1,0.0,0.0,0.0,0.0,0.0,0.0,0.0,0.0,860.25,880.0,977.75,896.9,0.0,0.0,0.0,0.0,0.0,0.0,0.0,0.0,0.0,0.0,0.0,0.0,0.7978671942939515,0.8349694790298874,0.8712008734103076,0.8335398653063046,0.7620327420248665,0.808530842999254,0.8962553854693379,0.8235608096653377,0.5285714285714286,0.5642857142857143,0.5857142857142857,0.5628571428571428,3.763759596983357e-07,3.6356451859385124e-06,3.756203662153596e-05,6.469463997712095e-05,-0.04685945433779169,-0.02930959541831847,-0.021110839475470926,-0.035730285701086134,7.0,8.0,11.0,8.45,1.0,1.0,1.0,1.0,1.3534618065453605,1.4786264415495778,1.7967385708103398,1.5848382136318953,,,,,6.633568410162121,7.252478449574693,7.627115193693478,6.976297385036437,2.5627485655361726,2.669778202248998,3.001461694708052,2.7373949720497226,1.647787934048195e-07,6.112627127257127e-07,1.2035267981634436e-05,2.7649543385391322e-05,0.24735141406923322,0.7435752673939793,1.5586564147789483,0.9662735000284031,0.0,0.04227581266208695,0.17436606612267808,0.13564333117125774,0.0008755534857524482,0.007152811606811469,0.028985275094540235,0.017021455874686307,0.04878048780487805,0.04878048780487805,0.07317073170731707,0.062195121951219526,0.0,0.0,0.0,0.0,99.96608551225495,114.82821955421235,162.8334738362562,132.6383077299715,,,,,,,,
ed_power__gnn,msg_drop,1.0,20,6.0,6.0,6.0,6.0,70.0,70.0,70.0,70.0,-0.1308693730302294,-0.10157017160543186,-0.08204506806605341,-0.1195754108939473,1.4777592250532785,2.0516773267472788,3.28017680933905,2.501147648619415,,,,,,,,,0.0,0.0,0.0,0.0,1.0,1.0,1.0,1.0,0.0,0.0,0.0,0.0,0.0,0.0,0.0,0.0,1260.0,1260.0,1400.0,1288.0,0.0,0.0,0.0,0.0,0.0,0.0,0.0,0.0,1.0,1.0,1.0,1.0,0.0,0.0,0.0,0.0,0.0,0.0,0.0,0.0,0.0,0.0,0.0,0.0,0.0,0.0,0.0,0.0,0.0,0.0,0.0,0.0,0.0,0.0,0.0,0.0,1260.0,1260.0,1400.0,1288.0,0.0,0.0,0.0,0.0,0.0,0.0,0.0,0.0,0.0,0.0,0.0,0.0,1.0,1.0,1.0,1.0,0.0,0.0,0.0,0.0,1.0,1.0,1.0,1.0,1.4777592250532783,2.0516773267472788,3.28017680933905,2.5011476486194155,0.0,0.0,0.0,0.0,,,,,0.0,0.0,0.0,0.0,1.3534618065453605,1.4786264415495778,1.7967385708103398,1.5848382136318953,,,,,6.633568410162121,7.252478449574693,7.627115193693478,6.976297385036437,2.5627485655361726,2.669778202248998,3.001461694708052,2.7373949720497226,1.4777592250532785,2.0516773267472788,3.28017680933905,2.501147648619415,0.0,8.881784197001252e-16,0.07085066072253832,0.047785789088784635,0.033264580261175354,0.0527896838005538,0.08208888522535136,0.07079492308906928,0.04528891401304944,0.0645932749305612,0.09231496628187184,0.0801422891916268,0.04878048780487805,0.04878048780487805,0.04878048780487805,0.04878048780487806,0.0,0.0,0.0,0.0,110.69123716749357,110.6912371674936,110.69123716749363,110.39003388213905,,,,,,,,
ed_power__hybrid,bandwidth,0.0,20,6.0,6.0,6.0,6.0,70.0,70.0,70.0,70.0,-0.07317073170731707,-0.04900717310402701,-0.048868147098361084,-0.05545341207254265,2.1484586538727534e-11,2.9501634595436117e-10,1.823154786137572e-09,7.637402965520545e-09,,,,,,,,,0.0,0.0,0.0,0.0,0.006205357142857143,0.007142857142857143,0.007142857142857143,0.006690025252525253,0.0,0.0,0.0,0.0,0.0,0.0,0.0,0.0,1260.0,1260.0,1400.0,1288.0,1260.0,1260.0,1400.0,1288.0,1.0,1.0,1.0,1.0,0.0,0.0,0.0,0.0,80640.0,80640.0,89600.0,82432.0,64.0,64.0,64.0,64.0,0.0,0.0,0.0,0.0,1260.0,1260.0,1400.0,1288.0,0.0,0.0,0.0,0.0,0.0,0.0,0.0,0.0,0.0,0.0,0.0,0.0,0.0,0.0,0.0,0.0,0.0,0.0,0.0,0.0,0.0,0.0,0.0,0.0,0.7349855074032322,0.7557739092012871,0.7709648737478585,0.7604448388637056,0.8430859189152063,0.9170772236446021,0.950145480263293,0.8849101773809803,0.9392857142857143,1.0,1.0,0.9678571428571431,8.58973171996045e-11,9.840829102789808e-10,4.664424087913018e-09,2.480676284490238e-08,-0.046859668638841015,-0.029309676096139475,-0.021110846068345332,-0.03573068058545732,4.0,5.0,7.0,5.25,1.0,1.0,1.0,1.0,1.3534618065453605,1.4786264415495778,1.7967385708103398,1.5848382136318953,,,,,6.633568410162121,7.252478449574693,7.627115193693478,6.976297385036437,2.5627485655361726,2.669778202248998,3.001461694708052,2.7373949720497226,2.1484586538727534e-11,2.9501634595436117e-10,1.823154786137572e-09,7.637402965520545e-09,0.000655550564581775,0.001175302917253429,0.0028977976760216073,0.003012589112553732,4.093256948696099e-05,0.0001752484709384331,0.0003512775915678825,0.0005753632920548528,3.380928358179118e-09,1.0723727999233144e-08,1.5014250930025078e-07,4.721501334717913e-07,0.04878048780487805,0.04878048780487805,0.07317073170731707,0.05487804878048781,0.0,0.0,0.0,0.0,102.36930102371801,120.90004127730109,142.5278400683772,128.3762095954059,,,,,,,,
ed_power__hybrid,bandwidth,1.0,20,6.0,6.0,6.0,6.0,70.0,70.0,70.0,70.0,-0.08985900665538282,-0.04878048780487805,-0.024390243902439025,-0.10840113814398813,0.04366607142836519,0.08110374141909191,0.14019186969464442,0.10345401576103759,,,,,,,,,0.20960139881755463,0.22608524053799356,0.2418067028804972,0.2270612356088217,0.0,0.0,0.0,0.0,0.0,0.0,0.0,0.0,0.0,0.0,0.0,0.0,1260.0,1260.0,1400.0,1288.0,1260.0,1260.0,1400.0,1288.0,1.0,1.0,1.0,1.0,0.0,0.0,0.0,0.0,2520.0,2520.0,2800.0,2576.0,2.0,2.0,2.0,2.0,0.0,0.0,0.0,0.0,1260.0,1260.0,1400.0,1288.0,0.0,0.0,0.0,0.0,0.0,0.0,0.0,0.0,0.0,0.0,0.0,0.0,0.0,0.0,0.0,0.0,0.0,0.0,0.0,0.0,0.0,0.0,0.0,0.0,0.24626632287149225,0.2792466264988176,0.3520135825396081,0.29822373725571577,0.9298093616530183,0.9505464308069644,0.9694736837951105,0.9365025358216258,0.1392857142857143,0.2785714285714286,0.4142857142857143,0.3221428571428571,0.04366607142057617,0.08110374026528705,0.14019186789854704,0.1034537476736759,-0.04649779421768457,-0.028151051218874776,-0.01866687268520468,-0.03425276618369111,3.0,3.0,4.0,3.5294117647058822,1.0,1.0,1.0,0.85,1.3534618065453605,1.4786264415495778,1.7967385708103398,1.5848382136318953,,,,,6.633568410162121,7.252478449574693,7.627115193693478,6.976297385036437,2.5627485655361726,2.669778202248998,3.001461694708052,2.7373949720497226,0.04366607142836519,0.08110374141909191,0.14019186969464442,0.10345401576103759,0.6574239078524611,1.2660686814608098,2.1143211014042675,1.5722116807742268,0.0,0.0,0.009153728423622755,0.057181625948866166,0.007168722754903233,0.025926774944645514,0.047973094762343106,0.036775510931007074,0.024390243902439025,0.04878048780487805,0.07317073170731707,0.051219512195121955,0.0,0.0,0.0,0.0,82.81311928654127,107.08362838174435,147.6836238021915,120.92487482195932,,,,,,,,
ed_power__hybrid,bandwidth,2.0,20,6.0,6.0,6.0,6.0,70.0,70.0,70.0,70.0,-0.5087454336077988,-0.3687133333483718,-0.15912134622134938,-0.37591188742956977,0.004851785714285684,0.009115197466922782,0.021500975133057584,0.1948024607252829,,,,,,,,,0.027578480576148715,0.030322398592399682,0.033710693951027,0.05338193366591113,0.0,0.0,0.0,0.0,0.0,0.0,0.0,0.0,0.0,0.0,0.0,0.0,1260.0,1260.0,1400.0,1288.0,1260.0,1260.0,1400.0,1288.0,1.0,1.0,1.0,1.0,0.0,0.0,0.0,0.0,5040.0,5040.0,5600.0,5152.0,4.0,4.0,4.0,4.0,0.0,0.0,0.0,0.0,1260.0,1260.0,1400.0,1288.0,0.0,0.0,0.0,0.0,0.0,0.0,0.0,0.0,0.0,0.0,0.0,0.0,0.0,0.0,0.0,0.0,0.0,0.0,0.0,0.0,0.0,0.0,0.0,0.0,0.28787416728541954,0.3387165579791922,0.4493858006368673,0.41211821483196126,0.8831413875191222,0.9459846255985381,0.9691060129639341,0.840246225978871,0.3928571428571429,0.48571428571428565,0.6178571428571429,0.49642857142857144,0.004851785714282358,0.009115197444510035,0.021500974692276454,0.1950686077200446,-0.04681946042849256,-0.027719135713928842,-0.018421317422567314,-0.03294778839848761,3.0,4.0,4.0,3.933333333333333,0.75,1.0,1.0,0.75,1.3534618065453605,1.4786264415495778,1.7967385708103398,1.5848382136318953,,,,,6.633568410162121,7.252478449574693,7.627115193693478,6.976297385036437,2.5627485655361726,2.669778202248998,3.001461694708052,2.7373949720497226,0.004851785714285684,0.009115197466922782,0.021500975133057584,0.1948024607252829,0.671731792329338,1.4958248587223517,1.9167949484845237,1.4523658081934063,0.07388198160762321,0.31993284554349377,0.41728201897365247,0.30639969230761854,0.009685231140931057,0.02920832952101261,0.04413809264713826,0.036154054640034225,0.04878048780487805,0.07317073170731707,0.07317073170731707,0.06951219512195121,0.0,0.0,0.0,0.0,114.69848256131436,141.17473134812207,176.77250886076996,144.9321874639185,,,,,,,,
ed_power__hybrid,bandwidth,3.0,20,6.0,6.0,6.0,6.0,70.0,70.0,70.0,70.0,-0.3365545692708477,-0.2430998181363182,-0.08896916453370377,-0.2194873385194558,0.0014808525018494669,0.00201572924827592,0.0045494656068459,0.03801860276921728,,,,,,,,,0.007200778238523008,0.00850043020693123,0.01340553179244427,0.017643272952762606,0.0,0.0,0.0,0.0,0.0,0.0,0.0,0.0,0.0,0.0,0.0,0.0,1260.0,1260.0,1400.0,1288.0,1260.0,1260.0,1400.0,1288.0,1.0,1.0,1.0,1.0,0.0,0.0,0.0,0.0,7560.0,7560.0,8400.0,7728.0,6.0,6.0,6.0,6.0,0.0,0.0,0.0,0.0,1260.0,1260.0,1400.0,1288.0,0.0,0.0,0.0,0.0,0.0,0.0,0.0,0.0,0.0,0.0,0.0,0.0,0.0,0.0,0.0,0.0,0.0,0.0,0.0,0.0,0.0,0.0,0.0,0.0,0.3071599318073512,0.44568477314793836,0.9681542595919536,0.5575796752657516,0.26351819454508874,0.9175790615944143,0.9537278093299633,0.697160846692935,0.45357142857142857,0.5714285714285714,0.8,0.6064285714285714,0.0014808525015092924,0.0020157292428551517,0.004549399081442615,0.039238295302103085,-0.0468479214784027,-0.028897542423074404,-0.021095370718420027,-0.035187557797859974,3.0,4.0,5.0,4.764705882352941,1.0,1.0,1.0,0.85,1.3534618065453605,1.4786264415495778,1.7967385708103398,1.5848382136318953,,,,,6.633568410162121,7.252478449574693,7.627115193693478,6.976297385036437,2.5627485655361726,2.669778202248998,3.001461694708052,2.7373949720497226,0.0014808525018494669,0.00201572924827592,0.0045494656068459,0.03801860276921728,0.35225855510722437,0.9395149645458218,1.1816951676789476,0.9154791149095411,0.017722675235752584,0.18212420838022064,0.2658546294054063,0.15973124095848015,0.0013619705365929802,0.01238046195272129,0.018743472034009948,0.014051139371849344,0.04878048780487805,0.04878048780487805,0.07317073170731707,0.05975609756097562,0.0,0.0,0.0,0.0,110.48670509892719,135.22809199660605,163.6481048486187,136.34485486361274,,,,,,,,
ed_power__hybrid,bandwidth,4.0,20,6.0,6.0,6.0,6.0,70.0,70.0,70.0,70.0,-0.2233378871158339,-0.04901632613402048,-0.042682926829268296,-0.1252177408571718,0.0003190668930369147,0.000438980553980261,0.0011122475904461863,0.0106278711384236,,,,,,,,,0.0022431562890170356,0.003309762825061248,0.004392137004923514,0.0048551086973382404,0.0,0.0,0.0,0.0,0.0,0.0,0.0,0.0,0.0,0.0,0.0,0.0,1260.0,1260.0,1400.0,1288.0,1260.0,1260.0,1400.0,1288.0,1.0,1.0,1.0,1.0,0.0,0.0,0.0,0.0,10080.0,10080.0,11200.0,10304.0,8.0,8.0,8.0,8.0,0.0,0.0,0.0,0.0,1260.0,1260.0,1400.0,1288.0,0.0,0.0,0.0,0.0,0.0,0.0,0.0,0.0,0.0,0.0,0.0,0.0,0.0,0.0,0.0,0.0,0.0,0.0,0.0,0.0,0.0,0.0,0.0,0.0,0.3957807569006978,0.5347311424827559,0.9500553365280229,0.6078087934316542,0.38716456273626537,0.8695960961484761,0.9541541128113442,0.7137042740583055,0.5535714285714286,0.6785714285714286,0.9785714285714285,0.7328571428571429,0.00031906688292453433,0.00043897746289643864,0.0011122735141452108,0.010880543480593344,-0.04685806037378952,-0.02930452665248172,-0.0211074758840355,-0.03557885396401417,4.0,5.0,5.0,4.352941176470588,1.0,1.0,1.0,0.85,1.3534618065453605,1.4786264415495778,1.7967385708103398,1.5848382136318953,,,,,6.633568410162121,7.252478449574693,7.627115193693478,6.976297385036437,2.5627485655361726,2.669778202248998,3.001461694708052,2.7373949720497226,0.0003190668930369147,0.000438980553980261,0.0011122475904461863,0.0106278711384236,0.1519219272143335,0.47815568955817955,0.9425310988127293,0.656116716711788,0.0,0.0,0.1406395970282065,0.07155920427180594,0.00022902062131925437,0.0025309387423657972,0.009968048111820182,0.007325674343006667,0.024390243902439025,0.04878048780487805,0.07317073170731707,0.05365853658536586,0.0,0.0,0.0,0.0,92.8572970398589,120.28818158171654,162.47832213670745,129.38314984622392,,,,,,,,
ed_power__hybrid,bandwidth,8.0,20,6.0,6.0,6.0,6.0,70.0,70.0,70.0,70.0,-0.08140437409954249,-0.05567185534503332,-0.04878048780487805,-0.0739622238969064,3.4679561692853275e-06,1.0203688490826773e-05,4.976783008454893e-05,0.0002971990094269766,,,,,,,,,0.00018952569118304516,0.0006972415906052278,0.0019905051746443537,0.001693266242252608,0.0,0.0,0.0,0.0,0.0,0.0,0.0,0.0,0.0,0.0,0.0,0.0,1260.0,1260.0,1400.0,1288.0,1260.0,1260.0,1400.0,1288.0,1.0,1.0,1.0,1.0,0.0,0.0,0.0,0.0,20160.0,20160.0,22400.0,20608.0,16.0,16.0,16.0,16.0,0.0,0.0,0.0,0.0,1260.0,1260.0,1400.0,1288.0,0.0,0.0,0.0,0.0,0.0,0.0,0.0,0.0,0.0,0.0,0.0,0.0,0.0,0.0,0.0,0.0,0.0,0.0,0.0,0.0,0.0,0.0,0.0,0.0,0.5057895805197016,0.6542325589962341,0.8987590845267125,0.6772280782562581,0.5518584278110987,0.8987814493378128,0.9603970675315097,0.75807465705373,0.5678571428571428,0.8142857142857143,0.9892857142857143,0.7621428571428572,3.0490175304667683e-06,1.3840607668626762e-05,4.976749318878125e-05,0.00029833234232845785,-0.04685961861840936,-0.029307893852266956,-0.021110834410638747,-0.03572643499442841,3.75,5.0,7.0,5.15,1.0,1.0,1.0,1.0,1.3534618065453605,1.4786264415495778,1.7967385708103398,1.5848382136318953,,,,,6.633568410162121,7.252478449574693,7.627115193693478,6.976297385036437,2.5627485655361726,2.669778202248998,3.001461694708052,2.7373949720497226,3.4679561692853275e-06,1.0203688490826773e-05,4.976783008454893e-05,0.0002971990094269766,0.07229417856479214,0.1418288990989831,0.23481738835475463,0.3321307828108483,0.0,0.00965784273878622,0.028722035869297176,0.022742711701784456,4.6501796159049774e-05,0.00019925352522954045,0.000761100674323413,0.0038950722709455918,0.042682926829268296,0.04878048780487805,0.054878048780487805,0.051219512195121955,0.0,0.0,0.0,0.0,95.33123876174712,121.0512299995199,143.81930469078284,126.54697981664569,,,,,,,,
ed_power__hybrid,byzantine,0.0,20,6.0,6.0,6.0,6.0,70.0,70.0,70.0,70.0,-0.07317073170731707,-0.04900717310402701,-0.048868147098361084,-0.05545341207254265,2.1484586538727534e-11,2.9501634595436117e-10,1.823154786137572e-09,7.637402965520545e-09,,,,,,,,,0.0,0.0,0.0,0.0,0.006205357142857143,0.007142857142857143,0.007142857142857143,0.006690025252525253,0.0,0.0,0.0,0.0,0.0,0.0,0.0,0.0,1260.0,1260.0,1400.0,1288.0,1260.0,1260.0,1400.0,1288.0,1.0,1.0,1.0,1.0,0.0,0.0,0.0,0.0,80640.0,80640.0,89600.0,82432.0,64.0,64.0,64.0,64.0,0.0,0.0,0.0,0.0,1260.0,1260.0,1400.0,1288.0,0.0,0.0,0.0,0.0,0.0,0.0,0.0,0.0,0.0,0.0,0.0,0.0,0.0,0.0,0.0,0.0,0.0,0.0,0.0,0.0,0.0,0.0,0.0,0.0,0.7349855074032322,0.7557739092012871,0.7709648737478585,0.7604448388637056,0.8430859189152063,0.9170772236446021,0.950145480263293,0.8849101773809803,0.9392857142857143,1.0,1.0,0.9678571428571431,8.58973171996045e-11,9.840829102789808e-10,4.664424087913018e-09,2.480676284490238e-08,-0.046859668638841015,-0.029309676096139475,-0.021110846068345332,-0.03573068058545732,4.0,5.0,7.0,5.25,1.0,1.0,1.0,1.0,1.3534618065453605,1.4786264415495778,1.7967385708103398,1.5848382136318953,,,,,6.633568410162121,7.252478449574693,7.627115193693478,6.976297385036437,2.5627485655361726,2.669778202248998,3.001461694708052,2.7373949720497226,2.1484586538727534e-11,2.9501634595436117e-10,1.823154786137572e-09,7.637402965520545e-09,0.000655550564581775,0.001175302917253429,0.0028977976760216073,0.003012589112553732,4.093256948696099e-05,0.0001752484709384331,0.0003512775915678825,0.0005753632920548528,3.380928358179118e-09,1.0723727999233144e-08,1.5014250930025078e-07,4.721501334717913e-07,0.04878048780487805,0.04878048780487805,0.07317073170731707,0.05487804878048781,0.0,0.0,0.0,0.0,102.36930102371801,120.90004127730109,142.5278400683772,128.3762095954059,,,,,,,,
ed_power__hybrid,byzantine,0.1,20,6.0,6.0,6.0,6.0,70.0,70.0,70.0,70.0,-0.04878048780487805,-0.04878048780487805,-0.04878048780487805,-0.047560975609756105,0.11862841461728513,0.3766747319040914,0.7356677180834901,0.7831080775214538,,,,,,,,,0.0,0.0,0.0,0.0,0.005158730158730159,0.005537518037518037,0.005952380952380952,0.005506487064522779,0.0,0.0,0.0,0.0,0.0,0.0,0.0,0.0,1260.0,1260.0,1400.0,1288.0,1260.0,1260.0,1400.0,1288.0,1.0,1.0,1.0,1.0,0.0,0.0,0.0,0.0,80640.0,80640.0,89600.0,82432.0,64.0,64.0,64.0,64.0,0.0,0.0,0.0,0.0,1260.0,1260.0,1400.0,1288.0,0.0,0.0,0.0,0.0,0.0,0.0,0.0,0.0,0.0,0.0,0.0,0.0,0.0,0.0,0.0,0.0,0.0,0.0,0.0,0.0,0.0,0.0,0.0,0.0,0.9221172527851681,0.9537536687591791,0.9830919864184912,0.9352753888255982,0.05307778845659028,0.09843431998879282,0.180747778306365,0.14006522961231022,0.5357142857142857,0.5571428571428572,0.5714285714285714,0.5499999999999999,0.6229798056571956,0.9446629417485586,1.2461500740293312,1.0325731424059805,-0.044786992267643023,-0.021545896637511084,-0.007963538606297336,-0.024543422444256606,9.0,22.0,36.75,25.0625,1.0,1.0,1.0,0.8,1.3534618065453605,1.4786264415495778,1.7967385708103398,1.5848382136318953,,,,,6.633568410162121,7.252478449574693,7.627115193693478,6.976297385036437,2.5627485655361726,2.669778202248998,3.001461694708052,2.7373949720497226,0.11862841461728513,0.3766747319040914,0.7356677180834901,0.7831080775214538,6.294930236505765,6.929419403758054,7.407988985628287,6.7518273683932675,0.0,0.0,0.0,0.0,0.3818261352845145,0.4292702424039666,0.45677561009414247,0.4281096632994374,0.04878048780487805,0.04878048780487805,0.04878048780487805,0.047560975609756105,0.0,0.0,0.0,0.0,98.06485754696051,98.6849621867362,98.6849621867362,97.08336343715635,,,,,,,,
ed_power__hybrid,byzantine,0.25,20,6.0,6.0,6.0,6.0,70.0,70.0,70.0,70.0,-0.04878048780487805,-0.04878048780487805,-0.04878048780487805,-0.04878048780487806,0.6290984945308146,1.4991733847032744,2.241757272557428,2.3132950415567026,,,,,,,,,0.0,0.0,0.0,0.0,0.0035714285714285713,0.00450487012987013,0.004761904761904762,0.0042802321686250255,0.0,0.0,0.0,0.0,0.0,0.0,0.0,0.0,1260.0,1260.0,1400.0,1288.0,1260.0,1260.0,1400.0,1288.0,1.0,1.0,1.0,1.0,0.0,0.0,0.0,0.0,80640.0,80640.0,89600.0,82432.0,64.0,64.0,64.0,64.0,0.0,0.0,0.0,0.0,1260.0,1260.0,1400.0,1288.0,0.0,0.0,0.0,0.0,0.0,0.0,0.0,0.0,0.0,0.0,0.0,0.0,0.0,0.0,0.0,0.0,0.0,0.0,0.0,0.0,0.0,0.0,0.0,0.0,0.953025471575963,0.972186254771169,0.9790249953164522,0.9395259604861824,0.07034606641868435,0.10381909311697618,0.21599743220258322,0.15412150676570185,0.5,0.5285714285714286,0.5464285714285714,0.5285714285714286,1.0391077237599717,1.2528797871366915,1.8338376733018371,1.553250638956439,-0.02485250871836993,-0.008943544193711928,0.01046606183411057,-0.002683608672324452,18.75,39.0,57.25,37.5,0.0,0.0,1.0,0.4,1.3534618065453605,1.4786264415495778,1.7967385708103398,1.5848382136318953,,,,,6.633568410162121,7.252478449574693,7.627115193693478,6.976297385036437,2.5627485655361726,2.669778202248998,3.001461694708052,2.7373949720497226,0.6290984945308146,1.4991733847032744,2.241757272557428,2.3132950415567026,6.36400953219053,6.965198367226723,7.37971570257569,6.714203885515777,0.0,0.0,0.0,0.0,0.3811383863908041,0.4330016664610674,0.4834289985923268,0.42558577946138926,0.04878048780487805,0.04878048780487805,0.04878048780487805,0.04878048780487806,0.0,0.0,0.0,0.0,97.14248901490384,98.6849621867362,98.6849621867362,97.86998843478696,,,,,,,,
ed_power__hybrid,byzantine,0.5,20,6.0,6.0,6.0,6.0,70.0,70.0,70.0,70.0,-0.04878048780487805,-0.04878048780487805,-0.04878048780487805,-0.047560975609756105,0.515670916509832,1.6528089415752025,2.940380466180699,2.5219649534111808,,,,,,,,,0.0,0.0,0.0,0.0,0.0026339285714285714,0.0031498015873015874,0.0035714285714285713,0.00303108250876108,0.0,0.0,0.0,0.0,0.0,0.0,0.0,0.0,1260.0,1260.0,1400.0,1288.0,1260.0,1260.0,1400.0,1288.0,1.0,1.0,1.0,1.0,0.0,0.0,0.0,0.0,80640.0,80640.0,89600.0,82432.0,64.0,64.0,64.0,64.0,0.0,0.0,0.0,0.0,1260.0,1260.0,1400.0,1288.0,0.0,0.0,0.0,0.0,0.0,0.0,0.0,0.0,0.0,0.0,0.0,0.0,0.0,0.0,0.0,0.0,0.0,0.0,0.0,0.0,0.0,0.0,0.0,0.0,0.9549107266319322,0.9772138532510914,0.9895437358349306,0.9613731571623101,0.03522514411700087,0.08036563490054854,0.17528363757004525,0.12148536485201991,0.5142857142857142,0.5285714285714286,0.5464285714285714,0.5214285714285714,1.452777811071686,2.000686843629361,2.515340141388651,2.0715046326355107,-0.030454138411139954,-0.014547710253067333,0.0157098486181901,0.00029739006845380526,36.5,47.0,57.5,47.0,0.0,0.0,0.0,0.1,1.3534618065453605,1.4786264415495778,1.7967385708103398,1.5848382136318953,,,,,6.633568410162121,7.252478449574693,7.627115193693478,6.976297385036437,2.5627485655361726,2.669778202248998,3.001461694708052,2.7373949720497226,0.515670916509832,1.6528089415752025,2.940380466180699,2.5219649534111808,6.068810877299784,6.831697896378497,7.415153992336117,6.532000974976491,0.0,0.0,0.0,0.0,0.34287796704439916,0.4113554093422227,0.47481576579223667,0.40285115289777484,0.04878048780487805,0.04878048780487805,0.04878048780487805,0.047560975609756105,0.0,0.0,0.0,0.0,92.42631924814602,97.24037362782431,98.6849621867362,97.15932346036226,,,,,,,,
ed_power__hybrid,latency,0.0,20,6.0,6.0,6.0,6.0,70.0,70.0,70.0,70.0,-0.07317073170731707,-0.04900717310402701,-0.048868147098361084,-0.05545341207254265,2.1484586538727534e-11,2.9501634595436117e-10,1.823154786137572e-09,7.637402965520545e-09,,,,,,,,,0.0,0.0,0.0,0.0,0.006205357142857143,0.007142857142857143,0.007142857142857143,0.006690025252525253,0.0,0.0,0.0,0.0,0.0,0.0,0.0,0.0,1260.0,1260.0,1400.0,1288.0,1260.0,1260.0,1400.0,1288.0,1.0,1.0,1.0,1.0,0.0,0.0,0.0,0.0,80640.0,80640.0,89600.0,82432.0,64.0,64.0,64.0,64.0,0.0,0.0,0.0,0.0,1260.0,1260.0,1400.0,1288.0,0.0,0.0,0.0,0.0,0.0,0.0,0.0,0.0,0.0,0.0,0.0,0.0,0.0,0.0,0.0,0.0,0.0,0.0,0.0,0.0,0.0,0.0,0.0,0.0,0.7349855074032322,0.7557739092012871,0.7709648737478585,0.7604448388637056,0.8430859189152063,0.9170772236446021,0.950145480263293,0.8849101773809803,0.9392857142857143,1.0,1.0,0.9678571428571431,8.58973171996045e-11,9.840829102789808e-10,4.664424087913018e-09,2.480676284490238e-08,-0.046859668638841015,-0.029309676096139475,-0.021110846068345332,-0.03573068058545732,4.0,5.0,7.0,5.25,1.0,1.0,1.0,1.0,1.3534618065453605,1.4786264415495778,1.7967385708103398,1.5848382136318953,,,,,6.633568410162121,7.252478449574693,7.627115193693478,6.976297385036437,2.5627485655361726,2.669778202248998,3.001461694708052,2.7373949720497226,2.1484586538727534e-11,2.9501634595436117e-10,1.823154786137572e-09,7.637402965520545e-09,0.000655550564581775,0.001175302917253429,0.0028977976760216073,0.003012589112553732,4.093256948696099e-05,0.0001752484709384331,0.0003512775915678825,0.0005753632920548528,3.380928358179118e-09,1.0723727999233144e-08,1.5014250930025078e-07,4.721501334717913e-07,0.04878048780487805,0.04878048780487805,0.07317073170731707,0.05487804878048781,0.0,0.0,0.0,0.0,102.36930102371801,120.90004127730109,142.5278400683772,128.3762095954059,,,,,,,,
ed_power__hybrid,latency,1.0,20,6.0,6.0,6.0,6.0,70.0,70.0,70.0,70.0,-0.08292533253019406,-0.06966165200569574,-0.0549821297025521,-0.0772691281447799,1.1866376631547268e-08,3.013203031574476e-08,9.332953012119838e-08,1.1159723217894833e-06,,,,,,,,,0.0,0.0,0.0,0.0,0.008031400966183575,0.010466988727858293,0.011912604303908652,0.010282947225882008,1.0,1.0,1.0,1.0,1.0,1.0,1.0,1.0,1260.0,1260.0,1400.0,1288.0,1242.0,1242.0,1380.0,1269.6,0.9857142857142858,0.9857142857142858,0.9857142857142858,0.9857142857142861,0.014285714285714235,0.014285714285714235,0.014285714285714235,0.014285714285714235,79488.0,79488.0,88320.0,81254.4,64.0,64.0,64.0,64.0,0.0,0.0,0.0,0.0,1242.0,1242.0,1380.0,1269.6,0.0,0.0,0.0,0.0,0.0,0.0,0.0,0.0,0.0,0.0,0.0,0.0,0.0,0.0,0.0,0.0,0.0,0.0,0.0,0.0,0.0,0.0,0.0,0.0,0.770413143740755,0.7887175131136767,0.8177102708813784,0.7879192372817394,0.758762787276091,0.8804156741275395,0.9804471365633806,0.8492565484114587,0.6642857142857143,0.7857142857142858,0.975,0.7964285714285714,1.69279857492954e-08,5.757674260485374e-08,1.374119876942757e-07,9.45302171982426e-07,-0.04685966771282405,-0.02930967444310388,-0.021110845828363763,-0.035730664752101335,6.0,7.0,9.25,7.3,1.0,1.0,1.0,1.0,1.3534618065453605,1.4786264415495778,1.7967385708103398,1.5848382136318953,,,,,6.633568410162121,7.252478449574693,7.627115193693478,6.976297385036437,2.5627485655361726,2.669778202248998,3.001461694708052,2.7373949720497226,1.1866376631547268e-08,3.013203031574476e-08,9.332953012119838e-08,1.1159723217894833e-06,0.033674695587312176,0.05887695965216766,0.15842641752242836,0.10184035732044298,0.005808995472033546,0.010060711574905252,0.03250743463139767,0.021171567169170145,8.815736995945815e-06,5.5079539778872545e-05,0.00020791439755026098,0.00027477269488148385,0.04878048780487805,0.04878048780487805,0.07317073170731707,0.056097560975609764,0.0,0.0,0.0,0.0,102.79797351571247,121.66657168296446,145.6519844375198,129.17383891993222,,,,,,,,
ed_power__hybrid,latency,2.0,20,6.0,6.0,6.0,6.0,70.0,70.0,70.0,70.0,-0.11398832832758016,-0.08009989999978974,-0.06661340206473013,-0.10255800885705568,6.081608010797819e-08,2.4153963661988823e-07,5.680184184536213e-07,9.726008738708531e-07,,,,,,,,,0.0,0.0,0.0,0.0,0.00978442513368984,0.014297385620915032,0.016822638146167558,0.013981543374925728,2.0,2.0,2.0,2.0,2.0,2.0,2.0,2.0,1260.0,1260.0,1400.0,1288.0,1224.0,1224.0,1360.0,1251.2,0.9714285714285714,0.9714285714285714,0.9714285714285714,0.9714285714285713,0.02857142857142858,0.02857142857142858,0.02857142857142858,0.02857142857142858,78336.0,78336.0,87040.0,80076.8,64.0,64.0,64.0,64.0,0.0,0.0,0.0,0.0,1224.0,1224.0,1360.0,1251.2,0.0,0.0,0.0,0.0,0.0,0.0,0.0,0.0,0.0,0.0,0.0,0.0,0.0,0.0,0.0,0.0,0.0,0.0,0.0,0.0,0.0,0.0,0.0,0.0,0.7116653510632113,0.7920742948664963,0.8188866529164714,0.7688267368275156,0.8668526360307275,0.9496166884468271,0.9882485974189577,0.912749545926334,0.6214285714285714,0.6714285714285715,0.9571428571428572,0.7492857142857142,1.2444021889445845e-07,3.788643550801456e-07,1.0709926711001635e-06,1.4081009805143253e-06,-0.04685966593016387,-0.02930967115319484,-0.021110844844702027,-0.03573066680026487,8.5,9.5,12.0,9.8,1.0,1.0,1.0,1.0,1.3534618065453605,1.4786264415495778,1.7967385708103398,1.5848382136318953,,,,,6.633568410162121,7.252478449574693,7.627115193693478,6.976297385036437,2.5627485655361726,2.669778202248998,3.001461694708052,2.7373949720497226,6.081608010797819e-08,2.4153963661988823e-07,5.680184184536213e-07,9.726008738708531e-07,0.07557937015077076,0.15686339447775266,0.32537459635109567,0.21276632006521567,0.012594148729997746,0.02758759500619929,0.0747716739633087,0.044021423491202014,4.18611250897272e-05,0.0003020902551887132,0.001269604151729584,0.0010457814347143266,0.04878048780487805,0.04878048780487805,0.07317073170731707,0.05853658536585367,0.0,0.0,0.0,0.0,103.4542736699186,122.233165239818,150.0013576094713,130.33264487487963,,,,,,,,
ed_power__hybrid,latency,4.0,20,6.0,6.0,6.0,6.0,70.0,70.0,70.0,70.0,-0.18786697073439856,-0.08961446106244417,-0.07504943603911216,-0.12862078330121912,1.340196998370227e-06,3.870232070922319e-06,1.8406954392927735e-05,3.305148504654203e-05,,,,,,,,,0.0,0.0,0.0,0.0,0.01378271349862259,0.02230639730639731,0.027089072543617997,0.021714971686562595,4.0,4.0,4.0,4.0,4.0,4.0,4.0,4.0,1260.0,1260.0,1400.0,1288.0,1188.0,1188.0,1320.0,1214.4,0.9428571428571428,0.9428571428571428,0.9428571428571428,0.9428571428571428,0.05714285714285716,0.05714285714285716,0.05714285714285716,0.05714285714285716,76032.0,76032.0,84480.0,77721.6,64.0,64.0,64.0,64.0,0.0,0.0,0.0,0.0,1188.0,1188.0,1320.0,1214.4,0.0,0.0,0.0,0.0,0.0,0.0,0.0,0.0,0.0,0.0,0.0,0.0,0.0,0.0,0.0,0.0,0.0,0.0,0.0,0.0,0.0,0.0,0.0,0.0,0.8050997024194454,0.8329648921739394,0.8450955509334221,0.8240636805662781,0.8924487985425488,0.934460192508384,0.9680080307890042,0.9191629713983158,0.5821428571428572,0.6142857142857143,0.7214285714285714,0.6642857142857141,2.938425578341739e-06,1.238484251541766e-05,3.5609496967078266e-05,0.0005486521931425178,-0.046859616763175946,-0.029309656301030246,-0.021110633654551157,-0.035730208530490984,11.0,16.0,17.25,15.35,1.0,1.0,1.0,1.0,1.3534618065453605,1.4786264415495778,1.7967385708103398,1.5848382136318953,,,,,6.633568410162121,7.252478449574693,7.627115193693478,6.976297385036437,2.5627485655361726,2.669778202248998,3.001461694708052,2.7373949720497226,1.340196998370227e-06,3.870232070922319e-06,1.8406954392927735e-05,3.305148504654203e-05,0.13279076703645187,0.23777469783731275,0.4377731780487797,0.3403036229472656,0.01622658498647686,0.04083397325756612,0.09584380603169126,0.0700841979353655,0.00013421950069929386,0.0007737547863251846,0.0027905446677169597,0.002426826060196864,0.04878048780487805,0.04878048780487805,0.07317073170731707,0.05853658536585367,0.0,0.0,0.0,0.0,104.62795459243952,122.868197119278,151.40055477390922,131.73920161262026,,,,,,,,
ed_power__hybrid,latency,8.0,20,6.0,6.0,6.0,6.0,70.0,70.0,70.0,70.0,-0.20572758214566284,-0.09628338653952331,-0.07761544899111764,-0.14485523032601003,9.267537396457962e-05,0.0003046064833259805,0.0008728200180990371,0.0012255638929162187,,,,,,,,,0.0,0.0,0.0,0.0,0.02255315249266862,0.039874551971326166,0.04973118279569892,0.038678620886282176,8.0,8.0,8.0,8.0,8.0,8.0,8.0,8.0,1260.0,1260.0,1400.0,1288.0,1116.0,1116.0,1240.0,1140.8,0.8857142857142857,0.8857142857142857,0.8857142857142857,0.8857142857142858,0.11428571428571432,0.11428571428571432,0.11428571428571432,0.11428571428571432,71424.0,71424.0,79360.0,73011.2,64.0,64.0,64.0,64.0,0.0,0.0,0.0,0.0,1116.0,1116.0,1240.0,1140.8,0.0,0.0,0.0,0.0,0.0,0.0,0.0,0.0,0.0,0.0,0.0,0.0,0.0,0.0,0.0,0.0,0.0,0.0,0.0,0.0,0.0,0.0,0.0,0.0,0.8587668057940924,0.8761476320657382,0.8907977170544751,0.8741764253105911,0.8526582065272047,0.9088483402849031,0.9457578925520471,0.8813925437092808,0.5,0.5285714285714285,0.6071428571428571,0.5599999999999999,0.0003136196918465176,0.0008734511044767668,0.002781718505693712,0.0041075419289151646,-0.04685588134124544,-0.02930796164454761,-0.021099238556786963,-0.035713172638949985,19.75,28.0,30.0,26.75,1.0,1.0,1.0,1.0,1.3534618065453605,1.4786264415495778,1.7967385708103398,1.5848382136318953,,,,,6.633568410162121,7.252478449574693,7.627115193693478,6.976297385036437,2.5627485655361726,2.669778202248998,3.001461694708052,2.7373949720497226,9.267537396457962e-05,0.0003046064833259805,0.0008728200180990371,0.0012255638929162187,0.162236600177321,0.23214982788596528,0.5149068511558492,0.4103232401821132,0.013803693258671909,0.04750289873464526,0.1102064476405287,0.08387962056991247,0.00022836658658249232,0.0007551276923078297,0.003178153927754707,0.003537273610633021,0.04878048780487805,0.04878048780487805,0.07317073170731707,0.060975609756097573,0.0,0.0,0.0,0.0,104.2864245761174,122.63908073468556,151.34397363303606,132.32671844695534,,,,,,,,
ed_power__hybrid,msg_drop,0.0,20,6.0,6.0,6.0,6.0,70.0,70.0,70.0,70.0,-0.07317073170731707,-0.04900717310402701,-0.048868147098361084,-0.05545341207254265,2.1484586538727534e-11,2.9501634595436117e-10,1.823154786137572e-09,7.637402965520545e-09,,,,,,,,,0.0,0.0,0.0,0.0,0.006205357142857143,0.007142857142857143,0.007142857142857143,0.006690025252525253,0.0,0.0,0.0,0.0,0.0,0.0,0.0,0.0,1260.0,1260.0,1400.0,1288.0,1260.0,1260.0,1400.0,1288.0,1.0,1.0,1.0,1.0,0.0,0.0,0.0,0.0,80640.0,80640.0,89600.0,82432.0,64.0,64.0,64.0,64.0,0.0,0.0,0.0,0.0,1260.0,1260.0,1400.0,1288.0,0.0,0.0,0.0,0.0,0.0,0.0,0.0,0.0,0.0,0.0,0.0,0.0,0.0,0.0,0.0,0.0,0.0,0.0,0.0,0.0,0.0,0.0,0.0,0.0,0.7349855074032322,0.7557739092012871,0.7709648737478585,0.7604448388637056,0.8430859189152063,0.9170772236446021,0.950145480263293,0.8849101773809803,0.9392857142857143,1.0,1.0,0.9678571428571431,8.58973171996045e-11,9.840829102789808e-10,4.664424087913018e-09,2.480676284490238e-08,-0.046859668638841015,-0.029309676096139475,-0.021110846068345332,-0.03573068058545732,4.0,5.0,7.0,5.25,1.0,1.0,1.0,1.0,1.3534618065453605,1.4786264415495778,1.7967385708103398,1.5848382136318953,,,,,6.633568410162121,7.252478449574693,7.627115193693478,6.976297385036437,2.5627485655361726,2.669778202248998,3.001461694708052,2.7373949720497226,2.1484586538727534e-11,2.9501634595436117e-10,1.823154786137572e-09,7.637402965520545e-09,0.000655550564581775,0.001175302917253429,0.0028977976760216073,0.003012589112553732,4.093256948696099e-05,0.0001752484709384331,0.0003512775915678825,0.0005753632920548528,3.380928358179118e-09,1.0723727999233144e-08,1.5014250930025078e-07,4.721501334717913e-07,0.04878048780487805,0.04878048780487805,0.07317073170731707,0.05487804878048781,0.0,0.0,0.0,0.0,102.36930102371801,120.90004127730109,142.5278400683772,128.3762095954059,,,,,,,,
ed_power__hybrid,msg_drop,0.1,20,6.0,6.0,6.0,6.0,70.0,70.0,70.0,70.0,-0.07905617058532549,-0.0613040465065786,-0.04878048780487805,-0.06596611975342538,2.1494299029459464e-11,1.6537954760594648e-10,7.118303803423253e-09,7.873492661228722e-09,,,,,,,,,0.0,0.0,0.0,0.0,0.10297619047619049,0.10723562152133581,0.11369047619047619,0.10857051381158525,0.0,0.0,0.0,0.0,0.0,0.0,0.0,0.0,1260.0,1260.0,1400.0,1288.0,1115.5,1132.5,1256.5,1156.35,0.8927380952380952,0.8988404452690166,0.9034090909090909,0.8974509637188209,0.09659090909090909,0.10115955473098331,0.10726190476190481,0.10254903628117915,71392.0,72480.0,80416.0,74006.4,64.0,64.0,64.0,64.0,0.0,0.0,0.0,0.0,1115.5,1132.5,1256.5,1156.35,0.0,0.0,0.0,0.0,0.0,0.0,0.0,0.0,126.0,131.0,144.0,131.65,0.0,0.0,0.0,0.0,0.0,0.0,0.0,0.0,0.0,0.0,0.0,0.0,0.7053708957922541,0.7457106816654144,0.781352447801008,0.7477213207030846,0.8361383193956683,0.9306124695860667,0.9745589444243166,0.9001221078248769,0.9,0.9714285714285715,1.0,0.9399999999999998,1.0734102690384906e-10,1.3892230565597309e-09,1.991503165729595e-08,2.2996754843658555e-08,-0.04685966856425793,-0.029309676095770575,-0.021110846071133907,-0.035730680582084604,4.0,4.5,7.25,5.7,1.0,1.0,1.0,1.0,1.3534618065453605,1.4786264415495778,1.7967385708103398,1.5848382136318953,,,,,6.633568410162121,7.252478449574693,7.627115193693478,6.976297385036437,2.5627485655361726,2.669778202248998,3.001461694708052,2.7373949720497226,2.1494299029459464e-11,1.6537954760594648e-10,7.118303803423253e-09,7.873492661228722e-09,0.03669297651621317,0.07761820004068509,0.18723237331446252,0.12050797075759641,0.0,0.0033728019131696384,0.01586568634876405,0.012307583168059523,1.1190910112553152e-05,6.269855146946252e-05,0.00048275894037640664,0.000274932674187816,0.04878048780487805,0.04878048780487805,0.07317073170731707,0.05365853658536586,0.0,0.0,0.0,0.0,106.18696524293482,116.88773689827501,139.09389289581827,127.97999395173422,,,,,,,,
ed_power__hybrid,msg_drop,0.3,20,6.0,6.0,6.0,6.0,70.0,70.0,70.0,70.0,-0.0991808096657433,-0.06123198146519938,-0.04878048780487805,-0.07312662565483281,1.537872703683942e-10,9.482403919996505e-10,1.970547004058174e-08,3.1425728297877386e-08,,,,,,,,,0.0,0.0,0.0,0.0,0.2990327380952381,0.3073979591836735,0.30992063492063493,0.3063503659039373,0.0,0.0,0.0,0.0,0.0,0.0,0.0,0.0,1260.0,1260.0,1400.0,1288.0,871.25,887.0,964.75,899.7,0.6950892857142856,0.6967893217893217,0.7045386904761906,0.6983231550195834,0.29546130952380945,0.3032106782106782,0.3049107142857143,0.30167684498041636,55760.0,56768.0,61744.0,57580.8,64.0,64.0,64.0,64.0,0.0,0.0,0.0,0.0,871.25,887.0,964.75,899.7,0.0,0.0,0.0,0.0,0.0,0.0,0.0,0.0,366.0,382.5,420.25,388.3,0.0,0.0,0.0,0.0,0.0,0.0,0.0,0.0,0.0,0.0,0.0,0.0,0.7309971391627085,0.7419347801898721,0.7673387182006669,0.7442011463431878,0.906363173287867,0.9740354670950622,0.9894518033300547,0.9322857630759138,0.7821428571428571,0.9,0.9321428571428572,0.8607142857142858,1.0937681282572512e-09,3.066385442184875e-09,1.0228428377343353e-07,1.0108390945359127e-07,-0.046859668498513946,-0.029309676095794615,-0.021110845996501888,-0.0357306802456241,5.0,5.5,9.25,6.9,1.0,1.0,1.0,1.0,1.3534618065453605,1.4786264415495778,1.7967385708103398,1.5848382136318953,,,,,6.633568410162121,7.252478449574693,7.627115193693478,6.976297385036437,2.5627485655361726,2.669778202248998,3.001461694708052,2.7373949720497226,1.537872703683942e-10,9.482403919996505e-10,1.970547004058174e-08,3.1425728297877386e-08,0.0763129233698201,0.1611528558021873,0.25131379319764613,0.18248886015105353,0.0,0.011896983076569296,0.03177383692064598,0.020687601264588913,5.1257887391832624e-05,0.0002231630632603024,0.0005707105207539776,0.000660886523570488,0.04878048780487805,0.04878048780487805,0.07317073170731707,0.05243902439024391,0.0,0.0,0.0,0.0,108.84198054873701,116.67420895454345,141.76478183555633,128.52907336316545,,,,,,,,
ed_power__hybrid,msg_drop,0.5,20,6.0,6.0,6.0,6.0,70.0,70.0,70.0,70.0,-0.07356427848019392,-0.05331046928849856,-0.04878048780487805,-0.07200257366213428,3.8543214229822986e-08,1.4418993846897624e-07,4.630922772899043e-07,9.221574727710608e-07,,,,,,,,,0.0,0.0,0.0,0.0,0.4986111111111111,0.5031746031746032,0.5113715277777777,0.5041467287672645,0.0,0.0,0.0,0.0,0.0,0.0,0.0,0.0,1260.0,1260.0,1400.0,1288.0,615.25,633.0,697.25,643.6,0.4918650793650794,0.5003968253968254,0.5049603174603174,0.4992764120799835,0.49503968253968256,0.4996031746031746,0.5081349206349206,0.5007235879200165,39376.0,40512.0,44624.0,41190.4,64.0,64.0,64.0,64.0,0.0,0.0,0.0,0.0,615.25,633.0,697.25,643.6,0.0,0.0,0.0,0.0,0.0,0.0,0.0,0.0,616.75,634.5,687.75,644.4,0.0,0.0,0.0,0.0,0.0,0.0,0.0,0.0,0.0,0.0,0.0,0.0,0.7908226217116238,0.804935180225449,0.8345083680095805,0.8034469570804132,0.9227915707032095,0.9608168923157119,0.9862557553839653,0.9366533425088617,0.7,0.7714285714285715,0.8607142857142857,0.7807142857142858,9.101771695527969e-08,5.898006766317382e-07,1.500357918261272e-06,3.6394610479060795e-06,-0.0468596676871938,-0.02930967394300992,-0.021110842018728992,-0.0357306675208849,6.0,8.0,12.25,9.55,1.0,1.0,1.0,1.0,1.3534618065453605,1.4786264415495778,1.7967385708103398,1.5848382136318953,,,,,6.633568410162121,7.252478449574693,7.627115193693478,6.976297385036437,2.5627485655361726,2.669778202248998,3.001461694708052,2.7373949720497226,3.8543214229822986e-08,1.4418993846897624e-07,4.630922772899043e-07,9.221574727710608e-07,0.12042984488801989,0.19832984382905616,0.36843819724420657,0.3098358464583077,0.0,0.0,0.002551993387965868,0.018344037076768415,0.00013469667856146547,0.0004616802836654241,0.001741453180191793,0.002705730300160363,0.04878048780487805,0.04878048780487805,0.07317073170731707,0.05365853658536586,0.0,0.0,0.0,0.0,102.6358762210594,114.39801252792374,142.85043056596777,126.30644005330312,,,,,,,,
ed_power__hybrid,msg_drop,0.7,20,6.0,6.0,6.0,6.0,70.0,70.0,70.0,70.0,-0.15943445428157943,-0.08206775012621395,-0.04878048780487805,-0.11905620412139392,4.87891393310193e-07,2.873637377761521e-06,2.4179459754337052e-05,7.504125537152254e-05,,,,,,,,,0.0,0.0,0.0,0.0,0.6939303751803751,0.6998412698412698,0.7025081168831169,0.6987504380540095,0.0,0.0,0.0,0.0,0.0,0.0,0.0,0.0,1260.0,1260.0,1400.0,1288.0,371.0,385.0,417.0,391.1,0.29946428571428574,0.3026190476190476,0.3087121212121212,0.30358105287569576,0.6912878787878787,0.6973809523809523,0.7005357142857143,0.6964189471243043,23744.0,24640.0,26688.0,25030.4,64.0,64.0,64.0,64.0,0.0,0.0,0.0,0.0,371.0,385.0,417.0,391.1,0.0,0.0,0.0,0.0,0.0,0.0,0.0,0.0,860.25,880.0,977.75,896.9,0.0,0.0,0.0,0.0,0.0,0.0,0.0,0.0,0.0,0.0,0.0,0.0,0.8087619376488293,0.8407981899137272,0.8810545262958631,0.8329213441064057,0.935172158455756,0.9587915829806157,0.966826915792001,0.9326424211826604,0.6428571428571429,0.7071428571428571,0.7428571428571429,0.6957142857142857,1.8757969739158527e-06,1.0433596480866923e-05,9.314872139779161e-05,0.00010084382478865333,-0.04685966382000063,-0.029309232018224947,-0.021110773520129994,-0.0357296086766292,9.5,12.5,18.25,13.8,1.0,1.0,1.0,1.0,1.3534618065453605,1.4786264415495778,1.7967385708103398,1.5848382136318953,,,,,6.633568410162121,7.252478449574693,7.627115193693478,6.976297385036437,2.5627485655361726,2.669778202248998,3.001461694708052,2.7373949720497226,4.87891393310193e-07,2.873637377761521e-06,2.4179459754337052e-05,7.504125537152254e-05,0.2788312290484276,0.3256683510559406,0.4810475517241579,0.4059787664909124,0.0,0.021092140370116398,0.0982326882594495,0.056861082170174417,0.0008352850233039995,0.0013426940764672737,0.0023856586601123412,0.0023078641054019126,0.04878048780487805,0.06097560975609756,0.07317073170731707,0.062195121951219526,0.0,0.0,0.0,0.0,102.97996528338439,120.70394783017781,159.51530238767646,131.45089415304753,,,,,,,,
ed_power__hybrid,msg_drop,1.0,20,6.0,6.0,6.0,6.0,70.0,70.0,70.0,70.0,-0.1308693730302294,-0.10157017160543186,-0.08204506806605341,-0.1195754108939473,1.4777592250532785,2.0516773267472788,3.28017680933905,2.501147648619415,,,,,,,,,0.0,0.0,0.0,0.0,1.0,1.0,1.0,1.0,0.0,0.0,0.0,0.0,0.0,0.0,0.0,0.0,1260.0,1260.0,1400.0,1288.0,0.0,0.0,0.0,0.0,0.0,0.0,0.0,0.0,1.0,1.0,1.0,1.0,0.0,0.0,0.0,0.0,0.0,0.0,0.0,0.0,0.0,0.0,0.0,0.0,0.0,0.0,0.0,0.0,0.0,0.0,0.0,0.0,0.0,0.0,0.0,0.0,1260.0,1260.0,1400.0,1288.0,0.0,0.0,0.0,0.0,0.0,0.0,0.0,0.0,0.0,0.0,0.0,0.0,1.0,1.0,1.0,1.0,0.0,0.0,0.0,0.0,1.0,1.0,1.0,1.0,1.4777592250532783,2.0516773267472788,3.28017680933905,2.5011476486194155,0.0,0.0,0.0,0.0,,,,,0.0,0.0,0.0,0.0,1.3534618065453605,1.4786264415495778,1.7967385708103398,1.5848382136318953,,,,,6.633568410162121,7.252478449574693,7.627115193693478,6.976297385036437,2.5627485655361726,2.669778202248998,3.001461694708052,2.7373949720497226,1.4777592250532785,2.0516773267472788,3.28017680933905,2.501147648619415,0.0,8.881784197001252e-16,0.07085066072253832,0.047785789088784635,0.033264580261175354,0.0527896838005538,0.08208888522535136,0.07079492308906928,0.04528891401304944,0.0645932749305612,0.09231496628187184,0.0801422891916268,0.04878048780487805,0.04878048780487805,0.04878048780487805,0.04878048780487806,0.0,0.0,0.0,0.0,110.69123716749357,110.6912371674936,110.69123716749363,110.39003388213905,,,,,,,,
ed_power__mean,bandwidth,0.0,20,6.0,6.0,6.0,6.0,70.0,70.0,70.0,70.0,-0.07317073170731707,-0.04900717310402701,-0.048868147098361084,-0.05545341207254265,2.1484586538727534e-11,2.9501634595436117e-10,1.823154786137572e-09,7.637402965520545e-09,,,,,,,,,0.0,0.0,0.0,0.0,0.006205357142857143,0.007142857142857143,0.007142857142857143,0.006690025252525253,0.0,0.0,0.0,0.0,0.0,0.0,0.0,0.0,1260.0,1260.0,1400.0,1288.0,1260.0,1260.0,1400.0,1288.0,1.0,1.0,1.0,1.0,0.0,0.0,0.0,0.0,80640.0,80640.0,89600.0,82432.0,64.0,64.0,64.0,64.0,0.0,0.0,0.0,0.0,1260.0,1260.0,1400.0,1288.0,0.0,0.0,0.0,0.0,0.0,0.0,0.0,0.0,0.0,0.0,0.0,0.0,0.0,0.0,0.0,0.0,0.0,0.0,0.0,0.0,0.0,0.0,0.0,0.0,0.7349855074032322,0.7557739092012871,0.7709648737478585,0.7604448388637056,0.8430859189152063,0.9170772236446021,0.950145480263293,0.8849101773809803,0.9392857142857143,1.0,1.0,0.9678571428571431,8.58973171996045e-11,9.840829102789808e-10,4.664424087913018e-09,2.480676284490238e-08,-0.046859668638841015,-0.029309676096139475,-0.021110846068345332,-0.03573068058545732,4.0,5.0,7.0,5.25,1.0,1.0,1.0,1.0,1.3534618065453605,1.4786264415495778,1.7967385708103398,1.5848382136318953,,,,,6.633568410162121,7.252478449574693,7.627115193693478,6.976297385036437,2.5627485655361726,2.669778202248998,3.001461694708052,2.7373949720497226,2.1484586538727534e-11,2.9501634595436117e-10,1.823154786137572e-09,7.637402965520545e-09,0.000655550564581775,0.001175302917253429,0.0028977976760216073,0.003012589112553732,4.093256948696099e-05,0.0001752484709384331,0.0003512775915678825,0.0005753632920548528,3.380928358179118e-09,1.0723727999233144e-08,1.5014250930025078e-07,4.721501334717913e-07,0.04878048780487805,0.04878048780487805,0.07317073170731707,0.05487804878048781,0.0,0.0,0.0,0.0,102.36930102371801,120.90004127730109,142.5278400683772,128.3762095954059,,,,,,,,
ed_power__mean,bandwidth,1.0,20,6.0,6.0,6.0,6.0,70.0,70.0,70.0,70.0,-0.08985900665538282,-0.04878048780487805,-0.024390243902439025,-0.10840113814398813,0.04366607142836519,0.08110374141909191,0.14019186969464442,0.10345401576103759,,,,,,,,,0.20960139881755463,0.22608524053799356,0.2418067028804972,0.2270612356088217,0.0,0.0,0.0,0.0,0.0,0.0,0.0,0.0,0.0,0.0,0.0,0.0,1260.0,1260.0,1400.0,1288.0,1260.0,1260.0,1400.0,1288.0,1.0,1.0,1.0,1.0,0.0,0.0,0.0,0.0,2520.0,2520.0,2800.0,2576.0,2.0,2.0,2.0,2.0,0.0,0.0,0.0,0.0,1260.0,1260.0,1400.0,1288.0,0.0,0.0,0.0,0.0,0.0,0.0,0.0,0.0,0.0,0.0,0.0,0.0,0.0,0.0,0.0,0.0,0.0,0.0,0.0,0.0,0.0,0.0,0.0,0.0,0.24626632287149225,0.2792466264988176,0.3520135825396081,0.29822373725571577,0.9298093616530183,0.9505464308069644,0.9694736837951105,0.9365025358216258,0.1392857142857143,0.2785714285714286,0.4142857142857143,0.3221428571428571,0.04366607142057617,0.08110374026528705,0.14019186789854704,0.1034537476736759,-0.04649779421768457,-0.028151051218874776,-0.01866687268520468,-0.03425276618369111,3.0,3.0,4.0,3.5294117647058822,1.0,1.0,1.0,0.85,1.3534618065453605,1.4786264415495778,1.7967385708103398,1.5848382136318953,,,,,6.633568410162121,7.252478449574693,7.627115193693478,6.976297385036437,2.5627485655361726,2.669778202248998,3.001461694708052,2.7373949720497226,0.04366607142836519,0.08110374141909191,0.14019186969464442,0.10345401576103759,0.6574239078524611,1.2660686814608098,2.1143211014042675,1.5722116807742268,0.0,0.0,0.009153728423622755,0.057181625948866166,0.007168722754903233,0.025926774944645514,0.047973094762343106,0.036775510931007074,0.024390243902439025,0.04878048780487805,0.07317073170731707,0.051219512195121955,0.0,0.0,0.0,0.0,82.81311928654127,107.08362838174435,147.6836238021915,120.92487482195932,,,,,,,,
ed_power__mean,bandwidth,2.0,20,6.0,6.0,6.0,6.0,70.0,70.0,70.0,70.0,-0.5087454336077988,-0.3687133333483718,-0.15912134622134938,-0.37591188742956977,0.004851785714285684,0.009115197466922782,0.021500975133057584,0.1948024607252829,,,,,,,,,0.027578480576148715,0.030322398592399682,0.033710693951027,0.05338193366591113,0.0,0.0,0.0,0.0,0.0,0.0,0.0,0.0,0.0,0.0,0.0,0.0,1260.0,1260.0,1400.0,1288.0,1260.0,1260.0,1400.0,1288.0,1.0,1.0,1.0,1.0,0.0,0.0,0.0,0.0,5040.0,5040.0,5600.0,5152.0,4.0,4.0,4.0,4.0,0.0,0.0,0.0,0.0,1260.0,1260.0,1400.0,1288.0,0.0,0.0,0.0,0.0,0.0,0.0,0.0,0.0,0.0,0.0,0.0,0.0,0.0,0.0,0.0,0.0,0.0,0.0,0.0,0.0,0.0,0.0,0.0,0.0,0.28787416728541954,0.3387165579791922,0.4493858006368673,0.41211821483196126,0.8831413875191222,0.9459846255985381,0.9691060129639341,0.840246225978871,0.3928571428571429,0.48571428571428565,0.6178571428571429,0.49642857142857144,0.004851785714282358,0.009115197444510035,0.021500974692276454,0.1950686077200446,-0.04681946042849256,-0.027719135713928842,-0.018421317422567314,-0.03294778839848761,3.0,4.0,4.0,3.933333333333333,0.75,1.0,1.0,0.75,1.3534618065453605,1.4786264415495778,1.7967385708103398,1.5848382136318953,,,,,6.633568410162121,7.252478449574693,7.627115193693478,6.976297385036437,2.5627485655361726,2.669778202248998,3.001461694708052,2.7373949720497226,0.004851785714285684,0.009115197466922782,0.021500975133057584,0.1948024607252829,0.671731792329338,1.4958248587223517,1.9167949484845237,1.4523658081934063,0.07388198160762321,0.31993284554349377,0.41728201897365247,0.30639969230761854,0.009685231140931057,0.02920832952101261,0.04413809264713826,0.036154054640034225,0.04878048780487805,0.07317073170731707,0.07317073170731707,0.06951219512195121,0.0,0.0,0.0,0.0,114.69848256131436,141.17473134812207,176.77250886076996,144.9321874639185,,,,,,,,
ed_power__mean,bandwidth,3.0,20,6.0,6.0,6.0,6.0,70.0,70.0,70.0,70.0,-0.3365545692708477,-0.2430998181363182,-0.08896916453370377,-0.2194873385194558,0.0014808525018494669,0.00201572924827592,0.0045494656068459,0.03801860276921728,,,,,,,,,0.007200778238523008,0.00850043020693123,0.01340553179244427,0.017643272952762606,0.0,0.0,0.0,0.0,0.0,0.0,0.0,0.0,0.0,0.0,0.0,0.0,1260.0,1260.0,1400.0,1288.0,1260.0,1260.0,1400.0,1288.0,1.0,1.0,1.0,1.0,0.0,0.0,0.0,0.0,7560.0,7560.0,8400.0,7728.0,6.0,6.0,6.0,6.0,0.0,0.0,0.0,0.0,1260.0,1260.0,1400.0,1288.0,0.0,0.0,0.0,0.0,0.0,0.0,0.0,0.0,0.0,0.0,0.0,0.0,0.0,0.0,0.0,0.0,0.0,0.0,0.0,0.0,0.0,0.0,0.0,0.0,0.3071599318073512,0.44568477314793836,0.9681542595919536,0.5575796752657516,0.26351819454508874,0.9175790615944143,0.9537278093299633,0.697160846692935,0.45357142857142857,0.5714285714285714,0.8,0.6064285714285714,0.0014808525015092924,0.0020157292428551517,0.004549399081442615,0.039238295302103085,-0.0468479214784027,-0.028897542423074404,-0.021095370718420027,-0.035187557797859974,3.0,4.0,5.0,4.764705882352941,1.0,1.0,1.0,0.85,1.3534618065453605,1.4786264415495778,1.7967385708103398,1.5848382136318953,,,,,6.633568410162121,7.252478449574693,7.627115193693478,6.976297385036437,2.5627485655361726,2.669778202248998,3.001461694708052,2.7373949720497226,0.0014808525018494669,0.00201572924827592,0.0045494656068459,0.03801860276921728,0.35225855510722437,0.9395149645458218,1.1816951676789476,0.9154791149095411,0.017722675235752584,0.18212420838022064,0.2658546294054063,0.15973124095848015,0.0013619705365929802,0.01238046195272129,0.018743472034009948,0.014051139371849344,0.04878048780487805,0.04878048780487805,0.07317073170731707,0.05975609756097562,0.0,0.0,0.0,0.0,110.48670509892719,135.22809199660605,163.6481048486187,136.34485486361274,,,,,,,,
ed_power__mean,bandwidth,4.0,20,6.0,6.0,6.0,6.0,70.0,70.0,70.0,70.0,-0.2233378871158339,-0.04901632613402048,-0.042682926829268296,-0.1252177408571718,0.0003190668930369147,0.000438980553980261,0.0011122475904461863,0.0106278711384236,,,,,,,,,0.0022431562890170356,0.003309762825061248,0.004392137004923514,0.0048551086973382404,0.0,0.0,0.0,0.0,0.0,0.0,0.0,0.0,0.0,0.0,0.0,0.0,1260.0,1260.0,1400.0,1288.0,1260.0,1260.0,1400.0,1288.0,1.0,1.0,1.0,1.0,0.0,0.0,0.0,0.0,10080.0,10080.0,11200.0,10304.0,8.0,8.0,8.0,8.0,0.0,0.0,0.0,0.0,1260.0,1260.0,1400.0,1288.0,0.0,0.0,0.0,0.0,0.0,0.0,0.0,0.0,0.0,0.0,0.0,0.0,0.0,0.0,0.0,0.0,0.0,0.0,0.0,0.0,0.0,0.0,0.0,0.0,0.3957807569006978,0.5347311424827559,0.9500553365280229,0.6078087934316542,0.38716456273626537,0.8695960961484761,0.9541541128113442,0.7137042740583055,0.5535714285714286,0.6785714285714286,0.9785714285714285,0.7328571428571429,0.00031906688292453433,0.00043897746289643864,0.0011122735141452108,0.010880543480593344,-0.04685806037378952,-0.02930452665248172,-0.0211074758840355,-0.03557885396401417,4.0,5.0,5.0,4.352941176470588,1.0,1.0,1.0,0.85,1.3534618065453605,1.4786264415495778,1.7967385708103398,1.5848382136318953,,,,,6.633568410162121,7.252478449574693,7.627115193693478,6.976297385036437,2.5627485655361726,2.669778202248998,3.001461694708052,2.7373949720497226,0.0003190668930369147,0.000438980553980261,0.0011122475904461863,0.0106278711384236,0.1519219272143335,0.47815568955817955,0.9425310988127293,0.656116716711788,0.0,0.0,0.1406395970282065,0.07155920427180594,0.00022902062131925437,0.0025309387423657972,0.009968048111820182,0.007325674343006667,0.024390243902439025,0.04878048780487805,0.07317073170731707,0.05365853658536586,0.0,0.0,0.0,0.0,92.8572970398589,120.28818158171654,162.47832213670745,129.38314984622392,,,,,,,,
ed_power__mean,bandwidth,8.0,20,6.0,6.0,6.0,6.0,70.0,70.0,70.0,70.0,-0.08140437409954249,-0.05567185534503332,-0.04878048780487805,-0.0739622238969064,3.4679561692853275e-06,1.0203688490826773e-05,4.976783008454893e-05,0.0002971990094269766,,,,,,,,,0.00018952569118304516,0.0006972415906052278,0.0019905051746443537,0.001693266242252608,0.0,0.0,0.0,0.0,0.0,0.0,0.0,0.0,0.0,0.0,0.0,0.0,1260.0,1260.0,1400.0,1288.0,1260.0,1260.0,1400.0,1288.0,1.0,1.0,1.0,1.0,0.0,0.0,0.0,0.0,20160.0,20160.0,22400.0,20608.0,16.0,16.0,16.0,16.0,0.0,0.0,0.0,0.0,1260.0,1260.0,1400.0,1288.0,0.0,0.0,0.0,0.0,0.0,0.0,0.0,0.0,0.0,0.0,0.0,0.0,0.0,0.0,0.0,0.0,0.0,0.0,0.0,0.0,0.0,0.0,0.0,0.0,0.5057895805197016,0.6542325589962341,0.8987590845267125,0.6772280782562581,0.5518584278110987,0.8987814493378128,0.9603970675315097,0.75807465705373,0.5678571428571428,0.8142857142857143,0.9892857142857143,0.7621428571428572,3.0490175304667683e-06,1.3840607668626762e-05,4.976749318878125e-05,0.00029833234232845785,-0.04685961861840936,-0.029307893852266956,-0.021110834410638747,-0.03572643499442841,3.75,5.0,7.0,5.15,1.0,1.0,1.0,1.0,1.3534618065453605,1.4786264415495778,1.7967385708103398,1.5848382136318953,,,,,6.633568410162121,7.252478449574693,7.627115193693478,6.976297385036437,2.5627485655361726,2.669778202248998,3.001461694708052,2.7373949720497226,3.4679561692853275e-06,1.0203688490826773e-05,4.976783008454893e-05,0.0002971990094269766,0.07229417856479214,0.1418288990989831,0.23481738835475463,0.3321307828108483,0.0,0.00965784273878622,0.028722035869297176,0.022742711701784456,4.6501796159049774e-05,0.00019925352522954045,0.000761100674323413,0.0038950722709455918,0.042682926829268296,0.04878048780487805,0.054878048780487805,0.051219512195121955,0.0,0.0,0.0,0.0,95.33123876174712,121.0512299995199,143.81930469078284,126.54697981664569,,,,,,,,
ed_power__mean,byzantine,0.0,20,6.0,6.0,6.0,6.0,70.0,70.0,70.0,70.0,-0.07317073170731707,-0.04900717310402701,-0.048868147098361084,-0.05545341207254265,2.1484586538727534e-11,2.9501634595436117e-10,1.823154786137572e-09,7.637402965520545e-09,,,,,,,,,0.0,0.0,0.0,0.0,0.006205357142857143,0.007142857142857143,0.007142857142857143,0.006690025252525253,0.0,0.0,0.0,0.0,0.0,0.0,0.0,0.0,1260.0,1260.0,1400.0,1288.0,1260.0,1260.0,1400.0,1288.0,1.0,1.0,1.0,1.0,0.0,0.0,0.0,0.0,80640.0,80640.0,89600.0,82432.0,64.0,64.0,64.0,64.0,0.0,0.0,0.0,0.0,1260.0,1260.0,1400.0,1288.0,0.0,0.0,0.0,0.0,0.0,0.0,0.0,0.0,0.0,0.0,0.0,0.0,0.0,0.0,0.0,0.0,0.0,0.0,0.0,0.0,0.0,0.0,0.0,0.0,0.7349855074032322,0.7557739092012871,0.7709648737478585,0.7604448388637056,0.8430859189152063,0.9170772236446021,0.950145480263293,0.8849101773809803,0.9392857142857143,1.0,1.0,0.9678571428571431,8.58973171996045e-11,9.840829102789808e-10,4.664424087913018e-09,2.480676284490238e-08,-0.046859668638841015,-0.029309676096139475,-0.021110846068345332,-0.03573068058545732,4.0,5.0,7.0,5.25,1.0,1.0,1.0,1.0,1.3534618065453605,1.4786264415495778,1.7967385708103398,1.5848382136318953,,,,,6.633568410162121,7.252478449574693,7.627115193693478,6.976297385036437,2.5627485655361726,2.669778202248998,3.001461694708052,2.7373949720497226,2.1484586538727534e-11,2.9501634595436117e-10,1.823154786137572e-09,7.637402965520545e-09,0.000655550564581775,0.001175302917253429,0.0028977976760216073,0.003012589112553732,4.093256948696099e-05,0.0001752484709384331,0.0003512775915678825,0.0005753632920548528,3.380928358179118e-09,1.0723727999233144e-08,1.5014250930025078e-07,4.721501334717913e-07,0.04878048780487805,0.04878048780487805,0.07317073170731707,0.05487804878048781,0.0,0.0,0.0,0.0,102.36930102371801,120.90004127730109,142.5278400683772,128.3762095954059,,,,,,,,
ed_power__mean,byzantine,0.1,20,6.0,6.0,6.0,6.0,70.0,70.0,70.0,70.0,-0.04878048780487805,-0.04878048780487805,-0.04878048780487805,-0.047560975609756105,0.11862841461728513,0.3766747319040914,0.7356677180834901,0.7831080775214538,,,,,,,,,0.0,0.0,0.0,0.0,0.005158730158730159,0.005537518037518037,0.005952380952380952,0.005506487064522779,0.0,0.0,0.0,0.0,0.0,0.0,0.0,0.0,1260.0,1260.0,1400.0,1288.0,1260.0,1260.0,1400.0,1288.0,1.0,1.0,1.0,1.0,0.0,0.0,0.0,0.0,80640.0,80640.0,89600.0,82432.0,64.0,64.0,64.0,64.0,0.0,0.0,0.0,0.0,1260.0,1260.0,1400.0,1288.0,0.0,0.0,0.0,0.0,0.0,0.0,0.0,0.0,0.0,0.0,0.0,0.0,0.0,0.0,0.0,0.0,0.0,0.0,0.0,0.0,0.0,0.0,0.0,0.0,0.9221172527851681,0.9537536687591791,0.9830919864184912,0.9352753888255982,0.05307778845659028,0.09843431998879282,0.180747778306365,0.14006522961231022,0.5357142857142857,0.5571428571428572,0.5714285714285714,0.5499999999999999,0.6229798056571956,0.9446629417485586,1.2461500740293312,1.0325731424059805,-0.044786992267643023,-0.021545896637511084,-0.007963538606297336,-0.024543422444256606,9.0,22.0,36.75,25.0625,1.0,1.0,1.0,0.8,1.3534618065453605,1.4786264415495778,1.7967385708103398,1.5848382136318953,,,,,6.633568410162121,7.252478449574693,7.627115193693478,6.976297385036437,2.5627485655361726,2.669778202248998,3.001461694708052,2.7373949720497226,0.11862841461728513,0.3766747319040914,0.7356677180834901,0.7831080775214538,6.294930236505765,6.929419403758054,7.407988985628287,6.7518273683932675,0.0,0.0,0.0,0.0,0.3818261352845145,0.4292702424039666,0.45677561009414247,0.4281096632994374,0.04878048780487805,0.04878048780487805,0.04878048780487805,0.047560975609756105,0.0,0.0,0.0,0.0,98.06485754696051,98.6849621867362,98.6849621867362,97.08336343715635,,,,,,,,
ed_power__mean,byzantine,0.25,20,6.0,6.0,6.0,6.0,70.0,70.0,70.0,70.0,-0.04878048780487805,-0.04878048780487805,-0.04878048780487805,-0.04878048780487806,0.6290984945308146,1.4991733847032744,2.241757272557428,2.3132950415567026,,,,,,,,,0.0,0.0,0.0,0.0,0.0035714285714285713,0.00450487012987013,0.004761904761904762,0.0042802321686250255,0.0,0.0,0.0,0.0,0.0,0.0,0.0,0.0,1260.0,1260.0,1400.0,1288.0,1260.0,1260.0,1400.0,1288.0,1.0,1.0,1.0,1.0,0.0,0.0,0.0,0.0,80640.0,80640.0,89600.0,82432.0,64.0,64.0,64.0,64.0,0.0,0.0,0.0,0.0,1260.0,1260.0,1400.0,1288.0,0.0,0.0,0.0,0.0,0.0,0.0,0.0,0.0,0.0,0.0,0.0,0.0,0.0,0.0,0.0,0.0,0.0,0.0,0.0,0.0,0.0,0.0,0.0,0.0,0.953025471575963,0.972186254771169,0.9790249953164522,0.9395259604861824,0.07034606641868435,0.10381909311697618,0.21599743220258322,0.15412150676570185,0.5,0.5285714285714286,0.5464285714285714,0.5285714285714286,1.0391077237599717,1.2528797871366915,1.8338376733018371,1.553250638956439,-0.02485250871836993,-0.008943544193711928,0.01046606183411057,-0.002683608672324452,18.75,39.0,57.25,37.5,0.0,0.0,1.0,0.4,1.3534618065453605,1.4786264415495778,1.7967385708103398,1.5848382136318953,,,,,6.633568410162121,7.252478449574693,7.627115193693478,6.976297385036437,2.5627485655361726,2.669778202248998,3.001461694708052,2.7373949720497226,0.6290984945308146,1.4991733847032744,2.241757272557428,2.3132950415567026,6.36400953219053,6.965198367226723,7.37971570257569,6.714203885515777,0.0,0.0,0.0,0.0,0.3811383863908041,0.4330016664610674,0.4834289985923268,0.42558577946138926,0.04878048780487805,0.04878048780487805,0.04878048780487805,0.04878048780487806,0.0,0.0,0.0,0.0,97.14248901490384,98.6849621867362,98.6849621867362,97.86998843478696,,,,,,,,
ed_power__mean,byzantine,0.5,20,6.0,6.0,6.0,6.0,70.0,70.0,70.0,70.0,-0.04878048780487805,-0.04878048780487805,-0.04878048780487805,-0.047560975609756105,0.515670916509832,1.6528089415752025,2.940380466180699,2.5219649534111808,,,,,,,,,0.0,0.0,0.0,0.0,0.0026339285714285714,0.0031498015873015874,0.0035714285714285713,0.00303108250876108,0.0,0.0,0.0,0.0,0.0,0.0,0.0,0.0,1260.0,1260.0,1400.0,1288.0,1260.0,1260.0,1400.0,1288.0,1.0,1.0,1.0,1.0,0.0,0.0,0.0,0.0,80640.0,80640.0,89600.0,82432.0,64.0,64.0,64.0,64.0,0.0,0.0,0.0,0.0,1260.0,1260.0,1400.0,1288.0,0.0,0.0,0.0,0.0,0.0,0.0,0.0,0.0,0.0,0.0,0.0,0.0,0.0,0.0,0.0,0.0,0.0,0.0,0.0,0.0,0.0,0.0,0.0,0.0,0.9549107266319322,0.9772138532510914,0.9895437358349306,0.9613731571623101,0.03522514411700087,0.08036563490054854,0.17528363757004525,0.12148536485201991,0.5142857142857142,0.5285714285714286,0.5464285714285714,0.5214285714285714,1.452777811071686,2.000686843629361,2.515340141388651,2.0715046326355107,-0.030454138411139954,-0.014547710253067333,0.0157098486181901,0.00029739006845380526,36.5,47.0,57.5,47.0,0.0,0.0,0.0,0.1,1.3534618065453605,1.4786264415495778,1.7967385708103398,1.5848382136318953,,,,,6.633568410162121,7.252478449574693,7.627115193693478,6.976297385036437,2.5627485655361726,2.669778202248998,3.001461694708052,2.7373949720497226,0.515670916509832,1.6528089415752025,2.940380466180699,2.5219649534111808,6.068810877299784,6.831697896378497,7.415153992336117,6.532000974976491,0.0,0.0,0.0,0.0,0.34287796704439916,0.4113554093422227,0.47481576579223667,0.40285115289777484,0.04878048780487805,0.04878048780487805,0.04878048780487805,0.047560975609756105,0.0,0.0,0.0,0.0,92.42631924814602,97.24037362782431,98.6849621867362,97.15932346036226,,,,,,,,
ed_power__mean,latency,0.0,20,6.0,6.0,6.0,6.0,70.0,70.0,70.0,70.0,-0.07317073170731707,-0.04900717310402701,-0.048868147098361084,-0.05545341207254265,2.1484586538727534e-11,2.9501634595436117e-10,1.823154786137572e-09,7.637402965520545e-09,,,,,,,,,0.0,0.0,0.0,0.0,0.006205357142857143,0.007142857142857143,0.007142857142857143,0.006690025252525253,0.0,0.0,0.0,0.0,0.0,0.0,0.0,0.0,1260.0,1260.0,1400.0,1288.0,1260.0,1260.0,1400.0,1288.0,1.0,1.0,1.0,1.0,0.0,0.0,0.0,0.0,80640.0,80640.0,89600.0,82432.0,64.0,64.0,64.0,64.0,0.0,0.0,0.0,0.0,1260.0,1260.0,1400.0,1288.0,0.0,0.0,0.0,0.0,0.0,0.0,0.0,0.0,0.0,0.0,0.0,0.0,0.0,0.0,0.0,0.0,0.0,0.0,0.0,0.0,0.0,0.0,0.0,0.0,0.7349855074032322,0.7557739092012871,0.7709648737478585,0.7604448388637056,0.8430859189152063,0.9170772236446021,0.950145480263293,0.8849101773809803,0.9392857142857143,1.0,1.0,0.9678571428571431,8.58973171996045e-11,9.840829102789808e-10,4.664424087913018e-09,2.480676284490238e-08,-0.046859668638841015,-0.029309676096139475,-0.021110846068345332,-0.03573068058545732,4.0,5.0,7.0,5.25,1.0,1.0,1.0,1.0,1.3534618065453605,1.4786264415495778,1.7967385708103398,1.5848382136318953,,,,,6.633568410162121,7.252478449574693,7.627115193693478,6.976297385036437,2.5627485655361726,2.669778202248998,3.001461694708052,2.7373949720497226,2.1484586538727534e-11,2.9501634595436117e-10,1.823154786137572e-09,7.637402965520545e-09,0.000655550564581775,0.001175302917253429,0.0028977976760216073,0.003012589112553732,4.093256948696099e-05,0.0001752484709384331,0.0003512775915678825,0.0005753632920548528,3.380928358179118e-09,1.0723727999233144e-08,1.5014250930025078e-07,4.721501334717913e-07,0.04878048780487805,0.04878048780487805,0.07317073170731707,0.05487804878048781,0.0,0.0,0.0,0.0,102.36930102371801,120.90004127730109,142.5278400683772,128.3762095954059,,,,,,,,
ed_power__mean,latency,1.0,20,6.0,6.0,6.0,6.0,70.0,70.0,70.0,70.0,-0.08292533253019406,-0.06966165200569574,-0.0549821297025521,-0.0772691281447799,1.1866376631547268e-08,3.013203031574476e-08,9.332953012119838e-08,1.1159723217894833e-06,,,,,,,,,0.0,0.0,0.0,0.0,0.008031400966183575,0.010466988727858293,0.011912604303908652,0.010282947225882008,1.0,1.0,1.0,1.0,1.0,1.0,1.0,1.0,1260.0,1260.0,1400.0,1288.0,1242.0,1242.0,1380.0,1269.6,0.9857142857142858,0.9857142857142858,0.9857142857142858,0.9857142857142861,0.014285714285714235,0.014285714285714235,0.014285714285714235,0.014285714285714235,79488.0,79488.0,88320.0,81254.4,64.0,64.0,64.0,64.0,0.0,0.0,0.0,0.0,1242.0,1242.0,1380.0,1269.6,0.0,0.0,0.0,0.0,0.0,0.0,0.0,0.0,0.0,0.0,0.0,0.0,0.0,0.0,0.0,0.0,0.0,0.0,0.0,0.0,0.0,0.0,0.0,0.0,0.770413143740755,0.7887175131136767,0.8177102708813784,0.7879192372817394,0.758762787276091,0.8804156741275395,0.9804471365633806,0.8492565484114587,0.6642857142857143,0.7857142857142858,0.975,0.7964285714285714,1.69279857492954e-08,5.757674260485374e-08,1.374119876942757e-07,9.45302171982426e-07,-0.04685966771282405,-0.02930967444310388,-0.021110845828363763,-0.035730664752101335,6.0,7.0,9.25,7.3,1.0,1.0,1.0,1.0,1.3534618065453605,1.4786264415495778,1.7967385708103398,1.5848382136318953,,,,,6.633568410162121,7.252478449574693,7.627115193693478,6.976297385036437,2.5627485655361726,2.669778202248998,3.001461694708052,2.7373949720497226,1.1866376631547268e-08,3.013203031574476e-08,9.332953012119838e-08,1.1159723217894833e-06,0.033674695587312176,0.05887695965216766,0.15842641752242836,0.10184035732044298,0.005808995472033546,0.010060711574905252,0.03250743463139767,0.021171567169170145,8.815736995945815e-06,5.5079539778872545e-05,0.00020791439755026098,0.00027477269488148385,0.04878048780487805,0.04878048780487805,0.07317073170731707,0.056097560975609764,0.0,0.0,0.0,0.0,102.79797351571247,121.66657168296446,145.6519844375198,129.17383891993222,,,,,,,,
ed_power__mean,latency,2.0,20,6.0,6.0,6.0,6.0,70.0,70.0,70.0,70.0,-0.11398832832758016,-0.08009989999978974,-0.06661340206473013,-0.10255800885705568,6.081608010797819e-08,2.4153963661988823e-07,5.680184184536213e-07,9.726008738708531e-07,,,,,,,,,0.0,0.0,0.0,0.0,0.00978442513368984,0.014297385620915032,0.016822638146167558,0.013981543374925728,2.0,2.0,2.0,2.0,2.0,2.0,2.0,2.0,1260.0,1260.0,1400.0,1288.0,1224.0,1224.0,1360.0,1251.2,0.9714285714285714,0.9714285714285714,0.9714285714285714,0.9714285714285713,0.02857142857142858,0.02857142857142858,0.02857142857142858,0.02857142857142858,78336.0,78336.0,87040.0,80076.8,64.0,64.0,64.0,64.0,0.0,0.0,0.0,0.0,1224.0,1224.0,1360.0,1251.2,0.0,0.0,0.0,0.0,0.0,0.0,0.0,0.0,0.0,0.0,0.0,0.0,0.0,0.0,0.0,0.0,0.0,0.0,0.0,0.0,0.0,0.0,0.0,0.0,0.7116653510632113,0.7920742948664963,0.8188866529164714,0.7688267368275156,0.8668526360307275,0.9496166884468271,0.9882485974189577,0.912749545926334,0.6214285714285714,0.6714285714285715,0.9571428571428572,0.7492857142857142,1.2444021889445845e-07,3.788643550801456e-07,1.0709926711001635e-06,1.4081009805143253e-06,-0.04685966593016387,-0.02930967115319484,-0.021110844844702027,-0.03573066680026487,8.5,9.5,12.0,9.8,1.0,1.0,1.0,1.0,1.3534618065453605,1.4786264415495778,1.7967385708103398,1.5848382136318953,,,,,6.633568410162121,7.252478449574693,7.627115193693478,6.976297385036437,2.5627485655361726,2.669778202248998,3.001461694708052,2.7373949720497226,6.081608010797819e-08,2.4153963661988823e-07,5.680184184536213e-07,9.726008738708531e-07,0.07557937015077076,0.15686339447775266,0.32537459635109567,0.21276632006521567,0.012594148729997746,0.02758759500619929,0.0747716739633087,0.044021423491202014,4.18611250897272e-05,0.0003020902551887132,0.001269604151729584,0.0010457814347143266,0.04878048780487805,0.04878048780487805,0.07317073170731707,0.05853658536585367,0.0,0.0,0.0,0.0,103.4542736699186,122.233165239818,150.0013576094713,130.33264487487963,,,,,,,,
ed_power__mean,latency,4.0,20,6.0,6.0,6.0,6.0,70.0,70.0,70.0,70.0,-0.18786697073439856,-0.08961446106244417,-0.07504943603911216,-0.12862078330121912,1.340196998370227e-06,3.870232070922319e-06,1.8406954392927735e-05,3.305148504654203e-05,,,,,,,,,0.0,0.0,0.0,0.0,0.01378271349862259,0.02230639730639731,0.027089072543617997,0.021714971686562595,4.0,4.0,4.0,4.0,4.0,4.0,4.0,4.0,1260.0,1260.0,1400.0,1288.0,1188.0,1188.0,1320.0,1214.4,0.9428571428571428,0.9428571428571428,0.9428571428571428,0.9428571428571428,0.05714285714285716,0.05714285714285716,0.05714285714285716,0.05714285714285716,76032.0,76032.0,84480.0,77721.6,64.0,64.0,64.0,64.0,0.0,0.0,0.0,0.0,1188.0,1188.0,1320.0,1214.4,0.0,0.0,0.0,0.0,0.0,0.0,0.0,0.0,0.0,0.0,0.0,0.0,0.0,0.0,0.0,0.0,0.0,0.0,0.0,0.0,0.0,0.0,0.0,0.0,0.8050997024194454,0.8329648921739394,0.8450955509334221,0.8240636805662781,0.8924487985425488,0.934460192508384,0.9680080307890042,0.9191629713983158,0.5821428571428572,0.6142857142857143,0.7214285714285714,0.6642857142857141,2.938425578341739e-06,1.238484251541766e-05,3.5609496967078266e-05,0.0005486521931425178,-0.046859616763175946,-0.029309656301030246,-0.021110633654551157,-0.035730208530490984,11.0,16.0,17.25,15.35,1.0,1.0,1.0,1.0,1.3534618065453605,1.4786264415495778,1.7967385708103398,1.5848382136318953,,,,,6.633568410162121,7.252478449574693,7.627115193693478,6.976297385036437,2.5627485655361726,2.669778202248998,3.001461694708052,2.7373949720497226,1.340196998370227e-06,3.870232070922319e-06,1.8406954392927735e-05,3.305148504654203e-05,0.13279076703645187,0.23777469783731275,0.4377731780487797,0.3403036229472656,0.01622658498647686,0.04083397325756612,0.09584380603169126,0.0700841979353655,0.00013421950069929386,0.0007737547863251846,0.0027905446677169597,0.002426826060196864,0.04878048780487805,0.04878048780487805,0.07317073170731707,0.05853658536585367,0.0,0.0,0.0,0.0,104.62795459243952,122.868197119278,151.40055477390922,131.73920161262026,,,,,,,,
ed_power__mean,latency,8.0,20,6.0,6.0,6.0,6.0,70.0,70.0,70.0,70.0,-0.20572758214566284,-0.09628338653952331,-0.07761544899111764,-0.14485523032601003,9.267537396457962e-05,0.0003046064833259805,0.0008728200180990371,0.0012255638929162187,,,,,,,,,0.0,0.0,0.0,0.0,0.02255315249266862,0.039874551971326166,0.04973118279569892,0.038678620886282176,8.0,8.0,8.0,8.0,8.0,8.0,8.0,8.0,1260.0,1260.0,1400.0,1288.0,1116.0,1116.0,1240.0,1140.8,0.8857142857142857,0.8857142857142857,0.8857142857142857,0.8857142857142858,0.11428571428571432,0.11428571428571432,0.11428571428571432,0.11428571428571432,71424.0,71424.0,79360.0,73011.2,64.0,64.0,64.0,64.0,0.0,0.0,0.0,0.0,1116.0,1116.0,1240.0,1140.8,0.0,0.0,0.0,0.0,0.0,0.0,0.0,0.0,0.0,0.0,0.0,0.0,0.0,0.0,0.0,0.0,0.0,0.0,0.0,0.0,0.0,0.0,0.0,0.0,0.8587668057940924,0.8761476320657382,0.8907977170544751,0.8741764253105911,0.8526582065272047,0.9088483402849031,0.9457578925520471,0.8813925437092808,0.5,0.5285714285714285,0.6071428571428571,0.5599999999999999,0.0003136196918465176,0.0008734511044767668,0.002781718505693712,0.0041075419289151646,-0.04685588134124544,-0.02930796164454761,-0.021099238556786963,-0.035713172638949985,19.75,28.0,30.0,26.75,1.0,1.0,1.0,1.0,1.3534618065453605,1.4786264415495778,1.7967385708103398,1.5848382136318953,,,,,6.633568410162121,7.252478449574693,7.627115193693478,6.976297385036437,2.5627485655361726,2.669778202248998,3.001461694708052,2.7373949720497226,9.267537396457962e-05,0.0003046064833259805,0.0008728200180990371,0.0012255638929162187,0.162236600177321,0.23214982788596528,0.5149068511558492,0.4103232401821132,0.013803693258671909,0.04750289873464526,0.1102064476405287,0.08387962056991247,0.00022836658658249232,0.0007551276923078297,0.003178153927754707,0.003537273610633021,0.04878048780487805,0.04878048780487805,0.07317073170731707,0.060975609756097573,0.0,0.0,0.0,0.0,104.2864245761174,122.63908073468556,151.34397363303606,132.32671844695534,,,,,,,,
ed_power__mean,msg_drop,0.0,20,6.0,6.0,6.0,6.0,70.0,70.0,70.0,70.0,-0.07317073170731707,-0.04900717310402701,-0.048868147098361084,-0.05545341207254265,2.1484586538727534e-11,2.9501634595436117e-10,1.823154786137572e-09,7.637402965520545e-09,,,,,,,,,0.0,0.0,0.0,0.0,0.006205357142857143,0.007142857142857143,0.007142857142857143,0.006690025252525253,0.0,0.0,0.0,0.0,0.0,0.0,0.0,0.0,1260.0,1260.0,1400.0,1288.0,1260.0,1260.0,1400.0,1288.0,1.0,1.0,1.0,1.0,0.0,0.0,0.0,0.0,80640.0,80640.0,89600.0,82432.0,64.0,64.0,64.0,64.0,0.0,0.0,0.0,0.0,1260.0,1260.0,1400.0,1288.0,0.0,0.0,0.0,0.0,0.0,0.0,0.0,0.0,0.0,0.0,0.0,0.0,0.0,0.0,0.0,0.0,0.0,0.0,0.0,0.0,0.0,0.0,0.0,0.0,0.7349855074032322,0.7557739092012871,0.7709648737478585,0.7604448388637056,0.8430859189152063,0.9170772236446021,0.950145480263293,0.8849101773809803,0.9392857142857143,1.0,1.0,0.9678571428571431,8.58973171996045e-11,9.840829102789808e-10,4.664424087913018e-09,2.480676284490238e-08,-0.046859668638841015,-0.029309676096139475,-0.021110846068345332,-0.03573068058545732,4.0,5.0,7.0,5.25,1.0,1.0,1.0,1.0,1.3534618065453605,1.4786264415495778,1.7967385708103398,1.5848382136318953,,,,,6.633568410162121,7.252478449574693,7.627115193693478,6.976297385036437,2.5627485655361726,2.669778202248998,3.001461694708052,2.7373949720497226,2.1484586538727534e-11,2.9501634595436117e-10,1.823154786137572e-09,7.637402965520545e-09,0.000655550564581775,0.001175302917253429,0.0028977976760216073,0.003012589112553732,4.093256948696099e-05,0.0001752484709384331,0.0003512775915678825,0.0005753632920548528,3.380928358179118e-09,1.0723727999233144e-08,1.5014250930025078e-07,4.721501334717913e-07,0.04878048780487805,0.04878048780487805,0.07317073170731707,0.05487804878048781,0.0,0.0,0.0,0.0,102.36930102371801,120.90004127730109,142.5278400683772,128.3762095954059,,,,,,,,
ed_power__mean,msg_drop,0.1,20,6.0,6.0,6.0,6.0,70.0,70.0,70.0,70.0,-0.07905617058532549,-0.0613040465065786,-0.04878048780487805,-0.06596611975342538,2.1494299029459464e-11,1.6537954760594648e-10,7.118303803423253e-09,7.873492661228722e-09,,,,,,,,,0.0,0.0,0.0,0.0,0.10297619047619049,0.10723562152133581,0.11369047619047619,0.10857051381158525,0.0,0.0,0.0,0.0,0.0,0.0,0.0,0.0,1260.0,1260.0,1400.0,1288.0,1115.5,1132.5,1256.5,1156.35,0.8927380952380952,0.8988404452690166,0.9034090909090909,0.8974509637188209,0.09659090909090909,0.10115955473098331,0.10726190476190481,0.10254903628117915,71392.0,72480.0,80416.0,74006.4,64.0,64.0,64.0,64.0,0.0,0.0,0.0,0.0,1115.5,1132.5,1256.5,1156.35,0.0,0.0,0.0,0.0,0.0,0.0,0.0,0.0,126.0,131.0,144.0,131.65,0.0,0.0,0.0,0.0,0.0,0.0,0.0,0.0,0.0,0.0,0.0,0.0,0.7053708957922541,0.7457106816654144,0.781352447801008,0.7477213207030846,0.8361383193956683,0.9306124695860667,0.9745589444243166,0.9001221078248769,0.9,0.9714285714285715,1.0,0.9399999999999998,1.0734102690384906e-10,1.3892230565597309e-09,1.991503165729595e-08,2.2996754843658555e-08,-0.04685966856425793,-0.029309676095770575,-0.021110846071133907,-0.035730680582084604,4.0,4.5,7.25,5.7,1.0,1.0,1.0,1.0,1.3534618065453605,1.4786264415495778,1.7967385708103398,1.5848382136318953,,,,,6.633568410162121,7.252478449574693,7.627115193693478,6.976297385036437,2.5627485655361726,2.669778202248998,3.001461694708052,2.7373949720497226,2.1494299029459464e-11,1.6537954760594648e-10,7.118303803423253e-09,7.873492661228722e-09,0.03669297651621317,0.07761820004068509,0.18723237331446252,0.12050797075759641,0.0,0.0033728019131696384,0.01586568634876405,0.012307583168059523,1.1190910112553152e-05,6.269855146946252e-05,0.00048275894037640664,0.000274932674187816,0.04878048780487805,0.04878048780487805,0.07317073170731707,0.05365853658536586,0.0,0.0,0.0,0.0,106.18696524293482,116.88773689827501,139.09389289581827,127.97999395173422,,,,,,,,
ed_power__mean,msg_drop,0.3,20,6.0,6.0,6.0,6.0,70.0,70.0,70.0,70.0,-0.0991808096657433,-0.06123198146519938,-0.04878048780487805,-0.07312662565483281,1.537872703683942e-10,9.482403919996505e-10,1.970547004058174e-08,3.1425728297877386e-08,,,,,,,,,0.0,0.0,0.0,0.0,0.2990327380952381,0.3073979591836735,0.30992063492063493,0.3063503659039373,0.0,0.0,0.0,0.0,0.0,0.0,0.0,0.0,1260.0,1260.0,1400.0,1288.0,871.25,887.0,964.75,899.7,0.6950892857142856,0.6967893217893217,0.7045386904761906,0.6983231550195834,0.29546130952380945,0.3032106782106782,0.3049107142857143,0.30167684498041636,55760.0,56768.0,61744.0,57580.8,64.0,64.0,64.0,64.0,0.0,0.0,0.0,0.0,871.25,887.0,964.75,899.7,0.0,0.0,0.0,0.0,0.0,0.0,0.0,0.0,366.0,382.5,420.25,388.3,0.0,0.0,0.0,0.0,0.0,0.0,0.0,0.0,0.0,0.0,0.0,0.0,0.7309971391627085,0.7419347801898721,0.7673387182006669,0.7442011463431878,0.906363173287867,0.9740354670950622,0.9894518033300547,0.9322857630759138,0.7821428571428571,0.9,0.9321428571428572,0.8607142857142858,1.0937681282572512e-09,3.066385442184875e-09,1.0228428377343353e-07,1.0108390945359127e-07,-0.046859668498513946,-0.029309676095794615,-0.021110845996501888,-0.0357306802456241,5.0,5.5,9.25,6.9,1.0,1.0,1.0,1.0,1.3534618065453605,1.4786264415495778,1.7967385708103398,1.5848382136318953,,,,,6.633568410162121,7.252478449574693,7.627115193693478,6.976297385036437,2.5627485655361726,2.669778202248998,3.001461694708052,2.7373949720497226,1.537872703683942e-10,9.482403919996505e-10,1.970547004058174e-08,3.1425728297877386e-08,0.0763129233698201,0.1611528558021873,0.25131379319764613,0.18248886015105353,0.0,0.011896983076569296,0.03177383692064598,0.020687601264588913,5.1257887391832624e-05,0.0002231630632603024,0.0005707105207539776,0.000660886523570488,0.04878048780487805,0.04878048780487805,0.07317073170731707,0.05243902439024391,0.0,0.0,0.0,0.0,108.84198054873701,116.67420895454345,141.76478183555633,128.52907336316545,,,,,,,,
ed_power__mean,msg_drop,0.5,20,6.0,6.0,6.0,6.0,70.0,70.0,70.0,70.0,-0.07356427848019392,-0.05331046928849856,-0.04878048780487805,-0.07200257366213428,3.8543214229822986e-08,1.4418993846897624e-07,4.630922772899043e-07,9.221574727710608e-07,,,,,,,,,0.0,0.0,0.0,0.0,0.4986111111111111,0.5031746031746032,0.5113715277777777,0.5041467287672645,0.0,0.0,0.0,0.0,0.0,0.0,0.0,0.0,1260.0,1260.0,1400.0,1288.0,615.25,633.0,697.25,643.6,0.4918650793650794,0.5003968253968254,0.5049603174603174,0.4992764120799835,0.49503968253968256,0.4996031746031746,0.5081349206349206,0.5007235879200165,39376.0,40512.0,44624.0,41190.4,64.0,64.0,64.0,64.0,0.0,0.0,0.0,0.0,615.25,633.0,697.25,643.6,0.0,0.0,0.0,0.0,0.0,0.0,0.0,0.0,616.75,634.5,687.75,644.4,0.0,0.0,0.0,0.0,0.0,0.0,0.0,0.0,0.0,0.0,0.0,0.0,0.7908226217116238,0.804935180225449,0.8345083680095805,0.8034469570804132,0.9227915707032095,0.9608168923157119,0.9862557553839653,0.9366533425088617,0.7,0.7714285714285715,0.8607142857142857,0.7807142857142858,9.101771695527969e-08,5.898006766317382e-07,1.500357918261272e-06,3.6394610479060795e-06,-0.0468596676871938,-0.02930967394300992,-0.021110842018728992,-0.0357306675208849,6.0,8.0,12.25,9.55,1.0,1.0,1.0,1.0,1.3534618065453605,1.4786264415495778,1.7967385708103398,1.5848382136318953,,,,,6.633568410162121,7.252478449574693,7.627115193693478,6.976297385036437,2.5627485655361726,2.669778202248998,3.001461694708052,2.7373949720497226,3.8543214229822986e-08,1.4418993846897624e-07,4.630922772899043e-07,9.221574727710608e-07,0.12042984488801989,0.19832984382905616,0.36843819724420657,0.3098358464583077,0.0,0.0,0.002551993387965868,0.018344037076768415,0.00013469667856146547,0.0004616802836654241,0.001741453180191793,0.002705730300160363,0.04878048780487805,0.04878048780487805,0.07317073170731707,0.05365853658536586,0.0,0.0,0.0,0.0,102.6358762210594,114.39801252792374,142.85043056596777,126.30644005330312,,,,,,,,
ed_power__mean,msg_drop,0.7,20,6.0,6.0,6.0,6.0,70.0,70.0,70.0,70.0,-0.15943445428157943,-0.08206775012621395,-0.04878048780487805,-0.11905620412139392,4.87891393310193e-07,2.873637377761521e-06,2.4179459754337052e-05,7.504125537152254e-05,,,,,,,,,0.0,0.0,0.0,0.0,0.6939303751803751,0.6998412698412698,0.7025081168831169,0.6987504380540095,0.0,0.0,0.0,0.0,0.0,0.0,0.0,0.0,1260.0,1260.0,1400.0,1288.0,371.0,385.0,417.0,391.1,0.29946428571428574,0.3026190476190476,0.3087121212121212,0.30358105287569576,0.6912878787878787,0.6973809523809523,0.7005357142857143,0.6964189471243043,23744.0,24640.0,26688.0,25030.4,64.0,64.0,64.0,64.0,0.0,0.0,0.0,0.0,371.0,385.0,417.0,391.1,0.0,0.0,0.0,0.0,0.0,0.0,0.0,0.0,860.25,880.0,977.75,896.9,0.0,0.0,0.0,0.0,0.0,0.0,0.0,0.0,0.0,0.0,0.0,0.0,0.8087619376488293,0.8407981899137272,0.8810545262958631,0.8329213441064057,0.935172158455756,0.9587915829806157,0.966826915792001,0.9326424211826604,0.6428571428571429,0.7071428571428571,0.7428571428571429,0.6957142857142857,1.8757969739158527e-06,1.0433596480866923e-05,9.314872139779161e-05,0.00010084382478865333,-0.04685966382000063,-0.029309232018224947,-0.021110773520129994,-0.0357296086766292,9.5,12.5,18.25,13.8,1.0,1.0,1.0,1.0,1.3534618065453605,1.4786264415495778,1.7967385708103398,1.5848382136318953,,,,,6.633568410162121,7.252478449574693,7.627115193693478,6.976297385036437,2.5627485655361726,2.669778202248998,3.001461694708052,2.7373949720497226,4.87891393310193e-07,2.873637377761521e-06,2.4179459754337052e-05,7.504125537152254e-05,0.2788312290484276,0.3256683510559406,0.4810475517241579,0.4059787664909124,0.0,0.021092140370116398,0.0982326882594495,0.056861082170174417,0.0008352850233039995,0.0013426940764672737,0.0023856586601123412,0.0023078641054019126,0.04878048780487805,0.06097560975609756,0.07317073170731707,0.062195121951219526,0.0,0.0,0.0,0.0,102.97996528338439,120.70394783017781,159.51530238767646,131.45089415304753,,,,,,,,
ed_power__mean,msg_drop,1.0,20,6.0,6.0,6.0,6.0,70.0,70.0,70.0,70.0,-0.1308693730302294,-0.10157017160543186,-0.08204506806605341,-0.1195754108939473,1.4777592250532785,2.0516773267472788,3.28017680933905,2.501147648619415,,,,,,,,,0.0,0.0,0.0,0.0,1.0,1.0,1.0,1.0,0.0,0.0,0.0,0.0,0.0,0.0,0.0,0.0,1260.0,1260.0,1400.0,1288.0,0.0,0.0,0.0,0.0,0.0,0.0,0.0,0.0,1.0,1.0,1.0,1.0,0.0,0.0,0.0,0.0,0.0,0.0,0.0,0.0,0.0,0.0,0.0,0.0,0.0,0.0,0.0,0.0,0.0,0.0,0.0,0.0,0.0,0.0,0.0,0.0,1260.0,1260.0,1400.0,1288.0,0.0,0.0,0.0,0.0,0.0,0.0,0.0,0.0,0.0,0.0,0.0,0.0,1.0,1.0,1.0,1.0,0.0,0.0,0.0,0.0,1.0,1.0,1.0,1.0,1.4777592250532783,2.0516773267472788,3.28017680933905,2.5011476486194155,0.0,0.0,0.0,0.0,,,,,0.0,0.0,0.0,0.0,1.3534618065453605,1.4786264415495778,1.7967385708103398,1.5848382136318953,,,,,6.633568410162121,7.252478449574693,7.627115193693478,6.976297385036437,2.5627485655361726,2.669778202248998,3.001461694708052,2.7373949720497226,1.4777592250532785,2.0516773267472788,3.28017680933905,2.501147648619415,0.0,8.881784197001252e-16,0.07085066072253832,0.047785789088784635,0.033264580261175354,0.0527896838005538,0.08208888522535136,0.07079492308906928,0.04528891401304944,0.0645932749305612,0.09231496628187184,0.0801422891916268,0.04878048780487805,0.04878048780487805,0.04878048780487805,0.04878048780487806,0.0,0.0,0.0,0.0,110.69123716749357,110.6912371674936,110.69123716749363,110.39003388213905,,,,,,,,
ed_power__median,bandwidth,0.0,20,6.0,6.0,6.0,6.0,70.0,70.0,70.0,70.0,-0.17529005616753252,-0.09701767375436217,-0.04878048780487805,-0.14262048735387617,2.998325565026343e-11,3.372456743711379e-10,9.173795605358087e-09,3.2589364623061764e-08,,,,,,,,,0.0,0.0,0.0,0.0,0.006205357142857143,0.007142857142857143,0.007142857142857143,0.006690025252525253,0.0,0.0,0.0,0.0,0.0,0.0,0.0,0.0,1260.0,1260.0,1400.0,1288.0,1260.0,1260.0,1400.0,1288.0,1.0,1.0,1.0,1.0,0.0,0.0,0.0,0.0,80640.0,80640.0,89600.0,82432.0,64.0,64.0,64.0,64.0,0.0,0.0,0.0,0.0,1260.0,1260.0,1400.0,1288.0,0.0,0.0,0.0,0.0,0.0,0.0,0.0,0.0,0.0,0.0,0.0,0.0,0.0,0.0,0.0,0.0,0.0,0.0,0.0,0.0,0.0,0.0,0.0,0.0,0.7207286695888591,0.7555976649041081,0.8001392669303642,0.7548031867356391,0.8304895324415389,0.922115431808763,0.9766066894109615,0.8945524753694201,0.9821428571428572,1.0,1.0,0.9800000000000001,1.305435423783441e-10,9.917599492535624e-10,1.7200719647478367e-08,1.443080382043384e-07,-0.04685966792183531,-0.029309673805550475,-0.02111084606925442,-0.03573068022900072,3.75,4.0,6.25,5.5,1.0,1.0,1.0,1.0,1.3534618065453605,1.4786264415495778,1.7967385708103398,1.5848382136318953,,,,,6.633568410162121,7.252478449574693,7.627115193693478,6.976297385036437,2.5627485655361726,2.669778202248998,3.001461694708052,2.7373949720497226,2.998325565026343e-11,3.372456743711379e-10,9.173795605358087e-09,3.2589364623061764e-08,0.1658016047697093,0.4041409209219231,0.8177548167179507,0.5760284348700482,0.0,0.04823718594948412,0.10395754928574413,0.0853034141831445,0.0004419583369831734,0.0019828891813505555,0.007093198688068891,0.006373743798889489,0.04878048780487805,0.04878048780487805,0.07317073170731707,0.05731707317073172,0.0,0.0,0.0,0.0,106.3695086862864,118.95290872170693,149.87796653884075,131.83688469710464,,,,,,,,
ed_power__median,bandwidth,1.0,20,6.0,6.0,6.0,6.0,70.0,70.0,70.0,70.0,-0.08985900383904369,-0.04878048780487805,-0.024390243902439025,-0.10840113758072027,0.043666071428365205,0.08110374141909191,0.1401918696946446,0.1034540174707405,,,,,,,,,0.20960139881755496,0.21892273271866616,0.23115213044737043,0.22285247582314766,0.0,0.0,0.0,0.0,0.0,0.0,0.0,0.0,0.0,0.0,0.0,0.0,1260.0,1260.0,1400.0,1288.0,1260.0,1260.0,1400.0,1288.0,1.0,1.0,1.0,1.0,0.0,0.0,0.0,0.0,2520.0,2520.0,2800.0,2576.0,2.0,2.0,2.0,2.0,0.0,0.0,0.0,0.0,1260.0,1260.0,1400.0,1288.0,0.0,0.0,0.0,0.0,0.0,0.0,0.0,0.0,0.0,0.0,0.0,0.0,0.0,0.0,0.0,0.0,0.0,0.0,0.0,0.0,0.0,0.0,0.0,0.0,0.2400716462342788,0.2615218905925613,0.3072548080650867,0.2879015040166132,0.937727681189162,0.9577763225629272,0.972057304703807,0.940359643043452,0.1357142857142857,0.2785714285714286,0.4142857142857143,0.3221428571428571,0.04366607142057619,0.08110374026528713,0.14019186789854718,0.10345375578913037,-0.04649779421768457,-0.028151051218874776,-0.018666872571168884,-0.03425276615926678,3.0,3.0,4.0,3.5789473684210527,1.0,1.0,1.0,0.95,1.3534618065453605,1.4786264415495778,1.7967385708103398,1.5848382136318953,,,,,6.633568410162121,7.252478449574693,7.627115193693478,6.976297385036437,2.5627485655361726,2.669778202248998,3.001461694708052,2.7373949720497226,0.043666071428365205,0.08110374141909191,0.1401918696946446,0.1034540174707405,0.657423890165558,1.2660686814608102,2.1143211012258325,1.5722116775055546,0.0,0.0,0.009153728423622717,0.057181625385598324,0.007168722754903437,0.025926774944645348,0.04797309493023272,0.03677551102110384,0.024390243902439025,0.04878048780487805,0.07317073170731707,0.051219512195121955,0.0,0.0,0.0,0.0,82.81311962146678,107.08362838174435,147.68362380715212,120.92487488980203,,,,,,,,
ed_power__median,bandwidth,2.0,20,6.0,6.0,6.0,6.0,70.0,70.0,70.0,70.0,-0.5087454336077034,-0.3687133333483717,-0.15912134622134896,-0.37469237523442384,0.0048517857142856636,0.009115197466864029,0.02150097513305757,0.360440782720729,,,,,,,,,0.027148266123128303,0.029018522139259456,0.030642958064954064,0.04409819729121639,0.0,0.0,0.0,0.0,0.0,0.0,0.0,0.0,0.0,0.0,0.0,0.0,1260.0,1260.0,1400.0,1288.0,1260.0,1260.0,1400.0,1288.0,1.0,1.0,1.0,1.0,0.0,0.0,0.0,0.0,5040.0,5040.0,5600.0,5152.0,4.0,4.0,4.0,4.0,0.0,0.0,0.0,0.0,1260.0,1260.0,1400.0,1288.0,0.0,0.0,0.0,0.0,0.0,0.0,0.0,0.0,0.0,0.0,0.0,0.0,0.0,0.0,0.0,0.0,0.0,0.0,0.0,0.0,0.0,0.0,0.0,0.0,0.2706723210187799,0.33142528733074006,0.45220120623360094,0.40093603874479883,0.8666486657761181,0.9672230784184266,0.975912650127789,0.8744466862913018,0.39642857142857146,0.4714285714285714,0.6214285714285714,0.4992857142857144,0.004851785714282345,0.009115197443072069,0.02150097469227646,0.3607069297150932,-0.046819460428492575,-0.027719135713928842,-0.018421317422567217,-0.030581526655695523,3.0,4.0,5.0,4.133333333333334,0.75,1.0,1.0,0.75,1.3534618065453605,1.4786264415495778,1.7967385708103398,1.5848382136318953,,,,,6.633568410162121,7.252478449574693,7.627115193693478,6.976297385036437,2.5627485655361726,2.669778202248998,3.001461694708052,2.7373949720497226,0.0048517857142856636,0.009115197466864029,0.02150097513305757,0.360440782720729,0.8886206360391087,1.5815196729314458,1.9696859970213612,1.566605701180437,0.07388198160762294,0.31993284554349366,0.4172820189735571,0.30639969230759456,0.009685231140930953,0.030426644435185373,0.053524726371424775,0.04593324896156466,0.04878048780487805,0.07317073170731707,0.07317073170731707,0.06829268292682927,0.0,0.0,0.0,0.0,113.51094595479793,141.1747313481221,176.77250886076996,143.6828367870547,,,,,,,,
ed_power__median,bandwidth,3.0,20,6.0,6.0,6.0,6.0,70.0,70.0,70.0,70.0,-0.2910591192958367,-0.10289260974628592,-0.04878048780487805,-0.1838811278985166,0.001655178398053827,0.0024879810869123777,0.005107226586636823,0.10300772689886757,,,,,,,,,0.006287310796385357,0.007296772246416774,0.010295544174198878,0.012294444649548555,0.0,0.0,0.0,0.0,0.0,0.0,0.0,0.0,0.0,0.0,0.0,0.0,1260.0,1260.0,1400.0,1288.0,1260.0,1260.0,1400.0,1288.0,1.0,1.0,1.0,1.0,0.0,0.0,0.0,0.0,7560.0,7560.0,8400.0,7728.0,6.0,6.0,6.0,6.0,0.0,0.0,0.0,0.0,1260.0,1260.0,1400.0,1288.0,0.0,0.0,0.0,0.0,0.0,0.0,0.0,0.0,0.0,0.0,0.0,0.0,0.0,0.0,0.0,0.0,0.0,0.0,0.0,0.0,0.0,0.0,0.0,0.0,0.3780821551451839,0.8480638577200619,0.9771629504542354,0.6855316529981922,0.2119533049775537,0.5116676381307642,0.9770318844260957,0.551196804972707,0.5107142857142857,0.6357142857142857,0.9892857142857143,0.6814285714285714,0.0016551784016154204,0.0024879810847480825,0.005107226885122558,0.10019411417888706,-0.04153621994915939,-0.02928603069069025,-0.019621805735117365,-0.03425914173886497,3.0,4.0,5.25,4.6875,1.0,1.0,1.0,0.8,1.3534618065453605,1.4786264415495778,1.7967385708103398,1.5848382136318953,,,,,6.633568410162121,7.252478449574693,7.627115193693478,6.976297385036437,2.5627485655361726,2.669778202248998,3.001461694708052,2.7373949720497226,0.001655178398053827,0.0024879810869123777,0.005107226586636823,0.10300772689886757,0.2615576164329263,0.9324661187085481,1.3320835759231144,0.8523455555088255,0.0,0.0427921954374732,0.24227863149095868,0.13022259131315075,0.0013619705009843468,0.013985244520788857,0.02389563035243344,0.016483273859004097,0.04878048780487805,0.04878048780487805,0.07317073170731707,0.05365853658536586,0.0,0.0,0.0,0.0,102.7896840163723,127.36320176045328,163.95777818197476,133.2912461844235,,,,,,,,
ed_power__median,bandwidth,4.0,20,6.0,6.0,6.0,6.0,70.0,70.0,70.0,70.0,-0.2604237321783325,-0.07738390078258715,-0.04878048780487805,-0.15793878507976336,0.0002178039286720124,0.0005418046924937229,0.001112243594255508,0.016633635254998173,,,,,,,,,0.0019521590201626489,0.0036356705921591504,0.0047602516340642075,0.004759977051058099,0.0,0.0,0.0,0.0,0.0,0.0,0.0,0.0,0.0,0.0,0.0,0.0,1260.0,1260.0,1400.0,1288.0,1260.0,1260.0,1400.0,1288.0,1.0,1.0,1.0,1.0,0.0,0.0,0.0,0.0,10080.0,10080.0,11200.0,10304.0,8.0,8.0,8.0,8.0,0.0,0.0,0.0,0.0,1260.0,1260.0,1400.0,1288.0,0.0,0.0,0.0,0.0,0.0,0.0,0.0,0.0,0.0,0.0,0.0,0.0,0.0,0.0,0.0,0.0,0.0,0.0,0.0,0.0,0.0,0.0,0.0,0.0,0.4176420480567141,0.6699527136103154,0.9574199265995358,0.6704605829404545,0.2832258089203544,0.7948084036525829,0.9512646489078171,0.6398839974633808,0.55,0.7428571428571429,1.0,0.7242857142857143,0.00021780392866919528,0.0005411967592339913,0.001112254510521077,0.016652139279478485,-0.04684204789279033,-0.02867808174614339,-0.021107475884035443,-0.03549305733377739,3.0,4.0,5.0,4.352941176470588,1.0,1.0,1.0,0.85,1.3534618065453605,1.4786264415495778,1.7967385708103398,1.5848382136318953,,,,,6.633568410162121,7.252478449574693,7.627115193693478,6.976297385036437,2.5627485655361726,2.669778202248998,3.001461694708052,2.7373949720497226,0.0002178039286720124,0.0005418046924937229,0.001112243594255508,0.016633635254998173,0.13013004879995838,0.5694894993586335,0.9316782144161073,0.7005354960614224,0.0,0.009983083761977261,0.1852399639656765,0.10062171190903164,0.00019646546450226212,0.0037016465542053746,0.012677111905160986,0.00988755231260689,0.04878048780487805,0.04878048780487805,0.07317073170731707,0.05731707317073172,0.0,0.0,0.0,0.0,99.73559253701053,121.1628449670479,159.02249774147174,130.5837765000117,,,,,,,,
ed_power__median,bandwidth,8.0,20,6.0,6.0,6.0,6.0,70.0,70.0,70.0,70.0,-0.1421590065416441,-0.06671030562980561,-0.04878048780487805,-0.10684329934437516,1.2218669816070321e-05,8.697951980443166e-05,0.0007061871790898865,0.0008110755740322413,,,,,,,,,0.00020406629444116365,0.0007606371565424361,0.0024361488400899602,0.0018131979577788808,0.0,0.0,0.0,0.0,0.0,0.0,0.0,0.0,0.0,0.0,0.0,0.0,1260.0,1260.0,1400.0,1288.0,1260.0,1260.0,1400.0,1288.0,1.0,1.0,1.0,1.0,0.0,0.0,0.0,0.0,20160.0,20160.0,22400.0,20608.0,16.0,16.0,16.0,16.0,0.0,0.0,0.0,0.0,1260.0,1260.0,1400.0,1288.0,0.0,0.0,0.0,0.0,0.0,0.0,0.0,0.0,0.0,0.0,0.0,0.0,0.0,0.0,0.0,0.0,0.0,0.0,0.0,0.0,0.0,0.0,0.0,0.0,0.5755569303861836,0.782613547306828,0.9437778163169073,0.7255940196358271,0.5113977059542674,0.7397142818674831,0.9529390243430588,0.6920865303549207,0.6821428571428572,0.8,1.0,0.7992857142857143,1.2251308789429837e-05,0.0001087193474597489,0.0007062317422500768,0.0008158975568004288,-0.04684851435746886,-0.02927537910647937,-0.021110682794246077,-0.03571909390064833,3.0,5.0,6.0,5.7,1.0,1.0,1.0,1.0,1.3534618065453605,1.4786264415495778,1.7967385708103398,1.5848382136318953,,,,,6.633568410162121,7.252478449574693,7.627115193693478,6.976297385036437,2.5627485655361726,2.669778202248998,3.001461694708052,2.7373949720497226,1.2218669816070321e-05,8.697951980443166e-05,0.0007061871790898865,0.0008110755740322413,0.17700986634867677,0.34899661465684106,1.1202786715232262,0.6429052305781564,0.0,0.005734695873708048,0.06538036668579128,0.058062811539497106,0.00040537472210597735,0.0010734223983105305,0.011826640744518611,0.007713585515696278,0.04878048780487805,0.04878048780487805,0.04878048780487805,0.04878048780487806,0.0,0.0,0.0,0.0,100.18016822954866,112.29717380737078,149.1890913650926,124.69445275249475,,,,,,,,
ed_power__median,byzantine,0.0,20,6.0,6.0,6.0,6.0,70.0,70.0,70.0,70.0,-0.17529005616753252,-0.09701767375436217,-0.04878048780487805,-0.14262048735387617,2.998325565026343e-11,3.372456743711379e-10,9.173795605358087e-09,3.2589364623061764e-08,,,,,,,,,0.0,0.0,0.0,0.0,0.006205357142857143,0.007142857142857143,0.007142857142857143,0.006690025252525253,0.0,0.0,0.0,0.0,0.0,0.0,0.0,0.0,1260.0,1260.0,1400.0,1288.0,1260.0,1260.0,1400.0,1288.0,1.0,1.0,1.0,1.0,0.0,0.0,0.0,0.0,80640.0,80640.0,89600.0,82432.0,64.0,64.0,64.0,64.0,0.0,0.0,0.0,0.0,1260.0,1260.0,1400.0,1288.0,0.0,0.0,0.0,0.0,0.0,0.0,0.0,0.0,0.0,0.0,0.0,0.0,0.0,0.0,0.0,0.0,0.0,0.0,0.0,0.0,0.0,0.0,0.0,0.0,0.7207286695888591,0.7555976649041081,0.8001392669303642,0.7548031867356391,0.8304895324415389,0.922115431808763,0.9766066894109615,0.8945524753694201,0.9821428571428572,1.0,1.0,0.9800000000000001,1.305435423783441e-10,9.917599492535624e-10,1.7200719647478367e-08,1.443080382043384e-07,-0.04685966792183531,-0.029309673805550475,-0.02111084606925442,-0.03573068022900072,3.75,4.0,6.25,5.5,1.0,1.0,1.0,1.0,1.3534618065453605,1.4786264415495778,1.7967385708103398,1.5848382136318953,,,,,6.633568410162121,7.252478449574693,7.627115193693478,6.976297385036437,2.5627485655361726,2.669778202248998,3.001461694708052,2.7373949720497226,2.998325565026343e-11,3.372456743711379e-10,9.173795605358087e-09,3.2589364623061764e-08,0.1658016047697093,0.4041409209219231,0.8177548167179507,0.5760284348700482,0.0,0.04823718594948412,0.10395754928574413,0.0853034141831445,0.0004419583369831734,0.0019828891813505555,0.007093198688068891,0.006373743798889489,0.04878048780487805,0.04878048780487805,0.07317073170731707,0.05731707317073172,0.0,0.0,0.0,0.0,106.3695086862864,118.95290872170693,149.87796653884075,131.83688469710464,,,,,,,,
ed_power__median,byzantine,0.1,20,6.0,6.0,6.0,6.0,70.0,70.0,70.0,70.0,-0.08753255713226946,-0.04878048780487805,-0.04878048780487805,-0.11647014513998336,3.1997166781545444e-10,5.085868165101197e-08,0.737678410474726,0.7471504624082324,,,,,,,,,0.0,0.0,0.0,0.0,0.005158730158730159,0.005537518037518037,0.005952380952380952,0.005506487064522779,0.0,0.0,0.0,0.0,0.0,0.0,0.0,0.0,1260.0,1260.0,1400.0,1288.0,1260.0,1260.0,1400.0,1288.0,1.0,1.0,1.0,1.0,0.0,0.0,0.0,0.0,80640.0,80640.0,89600.0,82432.0,64.0,64.0,64.0,64.0,0.0,0.0,0.0,0.0,1260.0,1260.0,1400.0,1288.0,0.0,0.0,0.0,0.0,0.0,0.0,0.0,0.0,0.0,0.0,0.0,0.0,0.0,0.0,0.0,0.0,0.0,0.0,0.0,0.0,0.0,0.0,0.0,0.0,0.7607587657645505,0.8346146716373594,0.9606902345396038,0.8507987804512578,0.09648251212283271,0.6834072803643993,0.9104417115704142,0.5403370041919475,0.5678571428571428,0.7642857142857142,0.9464285714285714,0.7492857142857143,2.1935073558424616e-09,1.9163812555097705e-07,1.325444017601632,0.7774194542493418,-0.046859668594957576,-0.025036191302895784,-0.0055577177644367684,-0.02505710266015975,4.0,6.0,12.0,12.647058823529411,1.0,1.0,1.0,0.85,1.3534618065453605,1.4786264415495778,1.7967385708103398,1.5848382136318953,,,,,6.633568410162121,7.252478449574693,7.627115193693478,6.976297385036437,2.5627485655361726,2.669778202248998,3.001461694708052,2.7373949720497226,3.1997166781545444e-10,5.085868165101197e-08,0.737678410474726,0.7471504624082324,0.569314352270845,1.3761313607371823,2.4843706745857617,2.2444291069947573,0.0,0.0,0.03265450835178166,0.07012868172534922,0.006479371384495718,0.01789658523941088,0.10337830398751263,0.10474228769710865,0.042682926829268296,0.04878048780487805,0.04878048780487805,0.04634146341463415,0.0,0.0,0.0,0.0,98.3977685519584,107.99452776837396,151.91818030074535,127.24829526680938,,,,,,,,
ed_power__median,byzantine,0.25,20,6.0,6.0,6.0,6.0,70.0,70.0,70.0,70.0,-0.054878048780487805,-0.04878048780487805,-0.04878048780487805,-0.08497727586670353,0.10671589905797185,0.3425769151835467,2.148163720701359,1.6144261243503994,,,,,,,,,0.0,0.0,0.0,0.0,0.0035714285714285713,0.00450487012987013,0.004761904761904762,0.0042802321686250255,0.0,0.0,0.0,0.0,0.0,0.0,0.0,0.0,1260.0,1260.0,1400.0,1288.0,1260.0,1260.0,1400.0,1288.0,1.0,1.0,1.0,1.0,0.0,0.0,0.0,0.0,80640.0,80640.0,89600.0,82432.0,64.0,64.0,64.0,64.0,0.0,0.0,0.0,0.0,1260.0,1260.0,1400.0,1288.0,0.0,0.0,0.0,0.0,0.0,0.0,0.0,0.0,0.0,0.0,0.0,0.0,0.0,0.0,0.0,0.0,0.0,0.0,0.0,0.0,0.0,0.0,0.0,0.0,0.9156094343566015,0.9501781015093225,0.9734153423974381,0.8979605951100688,0.03131899273252059,0.13795575003303745,0.2505803737922576,0.19966449681815354,0.525,0.5642857142857143,0.6285714285714286,0.5685714285714285,0.7961390377863813,1.3426861268964654,2.5666979946988535,1.799781876041156,-0.0442451227012564,-0.025161888578459204,0.005963147789611351,-0.012667450346700226,11.0,22.0,31.5,23.266666666666666,0.75,1.0,1.0,0.75,1.3534618065453605,1.4786264415495778,1.7967385708103398,1.5848382136318953,,,,,6.633568410162121,7.252478449574693,7.627115193693478,6.976297385036437,2.5627485655361726,2.669778202248998,3.001461694708052,2.7373949720497226,0.10671589905797185,0.3425769151835467,2.148163720701359,1.6144261243503994,3.145860788405526,6.460462978196068,7.3272233077731075,5.2221469431517935,0.0,0.0,0.0,0.032538251476459626,0.17078436073695802,0.39857449511962184,0.4486148400524777,0.31727379216171026,0.04878048780487805,0.04878048780487805,0.04878048780487805,0.052439024390243914,0.0,0.0,0.0,0.0,97.64909146282739,98.6849621867362,98.6849621867362,108.08855397098985,,,,,,,,
ed_power__median,byzantine,0.5,20,6.0,6.0,6.0,6.0,70.0,70.0,70.0,70.0,-0.04878048780487805,-0.04878048780487805,-0.04878048780487805,-0.05000000000000001,0.5022334423501694,1.1854126067837867,2.978107433385012,2.3697241670371465,,,,,,,,,0.0,0.0,0.0,0.0,0.0026339285714285714,0.0031498015873015874,0.0035714285714285713,0.00303108250876108,0.0,0.0,0.0,0.0,0.0,0.0,0.0,0.0,1260.0,1260.0,1400.0,1288.0,1260.0,1260.0,1400.0,1288.0,1.0,1.0,1.0,1.0,0.0,0.0,0.0,0.0,80640.0,80640.0,89600.0,82432.0,64.0,64.0,64.0,64.0,0.0,0.0,0.0,0.0,1260.0,1260.0,1400.0,1288.0,0.0,0.0,0.0,0.0,0.0,0.0,0.0,0.0,0.0,0.0,0.0,0.0,0.0,0.0,0.0,0.0,0.0,0.0,0.0,0.0,0.0,0.0,0.0,0.0,0.9549611904550115,0.972870201608971,0.9927737339766048,0.931897542384393,0.007438867202993776,0.05350790847503806,0.16063557915010584,0.15139898898395968,0.5107142857142857,0.5142857142857142,0.5571428571428572,0.5278571428571428,1.2308183386278775,1.6693777796887066,2.4776441518591206,1.7945113137132864,-0.02772966984771029,-0.012079133418751047,0.010622073840011645,-0.0018774783083181118,9.75,24.0,36.0,24.833333333333332,0.0,0.0,1.0,0.3,1.3534618065453605,1.4786264415495778,1.7967385708103398,1.5848382136318953,,,,,6.633568410162121,7.252478449574693,7.627115193693478,6.976297385036437,2.5627485655361726,2.669778202248998,3.001461694708052,2.7373949720497226,0.5022334423501694,1.1854126067837867,2.978107433385012,2.3697241670371465,6.11671131085758,7.0622853808185555,7.3828456402615,6.718316153738321,0.0,0.0,0.0,0.0,0.3818261352845145,0.4247106569037338,0.4864122948582018,0.4278722927381698,0.04878048780487805,0.04878048780487805,0.04878048780487805,0.05000000000000001,0.0,0.0,0.0,0.0,94.2624087686784,98.08741644452887,98.6849621867362,96.15738975768599,,,,,,,,
ed_power__median,latency,0.0,20,6.0,6.0,6.0,6.0,70.0,70.0,70.0,70.0,-0.17529005616753252,-0.09701767375436217,-0.04878048780487805,-0.14262048735387617,2.998325565026343e-11,3.372456743711379e-10,9.173795605358087e-09,3.2589364623061764e-08,,,,,,,,,0.0,0.0,0.0,0.0,0.006205357142857143,0.007142857142857143,0.007142857142857143,0.006690025252525253,0.0,0.0,0.0,0.0,0.0,0.0,0.0,0.0,1260.0,1260.0,1400.0,1288.0,1260.0,1260.0,1400.0,1288.0,1.0,1.0,1.0,1.0,0.0,0.0,0.0,0.0,80640.0,80640.0,89600.0,82432.0,64.0,64.0,64.0,64.0,0.0,0.0,0.0,0.0,1260.0,1260.0,1400.0,1288.0,0.0,0.0,0.0,0.0,0.0,0.0,0.0,0.0,0.0,0.0,0.0,0.0,0.0,0.0,0.0,0.0,0.0,0.0,0.0,0.0,0.0,0.0,0.0,0.0,0.7207286695888591,0.7555976649041081,0.8001392669303642,0.7548031867356391,0.8304895324415389,0.922115431808763,0.9766066894109615,0.8945524753694201,0.9821428571428572,1.0,1.0,0.9800000000000001,1.305435423783441e-10,9.917599492535624e-10,1.7200719647478367e-08,1.443080382043384e-07,-0.04685966792183531,-0.029309673805550475,-0.02111084606925442,-0.03573068022900072,3.75,4.0,6.25,5.5,1.0,1.0,1.0,1.0,1.3534618065453605,1.4786264415495778,1.7967385708103398,1.5848382136318953,,,,,6.633568410162121,7.252478449574693,7.627115193693478,6.976297385036437,2.5627485655361726,2.669778202248998,3.001461694708052,2.7373949720497226,2.998325565026343e-11,3.372456743711379e-10,9.173795605358087e-09,3.2589364623061764e-08,0.1658016047697093,0.4041409209219231,0.8177548167179507,0.5760284348700482,0.0,0.04823718594948412,0.10395754928574413,0.0853034141831445,0.0004419583369831734,0.0019828891813505555,0.007093198688068891,0.006373743798889489,0.04878048780487805,0.04878048780487805,0.07317073170731707,0.05731707317073172,0.0,0.0,0.0,0.0,106.3695086862864,118.95290872170693,149.87796653884075,131.83688469710464,,,,,,,,
ed_power__median,latency,1.0,20,6.0,6.0,6.0,6.0,70.0,70.0,70.0,70.0,-0.18055701897154092,-0.1133426809913887,-0.04878048780487805,-0.1532093440066949,4.775555314682721e-09,6.226728882685309e-08,3.3987996827962054e-07,4.22267347014771e-07,,,,,,,,,0.0,0.0,0.0,0.0,0.008031400966183575,0.010466988727858293,0.011912604303908652,0.010282947225882008,1.0,1.0,1.0,1.0,1.0,1.0,1.0,1.0,1260.0,1260.0,1400.0,1288.0,1242.0,1242.0,1380.0,1269.6,0.9857142857142858,0.9857142857142858,0.9857142857142858,0.9857142857142861,0.014285714285714235,0.014285714285714235,0.014285714285714235,0.014285714285714235,79488.0,79488.0,88320.0,81254.4,64.0,64.0,64.0,64.0,0.0,0.0,0.0,0.0,1242.0,1242.0,1380.0,1269.6,0.0,0.0,0.0,0.0,0.0,0.0,0.0,0.0,0.0,0.0,0.0,0.0,0.0,0.0,0.0,0.0,0.0,0.0,0.0,0.0,0.0,0.0,0.0,0.0,0.75034479764983,0.7873556594041891,0.821509398113699,0.7649942633574218,0.8543098014940311,0.9214266641777752,0.979378022274313,0.8998341170550566,0.6071428571428572,0.6928571428571428,0.8142857142857143,0.7250000000000001,1.0847165560371444e-08,8.105605963307511e-08,9.646431295419123e-07,1.1987166748994706e-06,-0.046859665925432344,-0.02930966034719177,-0.021110846068404625,-0.035730674662172404,6.0,6.0,9.25,7.8,1.0,1.0,1.0,1.0,1.3534618065453605,1.4786264415495778,1.7967385708103398,1.5848382136318953,,,,,6.633568410162121,7.252478449574693,7.627115193693478,6.976297385036437,2.5627485655361726,2.669778202248998,3.001461694708052,2.7373949720497226,4.775555314682721e-09,6.226728882685309e-08,3.3987996827962054e-07,4.22267347014771e-07,0.29766933284770714,0.46752924678212704,0.8244250344250292,0.6397481367397143,0.0,0.06364265939845894,0.11397806498868789,0.09833129522620707,0.0009904854499894803,0.0020340482239392037,0.0049573238110689295,0.007566722350421817,0.04878048780487805,0.04878048780487805,0.07317073170731707,0.05487804878048781,0.0,0.0,0.0,0.0,108.94753634697418,120.2582525713448,149.78205574553888,132.37716729634937,,,,,,,,
ed_power__median,latency,2.0,20,6.0,6.0,6.0,6.0,70.0,70.0,70.0,70.0,-0.2383220831748388,-0.10298447662724838,-0.04878048780487805,-0.15780207498301044,1.6934517727703456e-07,3.0749710984652125e-07,3.769016042853741e-06,9.189643648737302e-06,,,,,,,,,0.0,0.0,0.0,0.0,0.00978442513368984,0.014297385620915032,0.016822638146167558,0.013981543374925728,2.0,2.0,2.0,2.0,2.0,2.0,2.0,2.0,1260.0,1260.0,1400.0,1288.0,1224.0,1224.0,1360.0,1251.2,0.9714285714285714,0.9714285714285714,0.9714285714285714,0.9714285714285713,0.02857142857142858,0.02857142857142858,0.02857142857142858,0.02857142857142858,78336.0,78336.0,87040.0,80076.8,64.0,64.0,64.0,64.0,0.0,0.0,0.0,0.0,1224.0,1224.0,1360.0,1251.2,0.0,0.0,0.0,0.0,0.0,0.0,0.0,0.0,0.0,0.0,0.0,0.0,0.0,0.0,0.0,0.0,0.0,0.0,0.0,0.0,0.0,0.0,0.0,0.0,0.7574150952416274,0.81146992068897,0.8282149941570857,0.7881700472147843,0.850264614480674,0.8933052041881002,0.9783359674423872,0.8825057701886049,0.5571428571428572,0.6071428571428572,0.7535714285714286,0.675,3.123840811629687e-07,8.577875153880201e-07,6.667599125884447e-06,2.8757168982190114e-05,-0.04685945698803144,-0.029309626163994074,-0.021110845037699912,-0.03573054941393952,7.75,9.0,12.0,10.65,1.0,1.0,1.0,1.0,1.3534618065453605,1.4786264415495778,1.7967385708103398,1.5848382136318953,,,,,6.633568410162121,7.252478449574693,7.627115193693478,6.976297385036437,2.5627485655361726,2.669778202248998,3.001461694708052,2.7373949720497226,1.6934517727703456e-07,3.0749710984652125e-07,3.769016042853741e-06,9.189643648737302e-06,0.23151173487830357,0.5026150130359595,0.836783531730249,0.651602680311357,0.0,0.051295126437105,0.14449628737380046,0.10048500181227871,0.0007547556246348783,0.0027092916807354953,0.006641669534546264,0.007849276563000253,0.04878048780487805,0.04878048780487805,0.07317073170731707,0.05731707317073172,0.0,0.0,0.0,0.0,110.79282182560588,119.00918478202632,152.2541371286035,132.09223352209793,,,,,,,,
ed_power__median,latency,4.0,20,6.0,6.0,6.0,6.0,70.0,70.0,70.0,70.0,-0.2636578114185949,-0.1166262341844039,-0.04878048780487805,-0.16554957358463201,4.729201484194383e-06,1.7899477465957057e-05,0.0005701648170894564,0.004631129318292579,,,,,,,,,0.0,0.0,0.0,0.0,0.01378271349862259,0.02230639730639731,0.027089072543617997,0.021714971686562595,4.0,4.0,4.0,4.0,4.0,4.0,4.0,4.0,1260.0,1260.0,1400.0,1288.0,1188.0,1188.0,1320.0,1214.4,0.9428571428571428,0.9428571428571428,0.9428571428571428,0.9428571428571428,0.05714285714285716,0.05714285714285716,0.05714285714285716,0.05714285714285716,76032.0,76032.0,84480.0,77721.6,64.0,64.0,64.0,64.0,0.0,0.0,0.0,0.0,1188.0,1188.0,1320.0,1214.4,0.0,0.0,0.0,0.0,0.0,0.0,0.0,0.0,0.0,0.0,0.0,0.0,0.0,0.0,0.0,0.0,0.0,0.0,0.0,0.0,0.0,0.0,0.0,0.0,0.8159278964802464,0.8505766686884626,0.8680305749224169,0.8504770202132524,0.6833290773589165,0.8048926673937884,0.9355330871211514,0.7975984941381556,0.5535714285714286,0.5928571428571429,0.6392857142857142,0.6235714285714286,9.545210800574417e-06,8.333795651148257e-05,0.0019360832586130397,0.006363341071324068,-0.04667439990024927,-0.02930845708704696,-0.0210994576824177,-0.03566452170430175,11.0,16.0,20.25,16.6,1.0,1.0,1.0,1.0,1.3534618065453605,1.4786264415495778,1.7967385708103398,1.5848382136318953,,,,,6.633568410162121,7.252478449574693,7.627115193693478,6.976297385036437,2.5627485655361726,2.669778202248998,3.001461694708052,2.7373949720497226,4.729201484194383e-06,1.7899477465957057e-05,0.0005701648170894564,0.004631129318292579,0.25719271534470356,0.4751061403342245,0.9044892106956173,0.6687652239381523,0.0,0.04944755542301932,0.16623510967142746,0.10579347602365637,0.0008258726259054977,0.002740226323255327,0.010879738743055319,0.008090390111087135,0.04878048780487805,0.04878048780487805,0.07317073170731707,0.05975609756097562,0.0,0.0,0.0,0.0,109.73135138025626,117.2745183909673,154.04312567716025,132.13419273691366,,,,,,,,
ed_power__median,latency,8.0,20,6.0,6.0,6.0,6.0,70.0,70.0,70.0,70.0,-0.2556475046676043,-0.10110659488439228,-0.04878048780487805,-0.16056446075830136,8.806876055713119e-05,0.0014219658009687365,0.006984751644455785,0.020125967904469824,,,,,,,,,0.0,0.0,0.0,0.0,0.02255315249266862,0.039874551971326166,0.04973118279569892,0.038678620886282176,8.0,8.0,8.0,8.0,8.0,8.0,8.0,8.0,1260.0,1260.0,1400.0,1288.0,1116.0,1116.0,1240.0,1140.8,0.8857142857142857,0.8857142857142857,0.8857142857142857,0.8857142857142858,0.11428571428571432,0.11428571428571432,0.11428571428571432,0.11428571428571432,71424.0,71424.0,79360.0,73011.2,64.0,64.0,64.0,64.0,0.0,0.0,0.0,0.0,1116.0,1116.0,1240.0,1140.8,0.0,0.0,0.0,0.0,0.0,0.0,0.0,0.0,0.0,0.0,0.0,0.0,0.0,0.0,0.0,0.0,0.0,0.0,0.0,0.0,0.0,0.0,0.0,0.0,0.8491839154535499,0.8876875028974685,0.9085738078142318,0.8775038603843676,0.7198833457116562,0.7918190684672402,0.9437764416241736,0.78974130414921,0.49642857142857144,0.55,0.625,0.562142857142857,0.00026908678755442183,0.0033863412097477064,0.017958040864829924,0.027635336397491928,-0.046512557875949434,-0.029269147252009395,-0.02103851416155488,-0.03544316686735636,19.0,28.0,36.25,29.05,1.0,1.0,1.0,1.0,1.3534618065453605,1.4786264415495778,1.7967385708103398,1.5848382136318953,,,,,6.633568410162121,7.252478449574693,7.627115193693478,6.976297385036437,2.5627485655361726,2.669778202248998,3.001461694708052,2.7373949720497226,8.806876055713119e-05,0.0014219658009687365,0.006984751644455785,0.020125967904469824,0.278414174327837,0.4108179052303811,0.9533074146302454,0.6763463215917025,0.0,0.0462710753899142,0.1768924085704495,0.10324738758756964,0.0011488053932759788,0.00281233064434799,0.012278209465261074,0.008047981432807941,0.04878048780487805,0.04878048780487805,0.07317073170731707,0.05731707317073172,0.0,0.0,0.0,0.0,107.34900212495376,115.51806878853061,154.45498927371682,130.6208843225149,,,,,,,,
ed_power__median,msg_drop,0.0,20,6.0,6.0,6.0,6.0,70.0,70.0,70.0,70.0,-0.17529005616753252,-0.09701767375436217,-0.04878048780487805,-0.14262048735387617,2.998325565026343e-11,3.372456743711379e-10,9.173795605358087e-09,3.2589364623061764e-08,,,,,,,,,0.0,0.0,0.0,0.0,0.006205357142857143,0.007142857142857143,0.007142857142857143,0.006690025252525253,0.0,0.0,0.0,0.0,0.0,0.0,0.0,0.0,1260.0,1260.0,1400.0,1288.0,1260.0,1260.0,1400.0,1288.0,1.0,1.0,1.0,1.0,0.0,0.0,0.0,0.0,80640.0,80640.0,89600.0,82432.0,64.0,64.0,64.0,64.0,0.0,0.0,0.0,0.0,1260.0,1260.0,1400.0,1288.0,0.0,0.0,0.0,0.0,0.0,0.0,0.0,0.0,0.0,0.0,0.0,0.0,0.0,0.0,0.0,0.0,0.0,0.0,0.0,0.0,0.0,0.0,0.0,0.0,0.7207286695888591,0.7555976649041081,0.8001392669303642,0.7548031867356391,0.8304895324415389,0.922115431808763,0.9766066894109615,0.8945524753694201,0.9821428571428572,1.0,1.0,0.9800000000000001,1.305435423783441e-10,9.917599492535624e-10,1.7200719647478367e-08,1.443080382043384e-07,-0.04685966792183531,-0.029309673805550475,-0.02111084606925442,-0.03573068022900072,3.75,4.0,6.25,5.5,1.0,1.0,1.0,1.0,1.3534618065453605,1.4786264415495778,1.7967385708103398,1.5848382136318953,,,,,6.633568410162121,7.252478449574693,7.627115193693478,6.976297385036437,2.5627485655361726,2.669778202248998,3.001461694708052,2.7373949720497226,2.998325565026343e-11,3.372456743711379e-10,9.173795605358087e-09,3.2589364623061764e-08,0.1658016047697093,0.4041409209219231,0.8177548167179507,0.5760284348700482,0.0,0.04823718594948412,0.10395754928574413,0.0853034141831445,0.0004419583369831734,0.0019828891813505555,0.007093198688068891,0.006373743798889489,0.04878048780487805,0.04878048780487805,0.07317073170731707,0.05731707317073172,0.0,0.0,0.0,0.0,106.3695086862864,118.95290872170693,149.87796653884075,131.83688469710464,,,,,,,,
ed_power__median,msg_drop,0.1,20,6.0,6.0,6.0,6.0,70.0,70.0,70.0,70.0,-0.17810971636475825,-0.07941654885531724,-0.04878048780487805,-0.12280678647940564,6.001104538126971e-11,3.4822389187656274e-10,5.96333974697035e-09,6.456782760871979e-09,,,,,,,,,0.0,0.0,0.0,0.0,0.10297619047619049,0.10723562152133581,0.11369047619047619,0.10857051381158525,0.0,0.0,0.0,0.0,0.0,0.0,0.0,0.0,1260.0,1260.0,1400.0,1288.0,1115.5,1132.5,1256.5,1156.35,0.8927380952380952,0.8988404452690166,0.9034090909090909,0.8974509637188209,0.09659090909090909,0.10115955473098331,0.10726190476190481,0.10254903628117915,71392.0,72480.0,80416.0,74006.4,64.0,64.0,64.0,64.0,0.0,0.0,0.0,0.0,1115.5,1132.5,1256.5,1156.35,0.0,0.0,0.0,0.0,0.0,0.0,0.0,0.0,126.0,131.0,144.0,131.65,0.0,0.0,0.0,0.0,0.0,0.0,0.0,0.0,0.0,0.0,0.0,0.0,0.735643537660964,0.7542657966300415,0.7850467185343094,0.7535510885453824,0.8554052005567179,0.9081144630315324,0.9614883387202534,0.8860791885812052,0.8821428571428571,0.9571428571428572,0.9857142857142858,0.9271428571428573,3.6128352446413483e-10,1.648925813311202e-09,1.7816017898675128e-08,3.320799578604765e-08,-0.046859668609826426,-0.029309676059588164,-0.021110846071680175,-0.03573068060232333,3.75,5.0,7.25,5.6,1.0,1.0,1.0,1.0,1.3534618065453605,1.4786264415495778,1.7967385708103398,1.5848382136318953,,,,,6.633568410162121,7.252478449574693,7.627115193693478,6.976297385036437,2.5627485655361726,2.669778202248998,3.001461694708052,2.7373949720497226,6.001104538126971e-11,3.4822389187656274e-10,5.96333974697035e-09,6.456782760871979e-09,0.151590825900918,0.3478064913230292,0.6314526770398111,0.439729549375082,0.0,0.025642889397492694,0.10399029241549743,0.0667092255037959,0.0002368950946076243,0.0014429486288218953,0.00460771514951206,0.0038255714774138106,0.04878048780487805,0.04878048780487805,0.07317073170731707,0.056097560975609764,0.0,0.0,0.0,0.0,106.27960363711554,116.91801593001475,148.80300044890103,130.3067852379026,,,,,,,,
ed_power__median,msg_drop,0.3,20,6.0,6.0,6.0,6.0,70.0,70.0,70.0,70.0,-0.15113442292565835,-0.09856086442827841,-0.06993796756445897,-0.12458436792132237,1.6324222980434496e-10,3.238892591560979e-09,2.5587880319156746e-08,3.929286009648144e-08,,,,,,,,,0.0,0.0,0.0,0.0,0.2990327380952381,0.3073979591836735,0.30992063492063493,0.3063503659039373,0.0,0.0,0.0,0.0,0.0,0.0,0.0,0.0,1260.0,1260.0,1400.0,1288.0,871.25,887.0,964.75,899.7,0.6950892857142856,0.6967893217893217,0.7045386904761906,0.6983231550195834,0.29546130952380945,0.3032106782106782,0.3049107142857143,0.30167684498041636,55760.0,56768.0,61744.0,57580.8,64.0,64.0,64.0,64.0,0.0,0.0,0.0,0.0,871.25,887.0,964.75,899.7,0.0,0.0,0.0,0.0,0.0,0.0,0.0,0.0,366.0,382.5,420.25,388.3,0.0,0.0,0.0,0.0,0.0,0.0,0.0,0.0,0.0,0.0,0.0,0.0,0.742442026312061,0.7582992300571033,0.7872939049418475,0.7636414895586685,0.8516098614964924,0.9231805684155434,0.9853330750159266,0.909528677036435,0.8,0.8642857142857143,0.9178571428571428,0.8535714285714284,1.0428059540487391e-09,7.885105768709733e-09,8.292779859998235e-08,1.5772628187083823e-07,-0.046859668354551014,-0.029309675929260138,-0.021110846042973568,-0.035730680133236506,4.0,5.5,10.0,6.8,1.0,1.0,1.0,1.0,1.3534618065453605,1.4786264415495778,1.7967385708103398,1.5848382136318953,,,,,6.633568410162121,7.252478449574693,7.627115193693478,6.976297385036437,2.5627485655361726,2.669778202248998,3.001461694708052,2.7373949720497226,1.6324222980434496e-10,3.238892591560979e-09,2.5587880319156746e-08,3.929286009648144e-08,0.1781868456180098,0.3521944275336346,0.5565986843006621,0.4097154545899261,0.0027099902027949677,0.05182688322842476,0.10366342297539834,0.06726729475059065,0.0002779648951653081,0.001347900901884813,0.0032920027515457423,0.0032636930692036235,0.04878048780487805,0.04878048780487805,0.07317073170731707,0.05731707317073172,0.0,0.0,0.0,0.0,111.81389775027827,121.19381431135315,158.17152950469008,132.39740203898458,,,,,,,,
ed_power__median,msg_drop,0.5,20,6.0,6.0,6.0,6.0,70.0,70.0,70.0,70.0,-0.10013263732301733,-0.07317073170731707,-0.04878048780487805,-0.08846623112202538,4.260449282550498e-09,7.148629462488726e-08,3.40613360013422e-07,1.4036966367505333e-06,,,,,,,,,0.0,0.0,0.0,0.0,0.4986111111111111,0.5031746031746032,0.5113715277777777,0.5041467287672645,0.0,0.0,0.0,0.0,0.0,0.0,0.0,0.0,1260.0,1260.0,1400.0,1288.0,615.25,633.0,697.25,643.6,0.4918650793650794,0.5003968253968254,0.5049603174603174,0.4992764120799835,0.49503968253968256,0.4996031746031746,0.5081349206349206,0.5007235879200165,39376.0,40512.0,44624.0,41190.4,64.0,64.0,64.0,64.0,0.0,0.0,0.0,0.0,615.25,633.0,697.25,643.6,0.0,0.0,0.0,0.0,0.0,0.0,0.0,0.0,616.75,634.5,687.75,644.4,0.0,0.0,0.0,0.0,0.0,0.0,0.0,0.0,0.0,0.0,0.0,0.0,0.7840886920450449,0.8089594081931071,0.8322658326600594,0.8024766620064485,0.8931206007673093,0.9647939626737082,0.9855473202351495,0.9260953547761082,0.7071428571428572,0.75,0.85,0.7664285714285715,4.781489479413475e-08,3.43613976153087e-07,1.6219122295272105e-06,3.5405410177289983e-06,-0.04685966763626488,-0.029309674011055116,-0.021110844177144955,-0.03573066064175398,5.75,9.0,12.0,9.5,1.0,1.0,1.0,1.0,1.3534618065453605,1.4786264415495778,1.7967385708103398,1.5848382136318953,,,,,6.633568410162121,7.252478449574693,7.627115193693478,6.976297385036437,2.5627485655361726,2.669778202248998,3.001461694708052,2.7373949720497226,4.260449282550498e-09,7.148629462488726e-08,3.40613360013422e-07,1.4036966367505333e-06,0.17196008789032535,0.20836466606463766,0.38157251744816256,0.3641508249903802,0.0,0.0,0.027558398936532703,0.03358818234153756,0.0002344240307348718,0.0005082882352192456,0.002157372853210403,0.003596600708052882,0.04878048780487805,0.04878048780487805,0.07317073170731707,0.05487804878048781,0.0,0.0,0.0,0.0,103.23887595193108,115.61870196730621,148.12718302205684,127.32138620493284,,,,,,,,
ed_power__median,msg_drop,0.7,20,6.0,6.0,6.0,6.0,70.0,70.0,70.0,70.0,-0.1706682566845787,-0.09591937099479292,-0.050142965965753114,-0.12690306399432694,2.9156999137375517e-07,2.617646400696779e-06,1.733501421267875e-05,7.032480308256245e-05,,,,,,,,,0.0,0.0,0.0,0.0,0.6939303751803751,0.6998412698412698,0.7025081168831169,0.6987504380540095,0.0,0.0,0.0,0.0,0.0,0.0,0.0,0.0,1260.0,1260.0,1400.0,1288.0,371.0,385.0,417.0,391.1,0.29946428571428574,0.3026190476190476,0.3087121212121212,0.30358105287569576,0.6912878787878787,0.6973809523809523,0.7005357142857143,0.6964189471243043,23744.0,24640.0,26688.0,25030.4,64.0,64.0,64.0,64.0,0.0,0.0,0.0,0.0,371.0,385.0,417.0,391.1,0.0,0.0,0.0,0.0,0.0,0.0,0.0,0.0,860.25,880.0,977.75,896.9,0.0,0.0,0.0,0.0,0.0,0.0,0.0,0.0,0.0,0.0,0.0,0.0,0.797123135012163,0.837709126931212,0.8738968503143433,0.8266636858867162,0.9365842514714107,0.9618960063305264,0.9684712505405658,0.9374406149964875,0.6428571428571429,0.7071428571428571,0.7285714285714285,0.6928571428571428,9.674190861165471e-07,1.0113937266552164e-05,6.731034316491641e-05,8.885478169543672e-05,-0.04685966546828953,-0.029309289296267266,-0.021110798611819775,-0.03572967605451904,9.5,12.5,17.25,13.5,1.0,1.0,1.0,1.0,1.3534618065453605,1.4786264415495778,1.7967385708103398,1.5848382136318953,,,,,6.633568410162121,7.252478449574693,7.627115193693478,6.976297385036437,2.5627485655361726,2.669778202248998,3.001461694708052,2.7373949720497226,2.9156999137375517e-07,2.617646400696779e-06,1.733501421267875e-05,7.032480308256245e-05,0.2218183523266637,0.3925370335686411,0.5741358934615195,0.42484444982422165,0.0,0.04612399711307298,0.11669364128101704,0.06470794204310741,0.0005410278939381581,0.0016744169421034035,0.0031552599517172125,0.002674990855456385,0.04878048780487805,0.06097560975609756,0.07317073170731707,0.062195121951219526,0.0,0.0,0.0,0.0,105.44674964848328,121.21604926971207,162.73632027614198,132.36490857240432,,,,,,,,
ed_power__median,msg_drop,1.0,20,6.0,6.0,6.0,6.0,70.0,70.0,70.0,70.0,-0.1308693730302294,-0.10157017160543186,-0.08204506806605341,-0.1195754108939473,1.4777592250532785,2.0516773267472788,3.28017680933905,2.501147648619415,,,,,,,,,0.0,0.0,0.0,0.0,1.0,1.0,1.0,1.0,0.0,0.0,0.0,0.0,0.0,0.0,0.0,0.0,1260.0,1260.0,1400.0,1288.0,0.0,0.0,0.0,0.0,0.0,0.0,0.0,0.0,1.0,1.0,1.0,1.0,0.0,0.0,0.0,0.0,0.0,0.0,0.0,0.0,0.0,0.0,0.0,0.0,0.0,0.0,0.0,0.0,0.0,0.0,0.0,0.0,0.0,0.0,0.0,0.0,1260.0,1260.0,1400.0,1288.0,0.0,0.0,0.0,0.0,0.0,0.0,0.0,0.0,0.0,0.0,0.0,0.0,1.0,1.0,1.0,1.0,0.0,0.0,0.0,0.0,1.0,1.0,1.0,1.0,1.4777592250532783,2.0516773267472788,3.28017680933905,2.5011476486194155,0.0,0.0,0.0,0.0,,,,,0.0,0.0,0.0,0.0,1.3534618065453605,1.4786264415495778,1.7967385708103398,1.5848382136318953,,,,,6.633568410162121,7.252478449574693,7.627115193693478,6.976297385036437,2.5627485655361726,2.669778202248998,3.001461694708052,2.7373949720497226,1.4777592250532785,2.0516773267472788,3.28017680933905,2.501147648619415,0.0,8.881784197001252e-16,0.07085066072253832,0.047785789088784635,0.033264580261175354,0.0527896838005538,0.08208888522535136,0.07079492308906928,0.04528891401304944,0.0645932749305612,0.09231496628187184,0.0801422891916268,0.04878048780487805,0.04878048780487805,0.04878048780487805,0.04878048780487806,0.0,0.0,0.0,0.0,110.69123716749357,110.6912371674936,110.69123716749363,110.39003388213905,,,,,,,,
ed_power__oracle,bandwidth,0.0,20,6.0,6.0,6.0,6.0,70.0,70.0,70.0,70.0,-0.0749384919071134,-0.049154620320690234,-0.04878048780487805,-0.058999943132800846,1.0317930954643116e-11,5.269899676580875e-11,1.2099231430060304e-09,4.8086531793695304e-09,,,,,,,,,0.0,0.0,0.0,0.0,0.006205357142857143,0.007142857142857143,0.007142857142857143,0.006690025252525253,0.0,0.0,0.0,0.0,0.0,0.0,0.0,0.0,1260.0,1260.0,1400.0,1288.0,1260.0,1260.0,1400.0,1288.0,1.0,1.0,1.0,1.0,0.0,0.0,0.0,0.0,80640.0,80640.0,89600.0,82432.0,64.0,64.0,64.0,64.0,0.0,0.0,0.0,0.0,1260.0,1260.0,1400.0,1288.0,0.0,0.0,0.0,0.0,0.0,0.0,0.0,0.0,0.0,0.0,0.0,0.0,0.0,0.0,0.0,0.0,0.0,0.0,0.0,0.0,0.0,0.0,0.0,0.0,0.7307046303645943,0.7651581384227899,0.7726634119147029,0.7540365371588224,0.826656455071007,0.9066500129169108,0.950974618354576,0.8701242198310896,0.9285714285714286,1.0,1.0,0.9678571428571429,4.48582000401372e-11,2.1615777522873893e-10,3.3460362194829553e-09,1.624380748781318e-08,-0.04685966865944219,-0.029309676096288668,-0.021110846068288364,-0.035730680625868025,3.75,4.5,6.0,4.9,1.0,1.0,1.0,1.0,1.3534618065453605,1.4786264415495778,1.7967385708103398,1.5848382136318953,,,,,6.633568410162121,7.252478449574693,7.627115193693478,6.976297385036437,2.5627485655361726,2.669778202248998,3.001461694708052,2.7373949720497226,1.0317930954643116e-11,5.269899676580875e-11,1.2099231430060304e-09,4.8086531793695304e-09,0.01570692730064338,0.03068366825462432,0.08353498604530807,0.05728398993387192,0.0,0.0,0.006002354422605358,0.004121894352313029,1.7947488772112503e-06,8.39734402202848e-06,6.774476916147017e-05,9.255093920621521e-05,0.04878048780487805,0.04878048780487805,0.07317073170731707,0.05487804878048781,0.0,0.0,0.0,0.0,103.11248597810021,120.12175508113245,143.74241685513124,128.23536512806547,,,,,,,,
ed_power__oracle,bandwidth,1.0,20,6.0,6.0,6.0,6.0,70.0,70.0,70.0,70.0,-0.08985900383904369,-0.04878048780487805,-0.024390243902439025,-0.10840113758072027,0.043666071428365205,0.08110374141909193,0.1401918696946446,0.10345401747074053,,,,,,,,,0.20960139881755496,0.2257361977436699,0.2403832930785081,0.2269921096593322,0.0,0.0,0.0,0.0,0.0,0.0,0.0,0.0,0.0,0.0,0.0,0.0,1260.0,1260.0,1400.0,1288.0,1260.0,1260.0,1400.0,1288.0,1.0,1.0,1.0,1.0,0.0,0.0,0.0,0.0,2520.0,2520.0,2800.0,2576.0,2.0,2.0,2.0,2.0,0.0,0.0,0.0,0.0,1260.0,1260.0,1400.0,1288.0,0.0,0.0,0.0,0.0,0.0,0.0,0.0,0.0,0.0,0.0,0.0,0.0,0.0,0.0,0.0,0.0,0.0,0.0,0.0,0.0,0.0,0.0,0.0,0.0,0.2496896811839896,0.27955078817911916,0.34593745737014414,0.2971791318693661,0.9298093616530184,0.9535466852125545,0.9706184176163456,0.9384782216414479,0.1392857142857143,0.2785714285714286,0.4142857142857143,0.3221428571428571,0.04366607142057619,0.08110374026528713,0.14019186789854718,0.10345375578913199,-0.04649779421768457,-0.028151051218874776,-0.018666872571168884,-0.03425276615926678,3.0,3.0,4.0,3.6315789473684212,1.0,1.0,1.0,0.95,1.3534618065453605,1.4786264415495778,1.7967385708103398,1.5848382136318953,,,,,6.633568410162121,7.252478449574693,7.627115193693478,6.976297385036437,2.5627485655361726,2.669778202248998,3.001461694708052,2.7373949720497226,0.043666071428365205,0.08110374141909193,0.1401918696946446,0.10345401747074053,0.657423890165558,1.2660686814608102,2.1143211012258325,1.572211677505554,0.0,0.0,0.009153728423622717,0.057181625385598324,0.007168722754903437,0.025926774944645348,0.04797309493023272,0.036775511021103824,0.024390243902439025,0.04878048780487805,0.07317073170731707,0.051219512195121955,0.0,0.0,0.0,0.0,82.81311962146678,107.08362838174435,147.68362380715212,120.924874889802,,,,,,,,
ed_power__oracle,bandwidth,2.0,20,6.0,6.0,6.0,6.0,70.0,70.0,70.0,70.0,-0.5087454336077034,-0.3687133333483717,-0.15912134622134896,-0.37639141577723284,0.0048517857142856636,0.009115197466864029,0.02150097513305757,0.18792226420222397,,,,,,,,,0.027491973712957127,0.030203193467241346,0.032248883350143934,0.05438932891673255,0.0,0.0,0.0,0.0,0.0,0.0,0.0,0.0,0.0,0.0,0.0,0.0,1260.0,1260.0,1400.0,1288.0,1260.0,1260.0,1400.0,1288.0,1.0,1.0,1.0,1.0,0.0,0.0,0.0,0.0,5040.0,5040.0,5600.0,5152.0,4.0,4.0,4.0,4.0,0.0,0.0,0.0,0.0,1260.0,1260.0,1400.0,1288.0,0.0,0.0,0.0,0.0,0.0,0.0,0.0,0.0,0.0,0.0,0.0,0.0,0.0,0.0,0.0,0.0,0.0,0.0,0.0,0.0,0.0,0.0,0.0,0.0,0.28722571790540363,0.3394678947419595,0.45012893430321244,0.4104885708531942,0.8809431377580121,0.9507791775124851,0.9703933707363512,0.8412246019587182,0.39642857142857146,0.48571428571428565,0.6178571428571429,0.49714285714285716,0.004851785714282345,0.009115197443072069,0.02150097469227646,0.18818841119685356,-0.04681946042849257,-0.02771913571392884,-0.01842131742256732,-0.033046076920245596,3.0,4.0,4.5,3.933333333333333,0.75,1.0,1.0,0.75,1.3534618065453605,1.4786264415495778,1.7967385708103398,1.5848382136318953,,,,,6.633568410162121,7.252478449574693,7.627115193693478,6.976297385036437,2.5627485655361726,2.669778202248998,3.001461694708052,2.7373949720497226,0.0048517857142856636,0.009115197466864029,0.02150097513305757,0.18792226420222397,0.6717317923293387,1.4958248587223517,1.9167949484845432,1.4437099449664956,0.07388198160762294,0.31993284554349366,0.4172820189735571,0.30687922065528156,0.009685231140930953,0.02920832952101261,0.04413809264713839,0.0359546433346357,0.04878048780487805,0.07317073170731707,0.07317073170731707,0.06951219512195121,0.0,0.0,0.0,0.0,114.69848256131436,141.1747313481221,176.77250886076996,145.05233704761093,,,,,,,,
ed_power__oracle,bandwidth,3.0,20,6.0,6.0,6.0,6.0,70.0,70.0,70.0,70.0,-0.32309826717403606,-0.18911025713566093,-0.08896916453370343,-0.20928347007123835,0.0014808525018494669,0.0020157292481032506,0.004549473402242111,0.026121954798297858,,,,,,,,,0.007460370065748009,0.008432068563011987,0.011412152395601128,0.018127225573253997,0.0,0.0,0.0,0.0,0.0,0.0,0.0,0.0,0.0,0.0,0.0,0.0,1260.0,1260.0,1400.0,1288.0,1260.0,1260.0,1400.0,1288.0,1.0,1.0,1.0,1.0,0.0,0.0,0.0,0.0,7560.0,7560.0,8400.0,7728.0,6.0,6.0,6.0,6.0,0.0,0.0,0.0,0.0,1260.0,1260.0,1400.0,1288.0,0.0,0.0,0.0,0.0,0.0,0.0,0.0,0.0,0.0,0.0,0.0,0.0,0.0,0.0,0.0,0.0,0.0,0.0,0.0,0.0,0.0,0.0,0.0,0.0,0.32425693751050133,0.3998525694227182,0.9704118131314243,0.5458756749578836,0.2613168255391616,0.9140000138978213,0.9593102145191754,0.6947735129002031,0.4714285714285714,0.5785714285714285,0.8,0.6192857142857143,0.0014808525015092924,0.00201572923861929,0.0045494345837923215,0.02759259516297523,-0.0468479214784027,-0.028897542423076003,-0.021095370718421262,-0.03535750991173025,3.0,4.0,5.0,4.588235294117647,1.0,1.0,1.0,0.85,1.3534618065453605,1.4786264415495778,1.7967385708103398,1.5848382136318953,,,,,6.633568410162121,7.252478449574693,7.627115193693478,6.976297385036437,2.5627485655361726,2.669778202248998,3.001461694708052,2.7373949720497226,0.0014808525018494669,0.0020157292481032506,0.004549473402242111,0.026121954798297858,0.28135880395039825,0.9324661184949936,1.1859892139195523,0.8768167514863873,0.017722675235752196,0.1278238503256303,0.2658546294166227,0.1507468847053847,0.001361970500984662,0.007774282146313491,0.018743472034010097,0.01342990541175514,0.04878048780487805,0.04878048780487805,0.07317073170731707,0.05853658536585367,0.0,0.0,0.0,0.0,110.48670509892719,135.8033730803387,163.61305586124521,136.41059895823255,,,,,,,,
ed_power__oracle,bandwidth,4.0,20,6.0,6.0,6.0,6.0,70.0,70.0,70.0,70.0,-0.2233378871158339,-0.049016326134020266,-0.042682926829268296,-0.12318399356172323,0.00031906689317445574,0.0005418265099879445,0.0016594136921601642,0.009409562805217033,,,,,,,,,0.0028677905236518825,0.003755553002293282,0.006768423642460844,0.005692885187075561,0.0,0.0,0.0,0.0,0.0,0.0,0.0,0.0,0.0,0.0,0.0,0.0,1260.0,1260.0,1400.0,1288.0,1260.0,1260.0,1400.0,1288.0,1.0,1.0,1.0,1.0,0.0,0.0,0.0,0.0,10080.0,10080.0,11200.0,10304.0,8.0,8.0,8.0,8.0,0.0,0.0,0.0,0.0,1260.0,1260.0,1400.0,1288.0,0.0,0.0,0.0,0.0,0.0,0.0,0.0,0.0,0.0,0.0,0.0,0.0,0.0,0.0,0.0,0.0,0.0,0.0,0.0,0.0,0.0,0.0,0.0,0.0,0.39275041723819937,0.5582672632389366,0.9109511158494891,0.6084132085026673,0.38987867056648895,0.8824195635256105,0.9667220033076744,0.7113974380408243,0.55,0.6785714285714286,0.8964285714285715,0.7092857142857143,0.0003190668866550787,0.0005489474509140033,0.0016594168350813365,0.009727901232218485,-0.04685806037378953,-0.029303511283938835,-0.0211009080187947,-0.03559625836877427,3.0,4.0,5.0,4.294117647058823,1.0,1.0,1.0,0.85,1.3534618065453605,1.4786264415495778,1.7967385708103398,1.5848382136318953,,,,,6.633568410162121,7.252478449574693,7.627115193693478,6.976297385036437,2.5627485655361726,2.669778202248998,3.001461694708052,2.7373949720497226,0.00031906689317445574,0.0005418265099879445,0.0016594136921601642,0.009409562805217033,0.15192192721433373,0.4378615708699467,0.9795957043583667,0.6492330211635495,0.0,0.0,0.1406395970277112,0.07074496917147935,0.0002124372409229323,0.0022628583281706425,0.009968048113080889,0.007363119096678278,0.024390243902439025,0.04878048780487805,0.054878048780487805,0.05243902439024391,0.0,0.0,0.0,0.0,92.85729704102468,120.30233231973197,162.15581477445167,129.30188908760843,,,,,,,,
ed_power__oracle,bandwidth,8.0,20,6.0,6.0,6.0,6.0,70.0,70.0,70.0,70.0,-0.08357228897243016,-0.048925462306868686,-0.04878048780487805,-0.06700657637842809,2.4924967396767086e-06,6.544901844064659e-06,3.1181740487124903e-05,0.00028934731320602505,,,,,,,,,0.0001780461777200192,0.0006963219521060502,0.00198848587022114,0.0016916899118012533,0.0,0.0,0.0,0.0,0.0,0.0,0.0,0.0,0.0,0.0,0.0,0.0,1260.0,1260.0,1400.0,1288.0,1260.0,1260.0,1400.0,1288.0,1.0,1.0,1.0,1.0,0.0,0.0,0.0,0.0,20160.0,20160.0,22400.0,20608.0,16.0,16.0,16.0,16.0,0.0,0.0,0.0,0.0,1260.0,1260.0,1400.0,1288.0,0.0,0.0,0.0,0.0,0.0,0.0,0.0,0.0,0.0,0.0,0.0,0.0,0.0,0.0,0.0,0.0,0.0,0.0,0.0,0.0,0.0,0.0,0.0,0.0,0.5480005429300354,0.6351078019585528,0.8156442385380209,0.6551535193179793,0.6227064983119093,0.8971416489138562,0.9610219471313453,0.7853327528791996,0.6035714285714286,0.7857142857142857,0.9214285714285715,0.76,2.4924935432293048e-06,7.179082777088633e-06,3.118144458323303e-05,0.00028980125887382864,-0.046859618618409364,-0.029307520443206652,-0.021110776798051584,-0.035726547161517276,3.75,4.5,6.0,4.7,1.0,1.0,1.0,1.0,1.3534618065453605,1.4786264415495778,1.7967385708103398,1.5848382136318953,,,,,6.633568410162121,7.252478449574693,7.627115193693478,6.976297385036437,2.5627485655361726,2.669778202248998,3.001461694708052,2.7373949720497226,2.4924967396767086e-06,6.544901844064659e-06,3.1181740487124903e-05,0.00028934731320602505,0.07229417856977127,0.1770333946767515,0.2673037914969436,0.3357076232524937,0.0,0.0,0.024572210304457845,0.015787064183306145,4.650179616607968e-05,0.0002678678321732596,0.001048967044318278,0.003813168120190036,0.042682926829268296,0.04878048780487805,0.07317073170731707,0.051219512195121955,0.0,0.0,0.0,0.0,93.66375874246496,120.41625588163492,144.98222539757217,125.91848376906304,,,,,,,,
ed_power__oracle,byzantine,0.0,20,6.0,6.0,6.0,6.0,70.0,70.0,70.0,70.0,-0.0749384919071134,-0.049154620320690234,-0.04878048780487805,-0.058999943132800846,1.0317930954643116e-11,5.269899676580875e-11,1.2099231430060304e-09,4.8086531793695304e-09,,,,,,,,,0.0,0.0,0.0,0.0,0.006205357142857143,0.007142857142857143,0.007142857142857143,0.006690025252525253,0.0,0.0,0.0,0.0,0.0,0.0,0.0,0.0,1260.0,1260.0,1400.0,1288.0,1260.0,1260.0,1400.0,1288.0,1.0,1.0,1.0,1.0,0.0,0.0,0.0,0.0,80640.0,80640.0,89600.0,82432.0,64.0,64.0,64.0,64.0,0.0,0.0,0.0,0.0,1260.0,1260.0,1400.0,1288.0,0.0,0.0,0.0,0.0,0.0,0.0,0.0,0.0,0.0,0.0,0.0,0.0,0.0,0.0,0.0,0.0,0.0,0.0,0.0,0.0,0.0,0.0,0.0,0.0,0.7307046303645943,0.7651581384227899,0.7726634119147029,0.7540365371588224,0.826656455071007,0.9066500129169108,0.950974618354576,0.8701242198310896,0.9285714285714286,1.0,1.0,0.9678571428571429,4.48582000401372e-11,2.1615777522873893e-10,3.3460362194829553e-09,1.624380748781318e-08,-0.04685966865944219,-0.029309676096288668,-0.021110846068288364,-0.035730680625868025,3.75,4.5,6.0,4.9,1.0,1.0,1.0,1.0,1.3534618065453605,1.4786264415495778,1.7967385708103398,1.5848382136318953,,,,,6.633568410162121,7.252478449574693,7.627115193693478,6.976297385036437,2.5627485655361726,2.669778202248998,3.001461694708052,2.7373949720497226,1.0317930954643116e-11,5.269899676580875e-11,1.2099231430060304e-09,4.8086531793695304e-09,0.01570692730064338,0.03068366825462432,0.08353498604530807,0.05728398993387192,0.0,0.0,0.006002354422605358,0.004121894352313029,1.7947488772112503e-06,8.39734402202848e-06,6.774476916147017e-05,9.255093920621521e-05,0.04878048780487805,0.04878048780487805,0.07317073170731707,0.05487804878048781,0.0,0.0,0.0,0.0,103.11248597810021,120.12175508113245,143.74241685513124,128.23536512806547,,,,,,,,
ed_power__oracle,byzantine,0.1,20,6.0,6.0,6.0,6.0,70.0,70.0,70.0,70.0,-0.04878048780487805,-0.04878048780487805,-0.04878048780487805,-0.047560975609756105,0.1120051111068639,0.3531529799563412,0.6235110431752451,0.7188557749729693,,,,,,,,,0.0,0.0,0.0,0.0,0.005158730158730159,0.005537518037518037,0.005952380952380952,0.005506487064522779,0.0,0.0,0.0,0.0,0.0,0.0,0.0,0.0,1260.0,1260.0,1400.0,1288.0,1260.0,1260.0,1400.0,1288.0,1.0,1.0,1.0,1.0,0.0,0.0,0.0,0.0,80640.0,80640.0,89600.0,82432.0,64.0,64.0,64.0,64.0,0.0,0.0,0.0,0.0,1260.0,1260.0,1400.0,1288.0,0.0,0.0,0.0,0.0,0.0,0.0,0.0,0.0,0.0,0.0,0.0,0.0,0.0,0.0,0.0,0.0,0.0,0.0,0.0,0.0,0.0,0.0,0.0,0.0,0.91478279092303,0.9526141233657879,0.9857311792673926,0.9240962884880594,0.03702083509038312,0.10022924619433965,0.22740528104708602,0.1549879106540386,0.5142857142857142,0.5428571428571428,0.5714285714285714,0.5442857142857142,0.6374493883018089,0.8472126473616981,1.1120520386910822,0.9394540724699005,-0.04478699226764302,-0.022784063818987503,-0.01102539162849654,-0.025461312480663512,10.75,22.0,33.0,24.3,1.0,1.0,1.0,1.0,1.3534618065453605,1.4786264415495778,1.7967385708103398,1.5848382136318953,,,,,6.633568410162121,7.252478449574693,7.627115193693478,6.976297385036437,2.5627485655361726,2.669778202248998,3.001461694708052,2.7373949720497226,0.1120051111068639,0.3531529799563412,0.6235110431752451,0.7188557749729693,6.294930236505765,6.9263209074905365,7.407988985628287,6.742636290211607,0.0,0.0,0.0,0.0,0.3818261352845145,0.4352011903786793,0.45677561009414247,0.4277123882730624,0.04878048780487805,0.04878048780487805,0.04878048780487805,0.047560975609756105,0.0,0.0,0.0,0.0,98.6849621867362,98.6849621867362,98.6849621867362,97.22848122027528,,,,,,,,
ed_power__oracle,byzantine,0.25,20,6.0,6.0,6.0,6.0,70.0,70.0,70.0,70.0,-0.04878048780487805,-0.04878048780487805,-0.04878048780487805,-0.04878048780487806,0.6184976456499302,1.3346967830739658,2.029822214627279,1.9641644692932694,,,,,,,,,0.0,0.0,0.0,0.0,0.0035714285714285713,0.00450487012987013,0.004761904761904762,0.0042802321686250255,0.0,0.0,0.0,0.0,0.0,0.0,0.0,0.0,1260.0,1260.0,1400.0,1288.0,1260.0,1260.0,1400.0,1288.0,1.0,1.0,1.0,1.0,0.0,0.0,0.0,0.0,80640.0,80640.0,89600.0,82432.0,64.0,64.0,64.0,64.0,0.0,0.0,0.0,0.0,1260.0,1260.0,1400.0,1288.0,0.0,0.0,0.0,0.0,0.0,0.0,0.0,0.0,0.0,0.0,0.0,0.0,0.0,0.0,0.0,0.0,0.0,0.0,0.0,0.0,0.0,0.0,0.0,0.0,0.9520050323247212,0.9716047597121562,0.9838942596905315,0.9399291239096762,0.06322706873690795,0.07836768655935544,0.196822356920592,0.14411050272128761,0.5,0.5285714285714286,0.5428571428571428,0.5271428571428571,0.979904590063578,1.276706413426498,1.8204244046127092,1.4331226305137597,-0.026478355947803473,-0.009831983639749088,0.007498386577328663,-0.007671188276087794,17.0,36.0,57.0,36.857142857142854,0.0,0.0,1.0,0.35,1.3534618065453605,1.4786264415495778,1.7967385708103398,1.5848382136318953,,,,,6.633568410162121,7.252478449574693,7.627115193693478,6.976297385036437,2.5627485655361726,2.669778202248998,3.001461694708052,2.7373949720497226,0.6184976456499302,1.3346967830739658,2.029822214627279,1.9641644692932694,6.443800792530595,6.965198367226723,7.3682044771357464,6.73903693430651,0.0,0.0,0.0,0.0,0.3798782992043927,0.4362969371371168,0.49177676497700534,0.42664480195600357,0.04878048780487805,0.04878048780487805,0.04878048780487805,0.04878048780487806,0.0,0.0,0.0,0.0,96.97310182932084,98.6849621867362,98.6849621867362,97.89738390248903,,,,,,,,
ed_power__oracle,byzantine,0.5,20,6.0,6.0,6.0,6.0,70.0,70.0,70.0,70.0,-0.04878048780487805,-0.04878048780487805,-0.04878048780487805,-0.047560975609756105,0.5213273328311676,1.6253998091480493,2.9198994951128134,2.4189689006173842,,,,,,,,,0.0,0.0,0.0,0.0,0.0026339285714285714,0.0031498015873015874,0.0035714285714285713,0.00303108250876108,0.0,0.0,0.0,0.0,0.0,0.0,0.0,0.0,1260.0,1260.0,1400.0,1288.0,1260.0,1260.0,1400.0,1288.0,1.0,1.0,1.0,1.0,0.0,0.0,0.0,0.0,80640.0,80640.0,89600.0,82432.0,64.0,64.0,64.0,64.0,0.0,0.0,0.0,0.0,1260.0,1260.0,1400.0,1288.0,0.0,0.0,0.0,0.0,0.0,0.0,0.0,0.0,0.0,0.0,0.0,0.0,0.0,0.0,0.0,0.0,0.0,0.0,0.0,0.0,0.0,0.0,0.0,0.0,0.9649193689034647,0.9810235848515625,0.9896564986659604,0.964108816573038,0.03289589169874166,0.07635766326606908,0.13490890418522364,0.10834567470645054,0.5,0.5142857142857142,0.5428571428571428,0.5149999999999999,1.3188519809994266,1.897061594295373,2.3987204928116412,1.9694655544317772,-0.034141434840883146,-0.015009974180622752,0.017023518276905642,-0.0011739821143147034,42.5,59.0,63.5,51.0,0.0,0.0,0.0,0.15,1.3534618065453605,1.4786264415495778,1.7967385708103398,1.5848382136318953,,,,,6.633568410162121,7.252478449574693,7.627115193693478,6.976297385036437,2.5627485655361726,2.669778202248998,3.001461694708052,2.7373949720497226,0.5213273328311676,1.6253998091480493,2.9198994951128134,2.4189689006173842,6.105666914346116,6.831697896378497,7.415153992336117,6.520350986429082,0.0,0.0,0.0,0.0,0.33544956824453026,0.4094293021962583,0.4753134751655635,0.4017500168930267,0.04878048780487805,0.04878048780487805,0.04878048780487805,0.047560975609756105,0.0,0.0,0.0,0.0,92.8681480783878,97.3829875475324,98.6849621867362,97.49120865198034,,,,,,,,
ed_power__oracle,latency,0.0,20,6.0,6.0,6.0,6.0,70.0,70.0,70.0,70.0,-0.0749384919071134,-0.049154620320690234,-0.04878048780487805,-0.058999943132800846,1.0317930954643116e-11,5.269899676580875e-11,1.2099231430060304e-09,4.8086531793695304e-09,,,,,,,,,0.0,0.0,0.0,0.0,0.006205357142857143,0.007142857142857143,0.007142857142857143,0.006690025252525253,0.0,0.0,0.0,0.0,0.0,0.0,0.0,0.0,1260.0,1260.0,1400.0,1288.0,1260.0,1260.0,1400.0,1288.0,1.0,1.0,1.0,1.0,0.0,0.0,0.0,0.0,80640.0,80640.0,89600.0,82432.0,64.0,64.0,64.0,64.0,0.0,0.0,0.0,0.0,1260.0,1260.0,1400.0,1288.0,0.0,0.0,0.0,0.0,0.0,0.0,0.0,0.0,0.0,0.0,0.0,0.0,0.0,0.0,0.0,0.0,0.0,0.0,0.0,0.0,0.0,0.0,0.0,0.0,0.7307046303645943,0.7651581384227899,0.7726634119147029,0.7540365371588224,0.826656455071007,0.9066500129169108,0.950974618354576,0.8701242198310896,0.9285714285714286,1.0,1.0,0.9678571428571429,4.48582000401372e-11,2.1615777522873893e-10,3.3460362194829553e-09,1.624380748781318e-08,-0.04685966865944219,-0.029309676096288668,-0.021110846068288364,-0.035730680625868025,3.75,4.5,6.0,4.9,1.0,1.0,1.0,1.0,1.3534618065453605,1.4786264415495778,1.7967385708103398,1.5848382136318953,,,,,6.633568410162121,7.252478449574693,7.627115193693478,6.976297385036437,2.5627485655361726,2.669778202248998,3.001461694708052,2.7373949720497226,1.0317930954643116e-11,5.269899676580875e-11,1.2099231430060304e-09,4.8086531793695304e-09,0.01570692730064338,0.03068366825462432,0.08353498604530807,0.05728398993387192,0.0,0.0,0.006002354422605358,0.004121894352313029,1.7947488772112503e-06,8.39734402202848e-06,6.774476916147017e-05,9.255093920621521e-05,0.04878048780487805,0.04878048780487805,0.07317073170731707,0.05487804878048781,0.0,0.0,0.0,0.0,103.11248597810021,120.12175508113245,143.74241685513124,128.23536512806547,,,,,,,,
ed_power__oracle,latency,1.0,20,6.0,6.0,6.0,6.0,70.0,70.0,70.0,70.0,-0.08695365103057828,-0.06808884800121198,-0.04911673453225279,-0.07879386976835154,1.4416186565944683e-08,4.530845773343308e-08,9.611495076911599e-08,7.767470185911873e-07,,,,,,,,,0.0,0.0,0.0,0.0,0.008031400966183575,0.010466988727858293,0.011912604303908652,0.010282947225882008,1.0,1.0,1.0,1.0,1.0,1.0,1.0,1.0,1260.0,1260.0,1400.0,1288.0,1242.0,1242.0,1380.0,1269.6,0.9857142857142858,0.9857142857142858,0.9857142857142858,0.9857142857142861,0.014285714285714235,0.014285714285714235,0.014285714285714235,0.014285714285714235,79488.0,79488.0,88320.0,81254.4,64.0,64.0,64.0,64.0,0.0,0.0,0.0,0.0,1242.0,1242.0,1380.0,1269.6,0.0,0.0,0.0,0.0,0.0,0.0,0.0,0.0,0.0,0.0,0.0,0.0,0.0,0.0,0.0,0.0,0.0,0.0,0.0,0.0,0.0,0.0,0.0,0.0,0.7757464693895327,0.7928043033197021,0.8212944017890519,0.7920252852227698,0.7182432865998806,0.8748886804507039,0.9177900425527744,0.8217022121146504,0.6285714285714286,0.75,0.9357142857142857,0.7735714285714287,1.884585955488435e-08,7.403054748890451e-08,1.229059268229914e-07,6.991783779980188e-07,-0.04685966768846379,-0.029309673926295736,-0.02111084567524867,-0.0357306695981771,6.0,6.0,8.0,6.75,1.0,1.0,1.0,1.0,1.3534618065453605,1.4786264415495778,1.7967385708103398,1.5848382136318953,,,,,6.633568410162121,7.252478449574693,7.627115193693478,6.976297385036437,2.5627485655361726,2.669778202248998,3.001461694708052,2.7373949720497226,1.4416186565944683e-08,4.530845773343308e-08,9.611495076911599e-08,7.767470185911873e-07,0.04372725086540985,0.0753576103962681,0.18164452918148188,0.12051808047347046,0.0,0.009661819866527668,0.03395879702384284,0.021476796597619828,1.8222217121993205e-05,7.590061769193015e-05,0.00030246818915939834,0.00036585133016712014,0.04878048780487805,0.04878048780487805,0.07317073170731707,0.05731707317073172,0.0,0.0,0.0,0.0,103.18056385769975,120.68912540129391,147.0008069963291,129.01193955820168,,,,,,,,
ed_power__oracle,latency,2.0,20,6.0,6.0,6.0,6.0,70.0,70.0,70.0,70.0,-0.09840884159343104,-0.07775571148979622,-0.062122370448885675,-0.0985452964575935,5.850211149846957e-08,2.0577110984310496e-07,6.976110697992398e-07,9.030259294934247e-07,,,,,,,,,0.0,0.0,0.0,0.0,0.00978442513368984,0.014297385620915032,0.016822638146167558,0.013981543374925728,2.0,2.0,2.0,2.0,2.0,2.0,2.0,2.0,1260.0,1260.0,1400.0,1288.0,1224.0,1224.0,1360.0,1251.2,0.9714285714285714,0.9714285714285714,0.9714285714285714,0.9714285714285713,0.02857142857142858,0.02857142857142858,0.02857142857142858,0.02857142857142858,78336.0,78336.0,87040.0,80076.8,64.0,64.0,64.0,64.0,0.0,0.0,0.0,0.0,1224.0,1224.0,1360.0,1251.2,0.0,0.0,0.0,0.0,0.0,0.0,0.0,0.0,0.0,0.0,0.0,0.0,0.0,0.0,0.0,0.0,0.0,0.0,0.0,0.0,0.0,0.0,0.0,0.0,0.6919431276053883,0.7691310903887836,0.81781073879256,0.7495760750631614,0.8926355781796537,0.927027787453496,0.9644635961939788,0.9100327710570237,0.6214285714285714,0.6571428571428571,0.8464285714285714,0.7264285714285713,8.691903066780107e-08,2.6086281206743304e-07,8.360014063405416e-07,1.2274307260238753e-06,-0.04685966594449553,-0.02930967093535845,-0.021110844627501797,-0.03573066779419265,7.0,9.0,10.25,9.1,1.0,1.0,1.0,1.0,1.3534618065453605,1.4786264415495778,1.7967385708103398,1.5848382136318953,,,,,6.633568410162121,7.252478449574693,7.627115193693478,6.976297385036437,2.5627485655361726,2.669778202248998,3.001461694708052,2.7373949720497226,5.850211149846957e-08,2.0577110984310496e-07,6.976110697992398e-07,9.030259294934247e-07,0.055777439246067484,0.09126159488223395,0.312694501179027,0.20262154000174407,0.004150471566255585,0.015279079429048716,0.0690276681687727,0.04122822328686179,2.596013025370197e-05,8.228912384683449e-05,0.0012959689908732584,0.0011057410983671503,0.04878048780487805,0.04878048780487805,0.07317073170731707,0.05731707317073172,0.0,0.0,0.0,0.0,103.40346290865745,121.3546158773332,150.24712363623036,130.19249179848262,,,,,,,,
ed_power__oracle,latency,4.0,20,6.0,6.0,6.0,6.0,70.0,70.0,70.0,70.0,-0.17308536705652602,-0.08159644196059124,-0.07049132298511838,-0.1236264656252822,9.32061110757016e-07,2.0338354631616134e-06,1.202893383961418e-05,2.4279367594539303e-05,,,,,,,,,0.0,0.0,0.0,0.0,0.01378271349862259,0.02230639730639731,0.027089072543617997,0.021714971686562595,4.0,4.0,4.0,4.0,4.0,4.0,4.0,4.0,1260.0,1260.0,1400.0,1288.0,1188.0,1188.0,1320.0,1214.4,0.9428571428571428,0.9428571428571428,0.9428571428571428,0.9428571428571428,0.05714285714285716,0.05714285714285716,0.05714285714285716,0.05714285714285716,76032.0,76032.0,84480.0,77721.6,64.0,64.0,64.0,64.0,0.0,0.0,0.0,0.0,1188.0,1188.0,1320.0,1214.4,0.0,0.0,0.0,0.0,0.0,0.0,0.0,0.0,0.0,0.0,0.0,0.0,0.0,0.0,0.0,0.0,0.0,0.0,0.0,0.0,0.0,0.0,0.0,0.0,0.7953708448956508,0.8226955551979634,0.8403375301013866,0.8153230487038,0.8730480478047213,0.9286292187249952,0.9640523766865229,0.9123265110199604,0.5678571428571428,0.6214285714285714,0.7035714285714285,0.6557142857142856,2.147224630276289e-06,6.9034978309265185e-06,2.6182227161823688e-05,0.000524436622769664,-0.046859617388605605,-0.029309662404852783,-0.02111062350335039,-0.03573033384645458,11.0,15.0,16.0,13.95,1.0,1.0,1.0,1.0,1.3534618065453605,1.4786264415495778,1.7967385708103398,1.5848382136318953,,,,,6.633568410162121,7.252478449574693,7.627115193693478,6.976297385036437,2.5627485655361726,2.669778202248998,3.001461694708052,2.7373949720497226,9.32061110757016e-07,2.0338354631616134e-06,1.202893383961418e-05,2.4279367594539303e-05,0.07917611521039536,0.1793687019631891,0.4070789494003191,0.3198866745372574,0.012043999883724666,0.025720542651116667,0.08697534370694686,0.06630939245455048,5.88135642062195e-05,0.00027806851076873565,0.0022624874208214216,0.002473777224535809,0.04878048780487805,0.04878048780487805,0.07317073170731707,0.05731707317073172,0.0,0.0,0.0,0.0,103.92452192780723,122.1070482144404,151.9021365553202,131.60803450659063,,,,,,,,
ed_power__oracle,latency,8.0,20,6.0,6.0,6.0,6.0,70.0,70.0,70.0,70.0,-0.1895495547423158,-0.08539982452993314,-0.07317073170731707,-0.14073861767521573,2.851017910915968e-05,9.885941268522158e-05,0.0007498352485877475,0.0009793624770127163,,,,,,,,,0.0,0.0,0.0,0.0,0.02255315249266862,0.039874551971326166,0.04973118279569892,0.038678620886282176,8.0,8.0,8.0,8.0,8.0,8.0,8.0,8.0,1260.0,1260.0,1400.0,1288.0,1116.0,1116.0,1240.0,1140.8,0.8857142857142857,0.8857142857142857,0.8857142857142857,0.8857142857142858,0.11428571428571432,0.11428571428571432,0.11428571428571432,0.11428571428571432,71424.0,71424.0,79360.0,73011.2,64.0,64.0,64.0,64.0,0.0,0.0,0.0,0.0,1116.0,1116.0,1240.0,1140.8,0.0,0.0,0.0,0.0,0.0,0.0,0.0,0.0,0.0,0.0,0.0,0.0,0.0,0.0,0.0,0.0,0.0,0.0,0.0,0.0,0.0,0.0,0.0,0.0,0.8462736221629626,0.8650479490665617,0.8898603997417436,0.8652925003220255,0.8233720929087143,0.9180240134846015,0.9553368106372335,0.8832582227252124,0.5,0.5285714285714286,0.5928571428571429,0.5549999999999999,0.00013806017752783335,0.0003838226628558862,0.0033533770883784272,0.0034692588971966948,-0.04685591263514927,-0.02930907577397073,-0.021099362311959517,-0.03571668980203432,19.0,27.0,28.25,24.65,1.0,1.0,1.0,1.0,1.3534618065453605,1.4786264415495778,1.7967385708103398,1.5848382136318953,,,,,6.633568410162121,7.252478449574693,7.627115193693478,6.976297385036437,2.5627485655361726,2.669778202248998,3.001461694708052,2.7373949720497226,2.851017910915968e-05,9.885941268522158e-05,0.0007498352485877475,0.0009793624770127163,0.10386186861141766,0.18335144292755778,0.45125439263853817,0.38813758519483627,0.014778544767118712,0.034008423467057916,0.1056880235270313,0.07976300791911815,0.00010529940607487518,0.0005163973322414326,0.0025550120034083476,0.0035378688494108234,0.04878048780487805,0.04878048780487805,0.07317073170731707,0.060975609756097573,0.0,0.0,0.0,0.0,103.7808284937185,121.98251043539219,151.34764948443768,132.21327811390137,,,,,,,,
ed_power__oracle,msg_drop,0.0,20,6.0,6.0,6.0,6.0,70.0,70.0,70.0,70.0,-0.0749384919071134,-0.049154620320690234,-0.04878048780487805,-0.058999943132800846,1.0317930954643116e-11,5.269899676580875e-11,1.2099231430060304e-09,4.8086531793695304e-09,,,,,,,,,0.0,0.0,0.0,0.0,0.006205357142857143,0.007142857142857143,0.007142857142857143,0.006690025252525253,0.0,0.0,0.0,0.0,0.0,0.0,0.0,0.0,1260.0,1260.0,1400.0,1288.0,1260.0,1260.0,1400.0,1288.0,1.0,1.0,1.0,1.0,0.0,0.0,0.0,0.0,80640.0,80640.0,89600.0,82432.0,64.0,64.0,64.0,64.0,0.0,0.0,0.0,0.0,1260.0,1260.0,1400.0,1288.0,0.0,0.0,0.0,0.0,0.0,0.0,0.0,0.0,0.0,0.0,0.0,0.0,0.0,0.0,0.0,0.0,0.0,0.0,0.0,0.0,0.0,0.0,0.0,0.0,0.7307046303645943,0.7651581384227899,0.7726634119147029,0.7540365371588224,0.826656455071007,0.9066500129169108,0.950974618354576,0.8701242198310896,0.9285714285714286,1.0,1.0,0.9678571428571429,4.48582000401372e-11,2.1615777522873893e-10,3.3460362194829553e-09,1.624380748781318e-08,-0.04685966865944219,-0.029309676096288668,-0.021110846068288364,-0.035730680625868025,3.75,4.5,6.0,4.9,1.0,1.0,1.0,1.0,1.3534618065453605,1.4786264415495778,1.7967385708103398,1.5848382136318953,,,,,6.633568410162121,7.252478449574693,7.627115193693478,6.976297385036437,2.5627485655361726,2.669778202248998,3.001461694708052,2.7373949720497226,1.0317930954643116e-11,5.269899676580875e-11,1.2099231430060304e-09,4.8086531793695304e-09,0.01570692730064338,0.03068366825462432,0.08353498604530807,0.05728398993387192,0.0,0.0,0.006002354422605358,0.004121894352313029,1.7947488772112503e-06,8.39734402202848e-06,6.774476916147017e-05,9.255093920621521e-05,0.04878048780487805,0.04878048780487805,0.07317073170731707,0.05487804878048781,0.0,0.0,0.0,0.0,103.11248597810021,120.12175508113245,143.74241685513124,128.23536512806547,,,,,,,,
ed_power__oracle,msg_drop,0.1,20,6.0,6.0,6.0,6.0,70.0,70.0,70.0,70.0,-0.08540555353789774,-0.051631405340243935,-0.04878048780487805,-0.06427031399603414,3.137807157946518e-11,1.2080621244553303e-10,4.205211604277644e-09,5.315121262028902e-09,,,,,,,,,0.0,0.0,0.0,0.0,0.10297619047619049,0.10723562152133581,0.11369047619047619,0.10857051381158525,0.0,0.0,0.0,0.0,0.0,0.0,0.0,0.0,1260.0,1260.0,1400.0,1288.0,1115.5,1132.5,1256.5,1156.35,0.8927380952380952,0.8988404452690166,0.9034090909090909,0.8974509637188209,0.09659090909090909,0.10115955473098331,0.10726190476190481,0.10254903628117915,71392.0,72480.0,80416.0,74006.4,64.0,64.0,64.0,64.0,0.0,0.0,0.0,0.0,1115.5,1132.5,1256.5,1156.35,0.0,0.0,0.0,0.0,0.0,0.0,0.0,0.0,126.0,131.0,144.0,131.65,0.0,0.0,0.0,0.0,0.0,0.0,0.0,0.0,0.0,0.0,0.0,0.0,0.7144021229812645,0.7534529025376158,0.7913166030751388,0.7584078370635865,0.8204843461980268,0.908544966517182,0.963086678274405,0.8795932559574892,0.8964285714285715,0.9714285714285715,0.9892857142857143,0.9342857142857142,1.1022114820393683e-10,3.848107858859331e-10,1.4858690265338929e-08,1.7300914471772394e-08,-0.04685966862299998,-0.029309676096012836,-0.021110846071598736,-0.035730680618632764,4.0,4.5,6.25,5.3,1.0,1.0,1.0,1.0,1.3534618065453605,1.4786264415495778,1.7967385708103398,1.5848382136318953,,,,,6.633568410162121,7.252478449574693,7.627115193693478,6.976297385036437,2.5627485655361726,2.669778202248998,3.001461694708052,2.7373949720497226,3.137807157946518e-11,1.2080621244553303e-10,4.205211604277644e-09,5.315121262028902e-09,0.0366458367358502,0.13498600991328313,0.1978657186614481,0.12205279792256225,0.0,0.0011215408788006775,0.015718707792928145,0.010611777410668289,1.862803476863084e-05,0.0001524865839585372,0.0004041000394498305,0.00024129984448815572,0.04878048780487805,0.04878048780487805,0.07317073170731707,0.05365853658536586,0.0,0.0,0.0,0.0,105.77044978793255,116.59990082913464,138.18863539499392,127.90955597459406,,,,,,,,
ed_power__oracle,msg_drop,0.3,20,6.0,6.0,6.0,6.0,70.0,70.0,70.0,70.0,-0.09930263361361796,-0.06119367278746628,-0.04878048780487805,-0.073402227869819,1.5768361936449845e-10,1.6440827750070005e-09,1.3829324956758398e-08,2.3545501592670582e-08,,,,,,,,,0.0,0.0,0.0,0.0,0.2990327380952381,0.3073979591836735,0.30992063492063493,0.3063503659039373,0.0,0.0,0.0,0.0,0.0,0.0,0.0,0.0,1260.0,1260.0,1400.0,1288.0,871.25,887.0,964.75,899.7,0.6950892857142856,0.6967893217893217,0.7045386904761906,0.6983231550195834,0.29546130952380945,0.3032106782106782,0.3049107142857143,0.30167684498041636,55760.0,56768.0,61744.0,57580.8,64.0,64.0,64.0,64.0,0.0,0.0,0.0,0.0,871.25,887.0,964.75,899.7,0.0,0.0,0.0,0.0,0.0,0.0,0.0,0.0,366.0,382.5,420.25,388.3,0.0,0.0,0.0,0.0,0.0,0.0,0.0,0.0,0.0,0.0,0.0,0.0,0.7350480834590284,0.7549721341747815,0.7887637231851115,0.7568312544290434,0.8610196666265133,0.9527912284111719,0.9900159093782821,0.9119890359520454,0.7857142857142857,0.8857142857142857,0.9321428571428572,0.8571428571428573,1.0074349548071103e-09,4.337766676442063e-09,4.297452348419872e-08,8.418375393283283e-08,-0.04685966850043699,-0.029309676096111757,-0.02111084602620846,-0.03573068035819877,4.0,5.5,9.25,6.6,1.0,1.0,1.0,1.0,1.3534618065453605,1.4786264415495778,1.7967385708103398,1.5848382136318953,,,,,6.633568410162121,7.252478449574693,7.627115193693478,6.976297385036437,2.5627485655361726,2.669778202248998,3.001461694708052,2.7373949720497226,1.5768361936449845e-10,1.6440827750070005e-09,1.3829324956758398e-08,2.3545501592670582e-08,0.0802527995852873,0.1716609444399797,0.2533130448127425,0.1850457627726611,0.0,0.01116804606671019,0.03717298768170425,0.02096320347957508,5.995214544565926e-05,0.00031915611118545046,0.0006123139230475466,0.0006557104216028914,0.04878048780487805,0.04878048780487805,0.07317073170731707,0.05243902439024391,0.0,0.0,0.0,0.0,108.56291678231317,116.33769163808685,143.6053769901278,128.53634918367132,,,,,,,,
ed_power__oracle,msg_drop,0.5,20,6.0,6.0,6.0,6.0,70.0,70.0,70.0,70.0,-0.07586112084433617,-0.060134710524073584,-0.04878048780487805,-0.07402367597433337,1.873094369650991e-08,1.026037108116368e-07,2.8443550137373075e-07,8.138434469382792e-07,,,,,,,,,0.0,0.0,0.0,0.0,0.4986111111111111,0.5031746031746032,0.5113715277777777,0.5041467287672645,0.0,0.0,0.0,0.0,0.0,0.0,0.0,0.0,1260.0,1260.0,1400.0,1288.0,615.25,633.0,697.25,643.6,0.4918650793650794,0.5003968253968254,0.5049603174603174,0.4992764120799835,0.49503968253968256,0.4996031746031746,0.5081349206349206,0.5007235879200165,39376.0,40512.0,44624.0,41190.4,64.0,64.0,64.0,64.0,0.0,0.0,0.0,0.0,615.25,633.0,697.25,643.6,0.0,0.0,0.0,0.0,0.0,0.0,0.0,0.0,616.75,634.5,687.75,644.4,0.0,0.0,0.0,0.0,0.0,0.0,0.0,0.0,0.0,0.0,0.0,0.0,0.7869361585463523,0.8016898243932417,0.8296042445334366,0.7993921994081432,0.9177363199312111,0.9589301025824022,0.9854168045098012,0.9334245624000186,0.6964285714285714,0.7357142857142858,0.8571428571428571,0.7699999999999999,9.541658837223096e-08,4.2372926110740125e-07,1.1032622143798568e-06,3.2261178260749175e-06,-0.046859667880185245,-0.029309674829651158,-0.021110843685227997,-0.035730669068228124,5.75,8.0,12.25,9.3,1.0,1.0,1.0,1.0,1.3534618065453605,1.4786264415495778,1.7967385708103398,1.5848382136318953,,,,,6.633568410162121,7.252478449574693,7.627115193693478,6.976297385036437,2.5627485655361726,2.669778202248998,3.001461694708052,2.7373949720497226,1.873094369650991e-08,1.026037108116368e-07,2.8443550137373075e-07,8.138434469382792e-07,0.13108317059762964,0.2317415041486952,0.40229314676072714,0.3311524213403592,0.0,0.0,0.010464328204047794,0.020365139388967515,0.0002054334724480253,0.0005863023679222085,0.00136135960941211,0.0030371534945761894,0.04878048780487805,0.04878048780487805,0.07317073170731707,0.05365853658536586,0.0,0.0,0.0,0.0,103.19954660942072,114.59990614275765,144.00929409323203,126.11826307347667,,,,,,,,
ed_power__oracle,msg_drop,0.7,20,6.0,6.0,6.0,6.0,70.0,70.0,70.0,70.0,-0.14575215404517147,-0.08536585365853658,-0.04878048780487805,-0.11541628579322791,4.48587118753824e-07,2.6051808741634265e-06,1.9579936816137933e-05,6.872570170879649e-05,,,,,,,,,0.0,0.0,0.0,0.0,0.6939303751803751,0.6998412698412698,0.7025081168831169,0.6987504380540095,0.0,0.0,0.0,0.0,0.0,0.0,0.0,0.0,1260.0,1260.0,1400.0,1288.0,371.0,385.0,417.0,391.1,0.29946428571428574,0.3026190476190476,0.3087121212121212,0.30358105287569576,0.6912878787878787,0.6973809523809523,0.7005357142857143,0.6964189471243043,23744.0,24640.0,26688.0,25030.4,64.0,64.0,64.0,64.0,0.0,0.0,0.0,0.0,371.0,385.0,417.0,391.1,0.0,0.0,0.0,0.0,0.0,0.0,0.0,0.0,860.25,880.0,977.75,896.9,0.0,0.0,0.0,0.0,0.0,0.0,0.0,0.0,0.0,0.0,0.0,0.0,0.8080510088383435,0.8408530095192118,0.8777942107022757,0.8318013442896527,0.9278396076980089,0.9599958166070848,0.9680874587003102,0.9325767063682517,0.6535714285714286,0.7071428571428571,0.7178571428571429,0.6892857142857143,1.7218444121050055e-06,1.0212825549689224e-05,7.305244125193403e-05,8.938967121323435e-05,-0.046859663582376566,-0.02930930734864533,-0.02111079790707375,-0.03572969889882438,9.5,12.5,16.25,13.25,1.0,1.0,1.0,1.0,1.3534618065453605,1.4786264415495778,1.7967385708103398,1.5848382136318953,,,,,6.633568410162121,7.252478449574693,7.627115193693478,6.976297385036437,2.5627485655361726,2.669778202248998,3.001461694708052,2.7373949720497226,4.48587118753824e-07,2.6051808741634265e-06,1.9579936816137933e-05,6.872570170879649e-05,0.26887907779505826,0.3449038787517673,0.47918789186749233,0.40199652868263724,0.0,0.026454319898786913,0.08837475248860083,0.05566018823225229,0.0008272837242122089,0.001381129967271451,0.002179134554573271,0.002275293887710131,0.04878048780487805,0.04878048780487805,0.07317073170731707,0.05975609756097562,0.0,0.0,0.0,0.0,102.92729703164329,121.18508630815964,161.07327918793894,131.36620011402022,,,,,,,,
ed_power__oracle,msg_drop,1.0,20,6.0,6.0,6.0,6.0,70.0,70.0,70.0,70.0,-0.1308693730302294,-0.10157017160543186,-0.08204506806605341,-0.1195754108939473,1.4777592250532785,2.0516773267472788,3.28017680933905,2.501147648619415,,,,,,,,,0.0,0.0,0.0,0.0,1.0,1.0,1.0,1.0,0.0,0.0,0.0,0.0,0.0,0.0,0.0,0.0,1260.0,1260.0,1400.0,1288.0,0.0,0.0,0.0,0.0,0.0,0.0,0.0,0.0,1.0,1.0,1.0,1.0,0.0,0.0,0.0,0.0,0.0,0.0,0.0,0.0,0.0,0.0,0.0,0.0,0.0,0.0,0.0,0.0,0.0,0.0,0.0,0.0,0.0,0.0,0.0,0.0,1260.0,1260.0,1400.0,1288.0,0.0,0.0,0.0,0.0,0.0,0.0,0.0,0.0,0.0,0.0,0.0,0.0,1.0,1.0,1.0,1.0,0.0,0.0,0.0,0.0,1.0,1.0,1.0,1.0,1.4777592250532783,2.0516773267472788,3.28017680933905,2.5011476486194155,0.0,0.0,0.0,0.0,,,,,0.0,0.0,0.0,0.0,1.3534618065453605,1.4786264415495778,1.7967385708103398,1.5848382136318953,,,,,6.633568410162121,7.252478449574693,7.627115193693478,6.976297385036437,2.5627485655361726,2.669778202248998,3.001461694708052,2.7373949720497226,1.4777592250532785,2.0516773267472788,3.28017680933905,2.501147648619415,0.0,8.881784197001252e-16,0.07085066072253832,0.047785789088784635,0.033264580261175354,0.0527896838005538,0.08208888522535136,0.07079492308906928,0.04528891401304944,0.0645932749305612,0.09231496628187184,0.0801422891916268,0.04878048780487805,0.04878048780487805,0.04878048780487805,0.04878048780487806,0.0,0.0,0.0,0.0,110.69123716749357,110.6912371674936,110.69123716749363,110.39003388213905,,,,,,,,
