task_name,family,value,n_seeds,n_agents_p25,n_agents_p50,n_agents_p75,n_agents_mean,steps_p25,steps_p50,steps_p75,steps_mean,return_p25,return_p50,return_p75,return_mean,final_disagreement_p25,final_disagreement_p50,final_disagreement_p75,final_disagreement_mean,comm_mse_p25,comm_mse_p50,comm_mse_p75,comm_mse_mean,comm_zero_frac_p25,comm_zero_frac_p50,comm_zero_frac_p75,comm_zero_frac_mean,comm_age_mean_p25,comm_age_mean_p50,comm_age_mean_p75,comm_age_mean_mean,comm_age_peak_p25,comm_age_peak_p50,comm_age_peak_p75,comm_age_peak_mean,sent_msgs_p25,sent_msgs_p50,sent_msgs_p75,sent_msgs_mean,delivered_real_msgs_p25,delivered_real_msgs_p50,delivered_real_msgs_p75,delivered_real_msgs_mean,delivery_rate_p25,delivery_rate_p50,delivery_rate_p75,delivery_rate_mean,loss_rate_p25,loss_rate_p50,loss_rate_p75,loss_rate_mean,delivered_bits_p25,delivered_bits_p50,delivered_bits_p75,delivered_bits_mean,bits_per_delivered_p25,bits_per_delivered_p50,bits_per_delivered_p75,bits_per_delivered_mean,status_none_p25,status_none_p50,status_none_p75,status_none_mean,status_delivered_p25,status_delivered_p50,status_delivered_p75,status_delivered_mean,status_replayed_p25,status_replayed_p50,status_replayed_p75,status_replayed_mean,status_spoofed_p25,status_spoofed_p50,status_spoofed_p75,status_spoofed_mean,status_dropped_p25,status_dropped_p50,status_dropped_p75,status_dropped_mean,status_jammed_p25,status_jammed_p50,status_jammed_p75,status_jammed_mean,status_partitioned_p25,status_partitioned_p50,status_partitioned_p75,status_partitioned_mean,status_stale_p25,status_stale_p50,status_stale_p75,status_stale_mean,lyap_rho_p25,lyap_rho_p50,lyap_rho_p75,lyap_rho_mean,lyap_rho_r2_p25,lyap_rho_r2_p50,lyap_rho_r2_p75,lyap_rho_r2_mean,lyap_monotone_frac_p25,lyap_monotone_frac_p50,lyap_monotone_frac_p75,lyap_monotone_frac_mean,lyap_ultimate_bound_p25,lyap_ultimate_bound_p50,lyap_ultimate_bound_p75,lyap_ultimate_bound_mean,lyap_mean_drift_p25,lyap_mean_drift_p50,lyap_mean_drift_p75,lyap_mean_drift_mean,time_to_eps_p25,time_to_eps_p50,time_to_eps_p75,time_to_eps_mean,converged_p25,converged_p50,converged_p75,converged_mean,nominal_lambda2_p25,nominal_lambda2_p50,nominal_lambda2_p75,nominal_lambda2_mean,eff_lambda2_p25,eff_lambda2_p50,eff_lambda2_p75,eff_lambda2_mean,n_edges_p25,n_edges_p50,n_edges_p75,n_edges_mean,k_colors_p25,k_colors_p50,k_colors_p75,k_colors_mean,final_conflicts_p25,final_conflicts_p50,final_conflicts_p75,final_conflicts_mean,final_conflict_frac_p25,final_conflict_frac_p50,final_conflict_frac_p75,final_conflict_frac_mean
consensus_mean,bandwidth,0.0,10,20.0,20.0,20.0,20.0,60.0,60.0,60.0,60.0,-4.812688350691565e-07,-6.002494390527209e-08,-1.6733141846591756e-08,-6.521510734215485e-06,1.6733141846591756e-08,6.002494390527209e-08,4.812688350691565e-07,6.521510734215485e-06,0.0,0.0,0.0,0.0,0.0,0.0,0.0,0.0,0.0,0.0,0.0,0.0,0.0,0.0,0.0,0.0,5040.0,5340.0,6000.0,5424.0,5040.0,5340.0,6000.0,5424.0,1.0,1.0,1.0,1.0,0.0,0.0,0.0,0.0,161280.0,170880.0,192000.0,173568.0,32.0,32.0,32.0,32.0,0.0,0.0,0.0,0.0,5040.0,5340.0,6000.0,5424.0,0.0,0.0,0.0,0.0,0.0,0.0,0.0,0.0,0.0,0.0,0.0,0.0,0.0,0.0,0.0,0.0,0.0,0.0,0.0,0.0,0.0,0.0,0.0,0.0,0.7124144840678776,0.741608514443812,0.7639210630173829,0.7408038101265858,0.9916691271222455,0.9948264142084142,0.9972522214893982,0.9939140999522719,1.0,1.0,1.0,1.0,1.641312028789962e-07,3.8569663256736695e-07,2.4139615000273657e-06,2.05702554600674e-05,-0.31708517300868044,-0.27090090861700233,-0.24807433723116468,-0.2862878242358696,9.0,10.0,11.75,10.4,1.0,1.0,1.0,1.0,1.0244331844320258,1.3458321601703604,1.5159336227349287,1.3426265259552532,1.0244331844320258,1.3458321601703604,1.5159336227349283,1.3426265259552532,,,,,,,,,,,,,,,,
consensus_mean,bandwidth,1.0,10,20.0,20.0,20.0,20.0,60.0,60.0,60.0,60.0,-41.50476530383016,-33.62895918320641,-4.039249739186758e-18,-27.941353060456333,4.039249739186758e-18,33.62895918320641,41.50476530383016,27.941353060456333,0.6997816080411297,2.4024056797347333,3.4348457521548337,2.1427304284323534,0.0,0.0,0.0,0.0,0.0,0.0,0.0,0.0,0.0,0.0,0.0,0.0,5040.0,5340.0,6000.0,5424.0,5040.0,5340.0,6000.0,5424.0,1.0,1.0,1.0,1.0,0.0,0.0,0.0,0.0,5040.0,5340.0,6000.0,5424.0,1.0,1.0,1.0,1.0,0.0,0.0,0.0,0.0,5040.0,5340.0,6000.0,5424.0,0.0,0.0,0.0,0.0,0.0,0.0,0.0,0.0,0.0,0.0,0.0,0.0,0.0,0.0,0.0,0.0,0.0,0.0,0.0,0.0,0.0,0.0,0.0,0.0,0.4720783836035364,0.8922907634351771,1.0,0.7592870495913454,0.0,0.3837828547299985,0.9716939472779074,0.47049199521411744,0.05416666666666667,0.5,0.9125,0.4966666666666667,7.611312719484876e-15,33.62895917103786,41.504765244107595,27.94135304044308,-0.2771766403392732,0.24319183461845773,0.39807131919634675,0.179401284746557,8.75,12.5,16.0,12.25,0.0,0.0,1.0,0.4,1.0244331844320258,1.3458321601703604,1.5159336227349287,1.3426265259552532,1.0244331844320258,1.3458321601703604,1.5159336227349283,1.3426265259552532,,,,,,,,,,,,,,,,
consensus_mean,bandwidth,2.0,10,20.0,20.0,20.0,20.0,60.0,60.0,60.0,60.0,-5.668246881668286,-3.7365510203836996,-1.535893328181427e-18,-3.2715645123153436,1.535893328181427e-18,3.7365510203836996,5.668246881668286,3.2715645123153436,0.09089463168448114,0.25406882835625466,0.3438018704586853,0.21888341396793765,0.0,0.0,0.0,0.0,0.0,0.0,0.0,0.0,0.0,0.0,0.0,0.0,5040.0,5340.0,6000.0,5424.0,5040.0,5340.0,6000.0,5424.0,1.0,1.0,1.0,1.0,0.0,0.0,0.0,0.0,10080.0,10680.0,12000.0,10848.0,2.0,2.0,2.0,2.0,0.0,0.0,0.0,0.0,5040.0,5340.0,6000.0,5424.0,0.0,0.0,0.0,0.0,0.0,0.0,0.0,0.0,0.0,0.0,0.0,0.0,0.0,0.0,0.0,0.0,0.0,0.0,0.0,0.0,0.0,0.0,0.0,0.0,0.4814790416730868,0.5663018449471504,0.628003605604392,0.5888171292950377,0.9054535450043547,0.9406777071080323,0.9708600269668871,0.8627742952716343,0.17083333333333334,0.6666666666666667,0.9875,0.585,2.8941425216697445e-15,3.7365510197463276,5.66824687078091,3.271564508242844,-0.299689868538058,-0.24930605318103222,-0.15422920959105013,-0.23176185772245947,8.75,12.0,15.0,11.75,0.0,0.0,1.0,0.4,1.0244331844320258,1.3458321601703604,1.5159336227349287,1.3426265259552532,1.0244331844320258,1.3458321601703604,1.5159336227349283,1.3426265259552532,,,,,,,,,,,,,,,,
consensus_mean,bandwidth,3.0,10,20.0,20.0,20.0,20.0,60.0,60.0,60.0,60.0,-0.5327436484782149,-2.3901516569489026e-20,-6.619627263117405e-21,-0.3724406497198226,6.619627263117405e-21,2.3901516569489026e-20,0.5327436484782149,0.3724406497198226,0.00802484431410867,0.011358743340205613,0.040965345803429185,0.02628558666566281,0.0,0.0,0.0,0.0,0.0,0.0,0.0,0.0,0.0,0.0,0.0,0.0,5040.0,5340.0,6000.0,5424.0,5040.0,5340.0,6000.0,5424.0,1.0,1.0,1.0,1.0,0.0,0.0,0.0,0.0,15120.0,16020.0,18000.0,16272.0,3.0,3.0,3.0,3.0,0.0,0.0,0.0,0.0,5040.0,5340.0,6000.0,5424.0,0.0,0.0,0.0,0.0,0.0,0.0,0.0,0.0,0.0,0.0,0.0,0.0,0.0,0.0,0.0,0.0,0.0,0.0,0.0,0.0,0.0,0.0,0.0,0.0,0.43785788406427106,0.44846690121499116,0.5330000135265208,0.5282193328322371,0.9722249677646785,0.99378615547762,0.9970762263283772,0.938662976650871,0.5875,1.0,1.0,0.805,1.2473616249177682e-17,4.503854692443776e-17,0.5327436484369243,0.3724406494734455,-0.31708517301229955,-0.2709009115068429,-0.22971181258500978,-0.28008058876571823,8.5,9.0,9.5,9.571428571428571,0.25,1.0,1.0,0.7,1.0244331844320258,1.3458321601703604,1.5159336227349287,1.3426265259552532,1.0244331844320258,1.3458321601703604,1.5159336227349283,1.3426265259552532,,,,,,,,,,,,,,,,
consensus_mean,bandwidth,4.0,10,20.0,20.0,20.0,20.0,60.0,60.0,60.0,60.0,-0.2301928770127382,-0.08605394559048421,-3.219580745404736e-19,-0.1293436542047503,3.219580745404736e-19,0.08605394559048421,0.2301928770127382,0.1293436542047503,0.0023849949074514565,0.007824776962256386,0.013880023554715595,0.008537388349412676,0.0,0.0,0.0,0.0,0.0,0.0,0.0,0.0,0.0,0.0,0.0,0.0,5040.0,5340.0,6000.0,5424.0,5040.0,5340.0,6000.0,5424.0,1.0,1.0,1.0,1.0,0.0,0.0,0.0,0.0,20160.0,21360.0,24000.0,21696.0,4.0,4.0,4.0,4.0,0.0,0.0,0.0,0.0,5040.0,5340.0,6000.0,5424.0,0.0,0.0,0.0,0.0,0.0,0.0,0.0,0.0,0.0,0.0,0.0,0.0,0.0,0.0,0.0,0.0,0.0,0.0,0.0,0.0,0.0,0.0,0.0,0.0,0.4558990404277182,0.6019977130505882,0.9644664635101596,0.6897758504335357,0.37639823822412566,0.9103437664430515,0.9903767866028294,0.719529621622182,1.0,1.0,1.0,0.9349999999999999,6.066779264990097e-16,0.08605394590972269,0.23019287775816794,0.12934365445848436,-0.31708517301229955,-0.26890409404632526,-0.24306603480615163,-0.28413220535763606,8.25,9.0,10.5,9.333333333333334,0.0,1.0,1.0,0.6,1.0244331844320258,1.3458321601703604,1.5159336227349287,1.3426265259552532,1.0244331844320258,1.3458321601703604,1.5159336227349283,1.3426265259552532,,,,,,,,,,,,,,,,
consensus_mean,bandwidth,8.0,10,20.0,20.0,20.0,20.0,60.0,60.0,60.0,60.0,-0.0009575476032241213,-0.0008834160959268674,-0.00017466892441658031,-0.0011103958996781997,0.00017466892441658031,0.0008834160959268674,0.0009575476032241213,0.0011103958996781997,2.4961527932899105e-05,4.5136340663441645e-05,4.8966743134403425e-05,3.803737518345617e-05,0.0,0.0,0.0,0.0,0.0,0.0,0.0,0.0,0.0,0.0,0.0,0.0,5040.0,5340.0,6000.0,5424.0,5040.0,5340.0,6000.0,5424.0,1.0,1.0,1.0,1.0,0.0,0.0,0.0,0.0,40320.0,42720.0,48000.0,43392.0,8.0,8.0,8.0,8.0,0.0,0.0,0.0,0.0,5040.0,5340.0,6000.0,5424.0,0.0,0.0,0.0,0.0,0.0,0.0,0.0,0.0,0.0,0.0,0.0,0.0,0.0,0.0,0.0,0.0,0.0,0.0,0.0,0.0,0.0,0.0,0.0,0.0,0.6421041409497363,0.8646926769772805,0.8855816440196292,0.7734820852508714,0.7355590209550016,0.7965745344419408,0.9223719284351045,0.8184575127453675,1.0,1.0,1.0,1.0,0.00017467015109183916,0.0008834197775949575,0.0009575618076041791,0.0011104805049042643,-0.31708517301229955,-0.2708929082786714,-0.2480345653428475,-0.2862694263293873,9.0,10.0,11.75,10.4,1.0,1.0,1.0,1.0,1.0244331844320258,1.3458321601703604,1.5159336227349287,1.3426265259552532,1.0244331844320258,1.3458321601703604,1.5159336227349283,1.3426265259552532,,,,,,,,,,,,,,,,
consensus_mean,byzantine,0.0,10,20.0,20.0,20.0,20.0,60.0,60.0,60.0,60.0,-4.812688350691565e-07,-6.002494390527209e-08,-1.6733141846591756e-08,-6.521510734215485e-06,1.6733141846591756e-08,6.002494390527209e-08,4.812688350691565e-07,6.521510734215485e-06,0.0,0.0,0.0,0.0,0.0,0.0,0.0,0.0,0.0,0.0,0.0,0.0,0.0,0.0,0.0,0.0,5040.0,5340.0,6000.0,5424.0,5040.0,5340.0,6000.0,5424.0,1.0,1.0,1.0,1.0,0.0,0.0,0.0,0.0,161280.0,170880.0,192000.0,173568.0,32.0,32.0,32.0,32.0,0.0,0.0,0.0,0.0,5040.0,5340.0,6000.0,5424.0,0.0,0.0,0.0,0.0,0.0,0.0,0.0,0.0,0.0,0.0,0.0,0.0,0.0,0.0,0.0,0.0,0.0,0.0,0.0,0.0,0.0,0.0,0.0,0.0,0.7124144840678776,0.741608514443812,0.7639210630173829,0.7408038101265858,0.9916691271222455,0.9948264142084142,0.9972522214893982,0.9939140999522719,1.0,1.0,1.0,1.0,1.641312028789962e-07,3.8569663256736695e-07,2.4139615000273657e-06,2.05702554600674e-05,-0.31708517300868044,-0.27090090861700233,-0.24807433723116468,-0.2862878242358696,9.0,10.0,11.75,10.4,1.0,1.0,1.0,1.0,1.0244331844320258,1.3458321601703604,1.5159336227349287,1.3426265259552532,1.0244331844320258,1.3458321601703604,1.5159336227349283,1.3426265259552532,,,,,,,,,,,,,,,,
consensus_mean,byzantine,0.1,10,20.0,20.0,20.0,20.0,60.0,60.0,60.0,60.0,-0.6870351969231183,-0.3779637496265278,-0.2248178135543506,-0.48117586537334417,0.2248178135543506,0.3779637496265278,0.6870351969231183,0.48117586537334417,0.0,0.0,0.0,0.0,0.0,0.0,0.0,0.0,0.0,0.0,0.0,0.0,0.0,0.0,0.0,0.0,5040.0,5340.0,6000.0,5424.0,5040.0,5340.0,6000.0,5424.0,1.0,1.0,1.0,1.0,0.0,0.0,0.0,0.0,161280.0,170880.0,192000.0,173568.0,32.0,32.0,32.0,32.0,0.0,0.0,0.0,0.0,5040.0,5340.0,6000.0,5424.0,0.0,0.0,0.0,0.0,0.0,0.0,0.0,0.0,0.0,0.0,0.0,0.0,0.0,0.0,0.0,0.0,0.0,0.0,0.0,0.0,0.0,0.0,0.0,0.0,0.852722257477349,0.9046482205639916,0.9446560636264731,0.889773122997207,0.28697774811140947,0.47503852324918666,0.6555633758525727,0.4854257382282576,0.5333333333333333,0.5583333333333333,0.5833333333333334,0.5633333333333334,0.5112848933577616,0.7330570236260352,0.9883909974479885,0.749977711039395,-0.29994444990897084,-0.26705218513179063,-0.2455440702853612,-0.27826833517149285,11.25,12.5,16.75,15.0,1.0,1.0,1.0,1.0,1.0244331844320258,1.3458321601703604,1.5159336227349287,1.3426265259552532,1.0244331844320258,1.3458321601703604,1.5159336227349283,1.3426265259552532,,,,,,,,,,,,,,,,
consensus_mean,byzantine,0.25,10,20.0,20.0,20.0,20.0,60.0,60.0,60.0,60.0,-2.0075848714051183,-1.0594691138898087,-0.8176103077811285,-1.3892151732272495,0.8176103077811285,1.0594691138898087,2.0075848714051183,1.3892151732272495,0.0,0.0,0.0,0.0,0.0,0.0,0.0,0.0,0.0,0.0,0.0,0.0,0.0,0.0,0.0,0.0,5040.0,5340.0,6000.0,5424.0,5040.0,5340.0,6000.0,5424.0,1.0,1.0,1.0,1.0,0.0,0.0,0.0,0.0,161280.0,170880.0,192000.0,173568.0,32.0,32.0,32.0,32.0,0.0,0.0,0.0,0.0,5040.0,5340.0,6000.0,5424.0,0.0,0.0,0.0,0.0,0.0,0.0,0.0,0.0,0.0,0.0,0.0,0.0,0.0,0.0,0.0,0.0,0.0,0.0,0.0,0.0,0.0,0.0,0.0,0.0,0.949397108144094,0.9599087167375271,0.9742520477456483,0.9545377065418963,0.2105831355347174,0.26760474151309316,0.4198038689134756,0.2905600596631236,0.5,0.5083333333333333,0.5291666666666667,0.5166666666666667,1.3998621902986832,1.4898282900779933,1.6656198835655665,1.5433002237991338,-0.29906310520062146,-0.25485057675794376,-0.22292974836018642,-0.26313434670726105,35.0,38.0,42.0,38.666666666666664,0.0,0.0,0.75,0.3,1.0244331844320258,1.3458321601703604,1.5159336227349287,1.3426265259552532,1.0244331844320258,1.3458321601703604,1.5159336227349283,1.3426265259552532,,,,,,,,,,,,,,,,
consensus_mean,byzantine,0.5,10,20.0,20.0,20.0,20.0,60.0,60.0,60.0,60.0,-4.226388328530481,-3.3594829541017592,-1.6383933269996456,-3.43844605359896,1.6383933269996456,3.3594829541017592,4.226388328530481,3.43844605359896,0.0,0.0,0.0,0.0,0.0,0.0,0.0,0.0,0.0,0.0,0.0,0.0,0.0,0.0,0.0,0.0,5040.0,5340.0,6000.0,5424.0,5040.0,5340.0,6000.0,5424.0,1.0,1.0,1.0,1.0,0.0,0.0,0.0,0.0,161280.0,170880.0,192000.0,173568.0,32.0,32.0,32.0,32.0,0.0,0.0,0.0,0.0,5040.0,5340.0,6000.0,5424.0,0.0,0.0,0.0,0.0,0.0,0.0,0.0,0.0,0.0,0.0,0.0,0.0,0.0,0.0,0.0,0.0,0.0,0.0,0.0,0.0,0.0,0.0,0.0,0.0,0.9585018505678624,0.9806255522373675,0.9930394914135464,0.9054631582886945,0.047899474459634106,0.18385326552375386,0.27779905477910105,0.28268677204448395,0.4875,0.525,0.55,0.5216666666666666,3.0341574469965464,3.5376354268164887,4.316633343610185,3.712229702099008,-0.2851860169669254,-0.20846811346358796,-0.19812639005501806,-0.22898049870106588,,,,,0.0,0.0,0.0,0.0,1.0244331844320258,1.3458321601703604,1.5159336227349287,1.3426265259552532,1.0244331844320258,1.3458321601703604,1.5159336227349283,1.3426265259552532,,,,,,,,,,,,,,,,
consensus_mean,crash,0.0,10,20.0,20.0,20.0,20.0,60.0,60.0,60.0,60.0,-4.812688350691565e-07,-6.002494390527209e-08,-1.6733141846591756e-08,-6.521510734215485e-06,1.6733141846591756e-08,6.002494390527209e-08,4.812688350691565e-07,6.521510734215485e-06,0.0,0.0,0.0,0.0,0.0,0.0,0.0,0.0,0.0,0.0,0.0,0.0,0.0,0.0,0.0,0.0,5040.0,5340.0,6000.0,5424.0,5040.0,5340.0,6000.0,5424.0,1.0,1.0,1.0,1.0,0.0,0.0,0.0,0.0,161280.0,170880.0,192000.0,173568.0,32.0,32.0,32.0,32.0,0.0,0.0,0.0,0.0,5040.0,5340.0,6000.0,5424.0,0.0,0.0,0.0,0.0,0.0,0.0,0.0,0.0,0.0,0.0,0.0,0.0,0.0,0.0,0.0,0.0,0.0,0.0,0.0,0.0,0.0,0.0,0.0,0.0,0.7124144840678776,0.741608514443812,0.7639210630173829,0.7408038101265858,0.9916691271222455,0.9948264142084142,0.9972522214893982,0.9939140999522719,1.0,1.0,1.0,1.0,1.641312028789962e-07,3.8569663256736695e-07,2.4139615000273657e-06,2.05702554600674e-05,-0.31708517300868044,-0.27090090861700233,-0.24807433723116468,-0.2862878242358696,9.0,10.0,11.75,10.4,1.0,1.0,1.0,1.0,1.0244331844320258,1.3458321601703604,1.5159336227349287,1.3426265259552532,1.0244331844320258,1.3458321601703604,1.5159336227349283,1.3426265259552532,,,,,,,,,,,,,,,,
consensus_mean,crash,0.01,10,20.0,20.0,20.0,20.0,60.0,60.0,60.0,60.0,-1.22785750329493e-06,-2.526312034460411e-07,-6.63152599080178e-08,-1.0603632476401178e-05,6.63152599080178e-08,2.526312034460411e-07,1.22785750329493e-06,1.0603632476401178e-05,0.0,0.0,0.0,0.0,0.0,0.0,0.0,0.0,0.0007847990740279112,0.0011930695886135114,0.00363955607414118,0.0019365394390494866,3.25,4.0,4.75,3.4,4747.0,4937.5,5783.75,5154.4,4431.0,4673.0,5509.5,4904.4,0.9348631574526981,0.9620385771863604,0.9683284283497082,0.9512774585343436,0.03167157165029175,0.03796142281363957,0.06513684254730193,0.048722541465656244,141792.0,149536.0,176304.0,156940.8,32.0,32.0,32.0,32.0,0.0,0.0,0.0,0.0,4431.0,4673.0,5509.5,4904.4,0.0,0.0,0.0,0.0,0.0,0.0,0.0,0.0,0.0,0.0,0.0,0.0,0.0,0.0,0.0,0.0,0.0,0.0,0.0,0.0,0.0,0.0,0.0,0.0,0.7305358698504624,0.7572845314566391,0.7759353525851829,0.7569125827931226,0.990431620063182,0.994787114207908,0.9965346668898692,0.9922256580075167,1.0,1.0,1.0,1.0,4.892498219396561e-07,1.4207197249199936e-06,6.860405376540154e-06,3.171571032836246e-05,-0.3170851730001656,-0.27090089837392267,-0.24807392150056623,-0.2862877562005073,9.25,10.5,12.75,10.9,1.0,1.0,1.0,1.0,1.0244331844320258,1.3458321601703604,1.5159336227349287,1.3426265259552532,0.34669083097764697,0.43203323105525016,0.7208773739790402,0.5087598984377,,,,,,,,,,,,,,,,
consensus_mean,crash,0.05,10,20.0,20.0,20.0,20.0,60.0,60.0,60.0,60.0,-7.464426967482633e-05,-8.117965251563752e-06,-1.8701531333155626e-06,-0.00017971144928524655,1.8701531333155626e-06,8.117965251563752e-06,7.464426967482633e-05,0.00017971144928524655,0.0,0.0,0.0,0.0,0.0,0.0,0.0,0.0,0.028585563648128802,0.03181564951751287,0.037062948343531084,0.03491106803314796,5.0,5.0,5.0,5.7,3894.25,4214.5,4735.0,4278.8,2943.5,3415.5,3808.25,3412.0,0.7857097992270574,0.801509332849065,0.8089457905344115,0.7964270484055881,0.19105420946558843,0.19849066715093505,0.2142902007729426,0.20357295159441194,94192.0,109296.0,121864.0,109184.0,32.0,32.0,32.0,32.0,0.0,0.0,0.0,0.0,2943.5,3415.5,3808.25,3412.0,0.0,0.0,0.0,0.0,0.0,0.0,0.0,0.0,0.0,0.0,0.0,0.0,0.0,0.0,0.0,0.0,0.0,0.0,0.0,0.0,0.0,0.0,0.0,0.0,0.7782872397597577,0.7892727650381367,0.8287389996055025,0.8016556392302121,0.9865759011731811,0.9903228886991242,0.995567122741537,0.9906068417859938,1.0,1.0,1.0,1.0,1.173247930704778e-05,2.912375581928855e-05,0.00020704493576952662,0.00039302031480009365,-0.317085168010532,-0.270900331376976,-0.24806462783504735,-0.2862849377368938,12.5,16.0,19.5,16.0,1.0,1.0,1.0,1.0,1.0244331844320258,1.3458321601703604,1.5159336227349287,1.3426265259552532,0.005232092563931865,0.023959916993500474,0.04349016920170031,0.025963507417866277,,,,,,,,,,,,,,,,
consensus_mean,crash,0.1,10,20.0,20.0,20.0,20.0,60.0,60.0,60.0,60.0,-0.0016562146100760685,-0.00019383674763564417,-3.7098102910928724e-05,-0.0014006981484967905,3.7098102910928724e-05,0.00019383674763564417,0.0016562146100760685,0.0014006981484967905,0.0,0.0,0.0,0.0,0.0,0.0,0.0,0.0,0.12078979995998078,0.1348707359495512,0.15103879422137295,0.13397742802650392,5.0,5.5,7.0,6.5,3272.5,3461.5,3805.25,3512.3,2176.0,2404.5,2577.5,2394.5,0.6717943547942821,0.6828941246140181,0.6864077749394117,0.6821367155896387,0.3135922250605882,0.31710587538598195,0.32820564520571793,0.3178632844103612,69632.0,76944.0,82480.0,76624.0,32.0,32.0,32.0,32.0,0.0,0.0,0.0,0.0,2176.0,2404.5,2577.5,2394.5,0.0,0.0,0.0,0.0,0.0,0.0,0.0,0.0,0.0,0.0,0.0,0.0,0.0,0.0,0.0,0.0,0.0,0.0,0.0,0.0,0.0,0.0,0.0,0.0,0.8196134689930018,0.8325370471184059,0.8631064576569789,0.8404069290573982,0.9870220317701751,0.9908291389374835,0.9937295106277447,0.9858539858144141,1.0,1.0,1.0,0.9983333333333333,0.00013942605887948828,0.0005695225030244236,0.0033455512018390225,0.0025250163131549574,-0.31708486353665,-0.27089625392496863,-0.248039985394642,-0.2862645879585736,17.0,18.5,21.5,20.4,1.0,1.0,1.0,1.0,1.0244331844320258,1.3458321601703604,1.5159336227349287,1.3426265259552532,-1.828591481869662e-16,0.0034873980890537492,0.010152095874547273,0.006570086752825078,,,,,,,,,,,,,,,,
consensus_mean,crash,0.2,10,20.0,20.0,20.0,20.0,60.0,60.0,60.0,60.0,-0.018778265825386418,-0.008421642184401095,-0.0036592276491904854,-0.017614119152082913,0.0036592276491904854,0.008421642184401095,0.018778265825386418,0.017614119152082913,0.0,0.0,0.0,0.0,0.0,0.0,0.0,0.0,0.4315731922081656,0.5450389904529347,0.5688464326432817,0.5102742189861212,10.0,10.0,10.0,10.1,2321.5,2448.0,2700.5,2461.4,1250.0,1355.0,1477.5,1354.7,0.5384269582699742,0.5521673504553486,0.5631335347306075,0.5497670729925591,0.4368664652693926,0.44783264954465135,0.4615730417300258,0.45023292700744066,40000.0,43360.0,47280.0,43350.4,32.0,32.0,32.0,32.0,0.0,0.0,0.0,0.0,1250.0,1355.0,1477.5,1354.7,0.0,0.0,0.0,0.0,0.0,0.0,0.0,0.0,0.0,0.0,0.0,0.0,0.0,0.0,0.0,0.0,0.0,0.0,0.0,0.0,0.0,0.0,0.0,0.0,0.8761480884367812,0.8841453293258862,0.9071400731299131,0.890475852176342,0.9682096172318793,0.9861418351636928,0.9896568170050425,0.97690708616398,0.9833333333333333,1.0,1.0,0.9933333333333332,0.01153218624591338,0.016607402404208327,0.025251059526165732,0.029900630788214384,-0.31704608466752915,-0.2707975724346676,-0.24779157527973594,-0.28599436427518055,29.0,33.0,36.0,34.3,1.0,1.0,1.0,1.0,1.0244331844320258,1.3458321601703604,1.5159336227349287,1.3426265259552532,-1.8164464574430738e-16,-1.60240434309246e-16,-1.2529785961144829e-16,0.0022008231956647246,,,,,,,,,,,,,,,,
consensus_mean,jam,0.0,10,20.0,20.0,20.0,20.0,60.0,60.0,60.0,60.0,-4.812688350691565e-07,-6.002494390527209e-08,-1.6733141846591756e-08,-6.521510734215485e-06,1.6733141846591756e-08,6.002494390527209e-08,4.812688350691565e-07,6.521510734215485e-06,0.0,0.0,0.0,0.0,0.0,0.0,0.0,0.0,0.0,0.0,0.0,0.0,0.0,0.0,0.0,0.0,5040.0,5340.0,6000.0,5424.0,5040.0,5340.0,6000.0,5424.0,1.0,1.0,1.0,1.0,0.0,0.0,0.0,0.0,161280.0,170880.0,192000.0,173568.0,32.0,32.0,32.0,32.0,0.0,0.0,0.0,0.0,5040.0,5340.0,6000.0,5424.0,0.0,0.0,0.0,0.0,0.0,0.0,0.0,0.0,0.0,0.0,0.0,0.0,0.0,0.0,0.0,0.0,0.0,0.0,0.0,0.0,0.0,0.0,0.0,0.0,0.7124144840678776,0.741608514443812,0.7639210630173829,0.7408038101265858,0.9916691271222455,0.9948264142084142,0.9972522214893982,0.9939140999522719,1.0,1.0,1.0,1.0,1.641312028789962e-07,3.8569663256736695e-07,2.4139615000273657e-06,2.05702554600674e-05,-0.31708517300868044,-0.27090090861700233,-0.24807433723116468,-0.2862878242358696,9.0,10.0,11.75,10.4,1.0,1.0,1.0,1.0,1.0244331844320258,1.3458321601703604,1.5159336227349287,1.3426265259552532,1.0244331844320258,1.3458321601703604,1.5159336227349283,1.3426265259552532,,,,,,,,,,,,,,,,
consensus_mean,jam,0.1,10,20.0,20.0,20.0,20.0,60.0,60.0,60.0,60.0,-1.240349779392444,-0.8748702094971618,-0.2464763907517827,-1.2035564106396996,0.2464763907517827,0.8748702094971618,1.240349779392444,1.2035564106396996,0.0,0.0,0.0,0.0,0.09680851063829787,0.10241841491841491,0.1232142857142857,0.1073871036141681,0.0,0.0,0.0,0.0,0.0,0.0,0.0,0.0,5040.0,5340.0,6000.0,5424.0,4320.0,4800.0,5415.0,4848.0,0.8767857142857143,0.8975815850815851,0.9031914893617021,0.892612896385832,0.09680851063829785,0.10241841491841491,0.12321428571428569,0.10738710361416808,138240.0,153600.0,173280.0,155136.0,32.0,32.0,32.0,32.0,0.0,0.0,0.0,0.0,4320.0,4800.0,5415.0,4848.0,0.0,0.0,0.0,0.0,0.0,0.0,0.0,0.0,0.0,0.0,0.0,0.0,495.0,540.0,540.0,576.0,0.0,0.0,0.0,0.0,0.0,0.0,0.0,0.0,0.9578737455542117,0.9622640330353749,0.969434673803712,0.9592614843381098,0.5802724149737903,0.7004329718872478,0.8120698024966201,0.6876273779852552,0.8583333333333334,1.0,1.0,0.875,0.2645492079940782,0.9187328527248738,1.3984924645344559,1.2374999586255475,-0.29726718154694143,-0.2471560010708637,-0.23154880157742658,-0.26622865941705354,36.0,36.0,36.0,36.0,0.0,0.0,0.0,0.2,1.0244331844320258,1.3458321601703604,1.5159336227349287,1.3426265259552532,0.8842162870286436,1.2130110633697608,1.3433138973250773,1.2033878608038124,,,,,,,,,,,,,,,,
consensus_mean,jam,0.25,10,20.0,20.0,20.0,20.0,60.0,60.0,60.0,60.0,-6.070122459112773,-4.71249841887064,-3.051181651860556,-5.397320206514588,3.051181651860556,4.71249841887064,6.070122459112773,5.397320206514588,0.0,0.0,0.0,0.0,0.21945701357466063,0.24734042553191488,0.29166666666666663,0.2551112578583238,0.0,0.0,0.0,0.0,0.0,0.0,0.0,0.0,5040.0,5340.0,6000.0,5424.0,3645.0,4050.0,4485.0,4050.0,0.7083333333333334,0.7526595744680851,0.7805429864253394,0.7448887421416763,0.21945701357466063,0.24734042553191488,0.29166666666666663,0.2551112578583238,116640.0,129600.0,143520.0,129600.0,32.0,32.0,32.0,32.0,0.0,0.0,0.0,0.0,3645.0,4050.0,4485.0,4050.0,0.0,0.0,0.0,0.0,0.0,0.0,0.0,0.0,0.0,0.0,0.0,0.0,1275.0,1320.0,1470.0,1374.0,0.0,0.0,0.0,0.0,0.0,0.0,0.0,0.0,0.8999470858262877,0.9294495214062314,0.9827942775587291,0.9302064601777227,0.5323891254100979,0.6375928184327895,0.6910221159535073,0.6059713408255366,0.19166666666666665,0.2833333333333333,0.8041666666666667,0.4833333333333334,3.010718605661491,4.7043593907785874,6.076337846729727,5.389518367445866,-0.21743435654424556,-0.19821173219936328,-0.16945626386385274,-0.19633259615247206,,,,,0.0,0.0,0.0,0.0,1.0244331844320258,1.3458321601703604,1.5159336227349287,1.3426265259552532,0.5686907553582905,0.6983085111830164,0.7270296305536392,0.6997044264029464,,,,,,,,,,,,,,,,
consensus_mean,jam,0.5,10,20.0,20.0,20.0,20.0,60.0,60.0,60.0,60.0,-10.13630632939434,-9.120865307004813,-7.667238249255661,-9.023470080166792,7.667238249255661,9.120865307004813,10.13630632939434,9.023470080166792,0.0,0.0,0.0,0.0,0.48029497098646035,0.5064814814814815,0.5251831501831502,0.5026265319330945,0.0,0.0,0.0,0.0,0.0,0.0,0.0,0.0,5040.0,5340.0,6000.0,5424.0,2265.0,2670.0,3195.0,2718.0,0.4748168498168498,0.4935185185185186,0.5197050290135397,0.4973734680669056,0.48029497098646035,0.5064814814814814,0.5251831501831502,0.5026265319330944,72480.0,85440.0,102240.0,86976.0,32.0,32.0,32.0,32.0,0.0,0.0,0.0,0.0,2265.0,2670.0,3195.0,2718.0,0.0,0.0,0.0,0.0,0.0,0.0,0.0,0.0,0.0,0.0,0.0,0.0,2550.0,2730.0,2820.0,2706.0,0.0,0.0,0.0,0.0,0.0,0.0,0.0,0.0,0.9164239336504529,0.9683031588356803,0.9956667547590327,0.9557323885008653,0.2567915824563731,0.6152588803318435,0.6827619393879581,0.4831186775335824,0.12916666666666665,0.225,0.8833333333333333,0.45166666666666666,7.667519051460534,9.120802815963339,10.136403765021239,9.023129726107586,-0.18043653691851122,-0.15168752120418175,-0.08792435377116399,-0.13589676492493533,,,,,0.0,0.0,0.0,0.0,1.0244331844320258,1.3458321601703604,1.5159336227349287,1.3426265259552532,4.7512287924996306e-17,1.466400018336613e-16,4.3884122419875164e-16,2.1024380820900604e-16,,,,,,,,,,,,,,,,
consensus_mean,jam,0.75,10,20.0,20.0,20.0,20.0,60.0,60.0,60.0,60.0,-15.289120054241119,-13.749050942709381,-11.083533655616598,-13.668186235973597,11.083533655616598,13.749050942709381,15.289120054241119,13.668186235973597,0.0,0.0,0.0,0.0,0.7263767209011265,0.7527777777777778,0.7607142857142857,0.7504006733368908,0.0,0.0,0.0,0.0,0.0,0.0,0.0,0.0,5040.0,5340.0,6000.0,5424.0,1155.0,1320.0,1605.0,1368.0,0.23928571428571427,0.24722222222222223,0.27362327909887363,0.24959932666310922,0.7263767209011264,0.7527777777777778,0.7607142857142857,0.7504006733368908,36960.0,42240.0,51360.0,43776.0,32.0,32.0,32.0,32.0,0.0,0.0,0.0,0.0,1155.0,1320.0,1605.0,1368.0,0.0,0.0,0.0,0.0,0.0,0.0,0.0,0.0,0.0,0.0,0.0,0.0,3855.0,4020.0,4395.0,4056.0,0.0,0.0,0.0,0.0,0.0,0.0,0.0,0.0,0.9569367711610938,0.9747633949617109,0.9974594357631813,0.9743277367982792,0.3166158859566377,0.6837942919834382,0.7287735037881307,0.5366919960095393,0.0875,0.7,0.95,0.5533333333333333,11.083568116203994,13.74905113340617,15.28910925477291,13.668188860859766,-0.08696089361660721,-0.04953141014375972,-0.03742129643619166,-0.058484828994821936,,,,,0.0,0.0,0.0,0.0,1.0244331844320258,1.3458321601703604,1.5159336227349287,1.3426265259552532,-4.1446390374350124e-16,-2.603002461577006e-16,-5.1723420205018854e-17,-2.3908465288374433e-16,,,,,,,,,,,,,,,,
consensus_mean,jitter,0.0,10,20.0,20.0,20.0,20.0,60.0,60.0,60.0,60.0,-4.812688350691565e-07,-6.002494390527209e-08,-1.6733141846591756e-08,-6.521510734215485e-06,1.6733141846591756e-08,6.002494390527209e-08,4.812688350691565e-07,6.521510734215485e-06,0.0,0.0,0.0,0.0,0.0,0.0,0.0,0.0,0.0,0.0,0.0,0.0,0.0,0.0,0.0,0.0,5040.0,5340.0,6000.0,5424.0,5040.0,5340.0,6000.0,5424.0,1.0,1.0,1.0,1.0,0.0,0.0,0.0,0.0,161280.0,170880.0,192000.0,173568.0,32.0,32.0,32.0,32.0,0.0,0.0,0.0,0.0,5040.0,5340.0,6000.0,5424.0,0.0,0.0,0.0,0.0,0.0,0.0,0.0,0.0,0.0,0.0,0.0,0.0,0.0,0.0,0.0,0.0,0.0,0.0,0.0,0.0,0.0,0.0,0.0,0.0,0.7124144840678776,0.741608514443812,0.7639210630173829,0.7408038101265858,0.9916691271222455,0.9948264142084142,0.9972522214893982,0.9939140999522719,1.0,1.0,1.0,1.0,1.641312028789962e-07,3.8569663256736695e-07,2.4139615000273657e-06,2.05702554600674e-05,-0.31708517300868044,-0.27090090861700233,-0.24807433723116468,-0.2862878242358696,9.0,10.0,11.75,10.4,1.0,1.0,1.0,1.0,1.0244331844320258,1.3458321601703604,1.5159336227349287,1.3426265259552532,1.0244331844320258,1.3458321601703604,1.5159336227349283,1.3426265259552532,,,,,,,,,,,,,,,,
consensus_mean,jitter,1.0,10,20.0,20.0,20.0,20.0,60.0,60.0,60.0,60.0,-4.880934775741337e-07,-7.295189489174562e-08,-2.0654622532740493e-08,-1.3219641553169071e-05,2.0654622532740493e-08,7.295189489174562e-08,4.880934775741337e-07,1.3219641553169071e-05,0.0,0.0,0.0,0.0,0.0,0.0,0.0,0.0,0.13634656315766203,0.14260282633140497,0.14432725891377982,0.1410821458617526,1.0,1.0,1.0,1.0,5040.0,5340.0,6000.0,5424.0,3908.25,4156.0,4676.5,4216.5,0.7754464285714286,0.7773016191623177,0.7802036199095023,0.7776024214770121,0.21979638009049773,0.22269838083768234,0.2245535714285714,0.22239757852298786,125064.0,132992.0,149648.0,134928.0,32.0,32.0,32.0,32.0,0.0,0.0,0.0,0.0,3908.25,4156.0,4676.5,4216.5,0.0,0.0,0.0,0.0,0.0,0.0,0.0,0.0,0.0,0.0,0.0,0.0,0.0,0.0,0.0,0.0,0.0,0.0,0.0,0.0,0.0,0.0,0.0,0.0,0.7139922044256208,0.7406271832836092,0.7619973675342273,0.7441759690544164,0.9886111523367749,0.995194856816289,0.9975060361103226,0.9926899530098007,1.0,1.0,1.0,1.0,1.8378364687503677e-07,4.6593068692170525e-07,2.2048441143446884e-06,4.09308927231362e-05,-0.317085173005443,-0.2709009081505182,-0.2480742833218057,-0.286287712600356,9.25,10.5,12.75,11.2,1.0,1.0,1.0,1.0,1.0244331844320258,1.3458321601703604,1.5159336227349287,1.3426265259552532,0.894099303814262,1.0822369187120537,1.3279173767497208,1.1269324868219894,,,,,,,,,,,,,,,,
consensus_mean,jitter,2.0,10,20.0,20.0,20.0,20.0,60.0,60.0,60.0,60.0,-8.750579288823885e-07,-3.186141977518435e-07,-4.54345911642765e-08,-1.7206815930467546e-05,4.54345911642765e-08,3.186141977518435e-07,8.750579288823885e-07,1.7206815930467546e-05,0.0,0.0,0.0,0.0,0.0,0.0,0.0,0.0,0.26906091685815936,0.2742361730597681,0.2799777144973274,0.27378077159137787,2.0,2.0,2.0,2.0,5040.0,5340.0,6000.0,5424.0,3723.25,3967.0,4477.25,4027.2,0.738801636649514,0.7430350972904165,0.7468452380952381,0.7426043455945603,0.25315476190476194,0.25696490270958355,0.261198363350486,0.25739565440543966,119144.0,126944.0,143272.0,128870.4,32.0,32.0,32.0,32.0,0.0,0.0,0.0,0.0,3723.25,3967.0,4477.25,4027.2,0.0,0.0,0.0,0.0,0.0,0.0,0.0,0.0,0.0,0.0,0.0,0.0,0.0,0.0,0.0,0.0,0.0,0.0,0.0,0.0,0.0,0.0,0.0,0.0,0.727512895626469,0.7601210262630496,0.7705602529105229,0.7591917659742574,0.9899698162873254,0.9938373372377766,0.9966486495447195,0.9925379816961554,1.0,1.0,1.0,1.0,4.0021282080014604e-07,1.5751620773950942e-06,4.90012377945665e-06,5.2626292705974646e-05,-0.31708517297759437,-0.27090089926895133,-0.24807410336199667,-0.2862876461474497,9.25,10.5,13.0,11.2,1.0,1.0,1.0,1.0,1.0244331844320258,1.3458321601703604,1.5159336227349287,1.3426265259552532,0.8321410526873195,1.0205094623936695,1.2784882040972974,1.0595561490095113,,,,,,,,,,,,,,,,
consensus_mean,jitter,4.0,10,20.0,20.0,20.0,20.0,60.0,60.0,60.0,60.0,-6.49908158088555e-06,-8.115642453942422e-07,-1.9156305480297349e-07,-3.393270609483909e-05,1.9156305480297349e-07,8.115642453942422e-07,6.49908158088555e-06,3.393270609483909e-05,0.0,0.0,0.0,0.0,0.0,0.0,0.0,0.0,0.5086588937918441,0.5157471356082972,0.5334725338893563,0.5192701422665629,4.0,4.0,4.0,4.0,5040.0,5340.0,6000.0,5424.0,3595.0,3829.0,4305.0,3880.3,0.7131624310480693,0.7146151542377958,0.7170433501683502,0.7153720271223794,0.2829566498316498,0.28538484576220424,0.2868375689519307,0.28462797287762065,115040.0,122528.0,137760.0,124169.6,32.0,32.0,32.0,32.0,0.0,0.0,0.0,0.0,3595.0,3829.0,4305.0,3880.3,0.0,0.0,0.0,0.0,0.0,0.0,0.0,0.0,0.0,0.0,0.0,0.0,0.0,0.0,0.0,0.0,0.0,0.0,0.0,0.0,0.0,0.0,0.0,0.0,0.7451375052880688,0.7710029809844221,0.7969246279770894,0.7722792310637671,0.988867372938634,0.9942410480520705,0.9962643566429514,0.991023442644925,1.0,1.0,1.0,1.0,1.6406939599305024e-06,3.629915051527716e-06,1.9010630877908876e-05,8.470760223927395e-05,-0.3170851729342916,-0.27090088617836255,-0.24807331098529556,-0.2862873673826136,10.25,12.0,13.0,12.1,1.0,1.0,1.0,1.0,1.0244331844320258,1.3458321601703604,1.5159336227349287,1.3426265259552532,0.8090284844157238,0.9682622224680167,1.2441457613483897,1.0187503668421847,,,,,,,,,,,,,,,,
consensus_mean,jitter,8.0,10,20.0,20.0,20.0,20.0,60.0,60.0,60.0,60.0,-5.054661660564969e-06,-1.977504952367958e-06,-6.319372605795553e-07,-9.285098529094186e-05,6.319372605795553e-07,1.977504952367958e-06,5.054661660564969e-06,9.285098529094186e-05,0.0,0.0,0.0,0.0,0.0,0.0,0.0,0.0,0.9687080138850735,0.9925728755023455,1.0108703587802192,0.9862647421447155,8.0,8.0,8.0,8.0,5040.0,5340.0,6000.0,5424.0,3485.5,3725.5,4217.0,3787.5,0.6944642857142858,0.6976515151515152,0.7019469108398075,0.6982278819915487,0.2980530891601924,0.3023484848484848,0.3055357142857143,0.30177211800845116,111536.0,119216.0,134944.0,121200.0,32.0,32.0,32.0,32.0,0.0,0.0,0.0,0.0,3485.5,3725.5,4217.0,3787.5,0.0,0.0,0.0,0.0,0.0,0.0,0.0,0.0,0.0,0.0,0.0,0.0,0.0,0.0,0.0,0.0,0.0,0.0,0.0,0.0,0.0,0.0,0.0,0.0,0.7561070048140892,0.7854450711269063,0.7896750181793522,0.7832944985033858,0.9839055436846859,0.9933562143517349,0.9956898788465303,0.9897490534079484,0.9833333333333333,0.9833333333333333,1.0,0.9866666666666667,3.7776044858770722e-06,9.764760045280337e-06,1.7903132930016554e-05,0.00022288996890006563,-0.3170851727147546,-0.2709008371310172,-0.24807172540583597,-0.2862863854112937,12.0,12.5,13.0,12.9,1.0,1.0,1.0,1.0,1.0244331844320258,1.3458321601703604,1.5159336227349287,1.3426265259552532,0.8037095564513987,0.9275100466270074,1.174437039088484,0.9777685034626853,,,,,,,,,,,,,,,,
consensus_mean,latency,0.0,10,20.0,20.0,20.0,20.0,60.0,60.0,60.0,60.0,-4.812688350691565e-07,-6.002494390527209e-08,-1.6733141846591756e-08,-6.521510734215485e-06,1.6733141846591756e-08,6.002494390527209e-08,4.812688350691565e-07,6.521510734215485e-06,0.0,0.0,0.0,0.0,0.0,0.0,0.0,0.0,0.0,0.0,0.0,0.0,0.0,0.0,0.0,0.0,5040.0,5340.0,6000.0,5424.0,5040.0,5340.0,6000.0,5424.0,1.0,1.0,1.0,1.0,0.0,0.0,0.0,0.0,161280.0,170880.0,192000.0,173568.0,32.0,32.0,32.0,32.0,0.0,0.0,0.0,0.0,5040.0,5340.0,6000.0,5424.0,0.0,0.0,0.0,0.0,0.0,0.0,0.0,0.0,0.0,0.0,0.0,0.0,0.0,0.0,0.0,0.0,0.0,0.0,0.0,0.0,0.0,0.0,0.0,0.0,0.7124144840678776,0.741608514443812,0.7639210630173829,0.7408038101265858,0.9916691271222455,0.9948264142084142,0.9972522214893982,0.9939140999522719,1.0,1.0,1.0,1.0,1.641312028789962e-07,3.8569663256736695e-07,2.4139615000273657e-06,2.05702554600674e-05,-0.31708517300868044,-0.27090090861700233,-0.24807433723116468,-0.2862878242358696,9.0,10.0,11.75,10.4,1.0,1.0,1.0,1.0,1.0244331844320258,1.3458321601703604,1.5159336227349287,1.3426265259552532,1.0244331844320258,1.3458321601703604,1.5159336227349283,1.3426265259552532,,,,,,,,,,,,,,,,
consensus_mean,latency,1.0,10,20.0,20.0,20.0,20.0,60.0,60.0,60.0,60.0,-1.2078937751564736e-05,-2.078019346326647e-06,-9.095868043635401e-07,-8.18411635522705e-05,9.095868043635401e-07,2.078019346326647e-06,1.2078937751564736e-05,8.18411635522705e-05,0.0,0.0,0.0,0.0,0.0,0.0,0.0,0.0,1.0,1.0,1.0,1.0,1.0,1.0,1.0,1.0,5040.0,5340.0,6000.0,5424.0,4956.0,5251.0,5900.0,5333.6,0.9833333333333333,0.9833333333333333,0.9833333333333333,0.9833333333333332,0.01666666666666672,0.01666666666666672,0.01666666666666672,0.01666666666666672,158592.0,168032.0,188800.0,170675.2,32.0,32.0,32.0,32.0,0.0,0.0,0.0,0.0,4956.0,5251.0,5900.0,5333.6,0.0,0.0,0.0,0.0,0.0,0.0,0.0,0.0,0.0,0.0,0.0,0.0,0.0,0.0,0.0,0.0,0.0,0.0,0.0,0.0,0.0,0.0,0.0,0.0,0.7575587500538594,0.7816867241349768,0.8011504368026325,0.7806303998739186,0.9833868315404042,0.9922383605688572,0.996308992426003,0.9896587601862421,1.0,1.0,1.0,1.0,4.6011005263135024e-06,9.143833294131905e-06,4.315777970541427e-05,0.00019581182165330732,-0.317085172763057,-0.2709008031380875,-0.24807152270373545,-0.28628656890832266,12.0,13.0,15.75,13.7,1.0,1.0,1.0,1.0,1.0244331844320258,1.3458321601703604,1.5159336227349287,1.3426265259552532,1.0073592980248254,1.3234016241675213,1.4906680623560127,1.3202494171893324,,,,,,,,,,,,,,,,
consensus_mean,latency,2.0,10,20.0,20.0,20.0,20.0,60.0,60.0,60.0,60.0,-0.00011341193318925615,-2.4518993100375472e-05,-1.2348135695426894e-05,-0.0004204990835047326,1.2348135695426894e-05,2.4518993100375472e-05,0.00011341193318925615,0.0004204990835047326,0.0,0.0,0.0,0.0,0.0,0.0,0.0,0.0,2.0,2.0,2.0,2.0,2.0,2.0,2.0,2.0,5040.0,5340.0,6000.0,5424.0,4872.0,5162.0,5800.0,5243.2,0.9666666666666667,0.9666666666666667,0.9666666666666667,0.9666666666666666,0.033333333333333326,0.033333333333333326,0.033333333333333326,0.033333333333333326,155904.0,165184.0,185600.0,167782.4,32.0,32.0,32.0,32.0,0.0,0.0,0.0,0.0,4872.0,5162.0,5800.0,5243.2,0.0,0.0,0.0,0.0,0.0,0.0,0.0,0.0,0.0,0.0,0.0,0.0,0.0,0.0,0.0,0.0,0.0,0.0,0.0,0.0,0.0,0.0,0.0,0.0,0.790691730714487,0.8090992578260379,0.826007484210881,0.808594026096281,0.9769045129136705,0.9894908986300002,0.9952448010657771,0.9849894292880943,1.0,1.0,1.0,1.0,4.1955029248222185e-05,8.624827478478776e-05,0.0003523717614646929,0.0008583379377143874,-0.3170851678169804,-0.27089965415191153,-0.24805868730990904,-0.2862809246096568,14.25,16.0,19.5,16.9,1.0,1.0,1.0,1.0,1.0244331844320258,1.3458321601703604,1.5159336227349287,1.3426265259552532,0.990285411617625,1.3009710881646819,1.4654025019770973,1.2978723084234116,,,,,,,,,,,,,,,,
consensus_mean,latency,4.0,10,20.0,20.0,20.0,20.0,60.0,60.0,60.0,60.0,-0.002152719840962854,-0.0006093514303974444,-0.0002848964200821036,-0.003175272854820668,0.0002848964200821036,0.0006093514303974444,0.002152719840962854,0.003175272854820668,0.0,0.0,0.0,0.0,0.0,0.0,0.0,0.0,4.0,4.0,4.0,4.0,4.0,4.0,4.0,4.0,5040.0,5340.0,6000.0,5424.0,4704.0,4984.0,5600.0,5062.4,0.9333333333333333,0.9333333333333333,0.9333333333333333,0.9333333333333333,0.06666666666666665,0.06666666666666665,0.06666666666666665,0.06666666666666665,150528.0,159488.0,179200.0,161996.8,32.0,32.0,32.0,32.0,0.0,0.0,0.0,0.0,4704.0,4984.0,5600.0,5062.4,0.0,0.0,0.0,0.0,0.0,0.0,0.0,0.0,0.0,0.0,0.0,0.0,0.0,0.0,0.0,0.0,0.0,0.0,0.0,0.0,0.0,0.0,0.0,0.0,0.8338899690541096,0.8420746648162761,0.8609680410641646,0.8437194498333541,0.9731182818751043,0.9864878005417849,0.9931886565541301,0.9790275988053416,0.9583333333333333,0.9916666666666667,1.0,0.9799999999999999,0.0007119111746264908,0.0015506037935197879,0.004824229534380804,0.005528037008865836,-0.3170848882702455,-0.2708752505560722,-0.2479605990136157,-0.2862350117134682,20.5,22.5,27.25,23.7,1.0,1.0,1.0,1.0,1.0244331844320258,1.3458321601703604,1.5159336227349287,1.3426265259552532,0.9561376388032239,1.256110016159003,1.4148713812192664,1.25311809089157,,,,,,,,,,,,,,,,
consensus_mean,latency,8.0,10,20.0,20.0,20.0,20.0,60.0,60.0,60.0,60.0,-0.04515220973792844,-0.025622886784495147,-0.016302051146729415,-0.040417356223037715,0.016302051146729415,0.025622886784495147,0.04515220973792844,0.040417356223037715,0.0,0.0,0.0,0.0,0.0,0.0,0.0,0.0,8.0,8.0,8.0,8.0,8.0,8.0,8.0,8.0,5040.0,5340.0,6000.0,5424.0,4368.0,4628.0,5200.0,4700.8,0.8666666666666667,0.8666666666666667,0.8666666666666667,0.8666666666666668,0.1333333333333333,0.1333333333333333,0.1333333333333333,0.1333333333333333,139776.0,148096.0,166400.0,150425.6,32.0,32.0,32.0,32.0,0.0,0.0,0.0,0.0,4368.0,4628.0,5200.0,4700.8,0.0,0.0,0.0,0.0,0.0,0.0,0.0,0.0,0.0,0.0,0.0,0.0,0.0,0.0,0.0,0.0,0.0,0.0,0.0,0.0,0.0,0.0,0.0,0.0,0.8817210986757409,0.8861098298160889,0.8979539470297271,0.8858013096531195,0.9319888020134663,0.9523909528347284,0.9796483897773046,0.9552278984700336,0.625,0.6916666666666667,0.8541666666666667,0.7549999999999999,0.027034484371176705,0.0432859276940888,0.07044423815404532,0.055802634538374876,-0.3169911506211828,-0.27032558179513294,-0.24728755767724658,-0.2856143103239979,32.0,39.0,40.0,36.22222222222222,1.0,1.0,1.0,0.9,1.0244331844320258,1.3458321601703604,1.5159336227349287,1.3426265259552532,0.8878420931744222,1.1663878721476457,1.3138091397036045,1.1636096558278861,,,,,,,,,,,,,,,,
consensus_mean,msg_drop,0.0,10,20.0,20.0,20.0,20.0,60.0,60.0,60.0,60.0,-4.812688350691565e-07,-6.002494390527209e-08,-1.6733141846591756e-08,-6.521510734215485e-06,1.6733141846591756e-08,6.002494390527209e-08,4.812688350691565e-07,6.521510734215485e-06,0.0,0.0,0.0,0.0,0.0,0.0,0.0,0.0,0.0,0.0,0.0,0.0,0.0,0.0,0.0,0.0,5040.0,5340.0,6000.0,5424.0,5040.0,5340.0,6000.0,5424.0,1.0,1.0,1.0,1.0,0.0,0.0,0.0,0.0,161280.0,170880.0,192000.0,173568.0,32.0,32.0,32.0,32.0,0.0,0.0,0.0,0.0,5040.0,5340.0,6000.0,5424.0,0.0,0.0,0.0,0.0,0.0,0.0,0.0,0.0,0.0,0.0,0.0,0.0,0.0,0.0,0.0,0.0,0.0,0.0,0.0,0.0,0.0,0.0,0.0,0.0,0.7124144840678776,0.741608514443812,0.7639210630173829,0.7408038101265858,0.9916691271222455,0.9948264142084142,0.9972522214893982,0.9939140999522719,1.0,1.0,1.0,1.0,1.641312028789962e-07,3.8569663256736695e-07,2.4139615000273657e-06,2.05702554600674e-05,-0.31708517300868044,-0.27090090861700233,-0.24807433723116468,-0.2862878242358696,9.0,10.0,11.75,10.4,1.0,1.0,1.0,1.0,1.0244331844320258,1.3458321601703604,1.5159336227349287,1.3426265259552532,1.0244331844320258,1.3458321601703604,1.5159336227349283,1.3426265259552532,,,,,,,,,,,,,,,,
consensus_mean,msg_drop,0.1,10,20.0,20.0,20.0,20.0,60.0,60.0,60.0,60.0,-2.938136915393529e-07,-6.413853298021147e-08,-1.5123736307574957e-08,-6.9253161750231896e-06,1.5123736307574957e-08,6.413853298021147e-08,2.938136915393529e-07,6.9253161750231896e-06,0.0,0.0,0.0,0.0,0.09877999068250641,0.10271867612293144,0.10337381164587046,0.10125260185705634,0.0,0.0,0.0,0.0,0.0,0.0,0.0,0.0,5040.0,5340.0,6000.0,5424.0,4533.75,4787.0,5381.25,4875.3,0.8966261883541295,0.8972813238770685,0.9012200093174936,0.8987473981429437,0.09877999068250637,0.10271867612293145,0.10337381164587045,0.10125260185705631,145080.0,153184.0,172200.0,156009.6,32.0,32.0,32.0,32.0,0.0,0.0,0.0,0.0,4533.75,4787.0,5381.25,4875.3,0.0,0.0,0.0,0.0,0.0,0.0,0.0,0.0,482.75,553.0,613.5,548.7,0.0,0.0,0.0,0.0,0.0,0.0,0.0,0.0,0.0,0.0,0.0,0.0,0.7119210070528978,0.7435433305177652,0.7580260028108587,0.7414491214295629,0.990083940860117,0.9944009533679091,0.9975194976053298,0.9933553681613763,1.0,1.0,1.0,1.0,1.5699579732506196e-07,4.0300371818944753e-07,1.8369544314913343e-06,2.1580750847862238e-05,-0.3170851730063093,-0.270900908367965,-0.24807434863335953,-0.2862878175057789,9.0,10.0,11.0,10.2,1.0,1.0,1.0,1.0,1.0244331844320258,1.3458321601703604,1.5159336227349287,1.3426265259552532,1.002316302524644,1.289004468589311,1.483943162620112,1.2966025515428263,,,,,,,,,,,,,,,,
consensus_mean,msg_drop,0.3,10,20.0,20.0,20.0,20.0,60.0,60.0,60.0,60.0,-7.739855363088469e-07,-5.603726029676775e-08,-1.2602195373524842e-08,-7.817601207361123e-06,1.2602195373524842e-08,5.603726029676775e-08,7.739855363088469e-07,7.817601207361123e-06,0.0,0.0,0.0,0.0,0.29615299823633157,0.29915377176015473,0.3033909853249476,0.3001227007656015,0.0,0.0,0.0,0.0,0.0,0.0,0.0,0.0,5040.0,5340.0,6000.0,5424.0,3561.5,3730.5,4171.0,3796.7,0.6966090146750524,0.7008462282398453,0.7038470017636684,0.6998772992343985,0.29615299823633157,0.29915377176015473,0.30339098532494757,0.30012270076560144,113968.0,119376.0,133472.0,121494.4,32.0,32.0,32.0,32.0,0.0,0.0,0.0,0.0,3561.5,3730.5,4171.0,3796.7,0.0,0.0,0.0,0.0,0.0,0.0,0.0,0.0,1457.5,1609.5,1829.0,1627.3,0.0,0.0,0.0,0.0,0.0,0.0,0.0,0.0,0.0,0.0,0.0,0.0,0.7051079153057742,0.7387933908047932,0.7685876180630361,0.7432068800587818,0.9906189525768975,0.9946338716165148,0.9969009217715168,0.993290873411642,1.0,1.0,1.0,1.0,9.778970286676284e-08,4.14174702269128e-07,3.828418033115744e-06,2.3961159960202503e-05,-0.3170851730049289,-0.27090090819026413,-0.24807432519527337,-0.2862878026343617,9.0,10.5,11.75,10.5,1.0,1.0,1.0,1.0,1.0244331844320258,1.3458321601703604,1.5159336227349287,1.3426265259552532,0.7523290846794906,0.9585068278325498,1.1559670439757588,0.978214917434881,,,,,,,,,,,,,,,,
consensus_mean,msg_drop,0.5,10,20.0,20.0,20.0,20.0,60.0,60.0,60.0,60.0,-5.418606679366107e-06,-1.7845882132960883e-07,-3.964780008959522e-08,-1.1801109146414454e-05,3.964780008959522e-08,1.7845882132960883e-07,5.418606679366107e-06,1.1801109146414454e-05,0.0,0.0,0.0,0.0,0.4940806878306878,0.49688285570638513,0.5059596555174386,0.4996235639791136,0.0,0.0,0.0,0.0,0.0,0.0,0.0,0.0,5040.0,5340.0,6000.0,5424.0,2550.5,2613.5,3019.0,2715.7,0.49404034448256146,0.5031171442936149,0.5059193121693122,0.5003764360208864,0.4940806878306878,0.49688285570638513,0.5059596555174386,0.4996235639791136,81616.0,83632.0,96608.0,86902.4,32.0,32.0,32.0,32.0,0.0,0.0,0.0,0.0,2550.5,2613.5,3019.0,2715.7,0.0,0.0,0.0,0.0,0.0,0.0,0.0,0.0,2480.5,2726.5,2981.0,2708.3,0.0,0.0,0.0,0.0,0.0,0.0,0.0,0.0,0.0,0.0,0.0,0.0,0.7236554256301971,0.742498387520617,0.7890279799294742,0.7547680245039484,0.9870121207566815,0.9953970733630898,0.9968726910532336,0.9922061121085182,1.0,1.0,1.0,0.9966666666666667,2.5935026385177215e-07,1.1978970506393486e-06,2.216527008349121e-05,3.787487436425575e-05,-0.31708517297424765,-0.270900906759615,-0.24807351877939726,-0.28628773624256276,10.25,12.0,13.0,11.6,1.0,1.0,1.0,1.0,1.0244331844320258,1.3458321601703604,1.5159336227349287,1.3426265259552532,0.3557292448486561,0.4543569557187404,0.6217194377620987,0.4903705255914554,,,,,,,,,,,,,,,,
consensus_mean,msg_drop,0.7,10,20.0,20.0,20.0,20.0,60.0,60.0,60.0,60.0,-0.00021235240760632647,-1.9905916315994615e-05,-1.265498970999163e-06,-0.0005887795970889872,1.265498970999163e-06,1.990591631599462e-05,0.00021235240760632647,0.0005887795970889872,0.0,0.0,0.0,0.0,0.6952040745376165,0.7012484737484737,0.70645964360587,0.7010229071834448,0.0,0.0,0.0,0.0,0.0,0.0,0.0,0.0,5040.0,5340.0,6000.0,5424.0,1496.75,1555.0,1824.5,1622.7,0.29354035639413,0.29875152625152623,0.30479592546238354,0.29897709281655505,0.6952040745376165,0.7012484737484737,0.70645964360587,0.7010229071834448,47896.0,49760.0,58384.0,51926.4,32.0,32.0,32.0,32.0,0.0,0.0,0.0,0.0,1496.75,1555.0,1824.5,1622.7,0.0,0.0,0.0,0.0,0.0,0.0,0.0,0.0,3512.5,3788.5,4175.5,3801.3,0.0,0.0,0.0,0.0,0.0,0.0,0.0,0.0,0.0,0.0,0.0,0.0,0.7661311315719049,0.7974868484960684,0.8458054342753247,0.804960834325238,0.9850529057362246,0.992026269339966,0.994372949959642,0.9888016043028127,0.9833333333333333,0.9833333333333333,0.9958333333333333,0.985,5.604085367780445e-06,6.158274608549161e-05,0.0009120989627267775,0.001074901131163804,-0.3170851716712926,-0.2709005123623215,-0.24801711230764284,-0.28627811993443036,12.5,15.5,17.5,16.2,1.0,1.0,1.0,1.0,1.0244331844320258,1.3458321601703604,1.5159336227349287,1.3426265259552532,0.027585435928264974,0.05554342657078728,0.09714241227975981,0.07433397059509786,,,,,,,,,,,,,,,,
consensus_mean,msg_drop,1.0,10,20.0,20.0,20.0,20.0,60.0,60.0,60.0,60.0,-19.025110380737974,-16.254054690410573,-14.884474061156599,-17.177275975662912,14.884474061156599,16.254054690410573,19.025110380737974,17.177275975662912,0.0,0.0,0.0,0.0,1.0,1.0,1.0,1.0,0.0,0.0,0.0,0.0,0.0,0.0,0.0,0.0,5040.0,5340.0,6000.0,5424.0,0.0,0.0,0.0,0.0,0.0,0.0,0.0,0.0,1.0,1.0,1.0,1.0,0.0,0.0,0.0,0.0,0.0,0.0,0.0,0.0,0.0,0.0,0.0,0.0,0.0,0.0,0.0,0.0,0.0,0.0,0.0,0.0,0.0,0.0,0.0,0.0,5040.0,5340.0,6000.0,5424.0,0.0,0.0,0.0,0.0,0.0,0.0,0.0,0.0,0.0,0.0,0.0,0.0,1.0,1.0,1.0,1.0,0.0,0.0,0.0,0.0,1.0,1.0,1.0,1.0,14.884474061156602,16.254054690410573,19.02511038073797,17.177275975662912,0.0,0.0,0.0,0.0,,,,,0.0,0.0,0.0,0.0,1.0244331844320258,1.3458321601703604,1.5159336227349287,1.3426265259552532,0.0,0.0,0.0,0.0,,,,,,,,,,,,,,,,
consensus_mean,partition,0.0,10,20.0,20.0,20.0,20.0,60.0,60.0,60.0,60.0,-4.812688350691565e-07,-6.002494390527209e-08,-1.6733141846591756e-08,-6.521510734215485e-06,1.6733141846591756e-08,6.002494390527209e-08,4.812688350691565e-07,6.521510734215485e-06,0.0,0.0,0.0,0.0,0.0,0.0,0.0,0.0,0.0,0.0,0.0,0.0,0.0,0.0,0.0,0.0,5040.0,5340.0,6000.0,5424.0,5040.0,5340.0,6000.0,5424.0,1.0,1.0,1.0,1.0,0.0,0.0,0.0,0.0,161280.0,170880.0,192000.0,173568.0,32.0,32.0,32.0,32.0,0.0,0.0,0.0,0.0,5040.0,5340.0,6000.0,5424.0,0.0,0.0,0.0,0.0,0.0,0.0,0.0,0.0,0.0,0.0,0.0,0.0,0.0,0.0,0.0,0.0,0.0,0.0,0.0,0.0,0.0,0.0,0.0,0.0,0.7124144840678776,0.741608514443812,0.7639210630173829,0.7408038101265858,0.9916691271222455,0.9948264142084142,0.9972522214893982,0.9939140999522719,1.0,1.0,1.0,1.0,1.641312028789962e-07,3.8569663256736695e-07,2.4139615000273657e-06,2.05702554600674e-05,-0.31708517300868044,-0.27090090861700233,-0.24807433723116468,-0.2862878242358696,9.0,10.0,11.75,10.4,1.0,1.0,1.0,1.0,1.0244331844320258,1.3458321601703604,1.5159336227349287,1.3426265259552532,1.0244331844320258,1.3458321601703604,1.5159336227349283,1.3426265259552532,,,,,,,,,,,,,,,,
consensus_mean,partition,0.1,10,20.0,20.0,20.0,20.0,60.0,60.0,60.0,60.0,-1.240349779392444,-0.8748702094971618,-0.2464763907517827,-1.2035564106396996,0.2464763907517827,0.8748702094971618,1.240349779392444,1.2035564106396996,0.0,0.0,0.0,0.0,0.0,0.0,0.0,0.0,0.0,0.0,0.0,0.0,0.0,0.0,0.0,0.0,5040.0,5340.0,6000.0,5424.0,4320.0,4800.0,5415.0,4848.0,0.8767857142857143,0.8975815850815851,0.9031914893617021,0.892612896385832,0.09680851063829785,0.10241841491841491,0.12321428571428569,0.10738710361416808,138240.0,153600.0,173280.0,155136.0,32.0,32.0,32.0,32.0,0.0,0.0,0.0,0.0,4320.0,4800.0,5415.0,4848.0,0.0,0.0,0.0,0.0,0.0,0.0,0.0,0.0,0.0,0.0,0.0,0.0,0.0,0.0,0.0,0.0,0.0,0.0,0.0,0.0,0.0,0.0,0.0,0.0,0.9578737455542117,0.9622640330353749,0.969434673803712,0.9592614843381098,0.5802724149737903,0.7004329718872478,0.8120698024966201,0.6876273779852552,0.8583333333333334,1.0,1.0,0.875,0.2645492079940782,0.9187328527248738,1.3984924645344559,1.2374999586255475,-0.29726718154694143,-0.2471560010708637,-0.23154880157742658,-0.26622865941705354,36.0,36.0,36.0,36.0,0.0,0.0,0.0,0.2,1.0244331844320258,1.3458321601703604,1.5159336227349287,1.3426265259552532,0.8842162870286436,1.2130110633697608,1.3433138973250773,1.2033878608038124,,,,,,,,,,,,,,,,
consensus_mean,partition,0.25,10,20.0,20.0,20.0,20.0,60.0,60.0,60.0,60.0,-6.070122459112773,-4.71249841887064,-3.051181651860556,-5.397320206514588,3.051181651860556,4.71249841887064,6.070122459112773,5.397320206514588,0.0,0.0,0.0,0.0,0.0,0.0,0.0,0.0,0.0,0.0,0.0,0.0,0.0,0.0,0.0,0.0,5040.0,5340.0,6000.0,5424.0,3645.0,4050.0,4485.0,4050.0,0.7083333333333334,0.7526595744680851,0.7805429864253394,0.7448887421416763,0.21945701357466063,0.24734042553191488,0.29166666666666663,0.2551112578583238,116640.0,129600.0,143520.0,129600.0,32.0,32.0,32.0,32.0,0.0,0.0,0.0,0.0,3645.0,4050.0,4485.0,4050.0,0.0,0.0,0.0,0.0,0.0,0.0,0.0,0.0,0.0,0.0,0.0,0.0,0.0,0.0,0.0,0.0,0.0,0.0,0.0,0.0,0.0,0.0,0.0,0.0,0.8999470858262877,0.9294495214062314,0.9827942775587291,0.9302064601777227,0.5323891254100979,0.6375928184327895,0.6910221159535073,0.6059713408255366,0.19166666666666665,0.2833333333333333,0.8041666666666667,0.4833333333333334,3.010718605661491,4.7043593907785874,6.076337846729727,5.389518367445866,-0.21743435654424556,-0.19821173219936328,-0.16945626386385274,-0.19633259615247206,,,,,0.0,0.0,0.0,0.0,1.0244331844320258,1.3458321601703604,1.5159336227349287,1.3426265259552532,0.5686907553582905,0.6983085111830164,0.7270296305536392,0.6997044264029464,,,,,,,,,,,,,,,,
consensus_mean,partition,0.5,10,20.0,20.0,20.0,20.0,60.0,60.0,60.0,60.0,-10.13630632939434,-9.120865307004813,-7.667238249255661,-9.023470080166792,7.667238249255661,9.120865307004813,10.13630632939434,9.023470080166792,0.0,0.0,0.0,0.0,0.0,0.0,0.0,0.0,0.0,0.0,0.0,0.0,0.0,0.0,0.0,0.0,5040.0,5340.0,6000.0,5424.0,2265.0,2670.0,3195.0,2718.0,0.4748168498168498,0.4935185185185186,0.5197050290135397,0.4973734680669056,0.48029497098646035,0.5064814814814814,0.5251831501831502,0.5026265319330944,72480.0,85440.0,102240.0,86976.0,32.0,32.0,32.0,32.0,0.0,0.0,0.0,0.0,2265.0,2670.0,3195.0,2718.0,0.0,0.0,0.0,0.0,0.0,0.0,0.0,0.0,0.0,0.0,0.0,0.0,0.0,0.0,0.0,0.0,0.0,0.0,0.0,0.0,0.0,0.0,0.0,0.0,0.9164239336504529,0.9683031588356803,0.9956667547590327,0.9557323885008653,0.2567915824563731,0.6152588803318435,0.6827619393879581,0.4831186775335824,0.12916666666666665,0.225,0.8833333333333333,0.45166666666666666,7.667519051460534,9.120802815963339,10.136403765021239,9.023129726107586,-0.18043653691851122,-0.15168752120418175,-0.08792435377116399,-0.13589676492493533,,,,,0.0,0.0,0.0,0.0,1.0244331844320258,1.3458321601703604,1.5159336227349287,1.3426265259552532,4.7512287924996306e-17,1.466400018336613e-16,4.3884122419875164e-16,2.1024380820900604e-16,,,,,,,,,,,,,,,,
consensus_mean,sensor_noise,0.0,10,20.0,20.0,20.0,20.0,60.0,60.0,60.0,60.0,-4.812688350691565e-07,-6.002494390527209e-08,-1.6733141846591756e-08,-6.521510734215485e-06,1.6733141846591756e-08,6.002494390527209e-08,4.812688350691565e-07,6.521510734215485e-06,0.0,0.0,0.0,0.0,0.0,0.0,0.0,0.0,0.0,0.0,0.0,0.0,0.0,0.0,0.0,0.0,5040.0,5340.0,6000.0,5424.0,5040.0,5340.0,6000.0,5424.0,1.0,1.0,1.0,1.0,0.0,0.0,0.0,0.0,161280.0,170880.0,192000.0,173568.0,32.0,32.0,32.0,32.0,0.0,0.0,0.0,0.0,5040.0,5340.0,6000.0,5424.0,0.0,0.0,0.0,0.0,0.0,0.0,0.0,0.0,0.0,0.0,0.0,0.0,0.0,0.0,0.0,0.0,0.0,0.0,0.0,0.0,0.0,0.0,0.0,0.0,0.7124144840678776,0.741608514443812,0.7639210630173829,0.7408038101265858,0.9916691271222455,0.9948264142084142,0.9972522214893982,0.9939140999522719,1.0,1.0,1.0,1.0,1.641312028789962e-07,3.8569663256736695e-07,2.4139615000273657e-06,2.05702554600674e-05,-0.31708517300868044,-0.27090090861700233,-0.24807433723116468,-0.2862878242358696,9.0,10.0,11.75,10.4,1.0,1.0,1.0,1.0,1.0244331844320258,1.3458321601703604,1.5159336227349287,1.3426265259552532,1.0244331844320258,1.3458321601703604,1.5159336227349283,1.3426265259552532,,,,,,,,,,,,,,,,
consensus_mean,sensor_noise,0.1,10,20.0,20.0,20.0,20.0,60.0,60.0,60.0,60.0,-0.004418180123199672,-0.003498609441117063,-0.0029690442438898507,-0.003557310132140573,0.0029690442438898507,0.003498609441117063,0.004418180123199672,0.003557310132140573,0.0,0.0,0.0,0.0,0.0,0.0,0.0,0.0,0.0,0.0,0.0,0.0,0.0,0.0,0.0,0.0,5040.0,5340.0,6000.0,5424.0,5040.0,5340.0,6000.0,5424.0,1.0,1.0,1.0,1.0,0.0,0.0,0.0,0.0,161280.0,170880.0,192000.0,173568.0,32.0,32.0,32.0,32.0,0.0,0.0,0.0,0.0,5040.0,5340.0,6000.0,5424.0,0.0,0.0,0.0,0.0,0.0,0.0,0.0,0.0,0.0,0.0,0.0,0.0,0.0,0.0,0.0,0.0,0.0,0.0,0.0,0.0,0.0,0.0,0.0,0.0,0.793853884018711,0.8126282043873745,0.8485558856376868,0.8138294294863421,0.7731324443656293,0.8710903311172262,0.9249433724564056,0.85836207613134,0.6375,0.7083333333333333,0.7291666666666666,0.6900000000000001,0.003715186380180563,0.00434014099612369,0.005668567368021389,0.004490384117931942,-0.3170333254517209,-0.2708570458717008,-0.2480051653735939,-0.2862286444255128,9.0,10.5,11.75,10.6,1.0,1.0,1.0,1.0,1.0244331844320258,1.3458321601703604,1.5159336227349287,1.3426265259552532,1.0244331844320258,1.3458321601703604,1.5159336227349283,1.3426265259552532,,,,,,,,,,,,,,,,
consensus_mean,sensor_noise,0.3,10,20.0,20.0,20.0,20.0,60.0,60.0,60.0,60.0,-0.039142917570797756,-0.031486956551082496,-0.02682990273748031,-0.03194157978534196,0.02682990273748031,0.031486956551082496,0.039142917570797756,0.03194157978534196,0.0,0.0,0.0,0.0,0.0,0.0,0.0,0.0,0.0,0.0,0.0,0.0,0.0,0.0,0.0,0.0,5040.0,5340.0,6000.0,5424.0,5040.0,5340.0,6000.0,5424.0,1.0,1.0,1.0,1.0,0.0,0.0,0.0,0.0,161280.0,170880.0,192000.0,173568.0,32.0,32.0,32.0,32.0,0.0,0.0,0.0,0.0,5040.0,5340.0,6000.0,5424.0,0.0,0.0,0.0,0.0,0.0,0.0,0.0,0.0,0.0,0.0,0.0,0.0,0.0,0.0,0.0,0.0,0.0,0.0,0.0,0.0,0.0,0.0,0.0,0.0,0.8059591072533887,0.8648128675980522,0.8895279620342944,0.8405660254527281,0.7067230726735158,0.8224298918814515,0.8450030843520475,0.7880822037886202,0.5916666666666667,0.625,0.6458333333333334,0.6216666666666667,0.03323670030270226,0.03906571440492336,0.048352853997369875,0.04011529009637751,-0.316618543853491,-0.27050506481778547,-0.2474810828457828,-0.2857555732646262,10.25,11.5,13.5,11.8,1.0,1.0,1.0,1.0,1.0244331844320258,1.3458321601703604,1.5159336227349287,1.3426265259552532,1.0244331844320258,1.3458321601703604,1.5159336227349283,1.3426265259552532,,,,,,,,,,,,,,,,
consensus_mean,sensor_noise,0.5,10,20.0,20.0,20.0,20.0,60.0,60.0,60.0,60.0,-0.10773065554733885,-0.08746351209699718,-0.07458797345207298,-0.08870277265239494,0.07458797345207298,0.08746351209699718,0.10773065554733885,0.08870277265239494,0.0,0.0,0.0,0.0,0.0,0.0,0.0,0.0,0.0,0.0,0.0,0.0,0.0,0.0,0.0,0.0,5040.0,5340.0,6000.0,5424.0,5040.0,5340.0,6000.0,5424.0,1.0,1.0,1.0,1.0,0.0,0.0,0.0,0.0,161280.0,170880.0,192000.0,173568.0,32.0,32.0,32.0,32.0,0.0,0.0,0.0,0.0,5040.0,5340.0,6000.0,5424.0,0.0,0.0,0.0,0.0,0.0,0.0,0.0,0.0,0.0,0.0,0.0,0.0,0.0,0.0,0.0,0.0,0.0,0.0,0.0,0.0,0.0,0.0,0.0,0.0,0.8361214719953116,0.8802976489300434,0.9137662860029938,0.8670456431540432,0.6282668900993335,0.7398589357050329,0.8221409717425229,0.729846525915676,0.5541666666666667,0.6,0.6291666666666667,0.5916666666666666,0.09221677322158825,0.10851835711553244,0.13304670856965622,0.11132056707949219,-0.31578898027617935,-0.26980074301278745,-0.24644268190107868,-0.2848095533835086,13.0,15.0,17.5,14.9,1.0,1.0,1.0,1.0,1.0244331844320258,1.3458321601703604,1.5159336227349287,1.3426265259552532,1.0244331844320258,1.3458321601703604,1.5159336227349283,1.3426265259552532,,,,,,,,,,,,,,,,
consensus_mean,sensor_noise,1.0,10,20.0,20.0,20.0,20.0,60.0,60.0,60.0,60.0,-0.4279558674978945,-0.34985331286906185,-0.29853345370543916,-0.35475479388062797,0.29853345370543916,0.34985331286906185,0.4279558674978945,0.35475479388062797,0.0,0.0,0.0,0.0,0.0,0.0,0.0,0.0,0.0,0.0,0.0,0.0,0.0,0.0,0.0,0.0,5040.0,5340.0,6000.0,5424.0,5040.0,5340.0,6000.0,5424.0,1.0,1.0,1.0,1.0,0.0,0.0,0.0,0.0,161280.0,170880.0,192000.0,173568.0,32.0,32.0,32.0,32.0,0.0,0.0,0.0,0.0,5040.0,5340.0,6000.0,5424.0,0.0,0.0,0.0,0.0,0.0,0.0,0.0,0.0,0.0,0.0,0.0,0.0,0.0,0.0,0.0,0.0,0.0,0.0,0.0,0.0,0.0,0.0,0.0,0.0,0.857398888639741,0.9198554396909011,0.9431164495457565,0.8744832747648091,0.5158645280159625,0.6544361252355069,0.8232269927852618,0.6718487712459033,0.525,0.5583333333333333,0.5791666666666667,0.5549999999999999,0.368548151127897,0.4340808920874713,0.5285732047507252,0.44499788268270607,-0.3119004001744181,-0.2664984477143055,-0.24159653646541188,-0.28037535302970473,13.0,19.0,39.0,26.6,0.0,0.5,1.0,0.5,1.0244331844320258,1.3458321601703604,1.5159336227349287,1.3426265259552532,1.0244331844320258,1.3458321601703604,1.5159336227349283,1.3426265259552532,,,,,,,,,,,,,,,,
consensus_mean,spoof,0.0,10,20.0,20.0,20.0,20.0,60.0,60.0,60.0,60.0,-4.812688350691565e-07,-6.002494390527209e-08,-1.6733141846591756e-08,-6.521510734215485e-06,1.6733141846591756e-08,6.002494390527209e-08,4.812688350691565e-07,6.521510734215485e-06,0.0,0.0,0.0,0.0,0.0,0.0,0.0,0.0,0.0,0.0,0.0,0.0,0.0,0.0,0.0,0.0,5040.0,5340.0,6000.0,5424.0,5040.0,5340.0,6000.0,5424.0,1.0,1.0,1.0,1.0,0.0,0.0,0.0,0.0,161280.0,170880.0,192000.0,173568.0,32.0,32.0,32.0,32.0,0.0,0.0,0.0,0.0,5040.0,5340.0,6000.0,5424.0,0.0,0.0,0.0,0.0,0.0,0.0,0.0,0.0,0.0,0.0,0.0,0.0,0.0,0.0,0.0,0.0,0.0,0.0,0.0,0.0,0.0,0.0,0.0,0.0,0.7124144840678776,0.741608514443812,0.7639210630173829,0.7408038101265858,0.9916691271222455,0.9948264142084142,0.9972522214893982,0.9939140999522719,1.0,1.0,1.0,1.0,1.641312028789962e-07,3.8569663256736695e-07,2.4139615000273657e-06,2.05702554600674e-05,-0.31708517300868044,-0.27090090861700233,-0.24807433723116468,-0.2862878242358696,9.0,10.0,11.75,10.4,1.0,1.0,1.0,1.0,1.0244331844320258,1.3458321601703604,1.5159336227349287,1.3426265259552532,1.0244331844320258,1.3458321601703604,1.5159336227349283,1.3426265259552532,,,,,,,,,,,,,,,,
consensus_mean,spoof,0.1,10,20.0,20.0,20.0,20.0,60.0,60.0,60.0,60.0,-0.09629365105164421,-0.06836046610534921,-0.04635702255784369,-0.08334724573410872,0.04635702255784369,0.06836046610534921,0.09629365105164421,0.08334724573410872,0.09997332119851492,0.10404578476153924,0.1085643225425049,0.10544066388460023,0.0,0.0,0.0,0.0,0.0,0.0,0.0,0.0,0.0,0.0,0.0,0.0,5040.0,5340.0,6000.0,5424.0,5040.0,5340.0,6000.0,5424.0,1.0,1.0,1.0,1.0,0.0,0.0,0.0,0.0,161280.0,170880.0,192000.0,173568.0,32.0,32.0,32.0,32.0,0.0,0.0,0.0,0.0,4535.25,4790.5,5382.0,4879.4,0.0,0.0,0.0,0.0,488.25,549.5,603.0,544.6,0.0,0.0,0.0,0.0,0.0,0.0,0.0,0.0,0.0,0.0,0.0,0.0,0.0,0.0,0.0,0.0,0.9128799965426111,0.9271037760648866,0.9413313807466122,0.9139896809958588,0.42215885040266243,0.49634305466474543,0.7090662599141297,0.5653512656001969,0.575,0.6,0.6333333333333333,0.61,0.09356466193942876,0.12060657641070648,0.14183079300339407,0.12618491321094633,-0.31599084888250756,-0.26890680915423604,-0.24729228894444094,-0.2848988121654801,11.0,11.5,14.0,13.6,1.0,1.0,1.0,1.0,1.0244331844320258,1.3458321601703604,1.5159336227349287,1.3426265259552532,1.0244331844320258,1.3458321601703604,1.5159336227349283,1.3426265259552532,,,,,,,,,,,,,,,,
consensus_mean,spoof,0.3,10,20.0,20.0,20.0,20.0,60.0,60.0,60.0,60.0,-0.32895267507065995,-0.22904346307740012,-0.19487022572651963,-0.3050740061567382,0.19487022572651963,0.22904346307740012,0.32895267507065995,0.3050740061567382,0.3013241598421062,0.3083752362601051,0.31313005578404784,0.3085748764059057,0.0,0.0,0.0,0.0,0.0,0.0,0.0,0.0,0.0,0.0,0.0,0.0,5040.0,5340.0,6000.0,5424.0,5040.0,5340.0,6000.0,5424.0,1.0,1.0,1.0,1.0,0.0,0.0,0.0,0.0,161280.0,170880.0,192000.0,173568.0,32.0,32.0,32.0,32.0,0.0,0.0,0.0,0.0,3534.0,3754.5,4193.75,3808.6,0.0,0.0,0.0,0.0,1492.0,1585.5,1806.25,1615.4,0.0,0.0,0.0,0.0,0.0,0.0,0.0,0.0,0.0,0.0,0.0,0.0,0.0,0.0,0.0,0.0,0.9424359424065336,0.9529313457890046,0.9658890033757982,0.9424183507042321,0.3043033697226195,0.38258366683283035,0.45791319549975884,0.4041539978090755,0.5333333333333333,0.5666666666666667,0.5833333333333334,0.5616666666666666,0.22826010918072026,0.25574766120614717,0.28918577719758404,0.2749319353181869,-0.31409768147946004,-0.2678699366112165,-0.2432685185466321,-0.2812033661584362,9.0,11.0,21.0,15.714285714285714,0.25,1.0,1.0,0.7,1.0244331844320258,1.3458321601703604,1.5159336227349287,1.3426265259552532,1.0244331844320258,1.3458321601703604,1.5159336227349283,1.3426265259552532,,,,,,,,,,,,,,,,
consensus_mean,spoof,0.5,10,20.0,20.0,20.0,20.0,60.0,60.0,60.0,60.0,-0.6418695858513872,-0.4774360949761324,-0.42541040552235004,-0.5190526129304323,0.42541040552235004,0.4774360949761324,0.6418695858513872,0.5190526129304323,0.5235232205990028,0.528924124060614,0.5328638628283202,0.5272238826195863,0.0,0.0,0.0,0.0,0.0,0.0,0.0,0.0,0.0,0.0,0.0,0.0,5040.0,5340.0,6000.0,5424.0,5040.0,5340.0,6000.0,5424.0,1.0,1.0,1.0,1.0,0.0,0.0,0.0,0.0,161280.0,170880.0,192000.0,173568.0,32.0,32.0,32.0,32.0,0.0,0.0,0.0,0.0,2479.5,2610.5,2967.0,2694.7,0.0,0.0,0.0,0.0,2537.5,2729.5,3033.0,2729.3,0.0,0.0,0.0,0.0,0.0,0.0,0.0,0.0,0.0,0.0,0.0,0.0,0.0,0.0,0.0,0.0,0.885820167141665,0.9311925871580955,0.9676560940290693,0.8902066401094171,0.35324723823178716,0.4937739024114201,0.6378409812436237,0.515094898264089,0.5333333333333333,0.55,0.5791666666666667,0.5549999999999999,0.4576294965820251,0.4859443472622159,0.5355037662520119,0.508066931766525,-0.30906174220595783,-0.26217520888678425,-0.23993603139469863,-0.27763705604554134,21.25,33.5,44.5,32.25,0.0,0.0,1.0,0.4,1.0244331844320258,1.3458321601703604,1.5159336227349287,1.3426265259552532,1.0244331844320258,1.3458321601703604,1.5159336227349283,1.3426265259552532,,,,,,,,,,,,,,,,
consensus_mean,spoof,1.0,10,20.0,20.0,20.0,20.0,60.0,60.0,60.0,60.0,-1.1533761258404618,-0.9285561054870632,-0.8157352783446893,-1.003349930341503,0.8157352783446893,0.9285561054870632,1.1533761258404618,1.003349930341503,1.0523662019226836,1.0604547761586507,1.0738048623911134,1.0662665015046746,0.0,0.0,0.0,0.0,0.0,0.0,0.0,0.0,0.0,0.0,0.0,0.0,5040.0,5340.0,6000.0,5424.0,5040.0,5340.0,6000.0,5424.0,1.0,1.0,1.0,1.0,0.0,0.0,0.0,0.0,161280.0,170880.0,192000.0,173568.0,32.0,32.0,32.0,32.0,0.0,0.0,0.0,0.0,0.0,0.0,0.0,0.0,0.0,0.0,0.0,0.0,5040.0,5340.0,6000.0,5424.0,0.0,0.0,0.0,0.0,0.0,0.0,0.0,0.0,0.0,0.0,0.0,0.0,0.0,0.0,0.0,0.0,0.8983474750799131,0.97438545683952,0.9831524232162984,0.942372981260956,0.15602595852987858,0.30554751618433745,0.4446259027275343,0.3266273709888832,0.5041666666666667,0.5333333333333333,0.55,0.5316666666666666,0.9364342289022421,0.9894491489623938,1.117456084485687,1.0019790276283573,-0.2997195969025401,-0.25580562148332675,-0.22768769134752792,-0.2695654340886902,,,,,0.0,0.0,0.0,0.0,1.0244331844320258,1.3458321601703604,1.5159336227349287,1.3426265259552532,1.0244331844320258,1.3458321601703604,1.5159336227349283,1.3426265259552532,,,,,,,,,,,,,,,,
consensus_median,bandwidth,0.0,10,20.0,20.0,20.0,20.0,60.0,60.0,60.0,60.0,-0.004674925613745541,-0.00038241358128662383,-5.41637785283207e-05,-0.020866944423471617,5.41637785283207e-05,0.00038241358128662383,0.004674925613745541,0.020866944423471617,0.0,0.0,0.0,0.0,0.0,0.0,0.0,0.0,0.0,0.0,0.0,0.0,0.0,0.0,0.0,0.0,5040.0,5340.0,6000.0,5424.0,5040.0,5340.0,6000.0,5424.0,1.0,1.0,1.0,1.0,0.0,0.0,0.0,0.0,161280.0,170880.0,192000.0,173568.0,32.0,32.0,32.0,32.0,0.0,0.0,0.0,0.0,5040.0,5340.0,6000.0,5424.0,0.0,0.0,0.0,0.0,0.0,0.0,0.0,0.0,0.0,0.0,0.0,0.0,0.0,0.0,0.0,0.0,0.0,0.0,0.0,0.0,0.0,0.0,0.0,0.0,0.8114747606682085,0.8599951352284371,0.9082570728125441,0.8657678038404789,0.9040093524712616,0.9763842220954819,0.9889876806036689,0.8851186050996578,1.0,1.0,1.0,1.0,0.00016395163288808655,0.0011461298269563555,0.007940571552287536,0.021671196450913748,-0.3170850454888756,-0.2708821267506988,-0.24748975212765184,-0.28594015052065735,14.5,16.5,18.75,16.6,1.0,1.0,1.0,1.0,1.0244331844320258,1.3458321601703604,1.5159336227349287,1.3426265259552532,1.0244331844320258,1.3458321601703604,1.5159336227349283,1.3426265259552532,,,,,,,,,,,,,,,,
consensus_median,bandwidth,1.0,10,20.0,20.0,20.0,20.0,60.0,60.0,60.0,60.0,-113.57530991598018,-12.160950412984432,-7.328990624843556e-20,-51.049421486907974,7.328990624843556e-20,12.160950412984432,113.57530991598018,51.049421486907974,0.37719390792554963,0.8796927284311225,2.053415883293563,1.4261121835972352,0.0,0.0,0.0,0.0,0.0,0.0,0.0,0.0,0.0,0.0,0.0,0.0,5040.0,5340.0,6000.0,5424.0,5040.0,5340.0,6000.0,5424.0,1.0,1.0,1.0,1.0,0.0,0.0,0.0,0.0,5040.0,5340.0,6000.0,5424.0,1.0,1.0,1.0,1.0,0.0,0.0,0.0,0.0,5040.0,5340.0,6000.0,5424.0,0.0,0.0,0.0,0.0,0.0,0.0,0.0,0.0,0.0,0.0,0.0,0.0,0.0,0.0,0.0,0.0,0.0,0.0,0.0,0.0,0.0,0.0,0.0,0.0,0.43877810013752905,0.740810290340745,1.0,0.7214415883512175,0.0,0.4826560964286166,0.993820221095502,0.49491589904930244,0.4041666666666667,0.6666666666666666,0.9458333333333333,0.6133333333333334,1.381029598074405e-16,12.16095040767994,113.07417351632523,51.087603287062656,-0.2778020636055181,-0.015509310821594763,1.5991356641379628,0.5645357585207511,7.0,10.0,13.0,11.0,0.0,0.5,1.0,0.5,1.0244331844320258,1.3458321601703604,1.5159336227349287,1.3426265259552532,1.0244331844320258,1.3458321601703604,1.5159336227349283,1.3426265259552532,,,,,,,,,,,,,,,,
consensus_median,bandwidth,2.0,10,20.0,20.0,20.0,20.0,60.0,60.0,60.0,60.0,-8.738785583063528,-4.942377330513078e-19,-4.5220170402201415e-20,-4.228420569278843,4.5220170402201415e-20,4.942377330513078e-19,8.738785583063528,4.228420569278843,0.03369147612954176,0.047383181417954036,0.20477335487783302,0.10366035621457723,0.0,0.0,0.0,0.0,0.0,0.0,0.0,0.0,0.0,0.0,0.0,0.0,5040.0,5340.0,6000.0,5424.0,5040.0,5340.0,6000.0,5424.0,1.0,1.0,1.0,1.0,0.0,0.0,0.0,0.0,10080.0,10680.0,12000.0,10848.0,2.0,2.0,2.0,2.0,0.0,0.0,0.0,0.0,5040.0,5340.0,6000.0,5424.0,0.0,0.0,0.0,0.0,0.0,0.0,0.0,0.0,0.0,0.0,0.0,0.0,0.0,0.0,0.0,0.0,0.0,0.0,0.0,0.0,0.0,0.0,0.0,0.0,0.441346723598539,0.4641355140687439,0.6452891204627258,0.5492157023192477,0.887233874771622,0.9812976259825847,0.9939944014806664,0.9348910827102828,0.4708333333333333,0.95,0.9916666666666667,0.76,8.521009045611308e-17,9.31311076150933e-16,8.795793157740246,4.2639508709329075,-0.30120822661561863,-0.26965006497435307,-0.10752792453329614,-0.21581425677306787,7.5,10.5,12.75,10.166666666666666,0.0,1.0,1.0,0.6,1.0244331844320258,1.3458321601703604,1.5159336227349287,1.3426265259552532,1.0244331844320258,1.3458321601703604,1.5159336227349283,1.3426265259552532,,,,,,,,,,,,,,,,
consensus_median,bandwidth,3.0,10,20.0,20.0,20.0,20.0,60.0,60.0,60.0,60.0,-2.2683673468743955,-0.8081632653531501,-2.402959021551774e-20,-1.0992857142775456,2.402959021551774e-20,0.8081632653531501,2.2683673468743955,1.0992857142775456,0.007322986588944076,0.010518537689668706,0.016839201542425145,0.01411037593375496,0.0,0.0,0.0,0.0,0.0,0.0,0.0,0.0,0.0,0.0,0.0,0.0,5040.0,5340.0,6000.0,5424.0,5040.0,5340.0,6000.0,5424.0,1.0,1.0,1.0,1.0,0.0,0.0,0.0,0.0,15120.0,16020.0,18000.0,16272.0,3.0,3.0,3.0,3.0,0.0,0.0,0.0,0.0,5040.0,5340.0,6000.0,5424.0,0.0,0.0,0.0,0.0,0.0,0.0,0.0,0.0,0.0,0.0,0.0,0.0,0.0,0.0,0.0,0.0,0.0,0.0,0.0,0.0,0.0,0.0,0.0,0.0,0.44425688617578535,0.5656692614555279,0.709258274594712,0.5985736086898029,0.8255212557125877,0.941666438701832,0.9942349263185806,0.8680069841422716,0.2791666666666667,0.9916666666666667,1.0,0.7033333333333334,4.5279885283109164e-17,0.8081632665784156,2.268367345197112,1.0992857140647474,-0.3088885879513394,-0.26965006497435307,-0.22494219117244646,-0.26796650435642283,7.0,9.0,11.0,9.2,0.0,0.5,1.0,0.5,1.0244331844320258,1.3458321601703604,1.5159336227349287,1.3426265259552532,1.0244331844320258,1.3458321601703604,1.5159336227349283,1.3426265259552532,,,,,,,,,,,,,,,,
consensus_median,bandwidth,4.0,10,20.0,20.0,20.0,20.0,60.0,60.0,60.0,60.0,-0.635500000019849,-0.5510000000132451,-1.3501199649469943e-19,-0.3794000000230005,1.3501199649469943e-19,0.5510000000132451,0.635500000019849,0.3794000000230005,0.002191047700732,0.0033668521224579392,0.00474552875824962,0.0038353139994413135,0.0,0.0,0.0,0.0,0.0,0.0,0.0,0.0,0.0,0.0,0.0,0.0,5040.0,5340.0,6000.0,5424.0,5040.0,5340.0,6000.0,5424.0,1.0,1.0,1.0,1.0,0.0,0.0,0.0,0.0,20160.0,21360.0,24000.0,21696.0,4.0,4.0,4.0,4.0,0.0,0.0,0.0,0.0,5040.0,5340.0,6000.0,5424.0,0.0,0.0,0.0,0.0,0.0,0.0,0.0,0.0,0.0,0.0,0.0,0.0,0.0,0.0,0.0,0.0,0.0,0.0,0.0,0.0,0.0,0.0,0.0,0.0,0.4641418118676313,0.9743051090073009,0.9814237658704363,0.768635666926298,0.2870725337055854,0.373099187489534,0.9872944723080143,0.5740827845400316,1.0,1.0,1.0,1.0,2.544082602939382e-16,0.5510000003583044,0.6355000005369666,0.3794000006222439,-0.31708517301229955,-0.26591757817296646,-0.23681623435247134,-0.2799645995939985,8.5,10.0,11.25,9.75,0.0,0.0,1.0,0.4,1.0244331844320258,1.3458321601703604,1.5159336227349287,1.3426265259552532,1.0244331844320258,1.3458321601703604,1.5159336227349283,1.3426265259552532,,,,,,,,,,,,,,,,
consensus_median,bandwidth,8.0,10,20.0,20.0,20.0,20.0,60.0,60.0,60.0,60.0,-0.028406615066740613,-0.013962323292970263,-0.006429248245854328,-0.03107835611435924,0.006429248245854328,0.013962323292970263,0.028406615066740613,0.03107835611435924,2.6169040903369572e-05,3.291031225813856e-05,3.692549804375749e-05,3.238643850050611e-05,0.0,0.0,0.0,0.0,0.0,0.0,0.0,0.0,0.0,0.0,0.0,0.0,5040.0,5340.0,6000.0,5424.0,5040.0,5340.0,6000.0,5424.0,1.0,1.0,1.0,1.0,0.0,0.0,0.0,0.0,40320.0,42720.0,48000.0,43392.0,8.0,8.0,8.0,8.0,0.0,0.0,0.0,0.0,5040.0,5340.0,6000.0,5424.0,0.0,0.0,0.0,0.0,0.0,0.0,0.0,0.0,0.0,0.0,0.0,0.0,0.0,0.0,0.0,0.0,0.0,0.0,0.0,0.0,0.0,0.0,0.0,0.0,0.8965348189911331,0.9113136260613742,0.9332424259867812,0.914863841313017,0.6388446527428011,0.7206478923010687,0.8225194040582474,0.7203022513814591,1.0,1.0,1.0,0.9983333333333334,0.0064340144805701575,0.013972395688929266,0.02840767477953124,0.03108241532883574,-0.3169978604240562,-0.27062467117553873,-0.24736786831811364,-0.28576996032580926,14.25,15.5,18.5,16.3,1.0,1.0,1.0,1.0,1.0244331844320258,1.3458321601703604,1.5159336227349287,1.3426265259552532,1.0244331844320258,1.3458321601703604,1.5159336227349283,1.3426265259552532,,,,,,,,,,,,,,,,
consensus_median,byzantine,0.0,10,20.0,20.0,20.0,20.0,60.0,60.0,60.0,60.0,-0.004674925613745541,-0.00038241358128662383,-5.41637785283207e-05,-0.020866944423471617,5.41637785283207e-05,0.00038241358128662383,0.004674925613745541,0.020866944423471617,0.0,0.0,0.0,0.0,0.0,0.0,0.0,0.0,0.0,0.0,0.0,0.0,0.0,0.0,0.0,0.0,5040.0,5340.0,6000.0,5424.0,5040.0,5340.0,6000.0,5424.0,1.0,1.0,1.0,1.0,0.0,0.0,0.0,0.0,161280.0,170880.0,192000.0,173568.0,32.0,32.0,32.0,32.0,0.0,0.0,0.0,0.0,5040.0,5340.0,6000.0,5424.0,0.0,0.0,0.0,0.0,0.0,0.0,0.0,0.0,0.0,0.0,0.0,0.0,0.0,0.0,0.0,0.0,0.0,0.0,0.0,0.0,0.0,0.0,0.0,0.0,0.8114747606682085,0.8599951352284371,0.9082570728125441,0.8657678038404789,0.9040093524712616,0.9763842220954819,0.9889876806036689,0.8851186050996578,1.0,1.0,1.0,1.0,0.00016395163288808655,0.0011461298269563555,0.007940571552287536,0.021671196450913748,-0.3170850454888756,-0.2708821267506988,-0.24748975212765184,-0.28594015052065735,14.5,16.5,18.75,16.6,1.0,1.0,1.0,1.0,1.0244331844320258,1.3458321601703604,1.5159336227349287,1.3426265259552532,1.0244331844320258,1.3458321601703604,1.5159336227349283,1.3426265259552532,,,,,,,,,,,,,,,,
consensus_median,byzantine,0.1,10,20.0,20.0,20.0,20.0,60.0,60.0,60.0,60.0,-0.017456703129365224,-0.006186374498056791,-0.0005140989659249061,-0.030708166373617556,0.0005140989659249061,0.006186374498056791,0.017456703129365224,0.030708166373617556,0.0,0.0,0.0,0.0,0.0,0.0,0.0,0.0,0.0,0.0,0.0,0.0,0.0,0.0,0.0,0.0,5040.0,5340.0,6000.0,5424.0,5040.0,5340.0,6000.0,5424.0,1.0,1.0,1.0,1.0,0.0,0.0,0.0,0.0,161280.0,170880.0,192000.0,173568.0,32.0,32.0,32.0,32.0,0.0,0.0,0.0,0.0,5040.0,5340.0,6000.0,5424.0,0.0,0.0,0.0,0.0,0.0,0.0,0.0,0.0,0.0,0.0,0.0,0.0,0.0,0.0,0.0,0.0,0.0,0.0,0.0,0.0,0.0,0.0,0.0,0.0,0.8232872742907161,0.8822729786797898,0.9170339626295912,0.8718164544673099,0.6309858741095208,0.9243775982556457,0.965747091783838,0.7768407402704872,0.7916666666666667,1.0,1.0,0.8916666666666666,0.0008846372699694704,0.009786321197768809,0.057986407515153,0.07436671514023394,-0.31619159853698886,-0.2707973594778402,-0.2476185939754867,-0.2857761301548215,12.25,13.5,20.0,17.2,1.0,1.0,1.0,1.0,1.0244331844320258,1.3458321601703604,1.5159336227349287,1.3426265259552532,1.0244331844320258,1.3458321601703604,1.5159336227349283,1.3426265259552532,,,,,,,,,,,,,,,,
consensus_median,byzantine,0.25,10,20.0,20.0,20.0,20.0,60.0,60.0,60.0,60.0,-0.3467035280196533,-0.20505386143122475,-0.07972042758460851,-0.31205659060266405,0.07972042758460851,0.20505386143122475,0.3467035280196533,0.31205659060266405,0.0,0.0,0.0,0.0,0.0,0.0,0.0,0.0,0.0,0.0,0.0,0.0,0.0,0.0,0.0,0.0,5040.0,5340.0,6000.0,5424.0,5040.0,5340.0,6000.0,5424.0,1.0,1.0,1.0,1.0,0.0,0.0,0.0,0.0,161280.0,170880.0,192000.0,173568.0,32.0,32.0,32.0,32.0,0.0,0.0,0.0,0.0,5040.0,5340.0,6000.0,5424.0,0.0,0.0,0.0,0.0,0.0,0.0,0.0,0.0,0.0,0.0,0.0,0.0,0.0,0.0,0.0,0.0,0.0,0.0,0.0,0.0,0.0,0.0,0.0,0.0,0.9075978521859757,0.9385260288812395,0.9451744230206881,0.9258634400865035,0.3257544124314372,0.4414013083185106,0.4820149516925666,0.3984299207463072,0.5875,0.6166666666666667,0.6333333333333333,0.6066666666666667,0.5660663758863138,0.7385549186931701,0.9633917778928087,0.8061702058744633,-0.3155920739005721,-0.26898710817538857,-0.24037209070496993,-0.2810869897510041,17.0,20.0,36.0,25.555555555555557,1.0,1.0,1.0,0.9,1.0244331844320258,1.3458321601703604,1.5159336227349287,1.3426265259552532,1.0244331844320258,1.3458321601703604,1.5159336227349283,1.3426265259552532,,,,,,,,,,,,,,,,
consensus_median,byzantine,0.5,10,20.0,20.0,20.0,20.0,60.0,60.0,60.0,60.0,-3.1054891117857073,-2.8273130761882577,-1.4030153370372844,-2.4820775499564616,1.4030153370372844,2.8273130761882577,3.1054891117857073,2.4820775499564616,0.0,0.0,0.0,0.0,0.0,0.0,0.0,0.0,0.0,0.0,0.0,0.0,0.0,0.0,0.0,0.0,5040.0,5340.0,6000.0,5424.0,5040.0,5340.0,6000.0,5424.0,1.0,1.0,1.0,1.0,0.0,0.0,0.0,0.0,161280.0,170880.0,192000.0,173568.0,32.0,32.0,32.0,32.0,0.0,0.0,0.0,0.0,5040.0,5340.0,6000.0,5424.0,0.0,0.0,0.0,0.0,0.0,0.0,0.0,0.0,0.0,0.0,0.0,0.0,0.0,0.0,0.0,0.0,0.0,0.0,0.0,0.0,0.0,0.0,0.0,0.0,0.9115484951306814,0.9416637241847847,0.9819388485011276,0.9307261015349313,0.19551901880753805,0.3058765347849901,0.45226426648096685,0.35899696742117,0.55,0.5583333333333333,0.5666666666666667,0.5549999999999999,1.8476827251219068,2.2722358450233817,2.969988355726738,2.4357623682780485,-0.29370158406167823,-0.21910619396507403,-0.2007440373172721,-0.2449199737617742,22.5,26.0,29.5,26.0,0.0,0.0,0.0,0.2,1.0244331844320258,1.3458321601703604,1.5159336227349287,1.3426265259552532,1.0244331844320258,1.3458321601703604,1.5159336227349283,1.3426265259552532,,,,,,,,,,,,,,,,
consensus_median,crash,0.0,10,20.0,20.0,20.0,20.0,60.0,60.0,60.0,60.0,-0.004674925613745541,-0.00038241358128662383,-5.41637785283207e-05,-0.020866944423471617,5.41637785283207e-05,0.00038241358128662383,0.004674925613745541,0.020866944423471617,0.0,0.0,0.0,0.0,0.0,0.0,0.0,0.0,0.0,0.0,0.0,0.0,0.0,0.0,0.0,0.0,5040.0,5340.0,6000.0,5424.0,5040.0,5340.0,6000.0,5424.0,1.0,1.0,1.0,1.0,0.0,0.0,0.0,0.0,161280.0,170880.0,192000.0,173568.0,32.0,32.0,32.0,32.0,0.0,0.0,0.0,0.0,5040.0,5340.0,6000.0,5424.0,0.0,0.0,0.0,0.0,0.0,0.0,0.0,0.0,0.0,0.0,0.0,0.0,0.0,0.0,0.0,0.0,0.0,0.0,0.0,0.0,0.0,0.0,0.0,0.0,0.8114747606682085,0.8599951352284371,0.9082570728125441,0.8657678038404789,0.9040093524712616,0.9763842220954819,0.9889876806036689,0.8851186050996578,1.0,1.0,1.0,1.0,0.00016395163288808655,0.0011461298269563555,0.007940571552287536,0.021671196450913748,-0.3170850454888756,-0.2708821267506988,-0.24748975212765184,-0.28594015052065735,14.5,16.5,18.75,16.6,1.0,1.0,1.0,1.0,1.0244331844320258,1.3458321601703604,1.5159336227349287,1.3426265259552532,1.0244331844320258,1.3458321601703604,1.5159336227349283,1.3426265259552532,,,,,,,,,,,,,,,,
consensus_median,crash,0.01,10,20.0,20.0,20.0,20.0,60.0,60.0,60.0,60.0,-0.003502665618437631,-0.00031104169999739324,-5.061029368002635e-05,-0.010618466772857264,5.061029368002635e-05,0.00031104169999739324,0.003502665618437631,0.010618466772857264,0.0,0.0,0.0,0.0,0.0,0.0,0.0,0.0,0.0007847990740279112,0.0011930695886135114,0.00363955607414118,0.0019365394390494866,3.25,4.0,4.75,3.4,4747.0,4937.5,5783.75,5154.4,4431.0,4673.0,5509.5,4904.4,0.9348631574526981,0.9620385771863604,0.9683284283497082,0.9512774585343436,0.03167157165029175,0.03796142281363957,0.06513684254730193,0.048722541465656244,141792.0,149536.0,176304.0,156940.8,32.0,32.0,32.0,32.0,0.0,0.0,0.0,0.0,4431.0,4673.0,5509.5,4904.4,0.0,0.0,0.0,0.0,0.0,0.0,0.0,0.0,0.0,0.0,0.0,0.0,0.0,0.0,0.0,0.0,0.0,0.0,0.0,0.0,0.0,0.0,0.0,0.0,0.8065120441967533,0.8512619389158584,0.9050926219365828,0.859955636254047,0.9176534383976351,0.9751746291530667,0.9829377365923009,0.9141089637214985,1.0,1.0,1.0,0.9983333333333333,0.00013140348817250518,0.0005968619815186502,0.005610625203594932,0.01328460707182857,-0.3170850691714933,-0.270898254045573,-0.24771437767959753,-0.28611095848150087,13.25,15.5,18.75,16.6,1.0,1.0,1.0,1.0,1.0244331844320258,1.3458321601703604,1.5159336227349287,1.3426265259552532,0.34669083097764697,0.43203323105525016,0.7208773739790402,0.5087598984377,,,,,,,,,,,,,,,,
consensus_median,crash,0.05,10,20.0,20.0,20.0,20.0,60.0,60.0,60.0,60.0,-0.0016425440659290286,-0.00024286831207528432,-4.44847482653414e-06,-0.0013964628002554554,4.44847482653414e-06,0.0002428683120752843,0.0016425440659290286,0.0013964628002554554,0.0,0.0,0.0,0.0,0.0,0.0,0.0,0.0,0.028585563648128802,0.03181564951751287,0.037062948343531084,0.03491106803314796,5.0,5.0,5.0,5.7,3894.25,4214.5,4735.0,4278.8,2943.5,3415.5,3808.25,3412.0,0.7857097992270574,0.801509332849065,0.8089457905344115,0.7964270484055881,0.19105420946558843,0.19849066715093505,0.2142902007729426,0.20357295159441194,94192.0,109296.0,121864.0,109184.0,32.0,32.0,32.0,32.0,0.0,0.0,0.0,0.0,2943.5,3415.5,3808.25,3412.0,0.0,0.0,0.0,0.0,0.0,0.0,0.0,0.0,0.0,0.0,0.0,0.0,0.0,0.0,0.0,0.0,0.0,0.0,0.0,0.0,0.0,0.0,0.0,0.0,0.7806493800891356,0.8223011346867193,0.8696744404976611,0.8256670212653328,0.9701220870173941,0.9794707664059306,0.9907651275597669,0.9743684290815529,1.0,1.0,1.0,0.9966666666666667,1.1501949098973863e-05,0.0004085719213843318,0.0026876538132668756,0.0028022032731232693,-0.3170851535935605,-0.2708676999217571,-0.24805041060809993,-0.28626465854771094,16.25,19.0,23.25,19.4,1.0,1.0,1.0,1.0,1.0244331844320258,1.3458321601703604,1.5159336227349287,1.3426265259552532,0.005232092563931865,0.023959916993500474,0.04349016920170031,0.025963507417866277,,,,,,,,,,,,,,,,
consensus_median,crash,0.1,10,20.0,20.0,20.0,20.0,60.0,60.0,60.0,60.0,-0.0010822861777663587,-0.0003402552844421491,-0.00014834413632348322,-0.0054595799557387095,0.00014834413632348322,0.0003402552844421491,0.0010822861777663587,0.0054595799557387095,0.0,0.0,0.0,0.0,0.0,0.0,0.0,0.0,0.12078979995998078,0.1348707359495512,0.15103879422137295,0.13397742802650392,5.0,5.5,7.0,6.5,3272.5,3461.5,3805.25,3512.3,2176.0,2404.5,2577.5,2394.5,0.6717943547942821,0.6828941246140181,0.6864077749394117,0.6821367155896387,0.3135922250605882,0.31710587538598195,0.32820564520571793,0.3178632844103612,69632.0,76944.0,82480.0,76624.0,32.0,32.0,32.0,32.0,0.0,0.0,0.0,0.0,2176.0,2404.5,2577.5,2394.5,0.0,0.0,0.0,0.0,0.0,0.0,0.0,0.0,0.0,0.0,0.0,0.0,0.0,0.0,0.0,0.0,0.0,0.0,0.0,0.0,0.0,0.0,0.0,0.0,0.827617434271775,0.8430332704155923,0.8606111644834512,0.8508367570955686,0.9745439562734619,0.987674785522378,0.9907767659386699,0.9701553806857148,1.0,1.0,1.0,0.9933333333333334,0.0003338050184400767,0.0006194910966314661,0.003354633611099868,0.00837840164261248,-0.3170843687469914,-0.2708952405854355,-0.24797569077207665,-0.28619693992845285,19.0,19.5,26.0,22.7,1.0,1.0,1.0,1.0,1.0244331844320258,1.3458321601703604,1.5159336227349287,1.3426265259552532,-1.828591481869662e-16,0.0034873980890537492,0.010152095874547273,0.006570086752825078,,,,,,,,,,,,,,,,
consensus_median,crash,0.2,10,20.0,20.0,20.0,20.0,60.0,60.0,60.0,60.0,-0.0294029222437781,-0.012784220598281512,-0.005013655528243946,-0.03582406942504221,0.005013655528243946,0.012784220598281512,0.0294029222437781,0.03582406942504221,0.0,0.0,0.0,0.0,0.0,0.0,0.0,0.0,0.4315731922081656,0.5450389904529347,0.5688464326432817,0.5102742189861212,10.0,10.0,10.0,10.1,2321.5,2448.0,2700.5,2461.4,1250.0,1355.0,1477.5,1354.7,0.5384269582699742,0.5521673504553486,0.5631335347306075,0.5497670729925591,0.4368664652693926,0.44783264954465135,0.4615730417300258,0.45023292700744066,40000.0,43360.0,47280.0,43350.4,32.0,32.0,32.0,32.0,0.0,0.0,0.0,0.0,1250.0,1355.0,1477.5,1354.7,0.0,0.0,0.0,0.0,0.0,0.0,0.0,0.0,0.0,0.0,0.0,0.0,0.0,0.0,0.0,0.0,0.0,0.0,0.0,0.0,0.0,0.0,0.0,0.0,0.8797455222148052,0.8890578550296389,0.914179633070028,0.894740325410061,0.9816010491725518,0.9840098422024895,0.9866606301041735,0.968348836259181,0.9666666666666667,1.0,1.0,0.9833333333333334,0.012589172015880145,0.024742200304586077,0.036237331222238975,0.05376522138676604,-0.31699691166612814,-0.27077173422520984,-0.24764833777469858,-0.2856908651039645,29.0,32.0,33.0,33.333333333333336,1.0,1.0,1.0,0.9,1.0244331844320258,1.3458321601703604,1.5159336227349287,1.3426265259552532,-1.8164464574430738e-16,-1.60240434309246e-16,-1.2529785961144829e-16,0.0022008231956647246,,,,,,,,,,,,,,,,
consensus_median,jam,0.0,10,20.0,20.0,20.0,20.0,60.0,60.0,60.0,60.0,-0.004674925613745541,-0.00038241358128662383,-5.41637785283207e-05,-0.020866944423471617,5.41637785283207e-05,0.00038241358128662383,0.004674925613745541,0.020866944423471617,0.0,0.0,0.0,0.0,0.0,0.0,0.0,0.0,0.0,0.0,0.0,0.0,0.0,0.0,0.0,0.0,5040.0,5340.0,6000.0,5424.0,5040.0,5340.0,6000.0,5424.0,1.0,1.0,1.0,1.0,0.0,0.0,0.0,0.0,161280.0,170880.0,192000.0,173568.0,32.0,32.0,32.0,32.0,0.0,0.0,0.0,0.0,5040.0,5340.0,6000.0,5424.0,0.0,0.0,0.0,0.0,0.0,0.0,0.0,0.0,0.0,0.0,0.0,0.0,0.0,0.0,0.0,0.0,0.0,0.0,0.0,0.0,0.0,0.0,0.0,0.0,0.8114747606682085,0.8599951352284371,0.9082570728125441,0.8657678038404789,0.9040093524712616,0.9763842220954819,0.9889876806036689,0.8851186050996578,1.0,1.0,1.0,1.0,0.00016395163288808655,0.0011461298269563555,0.007940571552287536,0.021671196450913748,-0.3170850454888756,-0.2708821267506988,-0.24748975212765184,-0.28594015052065735,14.5,16.5,18.75,16.6,1.0,1.0,1.0,1.0,1.0244331844320258,1.3458321601703604,1.5159336227349287,1.3426265259552532,1.0244331844320258,1.3458321601703604,1.5159336227349283,1.3426265259552532,,,,,,,,,,,,,,,,
consensus_median,jam,0.1,10,20.0,20.0,20.0,20.0,60.0,60.0,60.0,60.0,-4.589854627184451,-1.746555055890183,-0.7030028879264703,-2.53519169352522,0.7030028879264703,1.746555055890183,4.589854627184451,2.53519169352522,0.0,0.0,0.0,0.0,0.09680851063829787,0.10241841491841491,0.1232142857142857,0.1073871036141681,0.0,0.0,0.0,0.0,0.0,0.0,0.0,0.0,5040.0,5340.0,6000.0,5424.0,4320.0,4800.0,5415.0,4848.0,0.8767857142857143,0.8975815850815851,0.9031914893617021,0.892612896385832,0.09680851063829785,0.10241841491841491,0.12321428571428569,0.10738710361416808,138240.0,153600.0,173280.0,155136.0,32.0,32.0,32.0,32.0,0.0,0.0,0.0,0.0,4320.0,4800.0,5415.0,4848.0,0.0,0.0,0.0,0.0,0.0,0.0,0.0,0.0,0.0,0.0,0.0,0.0,495.0,540.0,540.0,576.0,0.0,0.0,0.0,0.0,0.0,0.0,0.0,0.0,0.9714628098617892,0.9772791836536123,0.9846934135854686,0.976762127676712,0.4010955244980585,0.4574647192674083,0.48885460960555893,0.4771280937012613,0.6375000000000001,1.0,1.0,0.8416666666666668,0.7103787671310323,1.750777108415376,4.597267046889496,2.539019622671343,-0.29234861239498383,-0.2459143379872279,-0.18978172602451493,-0.24403473803562817,48.0,48.0,48.0,48.0,0.0,0.0,0.0,0.1,1.0244331844320258,1.3458321601703604,1.5159336227349287,1.3426265259552532,0.8842162870286436,1.2130110633697608,1.3433138973250773,1.2033878608038124,,,,,,,,,,,,,,,,
consensus_median,jam,0.25,10,20.0,20.0,20.0,20.0,60.0,60.0,60.0,60.0,-6.018120526635769,-4.760047838345243,-2.508460613074772,-5.083391288862081,2.508460613074772,4.760047838345243,6.018120526635769,5.083391288862081,0.0,0.0,0.0,0.0,0.21945701357466063,0.24734042553191488,0.29166666666666663,0.2551112578583238,0.0,0.0,0.0,0.0,0.0,0.0,0.0,0.0,5040.0,5340.0,6000.0,5424.0,3645.0,4050.0,4485.0,4050.0,0.7083333333333334,0.7526595744680851,0.7805429864253394,0.7448887421416763,0.21945701357466063,0.24734042553191488,0.29166666666666663,0.2551112578583238,116640.0,129600.0,143520.0,129600.0,32.0,32.0,32.0,32.0,0.0,0.0,0.0,0.0,3645.0,4050.0,4485.0,4050.0,0.0,0.0,0.0,0.0,0.0,0.0,0.0,0.0,0.0,0.0,0.0,0.0,1275.0,1320.0,1470.0,1374.0,0.0,0.0,0.0,0.0,0.0,0.0,0.0,0.0,0.9874653042075009,0.9891054865202131,0.991134140919161,0.9893339296868111,0.29726788332091475,0.35912289952591964,0.41684045573808803,0.3625338808181512,0.6625,0.825,1.0,0.795,2.508690861560508,4.759854163029219,6.017087332282444,5.084968382761774,-0.23122949669748682,-0.21716517607396096,-0.1601187888541638,-0.20156474478001388,,,,,0.0,0.0,0.0,0.0,1.0244331844320258,1.3458321601703604,1.5159336227349287,1.3426265259552532,0.5686907553582905,0.6983085111830164,0.7270296305536392,0.6997044264029464,,,,,,,,,,,,,,,,
consensus_median,jam,0.5,10,20.0,20.0,20.0,20.0,60.0,60.0,60.0,60.0,-9.992560698124429,-8.853857401281598,-7.496231096797577,-8.751386590454333,7.496231096797577,8.853857401281598,9.992560698124429,8.751386590454333,0.0,0.0,0.0,0.0,0.48029497098646035,0.5064814814814815,0.5251831501831502,0.5026265319330945,0.0,0.0,0.0,0.0,0.0,0.0,0.0,0.0,5040.0,5340.0,6000.0,5424.0,2265.0,2670.0,3195.0,2718.0,0.4748168498168498,0.4935185185185186,0.5197050290135397,0.4973734680669056,0.48029497098646035,0.5064814814814814,0.5251831501831502,0.5026265319330944,72480.0,85440.0,102240.0,86976.0,32.0,32.0,32.0,32.0,0.0,0.0,0.0,0.0,2265.0,2670.0,3195.0,2718.0,0.0,0.0,0.0,0.0,0.0,0.0,0.0,0.0,0.0,0.0,0.0,0.0,2550.0,2730.0,2820.0,2706.0,0.0,0.0,0.0,0.0,0.0,0.0,0.0,0.0,0.9915240643568541,0.9937504703413832,0.9979929167032993,0.9922393196862718,0.21491389520824605,0.2885468854795278,0.32885838261242245,0.3195917534958899,0.4416666666666667,1.0,1.0,0.765,7.495805125913977,8.853857464701223,9.992744129598933,8.752411613456278,-0.18752346290371308,-0.1640559414473051,-0.08741155423848046,-0.14043148975347633,,,,,0.0,0.0,0.0,0.0,1.0244331844320258,1.3458321601703604,1.5159336227349287,1.3426265259552532,4.7512287924996306e-17,1.466400018336613e-16,4.3884122419875164e-16,2.1024380820900604e-16,,,,,,,,,,,,,,,,
consensus_median,jam,0.75,10,20.0,20.0,20.0,20.0,60.0,60.0,60.0,60.0,-14.946317539524383,-13.975681201291895,-11.026224882278106,-13.76455411650825,11.026224882278106,13.975681201291895,14.946317539524383,13.76455411650825,0.0,0.0,0.0,0.0,0.7263767209011265,0.7527777777777778,0.7607142857142857,0.7504006733368908,0.0,0.0,0.0,0.0,0.0,0.0,0.0,0.0,5040.0,5340.0,6000.0,5424.0,1155.0,1320.0,1605.0,1368.0,0.23928571428571427,0.24722222222222223,0.27362327909887363,0.24959932666310922,0.7263767209011264,0.7527777777777778,0.7607142857142857,0.7504006733368908,36960.0,42240.0,51360.0,43776.0,32.0,32.0,32.0,32.0,0.0,0.0,0.0,0.0,1155.0,1320.0,1605.0,1368.0,0.0,0.0,0.0,0.0,0.0,0.0,0.0,0.0,0.0,0.0,0.0,0.0,3855.0,4020.0,4395.0,4056.0,0.0,0.0,0.0,0.0,0.0,0.0,0.0,0.0,0.9848957759952446,0.9948927320990701,0.9992038216666486,0.9909032442160687,0.16970377491823463,0.31920532498028953,0.5989815348590929,0.3915860234832737,0.1125,0.825,1.0,0.6066666666666667,11.02622587862293,13.975625057621635,14.946186445645854,13.765359728431914,-0.07933875839736193,-0.05487367829973134,-0.03418643025857542,-0.05687869765257771,,,,,0.0,0.0,0.0,0.0,1.0244331844320258,1.3458321601703604,1.5159336227349287,1.3426265259552532,-4.1446390374350124e-16,-2.603002461577006e-16,-5.1723420205018854e-17,-2.3908465288374433e-16,,,,,,,,,,,,,,,,
consensus_median,jitter,0.0,10,20.0,20.0,20.0,20.0,60.0,60.0,60.0,60.0,-0.004674925613745541,-0.00038241358128662383,-5.41637785283207e-05,-0.020866944423471617,5.41637785283207e-05,0.00038241358128662383,0.004674925613745541,0.020866944423471617,0.0,0.0,0.0,0.0,0.0,0.0,0.0,0.0,0.0,0.0,0.0,0.0,0.0,0.0,0.0,0.0,5040.0,5340.0,6000.0,5424.0,5040.0,5340.0,6000.0,5424.0,1.0,1.0,1.0,1.0,0.0,0.0,0.0,0.0,161280.0,170880.0,192000.0,173568.0,32.0,32.0,32.0,32.0,0.0,0.0,0.0,0.0,5040.0,5340.0,6000.0,5424.0,0.0,0.0,0.0,0.0,0.0,0.0,0.0,0.0,0.0,0.0,0.0,0.0,0.0,0.0,0.0,0.0,0.0,0.0,0.0,0.0,0.0,0.0,0.0,0.0,0.8114747606682085,0.8599951352284371,0.9082570728125441,0.8657678038404789,0.9040093524712616,0.9763842220954819,0.9889876806036689,0.8851186050996578,1.0,1.0,1.0,1.0,0.00016395163288808655,0.0011461298269563555,0.007940571552287536,0.021671196450913748,-0.3170850454888756,-0.2708821267506988,-0.24748975212765184,-0.28594015052065735,14.5,16.5,18.75,16.6,1.0,1.0,1.0,1.0,1.0244331844320258,1.3458321601703604,1.5159336227349287,1.3426265259552532,1.0244331844320258,1.3458321601703604,1.5159336227349283,1.3426265259552532,,,,,,,,,,,,,,,,
consensus_median,jitter,1.0,10,20.0,20.0,20.0,20.0,60.0,60.0,60.0,60.0,-0.00018403250602953288,-4.076871897903352e-05,-1.8393866999526713e-06,-0.0011381439712403504,1.8393866999526713e-06,4.076871897903352e-05,0.00018403250602953288,0.0011381439712403504,0.0,0.0,0.0,0.0,0.0,0.0,0.0,0.0,0.13634656315766203,0.14260282633140497,0.14432725891377982,0.1410821458617526,1.0,1.0,1.0,1.0,5040.0,5340.0,6000.0,5424.0,3908.25,4156.0,4676.5,4216.5,0.7754464285714286,0.7773016191623177,0.7802036199095023,0.7776024214770121,0.21979638009049773,0.22269838083768234,0.2245535714285714,0.22239757852298786,125064.0,132992.0,149648.0,134928.0,32.0,32.0,32.0,32.0,0.0,0.0,0.0,0.0,3908.25,4156.0,4676.5,4216.5,0.0,0.0,0.0,0.0,0.0,0.0,0.0,0.0,0.0,0.0,0.0,0.0,0.0,0.0,0.0,0.0,0.0,0.0,0.0,0.0,0.0,0.0,0.0,0.0,0.7718352973012017,0.8279875905437434,0.8536601725599522,0.8177489960751402,0.9575820557351352,0.9658158491708875,0.982939388641775,0.9664909965121934,1.0,1.0,1.0,1.0,1.0896389767116696e-05,0.00010494869984150487,0.00036473317760418386,0.0018661403529457495,-0.31708517131610076,-0.27090018250874426,-0.24807046707961053,-0.2862689638615279,10.5,12.5,13.75,12.9,1.0,1.0,1.0,1.0,1.0244331844320258,1.3458321601703604,1.5159336227349287,1.3426265259552532,0.894099303814262,1.0822369187120537,1.3279173767497208,1.1269324868219894,,,,,,,,,,,,,,,,
consensus_median,jitter,2.0,10,20.0,20.0,20.0,20.0,60.0,60.0,60.0,60.0,-0.00012508398306133867,-8.187270570694472e-06,-1.0126191852176783e-07,-0.0007197693641071748,1.0126191852176783e-07,8.187270570694472e-06,0.00012508398306133867,0.0007197693641071748,0.0,0.0,0.0,0.0,0.0,0.0,0.0,0.0,0.26906091685815936,0.2742361730597681,0.2799777144973274,0.27378077159137787,2.0,2.0,2.0,2.0,5040.0,5340.0,6000.0,5424.0,3723.25,3967.0,4477.25,4027.2,0.738801636649514,0.7430350972904165,0.7468452380952381,0.7426043455945603,0.25315476190476194,0.25696490270958355,0.261198363350486,0.25739565440543966,119144.0,126944.0,143272.0,128870.4,32.0,32.0,32.0,32.0,0.0,0.0,0.0,0.0,3723.25,3967.0,4477.25,4027.2,0.0,0.0,0.0,0.0,0.0,0.0,0.0,0.0,0.0,0.0,0.0,0.0,0.0,0.0,0.0,0.0,0.0,0.0,0.0,0.0,0.0,0.0,0.0,0.0,0.7300563922389625,0.8071786962862951,0.8443272635721526,0.7939095562330606,0.9734832584986663,0.9764106874276497,0.9921374829483043,0.9786558973834364,1.0,1.0,1.0,0.9983333333333333,6.63401454545887e-07,2.790859560838731e-05,0.0003100768929333081,0.0013321466071776278,-0.31708517265582764,-0.27089964606348776,-0.248069661535043,-0.28627593677164676,11.0,12.0,12.0,12.9,1.0,1.0,1.0,1.0,1.0244331844320258,1.3458321601703604,1.5159336227349287,1.3426265259552532,0.8321410526873195,1.0205094623936695,1.2784882040972974,1.0595561490095113,,,,,,,,,,,,,,,,
consensus_median,jitter,4.0,10,20.0,20.0,20.0,20.0,60.0,60.0,60.0,60.0,-0.00015459051886008922,-3.1447938193428354e-05,-1.950803516509419e-06,-0.0004512314562719746,1.950803516509419e-06,3.1447938193428354e-05,0.00015459051886008922,0.0004512314562719746,0.0,0.0,0.0,0.0,0.0,0.0,0.0,0.0,0.5086588937918441,0.5157471356082972,0.5334725338893563,0.5192701422665629,4.0,4.0,4.0,4.0,5040.0,5340.0,6000.0,5424.0,3595.0,3829.0,4305.0,3880.3,0.7131624310480693,0.7146151542377958,0.7170433501683502,0.7153720271223794,0.2829566498316498,0.28538484576220424,0.2868375689519307,0.28462797287762065,115040.0,122528.0,137760.0,124169.6,32.0,32.0,32.0,32.0,0.0,0.0,0.0,0.0,3595.0,3829.0,4305.0,3880.3,0.0,0.0,0.0,0.0,0.0,0.0,0.0,0.0,0.0,0.0,0.0,0.0,0.0,0.0,0.0,0.0,0.0,0.0,0.0,0.0,0.0,0.0,0.0,0.0,0.7385993721990006,0.8236650114596631,0.8409101308351483,0.8021354665201705,0.9641763501830223,0.9752093951199767,0.9869217449982772,0.9757555461025662,1.0,1.0,1.0,0.9966666666666667,1.197306396847846e-05,7.567050481896429e-05,0.0003253182881924044,0.0007895441282490216,-0.3170851728749141,-0.27089928953978204,-0.2480656165137135,-0.28628041240344404,10.25,12.0,14.0,12.9,1.0,1.0,1.0,1.0,1.0244331844320258,1.3458321601703604,1.5159336227349287,1.3426265259552532,0.8090284844157238,0.9682622224680167,1.2441457613483897,1.0187503668421847,,,,,,,,,,,,,,,,
consensus_median,jitter,8.0,10,20.0,20.0,20.0,20.0,60.0,60.0,60.0,60.0,-8.40823720718271e-05,-1.2370328019731242e-05,-8.407742839071258e-07,-0.0006782251100074419,8.407742839071258e-07,1.237032801973124e-05,8.40823720718271e-05,0.0006782251100074419,0.0,0.0,0.0,0.0,0.0,0.0,0.0,0.0,0.9687080138850735,0.9925728755023455,1.0108703587802192,0.9862647421447155,8.0,8.0,8.0,8.0,5040.0,5340.0,6000.0,5424.0,3485.5,3725.5,4217.0,3787.5,0.6944642857142858,0.6976515151515152,0.7019469108398075,0.6982278819915487,0.2980530891601924,0.3023484848484848,0.3055357142857143,0.30177211800845116,111536.0,119216.0,134944.0,121200.0,32.0,32.0,32.0,32.0,0.0,0.0,0.0,0.0,3485.5,3725.5,4217.0,3787.5,0.0,0.0,0.0,0.0,0.0,0.0,0.0,0.0,0.0,0.0,0.0,0.0,0.0,0.0,0.0,0.0,0.0,0.0,0.0,0.0,0.0,0.0,0.0,0.0,0.7665780855130955,0.8031399749280868,0.8403007354196564,0.8086195139701605,0.9540581858925434,0.9700084257730247,0.9874356520565644,0.9697905060756215,0.9666666666666667,0.975,0.9958333333333333,0.9766666666666668,5.691620110931987e-06,2.8567407389665242e-05,0.00020075256469319103,0.001229528252064156,-0.3170851696313621,-0.2709001464032298,-0.24806030578852686,-0.28627662917588176,10.75,13.0,13.75,13.2,1.0,1.0,1.0,1.0,1.0244331844320258,1.3458321601703604,1.5159336227349287,1.3426265259552532,0.8037095564513987,0.9275100466270074,1.174437039088484,0.9777685034626853,,,,,,,,,,,,,,,,
consensus_median,latency,0.0,10,20.0,20.0,20.0,20.0,60.0,60.0,60.0,60.0,-0.004674925613745541,-0.00038241358128662383,-5.41637785283207e-05,-0.020866944423471617,5.41637785283207e-05,0.00038241358128662383,0.004674925613745541,0.020866944423471617,0.0,0.0,0.0,0.0,0.0,0.0,0.0,0.0,0.0,0.0,0.0,0.0,0.0,0.0,0.0,0.0,5040.0,5340.0,6000.0,5424.0,5040.0,5340.0,6000.0,5424.0,1.0,1.0,1.0,1.0,0.0,0.0,0.0,0.0,161280.0,170880.0,192000.0,173568.0,32.0,32.0,32.0,32.0,0.0,0.0,0.0,0.0,5040.0,5340.0,6000.0,5424.0,0.0,0.0,0.0,0.0,0.0,0.0,0.0,0.0,0.0,0.0,0.0,0.0,0.0,0.0,0.0,0.0,0.0,0.0,0.0,0.0,0.0,0.0,0.0,0.0,0.8114747606682085,0.8599951352284371,0.9082570728125441,0.8657678038404789,0.9040093524712616,0.9763842220954819,0.9889876806036689,0.8851186050996578,1.0,1.0,1.0,1.0,0.00016395163288808655,0.0011461298269563555,0.007940571552287536,0.021671196450913748,-0.3170850454888756,-0.2708821267506988,-0.24748975212765184,-0.28594015052065735,14.5,16.5,18.75,16.6,1.0,1.0,1.0,1.0,1.0244331844320258,1.3458321601703604,1.5159336227349287,1.3426265259552532,1.0244331844320258,1.3458321601703604,1.5159336227349283,1.3426265259552532,,,,,,,,,,,,,,,,
consensus_median,latency,1.0,10,20.0,20.0,20.0,20.0,60.0,60.0,60.0,60.0,-0.014926663597525987,-0.005723281320390374,-0.00042468304173936275,-0.028412586482179404,0.00042468304173936275,0.005723281320390374,0.014926663597525987,0.028412586482179404,0.0,0.0,0.0,0.0,0.0,0.0,0.0,0.0,1.0,1.0,1.0,1.0,1.0,1.0,1.0,1.0,5040.0,5340.0,6000.0,5424.0,4956.0,5251.0,5900.0,5333.6,0.9833333333333333,0.9833333333333333,0.9833333333333333,0.9833333333333332,0.01666666666666672,0.01666666666666672,0.01666666666666672,0.01666666666666672,158592.0,168032.0,188800.0,170675.2,32.0,32.0,32.0,32.0,0.0,0.0,0.0,0.0,4956.0,5251.0,5900.0,5333.6,0.0,0.0,0.0,0.0,0.0,0.0,0.0,0.0,0.0,0.0,0.0,0.0,0.0,0.0,0.0,0.0,0.0,0.0,0.0,0.0,0.0,0.0,0.0,0.0,0.8465895786564475,0.8881854976898211,0.9219047435113759,0.8874731599856507,0.825608036122375,0.9563770008236889,0.982628057515249,0.8781493999023098,1.0,1.0,1.0,1.0,0.0010032703144707707,0.011540030633884204,0.021749088034909603,0.03150368033034579,-0.31708244183387624,-0.2708174353797331,-0.24740472811494707,-0.2858143898196789,19.0,21.0,26.0,23.1,1.0,1.0,1.0,1.0,1.0244331844320258,1.3458321601703604,1.5159336227349287,1.3426265259552532,1.0073592980248254,1.3234016241675213,1.4906680623560127,1.3202494171893324,,,,,,,,,,,,,,,,
consensus_median,latency,2.0,10,20.0,20.0,20.0,20.0,60.0,60.0,60.0,60.0,-0.03616300120233034,-0.02108195782991224,-0.002261570440307235,-0.03454483087759314,0.002261570440307235,0.02108195782991224,0.03616300120233034,0.03454483087759314,0.0,0.0,0.0,0.0,0.0,0.0,0.0,0.0,2.0,2.0,2.0,2.0,2.0,2.0,2.0,2.0,5040.0,5340.0,6000.0,5424.0,4872.0,5162.0,5800.0,5243.2,0.9666666666666667,0.9666666666666667,0.9666666666666667,0.9666666666666666,0.033333333333333326,0.033333333333333326,0.033333333333333326,0.033333333333333326,155904.0,165184.0,185600.0,167782.4,32.0,32.0,32.0,32.0,0.0,0.0,0.0,0.0,4872.0,5162.0,5800.0,5243.2,0.0,0.0,0.0,0.0,0.0,0.0,0.0,0.0,0.0,0.0,0.0,0.0,0.0,0.0,0.0,0.0,0.0,0.0,0.0,0.0,0.0,0.0,0.0,0.0,0.8700373477685348,0.9036701011914622,0.9272929048241918,0.8989365954090692,0.7801220094123329,0.9308058978178999,0.9640005877906959,0.8731321143837206,1.0,1.0,1.0,1.0,0.004730315105915095,0.03244095735901764,0.057010552651365606,0.04177813495297785,-0.3170682439269497,-0.2706998798595073,-0.24720711519834743,-0.285712185746422,19.0,24.0,28.0,25.555555555555557,1.0,1.0,1.0,0.9,1.0244331844320258,1.3458321601703604,1.5159336227349287,1.3426265259552532,0.990285411617625,1.3009710881646819,1.4654025019770973,1.2978723084234116,,,,,,,,,,,,,,,,
consensus_median,latency,4.0,10,20.0,20.0,20.0,20.0,60.0,60.0,60.0,60.0,-0.07819337267434756,-0.043334607788155385,-0.011844801307272043,-0.06018179290242964,0.011844801307272043,0.043334607788155385,0.07819337267434756,0.06018179290242964,0.0,0.0,0.0,0.0,0.0,0.0,0.0,0.0,4.0,4.0,4.0,4.0,4.0,4.0,4.0,4.0,5040.0,5340.0,6000.0,5424.0,4704.0,4984.0,5600.0,5062.4,0.9333333333333333,0.9333333333333333,0.9333333333333333,0.9333333333333333,0.06666666666666665,0.06666666666666665,0.06666666666666665,0.06666666666666665,150528.0,159488.0,179200.0,161996.8,32.0,32.0,32.0,32.0,0.0,0.0,0.0,0.0,4704.0,4984.0,5600.0,5062.4,0.0,0.0,0.0,0.0,0.0,0.0,0.0,0.0,0.0,0.0,0.0,0.0,0.0,0.0,0.0,0.0,0.0,0.0,0.0,0.0,0.0,0.0,0.0,0.0,0.8847496643608267,0.9081707072317393,0.9108141382753916,0.902992843421187,0.8281447136155354,0.9137390842148478,0.9506316501969537,0.8926776490824141,0.9416666666666667,0.9666666666666667,0.9833333333333333,0.9566666666666667,0.016683688726221092,0.054774604962130435,0.11158216471159413,0.07370691647358689,-0.31696466795522416,-0.2704358222143488,-0.2462759420697193,-0.285284903046008,24.0,29.0,37.0,32.333333333333336,1.0,1.0,1.0,0.9,1.0244331844320258,1.3458321601703604,1.5159336227349287,1.3426265259552532,0.9561376388032239,1.256110016159003,1.4148713812192664,1.25311809089157,,,,,,,,,,,,,,,,
consensus_median,latency,8.0,10,20.0,20.0,20.0,20.0,60.0,60.0,60.0,60.0,-0.20641721921026207,-0.12122465848290918,-0.04030257151536195,-0.16336762982618624,0.04030257151536195,0.1212246584829092,0.20641721921026207,0.16336762982618624,0.0,0.0,0.0,0.0,0.0,0.0,0.0,0.0,8.0,8.0,8.0,8.0,8.0,8.0,8.0,8.0,5040.0,5340.0,6000.0,5424.0,4368.0,4628.0,5200.0,4700.8,0.8666666666666667,0.8666666666666667,0.8666666666666667,0.8666666666666668,0.1333333333333333,0.1333333333333333,0.1333333333333333,0.1333333333333333,139776.0,148096.0,166400.0,150425.6,32.0,32.0,32.0,32.0,0.0,0.0,0.0,0.0,4368.0,4628.0,5200.0,4700.8,0.0,0.0,0.0,0.0,0.0,0.0,0.0,0.0,0.0,0.0,0.0,0.0,0.0,0.0,0.0,0.0,0.0,0.0,0.0,0.0,0.0,0.0,0.0,0.0,0.8908363746976989,0.9053076853559165,0.9230166047696327,0.9071902668579691,0.9263314664066717,0.9405124127749339,0.9684463687575025,0.9378269548581859,0.6208333333333333,0.7083333333333333,0.8500000000000001,0.7299999999999999,0.0540817502785449,0.14518424628608484,0.2384432438777379,0.19167619129862973,-0.3164044281984815,-0.2691924583889423,-0.24552685097426105,-0.28356513909727876,40.0,40.0,42.25,42.5,0.0,1.0,1.0,0.6,1.0244331844320258,1.3458321601703604,1.5159336227349287,1.3426265259552532,0.8878420931744222,1.1663878721476457,1.3138091397036045,1.1636096558278861,,,,,,,,,,,,,,,,
consensus_median,msg_drop,0.0,10,20.0,20.0,20.0,20.0,60.0,60.0,60.0,60.0,-0.004674925613745541,-0.00038241358128662383,-5.41637785283207e-05,-0.020866944423471617,5.41637785283207e-05,0.00038241358128662383,0.004674925613745541,0.020866944423471617,0.0,0.0,0.0,0.0,0.0,0.0,0.0,0.0,0.0,0.0,0.0,0.0,0.0,0.0,0.0,0.0,5040.0,5340.0,6000.0,5424.0,5040.0,5340.0,6000.0,5424.0,1.0,1.0,1.0,1.0,0.0,0.0,0.0,0.0,161280.0,170880.0,192000.0,173568.0,32.0,32.0,32.0,32.0,0.0,0.0,0.0,0.0,5040.0,5340.0,6000.0,5424.0,0.0,0.0,0.0,0.0,0.0,0.0,0.0,0.0,0.0,0.0,0.0,0.0,0.0,0.0,0.0,0.0,0.0,0.0,0.0,0.0,0.0,0.0,0.0,0.0,0.8114747606682085,0.8599951352284371,0.9082570728125441,0.8657678038404789,0.9040093524712616,0.9763842220954819,0.9889876806036689,0.8851186050996578,1.0,1.0,1.0,1.0,0.00016395163288808655,0.0011461298269563555,0.007940571552287536,0.021671196450913748,-0.3170850454888756,-0.2708821267506988,-0.24748975212765184,-0.28594015052065735,14.5,16.5,18.75,16.6,1.0,1.0,1.0,1.0,1.0244331844320258,1.3458321601703604,1.5159336227349287,1.3426265259552532,1.0244331844320258,1.3458321601703604,1.5159336227349283,1.3426265259552532,,,,,,,,,,,,,,,,
consensus_median,msg_drop,0.1,10,20.0,20.0,20.0,20.0,60.0,60.0,60.0,60.0,-0.001188227908694121,-0.00017913947093221231,-1.0130502449821923e-05,-0.0015172002124733506,1.0130502449821923e-05,0.0001791394709322123,0.001188227908694121,0.0015172002124733506,0.0,0.0,0.0,0.0,0.09877999068250641,0.10271867612293144,0.10337381164587046,0.10125260185705634,0.0,0.0,0.0,0.0,0.0,0.0,0.0,0.0,5040.0,5340.0,6000.0,5424.0,4533.75,4787.0,5381.25,4875.3,0.8966261883541295,0.8972813238770685,0.9012200093174936,0.8987473981429437,0.09877999068250637,0.10271867612293145,0.10337381164587045,0.10125260185705631,145080.0,153184.0,172200.0,156009.6,32.0,32.0,32.0,32.0,0.0,0.0,0.0,0.0,4533.75,4787.0,5381.25,4875.3,0.0,0.0,0.0,0.0,0.0,0.0,0.0,0.0,482.75,553.0,613.5,548.7,0.0,0.0,0.0,0.0,0.0,0.0,0.0,0.0,0.0,0.0,0.0,0.0,0.7839646492711116,0.8508765346693151,0.8775135648747999,0.8384271113937674,0.9508399400394223,0.9677027838247241,0.9830146933428504,0.9493390530321177,1.0,1.0,1.0,1.0,4.907726266227395e-05,0.00046974777872358335,0.002724059885392545,0.0023069477684571965,-0.3170851556042136,-0.2708893203442556,-0.24805757572688658,-0.28626264625750736,11.25,12.5,14.75,13.5,1.0,1.0,1.0,1.0,1.0244331844320258,1.3458321601703604,1.5159336227349287,1.3426265259552532,1.002316302524644,1.289004468589311,1.483943162620112,1.2966025515428263,,,,,,,,,,,,,,,,
consensus_median,msg_drop,0.3,10,20.0,20.0,20.0,20.0,60.0,60.0,60.0,60.0,-1.1621650538778666e-05,-6.173805547707015e-06,-3.7958727048743106e-07,-7.994483564195723e-05,3.7958727048743106e-07,6.173805547707015e-06,1.1621650538778666e-05,7.994483564195723e-05,0.0,0.0,0.0,0.0,0.29615299823633157,0.29915377176015473,0.3033909853249476,0.3001227007656015,0.0,0.0,0.0,0.0,0.0,0.0,0.0,0.0,5040.0,5340.0,6000.0,5424.0,3561.5,3730.5,4171.0,3796.7,0.6966090146750524,0.7008462282398453,0.7038470017636684,0.6998772992343985,0.29615299823633157,0.29915377176015473,0.30339098532494757,0.30012270076560144,113968.0,119376.0,133472.0,121494.4,32.0,32.0,32.0,32.0,0.0,0.0,0.0,0.0,3561.5,3730.5,4171.0,3796.7,0.0,0.0,0.0,0.0,0.0,0.0,0.0,0.0,1457.5,1609.5,1829.0,1627.3,0.0,0.0,0.0,0.0,0.0,0.0,0.0,0.0,0.0,0.0,0.0,0.0,0.7576415743154765,0.7956209353540129,0.8099717498860965,0.7826310637229591,0.9683245040640771,0.9787323383771649,0.9907685987847573,0.9777654987776423,1.0,1.0,1.0,0.9983333333333333,2.0410322111808454e-06,2.126690158226051e-05,3.889428403582557e-05,0.00017502615087188484,-0.31708517298098465,-0.2709008459418264,-0.24807213759259472,-0.28628660051378785,10.25,12.0,13.5,11.8,1.0,1.0,1.0,1.0,1.0244331844320258,1.3458321601703604,1.5159336227349287,1.3426265259552532,0.7523290846794906,0.9585068278325498,1.1559670439757588,0.978214917434881,,,,,,,,,,,,,,,,
consensus_median,msg_drop,0.5,10,20.0,20.0,20.0,20.0,60.0,60.0,60.0,60.0,-5.215079329869562e-05,-2.8099403163679163e-07,-3.942165312016939e-08,-5.477907012798786e-05,3.942165312016939e-08,2.8099403163679163e-07,5.215079329869562e-05,5.477907012798786e-05,0.0,0.0,0.0,0.0,0.4940806878306878,0.49688285570638513,0.5059596555174386,0.4996235639791136,0.0,0.0,0.0,0.0,0.0,0.0,0.0,0.0,5040.0,5340.0,6000.0,5424.0,2550.5,2613.5,3019.0,2715.7,0.49404034448256146,0.5031171442936149,0.5059193121693122,0.5003764360208864,0.4940806878306878,0.49688285570638513,0.5059596555174386,0.4996235639791136,81616.0,83632.0,96608.0,86902.4,32.0,32.0,32.0,32.0,0.0,0.0,0.0,0.0,2550.5,2613.5,3019.0,2715.7,0.0,0.0,0.0,0.0,0.0,0.0,0.0,0.0,2480.5,2726.5,2981.0,2708.3,0.0,0.0,0.0,0.0,0.0,0.0,0.0,0.0,0.0,0.0,0.0,0.0,0.7266349583305726,0.7487598294096407,0.8171132564833534,0.7632981047798524,0.9863026873439593,0.9944198593666543,0.9970659957586724,0.9900217856829666,1.0,1.0,1.0,0.9983333333333333,2.4917677428096274e-07,1.5861054389620875e-06,0.00020017735242440238,0.0001352979393357091,-0.31708517298015737,-0.2709009072154025,-0.24806987705161967,-0.28628701994321304,11.25,12.5,13.75,12.6,1.0,1.0,1.0,1.0,1.0244331844320258,1.3458321601703604,1.5159336227349287,1.3426265259552532,0.3557292448486561,0.4543569557187404,0.6217194377620987,0.4903705255914554,,,,,,,,,,,,,,,,
consensus_median,msg_drop,0.7,10,20.0,20.0,20.0,20.0,60.0,60.0,60.0,60.0,-0.0003315763475045744,-2.2759135804045062e-05,-9.721599779203514e-07,-0.000797893625461982,9.721599779203514e-07,2.2759135804045062e-05,0.0003315763475045744,0.000797893625461982,0.0,0.0,0.0,0.0,0.6952040745376165,0.7012484737484737,0.70645964360587,0.7010229071834448,0.0,0.0,0.0,0.0,0.0,0.0,0.0,0.0,5040.0,5340.0,6000.0,5424.0,1496.75,1555.0,1824.5,1622.7,0.29354035639413,0.29875152625152623,0.30479592546238354,0.29897709281655505,0.6952040745376165,0.7012484737484737,0.70645964360587,0.7010229071834448,47896.0,49760.0,58384.0,51926.4,32.0,32.0,32.0,32.0,0.0,0.0,0.0,0.0,1496.75,1555.0,1824.5,1622.7,0.0,0.0,0.0,0.0,0.0,0.0,0.0,0.0,3512.5,3788.5,4175.5,3801.3,0.0,0.0,0.0,0.0,0.0,0.0,0.0,0.0,0.0,0.0,0.0,0.0,0.7638928318270696,0.7982438996623273,0.8475889731443103,0.8047926167029846,0.9873836518409883,0.9921305807807834,0.9944856559743054,0.9889361444629365,0.9833333333333333,0.9833333333333333,1.0,0.9816666666666667,4.859930086694667e-06,6.826450995041781e-05,0.0012205210086978287,0.0013647407811592884,-0.31708517169748374,-0.2709005749729916,-0.2479907116801567,-0.28627463470062414,12.5,16.0,18.75,16.7,1.0,1.0,1.0,1.0,1.0244331844320258,1.3458321601703604,1.5159336227349287,1.3426265259552532,0.027585435928264974,0.05554342657078728,0.09714241227975981,0.07433397059509786,,,,,,,,,,,,,,,,
consensus_median,msg_drop,1.0,10,20.0,20.0,20.0,20.0,60.0,60.0,60.0,60.0,-19.025110380737974,-16.254054690410573,-14.884474061156599,-17.177275975662912,14.884474061156599,16.254054690410573,19.025110380737974,17.177275975662912,0.0,0.0,0.0,0.0,1.0,1.0,1.0,1.0,0.0,0.0,0.0,0.0,0.0,0.0,0.0,0.0,5040.0,5340.0,6000.0,5424.0,0.0,0.0,0.0,0.0,0.0,0.0,0.0,0.0,1.0,1.0,1.0,1.0,0.0,0.0,0.0,0.0,0.0,0.0,0.0,0.0,0.0,0.0,0.0,0.0,0.0,0.0,0.0,0.0,0.0,0.0,0.0,0.0,0.0,0.0,0.0,0.0,5040.0,5340.0,6000.0,5424.0,0.0,0.0,0.0,0.0,0.0,0.0,0.0,0.0,0.0,0.0,0.0,0.0,1.0,1.0,1.0,1.0,0.0,0.0,0.0,0.0,1.0,1.0,1.0,1.0,14.884474061156602,16.254054690410573,19.02511038073797,17.177275975662912,0.0,0.0,0.0,0.0,,,,,0.0,0.0,0.0,0.0,1.0244331844320258,1.3458321601703604,1.5159336227349287,1.3426265259552532,0.0,0.0,0.0,0.0,,,,,,,,,,,,,,,,
consensus_median,partition,0.0,10,20.0,20.0,20.0,20.0,60.0,60.0,60.0,60.0,-0.004674925613745541,-0.00038241358128662383,-5.41637785283207e-05,-0.020866944423471617,5.41637785283207e-05,0.00038241358128662383,0.004674925613745541,0.020866944423471617,0.0,0.0,0.0,0.0,0.0,0.0,0.0,0.0,0.0,0.0,0.0,0.0,0.0,0.0,0.0,0.0,5040.0,5340.0,6000.0,5424.0,5040.0,5340.0,6000.0,5424.0,1.0,1.0,1.0,1.0,0.0,0.0,0.0,0.0,161280.0,170880.0,192000.0,173568.0,32.0,32.0,32.0,32.0,0.0,0.0,0.0,0.0,5040.0,5340.0,6000.0,5424.0,0.0,0.0,0.0,0.0,0.0,0.0,0.0,0.0,0.0,0.0,0.0,0.0,0.0,0.0,0.0,0.0,0.0,0.0,0.0,0.0,0.0,0.0,0.0,0.0,0.8114747606682085,0.8599951352284371,0.9082570728125441,0.8657678038404789,0.9040093524712616,0.9763842220954819,0.9889876806036689,0.8851186050996578,1.0,1.0,1.0,1.0,0.00016395163288808655,0.0011461298269563555,0.007940571552287536,0.021671196450913748,-0.3170850454888756,-0.2708821267506988,-0.24748975212765184,-0.28594015052065735,14.5,16.5,18.75,16.6,1.0,1.0,1.0,1.0,1.0244331844320258,1.3458321601703604,1.5159336227349287,1.3426265259552532,1.0244331844320258,1.3458321601703604,1.5159336227349283,1.3426265259552532,,,,,,,,,,,,,,,,
consensus_median,partition,0.1,10,20.0,20.0,20.0,20.0,60.0,60.0,60.0,60.0,-4.589854627184451,-1.746555055890183,-0.7030028879264703,-2.53519169352522,0.7030028879264703,1.746555055890183,4.589854627184451,2.53519169352522,0.0,0.0,0.0,0.0,0.0,0.0,0.0,0.0,0.0,0.0,0.0,0.0,0.0,0.0,0.0,0.0,5040.0,5340.0,6000.0,5424.0,4320.0,4800.0,5415.0,4848.0,0.8767857142857143,0.8975815850815851,0.9031914893617021,0.892612896385832,0.09680851063829785,0.10241841491841491,0.12321428571428569,0.10738710361416808,138240.0,153600.0,173280.0,155136.0,32.0,32.0,32.0,32.0,0.0,0.0,0.0,0.0,4320.0,4800.0,5415.0,4848.0,0.0,0.0,0.0,0.0,0.0,0.0,0.0,0.0,0.0,0.0,0.0,0.0,0.0,0.0,0.0,0.0,0.0,0.0,0.0,0.0,0.0,0.0,0.0,0.0,0.9714628098617892,0.9772791836536123,0.9846934135854686,0.976762127676712,0.4010955244980585,0.4574647192674083,0.48885460960555893,0.4771280937012613,0.6375000000000001,1.0,1.0,0.8416666666666668,0.7103787671310323,1.750777108415376,4.597267046889496,2.539019622671343,-0.29234861239498383,-0.2459143379872279,-0.18978172602451493,-0.24403473803562817,48.0,48.0,48.0,48.0,0.0,0.0,0.0,0.1,1.0244331844320258,1.3458321601703604,1.5159336227349287,1.3426265259552532,0.8842162870286436,1.2130110633697608,1.3433138973250773,1.2033878608038124,,,,,,,,,,,,,,,,
consensus_median,partition,0.25,10,20.0,20.0,20.0,20.0,60.0,60.0,60.0,60.0,-6.018120526635769,-4.760047838345243,-2.508460613074772,-5.083391288862081,2.508460613074772,4.760047838345243,6.018120526635769,5.083391288862081,0.0,0.0,0.0,0.0,0.0,0.0,0.0,0.0,0.0,0.0,0.0,0.0,0.0,0.0,0.0,0.0,5040.0,5340.0,6000.0,5424.0,3645.0,4050.0,4485.0,4050.0,0.7083333333333334,0.7526595744680851,0.7805429864253394,0.7448887421416763,0.21945701357466063,0.24734042553191488,0.29166666666666663,0.2551112578583238,116640.0,129600.0,143520.0,129600.0,32.0,32.0,32.0,32.0,0.0,0.0,0.0,0.0,3645.0,4050.0,4485.0,4050.0,0.0,0.0,0.0,0.0,0.0,0.0,0.0,0.0,0.0,0.0,0.0,0.0,0.0,0.0,0.0,0.0,0.0,0.0,0.0,0.0,0.0,0.0,0.0,0.0,0.9874653042075009,0.9891054865202131,0.991134140919161,0.9893339296868111,0.29726788332091475,0.35912289952591964,0.41684045573808803,0.3625338808181512,0.6625,0.825,1.0,0.795,2.508690861560508,4.759854163029219,6.017087332282444,5.084968382761774,-0.23122949669748682,-0.21716517607396096,-0.1601187888541638,-0.20156474478001388,,,,,0.0,0.0,0.0,0.0,1.0244331844320258,1.3458321601703604,1.5159336227349287,1.3426265259552532,0.5686907553582905,0.6983085111830164,0.7270296305536392,0.6997044264029464,,,,,,,,,,,,,,,,
consensus_median,partition,0.5,10,20.0,20.0,20.0,20.0,60.0,60.0,60.0,60.0,-9.992560698124429,-8.853857401281598,-7.496231096797577,-8.751386590454333,7.496231096797577,8.853857401281598,9.992560698124429,8.751386590454333,0.0,0.0,0.0,0.0,0.0,0.0,0.0,0.0,0.0,0.0,0.0,0.0,0.0,0.0,0.0,0.0,5040.0,5340.0,6000.0,5424.0,2265.0,2670.0,3195.0,2718.0,0.4748168498168498,0.4935185185185186,0.5197050290135397,0.4973734680669056,0.48029497098646035,0.5064814814814814,0.5251831501831502,0.5026265319330944,72480.0,85440.0,102240.0,86976.0,32.0,32.0,32.0,32.0,0.0,0.0,0.0,0.0,2265.0,2670.0,3195.0,2718.0,0.0,0.0,0.0,0.0,0.0,0.0,0.0,0.0,0.0,0.0,0.0,0.0,0.0,0.0,0.0,0.0,0.0,0.0,0.0,0.0,0.0,0.0,0.0,0.0,0.9915240643568541,0.9937504703413832,0.9979929167032993,0.9922393196862718,0.21491389520824605,0.2885468854795278,0.32885838261242245,0.3195917534958899,0.4416666666666667,1.0,1.0,0.765,7.495805125913977,8.853857464701223,9.992744129598933,8.752411613456278,-0.18752346290371308,-0.1640559414473051,-0.08741155423848046,-0.14043148975347633,,,,,0.0,0.0,0.0,0.0,1.0244331844320258,1.3458321601703604,1.5159336227349287,1.3426265259552532,4.7512287924996306e-17,1.466400018336613e-16,4.3884122419875164e-16,2.1024380820900604e-16,,,,,,,,,,,,,,,,
consensus_median,sensor_noise,0.0,10,20.0,20.0,20.0,20.0,60.0,60.0,60.0,60.0,-0.004674925613745541,-0.00038241358128662383,-5.41637785283207e-05,-0.020866944423471617,5.41637785283207e-05,0.00038241358128662383,0.004674925613745541,0.020866944423471617,0.0,0.0,0.0,0.0,0.0,0.0,0.0,0.0,0.0,0.0,0.0,0.0,0.0,0.0,0.0,0.0,5040.0,5340.0,6000.0,5424.0,5040.0,5340.0,6000.0,5424.0,1.0,1.0,1.0,1.0,0.0,0.0,0.0,0.0,161280.0,170880.0,192000.0,173568.0,32.0,32.0,32.0,32.0,0.0,0.0,0.0,0.0,5040.0,5340.0,6000.0,5424.0,0.0,0.0,0.0,0.0,0.0,0.0,0.0,0.0,0.0,0.0,0.0,0.0,0.0,0.0,0.0,0.0,0.0,0.0,0.0,0.0,0.0,0.0,0.0,0.0,0.8114747606682085,0.8599951352284371,0.9082570728125441,0.8657678038404789,0.9040093524712616,0.9763842220954819,0.9889876806036689,0.8851186050996578,1.0,1.0,1.0,1.0,0.00016395163288808655,0.0011461298269563555,0.007940571552287536,0.021671196450913748,-0.3170850454888756,-0.2708821267506988,-0.24748975212765184,-0.28594015052065735,14.5,16.5,18.75,16.6,1.0,1.0,1.0,1.0,1.0244331844320258,1.3458321601703604,1.5159336227349287,1.3426265259552532,1.0244331844320258,1.3458321601703604,1.5159336227349283,1.3426265259552532,,,,,,,,,,,,,,,,
consensus_median,sensor_noise,0.1,10,20.0,20.0,20.0,20.0,60.0,60.0,60.0,60.0,-0.006563621092158979,-0.006082439177880327,-0.004757431520676989,-0.005722383520249792,0.004757431520676989,0.006082439177880327,0.006563621092158979,0.005722383520249792,0.0,0.0,0.0,0.0,0.0,0.0,0.0,0.0,0.0,0.0,0.0,0.0,0.0,0.0,0.0,0.0,5040.0,5340.0,6000.0,5424.0,5040.0,5340.0,6000.0,5424.0,1.0,1.0,1.0,1.0,0.0,0.0,0.0,0.0,161280.0,170880.0,192000.0,173568.0,32.0,32.0,32.0,32.0,0.0,0.0,0.0,0.0,5040.0,5340.0,6000.0,5424.0,0.0,0.0,0.0,0.0,0.0,0.0,0.0,0.0,0.0,0.0,0.0,0.0,0.0,0.0,0.0,0.0,0.0,0.0,0.0,0.0,0.0,0.0,0.0,0.0,0.8187744338363008,0.8420123492314353,0.8628185448971659,0.833115077667486,0.8295661496346374,0.8827477857319653,0.9234617678910191,0.8787310077718509,0.6291666666666667,0.7,0.7291666666666666,0.6866666666666668,0.006149240107650106,0.006406379677621988,0.007785093722997374,0.007002477051588596,-0.31702487382680894,-0.27080096852912644,-0.24797817708716596,-0.2861925598690444,11.25,13.5,14.0,13.1,1.0,1.0,1.0,1.0,1.0244331844320258,1.3458321601703604,1.5159336227349287,1.3426265259552532,1.0244331844320258,1.3458321601703604,1.5159336227349283,1.3426265259552532,,,,,,,,,,,,,,,,
consensus_median,sensor_noise,0.3,10,20.0,20.0,20.0,20.0,60.0,60.0,60.0,60.0,-0.05920654715342004,-0.053677628333750144,-0.04280630128156796,-0.05165239153764437,0.04280630128156796,0.053677628333750144,0.05920654715342004,0.05165239153764437,0.0,0.0,0.0,0.0,0.0,0.0,0.0,0.0,0.0,0.0,0.0,0.0,0.0,0.0,0.0,0.0,5040.0,5340.0,6000.0,5424.0,5040.0,5340.0,6000.0,5424.0,1.0,1.0,1.0,1.0,0.0,0.0,0.0,0.0,161280.0,170880.0,192000.0,173568.0,32.0,32.0,32.0,32.0,0.0,0.0,0.0,0.0,5040.0,5340.0,6000.0,5424.0,0.0,0.0,0.0,0.0,0.0,0.0,0.0,0.0,0.0,0.0,0.0,0.0,0.0,0.0,0.0,0.0,0.0,0.0,0.0,0.0,0.0,0.0,0.0,0.0,0.8621829489755317,0.8994423814445442,0.9160082005675035,0.8923864781377635,0.6161502965808836,0.6932339592283694,0.7904000936479674,0.6760237323097179,0.5708333333333333,0.6000000000000001,0.6333333333333333,0.6033333333333333,0.05488722102433717,0.05712551308664061,0.06867214788171858,0.0624738649306585,-0.31654239637307696,-0.2700000424805522,-0.2472338745499922,-0.28542705973542115,11.25,14.0,15.75,14.2,1.0,1.0,1.0,1.0,1.0244331844320258,1.3458321601703604,1.5159336227349287,1.3426265259552532,1.0244331844320258,1.3458321601703604,1.5159336227349283,1.3426265259552532,,,,,,,,,,,,,,,,
consensus_median,sensor_noise,0.5,10,20.0,20.0,20.0,20.0,60.0,60.0,60.0,60.0,-0.16443909867179607,-0.148590924301168,-0.11890482275753744,-0.1435872123766093,0.11890482275753744,0.148590924301168,0.16443909867179607,0.1435872123766093,0.0,0.0,0.0,0.0,0.0,0.0,0.0,0.0,0.0,0.0,0.0,0.0,0.0,0.0,0.0,0.0,5040.0,5340.0,6000.0,5424.0,5040.0,5340.0,6000.0,5424.0,1.0,1.0,1.0,1.0,0.0,0.0,0.0,0.0,161280.0,170880.0,192000.0,173568.0,32.0,32.0,32.0,32.0,0.0,0.0,0.0,0.0,5040.0,5340.0,6000.0,5424.0,0.0,0.0,0.0,0.0,0.0,0.0,0.0,0.0,0.0,0.0,0.0,0.0,0.0,0.0,0.0,0.0,0.0,0.0,0.0,0.0,0.0,0.0,0.0,0.0,0.8932135160272467,0.9255496995583408,0.938373828508116,0.8997422278881629,0.5126113260242544,0.5886646970318972,0.7054934542288325,0.5977200858774327,0.5333333333333333,0.575,0.6125,0.5733333333333333,0.15240966917875612,0.1586443886742171,0.19001732532660945,0.17333497536207437,-0.3155774298275806,-0.26839724769396045,-0.24575222682884326,-0.28389481272143835,13.25,16.5,18.0,17.8,1.0,1.0,1.0,1.0,1.0244331844320258,1.3458321601703604,1.5159336227349287,1.3426265259552532,1.0244331844320258,1.3458321601703604,1.5159336227349283,1.3426265259552532,,,,,,,,,,,,,,,,
consensus_median,sensor_noise,1.0,10,20.0,20.0,20.0,20.0,60.0,60.0,60.0,60.0,-0.6578033744322798,-0.5932166883272041,-0.4756170036439892,-0.5746670896644159,0.4756170036439892,0.5932166883272041,0.6578033744322798,0.5746670896644159,0.0,0.0,0.0,0.0,0.0,0.0,0.0,0.0,0.0,0.0,0.0,0.0,0.0,0.0,0.0,0.0,5040.0,5340.0,6000.0,5424.0,5040.0,5340.0,6000.0,5424.0,1.0,1.0,1.0,1.0,0.0,0.0,0.0,0.0,161280.0,170880.0,192000.0,173568.0,32.0,32.0,32.0,32.0,0.0,0.0,0.0,0.0,5040.0,5340.0,6000.0,5424.0,0.0,0.0,0.0,0.0,0.0,0.0,0.0,0.0,0.0,0.0,0.0,0.0,0.0,0.0,0.0,0.0,0.0,0.0,0.0,0.0,0.0,0.0,0.0,0.0,0.8500306634177481,0.9476980923592079,0.9651013362815176,0.9018304992748837,0.2843829889576768,0.6018409318488234,0.7954920247844898,0.5431927347150174,0.5208333333333334,0.5333333333333333,0.5875,0.5466666666666666,0.6093847619048967,0.6345369762467774,0.7586163345500906,0.6929143352250922,-0.3110541561412892,-0.2624152032690628,-0.23804718987881762,-0.27671014809997496,,,,,0.0,0.0,0.0,0.0,1.0244331844320258,1.3458321601703604,1.5159336227349287,1.3426265259552532,1.0244331844320258,1.3458321601703604,1.5159336227349283,1.3426265259552532,,,,,,,,,,,,,,,,
consensus_median,spoof,0.0,10,20.0,20.0,20.0,20.0,60.0,60.0,60.0,60.0,-0.004674925613745541,-0.00038241358128662383,-5.41637785283207e-05,-0.020866944423471617,5.41637785283207e-05,0.00038241358128662383,0.004674925613745541,0.020866944423471617,0.0,0.0,0.0,0.0,0.0,0.0,0.0,0.0,0.0,0.0,0.0,0.0,0.0,0.0,0.0,0.0,5040.0,5340.0,6000.0,5424.0,5040.0,5340.0,6000.0,5424.0,1.0,1.0,1.0,1.0,0.0,0.0,0.0,0.0,161280.0,170880.0,192000.0,173568.0,32.0,32.0,32.0,32.0,0.0,0.0,0.0,0.0,5040.0,5340.0,6000.0,5424.0,0.0,0.0,0.0,0.0,0.0,0.0,0.0,0.0,0.0,0.0,0.0,0.0,0.0,0.0,0.0,0.0,0.0,0.0,0.0,0.0,0.0,0.0,0.0,0.0,0.8114747606682085,0.8599951352284371,0.9082570728125441,0.8657678038404789,0.9040093524712616,0.9763842220954819,0.9889876806036689,0.8851186050996578,1.0,1.0,1.0,1.0,0.00016395163288808655,0.0011461298269563555,0.007940571552287536,0.021671196450913748,-0.3170850454888756,-0.2708821267506988,-0.24748975212765184,-0.28594015052065735,14.5,16.5,18.75,16.6,1.0,1.0,1.0,1.0,1.0244331844320258,1.3458321601703604,1.5159336227349287,1.3426265259552532,1.0244331844320258,1.3458321601703604,1.5159336227349283,1.3426265259552532,,,,,,,,,,,,,,,,
consensus_median,spoof,0.1,10,20.0,20.0,20.0,20.0,60.0,60.0,60.0,60.0,-0.01165151891326517,-0.0077682902344603615,-0.0011597661182645126,-0.020108909534811585,0.0011597661182645126,0.0077682902344603615,0.01165151891326517,0.020108909534811585,0.10128119589831643,0.1080192946947077,0.11208079015906099,0.1073810625123515,0.0,0.0,0.0,0.0,0.0,0.0,0.0,0.0,0.0,0.0,0.0,0.0,5040.0,5340.0,6000.0,5424.0,5040.0,5340.0,6000.0,5424.0,1.0,1.0,1.0,1.0,0.0,0.0,0.0,0.0,161280.0,170880.0,192000.0,173568.0,32.0,32.0,32.0,32.0,0.0,0.0,0.0,0.0,4535.25,4790.5,5382.0,4879.4,0.0,0.0,0.0,0.0,488.25,549.5,603.0,544.6,0.0,0.0,0.0,0.0,0.0,0.0,0.0,0.0,0.0,0.0,0.0,0.0,0.0,0.0,0.0,0.0,0.8309854171877316,0.8635483457952419,0.9017709825216349,0.8535313445029542,0.7835928177407252,0.8790429302920533,0.9152827103730403,0.841538804444459,0.7916666666666666,0.8416666666666667,0.85,0.835,0.018242189796923082,0.02805103193152038,0.04796166259001204,0.03593583585851319,-0.31702916951363735,-0.26973801763043403,-0.24806078895686126,-0.28595278443546834,12.25,14.0,14.75,14.4,1.0,1.0,1.0,1.0,1.0244331844320258,1.3458321601703604,1.5159336227349287,1.3426265259552532,1.0244331844320258,1.3458321601703604,1.5159336227349283,1.3426265259552532,,,,,,,,,,,,,,,,
consensus_median,spoof,0.3,10,20.0,20.0,20.0,20.0,60.0,60.0,60.0,60.0,-0.13261304912295888,-0.10172451613458122,-0.04944756653133009,-0.11614095051310422,0.04944756653133009,0.10172451613458122,0.13261304912295888,0.11614095051310422,0.30053440551319843,0.3094860444997116,0.31255832432949104,0.3082142185639628,0.0,0.0,0.0,0.0,0.0,0.0,0.0,0.0,0.0,0.0,0.0,0.0,5040.0,5340.0,6000.0,5424.0,5040.0,5340.0,6000.0,5424.0,1.0,1.0,1.0,1.0,0.0,0.0,0.0,0.0,161280.0,170880.0,192000.0,173568.0,32.0,32.0,32.0,32.0,0.0,0.0,0.0,0.0,3534.0,3754.5,4193.75,3808.6,0.0,0.0,0.0,0.0,1492.0,1585.5,1806.25,1615.4,0.0,0.0,0.0,0.0,0.0,0.0,0.0,0.0,0.0,0.0,0.0,0.0,0.0,0.0,0.0,0.0,0.7989042662412127,0.8734759407040587,0.9462328628428148,0.8639542971002852,0.4473713746525414,0.7643893709976954,0.8738476863819413,0.6530064479952065,0.6166666666666667,0.6333333333333333,0.65,0.6383333333333332,0.07325317706564742,0.08353456612665354,0.10332368576542214,0.08750082724170141,-0.31671300148104836,-0.2687016085673737,-0.24503728344514594,-0.28435225041916345,9.25,12.0,14.0,11.9,1.0,1.0,1.0,1.0,1.0244331844320258,1.3458321601703604,1.5159336227349287,1.3426265259552532,1.0244331844320258,1.3458321601703604,1.5159336227349283,1.3426265259552532,,,,,,,,,,,,,,,,
consensus_median,spoof,0.5,10,20.0,20.0,20.0,20.0,60.0,60.0,60.0,60.0,-0.41274008427409686,-0.3396718594873934,-0.2858628773792059,-0.3593307282197825,0.2858628773792059,0.3396718594873934,0.41274008427409686,0.3593307282197825,0.5194280533578981,0.5272591079913275,0.5303224221867933,0.5244532450597599,0.0,0.0,0.0,0.0,0.0,0.0,0.0,0.0,0.0,0.0,0.0,0.0,5040.0,5340.0,6000.0,5424.0,5040.0,5340.0,6000.0,5424.0,1.0,1.0,1.0,1.0,0.0,0.0,0.0,0.0,161280.0,170880.0,192000.0,173568.0,32.0,32.0,32.0,32.0,0.0,0.0,0.0,0.0,2479.5,2610.5,2967.0,2694.7,0.0,0.0,0.0,0.0,2537.5,2729.5,3033.0,2729.3,0.0,0.0,0.0,0.0,0.0,0.0,0.0,0.0,0.0,0.0,0.0,0.0,0.0,0.0,0.0,0.0,0.9409918693239403,0.9488730611332507,0.956745257423109,0.9386616115917101,0.33621186682203774,0.4263085085180623,0.4603014579983773,0.4373946589354176,0.5583333333333333,0.5833333333333334,0.6,0.5816666666666666,0.3353312467738528,0.3606177621642456,0.4361406415188864,0.37404933207154095,-0.3108707502183524,-0.263724413081572,-0.24149605988547868,-0.2802990874573855,12.5,21.5,25.0,21.875,1.0,1.0,1.0,0.8,1.0244331844320258,1.3458321601703604,1.5159336227349287,1.3426265259552532,1.0244331844320258,1.3458321601703604,1.5159336227349283,1.3426265259552532,,,,,,,,,,,,,,,,
consensus_median,spoof,1.0,10,20.0,20.0,20.0,20.0,60.0,60.0,60.0,60.0,-1.4505747163947291,-1.2876179018339753,-0.9870031194067179,-1.2568143495490223,0.9870031194067179,1.2876179018339753,1.4505747163947291,1.2568143495490223,1.0692565589316456,1.074518950891727,1.0875669677335915,1.080870399111134,0.0,0.0,0.0,0.0,0.0,0.0,0.0,0.0,0.0,0.0,0.0,0.0,5040.0,5340.0,6000.0,5424.0,5040.0,5340.0,6000.0,5424.0,1.0,1.0,1.0,1.0,0.0,0.0,0.0,0.0,161280.0,170880.0,192000.0,173568.0,32.0,32.0,32.0,32.0,0.0,0.0,0.0,0.0,0.0,0.0,0.0,0.0,0.0,0.0,0.0,0.0,5040.0,5340.0,6000.0,5424.0,0.0,0.0,0.0,0.0,0.0,0.0,0.0,0.0,0.0,0.0,0.0,0.0,0.0,0.0,0.0,0.0,0.9427314211910975,0.9776577412115199,0.9820405833592276,0.9378719590254343,0.23032260330274756,0.24766972429648698,0.42710238789462107,0.3551661778803359,0.5333333333333333,0.55,0.5750000000000001,0.5416666666666667,1.180072352763319,1.2307221321146846,1.4972109600390537,1.284065992493642,-0.29814259639977075,-0.25183168364109537,-0.2199424825433301,-0.2653410271018982,,,,,0.0,0.0,0.0,0.0,1.0244331844320258,1.3458321601703604,1.5159336227349287,1.3426265259552532,1.0244331844320258,1.3458321601703604,1.5159336227349283,1.3426265259552532,,,,,,,,,,,,,,,,
consensus_trimmed,bandwidth,0.0,10,20.0,20.0,20.0,20.0,60.0,60.0,60.0,60.0,-1.5780574396223966e-05,-1.692238516552684e-06,-3.721970873338862e-07,-0.00014547604682297777,3.721970873338862e-07,1.692238516552684e-06,1.5780574396223966e-05,0.00014547604682297777,0.0,0.0,0.0,0.0,0.0,0.0,0.0,0.0,0.0,0.0,0.0,0.0,0.0,0.0,0.0,0.0,5040.0,5340.0,6000.0,5424.0,5040.0,5340.0,6000.0,5424.0,1.0,1.0,1.0,1.0,0.0,0.0,0.0,0.0,161280.0,170880.0,192000.0,173568.0,32.0,32.0,32.0,32.0,0.0,0.0,0.0,0.0,5040.0,5340.0,6000.0,5424.0,0.0,0.0,0.0,0.0,0.0,0.0,0.0,0.0,0.0,0.0,0.0,0.0,0.0,0.0,0.0,0.0,0.0,0.0,0.0,0.0,0.0,0.0,0.0,0.0,0.7634644933715233,0.7730476808604079,0.8068028883272419,0.7890688686432037,0.9786085149156196,0.9888952492176702,0.9951932410286084,0.9856946066701651,1.0,1.0,1.0,1.0,1.6501630824034033e-06,9.585989367965389e-06,5.193399744699431e-05,0.00029361933047583903,-0.3170851721640698,-0.2709007508837853,-0.24805956409227675,-0.28628550832693483,11.0,12.0,15.0,12.5,1.0,1.0,1.0,1.0,1.0244331844320258,1.3458321601703604,1.5159336227349287,1.3426265259552532,1.0244331844320258,1.3458321601703604,1.5159336227349283,1.3426265259552532,,,,,,,,,,,,,,,,
consensus_trimmed,bandwidth,1.0,10,20.0,20.0,20.0,20.0,60.0,60.0,60.0,60.0,-80.13749999879884,-54.57500000005497,-1.5095640863875252e-18,-48.16094999922798,1.5095640863875252e-18,54.57500000005497,80.13749999879884,48.16094999922798,0.6137884654667416,1.7546100248265915,2.509605016550341,1.6571285322039735,0.0,0.0,0.0,0.0,0.0,0.0,0.0,0.0,0.0,0.0,0.0,0.0,5040.0,5340.0,6000.0,5424.0,5040.0,5340.0,6000.0,5424.0,1.0,1.0,1.0,1.0,0.0,0.0,0.0,0.0,5040.0,5340.0,6000.0,5424.0,1.0,1.0,1.0,1.0,0.0,0.0,0.0,0.0,5040.0,5340.0,6000.0,5424.0,0.0,0.0,0.0,0.0,0.0,0.0,0.0,0.0,0.0,0.0,0.0,0.0,0.0,0.0,0.0,0.0,0.0,0.0,0.0,0.0,0.0,0.0,0.0,0.0,0.45941980854278547,1.0,1.0,0.7777764060982313,0.0,0.0,0.9799724954023425,0.3955332544180412,0.041666666666666664,0.8833333333333333,0.9291666666666667,0.5716666666666665,2.84452941375162e-15,54.57500000148695,80.13749996750457,48.160949979114136,-0.27717664033927325,0.5623123723390531,1.0115857150826295,0.5163945670594178,7.75,11.0,14.5,11.25,0.0,0.0,1.0,0.4,1.0244331844320258,1.3458321601703604,1.5159336227349287,1.3426265259552532,1.0244331844320258,1.3458321601703604,1.5159336227349283,1.3426265259552532,,,,,,,,,,,,,,,,
consensus_trimmed,bandwidth,2.0,10,20.0,20.0,20.0,20.0,60.0,60.0,60.0,60.0,-7.898763888790223,-7.0638888889628495,-1.3041666667028775,-5.473011111075836,1.3041666667028775,7.0638888889628495,7.898763888790223,5.473011111075836,0.0814776849578717,0.2307659404473133,0.28351405738251817,0.19228989414615585,0.0,0.0,0.0,0.0,0.0,0.0,0.0,0.0,0.0,0.0,0.0,0.0,5040.0,5340.0,6000.0,5424.0,5040.0,5340.0,6000.0,5424.0,1.0,1.0,1.0,1.0,0.0,0.0,0.0,0.0,10080.0,10680.0,12000.0,10848.0,2.0,2.0,2.0,2.0,0.0,0.0,0.0,0.0,5040.0,5340.0,6000.0,5424.0,0.0,0.0,0.0,0.0,0.0,0.0,0.0,0.0,0.0,0.0,0.0,0.0,0.0,0.0,0.0,0.0,0.0,0.0,0.0,0.0,0.0,0.0,0.0,0.0,0.48273536424252694,0.61997241037843,0.7325985530300937,0.6515705849373505,0.8572222635642995,0.908197583966713,0.9723910043742818,0.7671059786492703,0.175,0.8999999999999999,0.9833333333333334,0.6366666666666665,1.3041666676463035,7.063888890889799,7.898763886219628,5.473011110156777,-0.2771766403392732,-0.18267749723094506,-0.13562817547599668,-0.19507108107645127,7.0,7.0,10.5,9.333333333333334,0.0,0.0,0.75,0.3,1.0244331844320258,1.3458321601703604,1.5159336227349287,1.3426265259552532,1.0244331844320258,1.3458321601703604,1.5159336227349283,1.3426265259552532,,,,,,,,,,,,,,,,
consensus_trimmed,bandwidth,3.0,10,20.0,20.0,20.0,20.0,60.0,60.0,60.0,60.0,-1.4729693877475347,-0.6346938776406523,-1.223596213712353e-19,-0.8561010204117953,1.223596213712353e-19,0.6346938776406523,1.4729693877475347,0.8561010204117953,0.009119498211203165,0.022728857672868114,0.0465601803786104,0.026692926407542367,0.0,0.0,0.0,0.0,0.0,0.0,0.0,0.0,0.0,0.0,0.0,0.0,5040.0,5340.0,6000.0,5424.0,5040.0,5340.0,6000.0,5424.0,1.0,1.0,1.0,1.0,0.0,0.0,0.0,0.0,15120.0,16020.0,18000.0,16272.0,3.0,3.0,3.0,3.0,0.0,0.0,0.0,0.0,5040.0,5340.0,6000.0,5424.0,0.0,0.0,0.0,0.0,0.0,0.0,0.0,0.0,0.0,0.0,0.0,0.0,0.0,0.0,0.0,0.0,0.0,0.0,0.0,0.0,0.0,0.0,0.0,0.0,0.45914166564525316,0.537391955752661,0.7716525275690916,0.6280884716696484,0.7681030612763284,0.9469607097254095,0.9874138835334776,0.8092586439683831,0.5291666666666667,1.0,1.0,0.7766666666666666,2.305669173758093e-16,0.6346938799759148,1.4729693875504144,0.8561010205064423,-0.31708517301229955,-0.2709009115068429,-0.22007711870752775,-0.27201958258751857,8.0,10.0,13.0,10.8,0.0,0.5,1.0,0.5,1.0244331844320258,1.3458321601703604,1.5159336227349287,1.3426265259552532,1.0244331844320258,1.3458321601703604,1.5159336227349283,1.3426265259552532,,,,,,,,,,,,,,,,
consensus_trimmed,bandwidth,4.0,10,20.0,20.0,20.0,20.0,60.0,60.0,60.0,60.0,-0.46392444446628567,-0.3206711111275785,-0.3062199999911648,-0.31885355557757955,0.3062199999911648,0.3206711111275785,0.46392444446628567,0.31885355557757955,0.00721993321213491,0.008809425799775002,0.011284133575305074,0.008674459989873626,0.0,0.0,0.0,0.0,0.0,0.0,0.0,0.0,0.0,0.0,0.0,0.0,5040.0,5340.0,6000.0,5424.0,5040.0,5340.0,6000.0,5424.0,1.0,1.0,1.0,1.0,0.0,0.0,0.0,0.0,20160.0,21360.0,24000.0,21696.0,4.0,4.0,4.0,4.0,0.0,0.0,0.0,0.0,5040.0,5340.0,6000.0,5424.0,0.0,0.0,0.0,0.0,0.0,0.0,0.0,0.0,0.0,0.0,0.0,0.0,0.0,0.0,0.0,0.0,0.0,0.0,0.0,0.0,0.0,0.0,0.0,0.0,0.7917613504570028,0.9694260801242479,0.9736959719241457,0.8371460499592782,0.3351624344201226,0.41019974436651363,0.7922296059213287,0.5550504293232279,1.0,1.0,1.0,0.8883333333333333,0.3062199997609664,0.3206711115566,0.4639244450353146,0.3188535561513798,-0.31330464523478524,-0.26713120780243743,-0.24090420657470285,-0.2809737070014222,9.25,10.5,11.75,10.5,0.0,0.0,0.0,0.2,1.0244331844320258,1.3458321601703604,1.5159336227349287,1.3426265259552532,1.0244331844320258,1.3458321601703604,1.5159336227349283,1.3426265259552532,,,,,,,,,,,,,,,,
consensus_trimmed,bandwidth,8.0,10,20.0,20.0,20.0,20.0,60.0,60.0,60.0,60.0,-0.003969763191632758,-0.001637233794015339,-0.0009643578790669719,-0.0038465089466421043,0.0009643578790669719,0.001637233794015339,0.003969763191632758,0.0038465089466421043,3.372369821240479e-05,4.22145273567838e-05,4.916309342172407e-05,4.041183515877014e-05,0.0,0.0,0.0,0.0,0.0,0.0,0.0,0.0,0.0,0.0,0.0,0.0,5040.0,5340.0,6000.0,5424.0,5040.0,5340.0,6000.0,5424.0,1.0,1.0,1.0,1.0,0.0,0.0,0.0,0.0,40320.0,42720.0,48000.0,43392.0,8.0,8.0,8.0,8.0,0.0,0.0,0.0,0.0,5040.0,5340.0,6000.0,5424.0,0.0,0.0,0.0,0.0,0.0,0.0,0.0,0.0,0.0,0.0,0.0,0.0,0.0,0.0,0.0,0.0,0.0,0.0,0.0,0.0,0.0,0.0,0.0,0.0,0.8662356605921019,0.8786197262595197,0.8856201076745666,0.8446343449820329,0.7734682681900192,0.7894019606497944,0.8367793601707059,0.8041303070815011,1.0,1.0,1.0,1.0,0.0009644565586172243,0.0016372848652338404,0.0039699040539986265,0.0038468272475816203,-0.31708144306741465,-0.2708555551280585,-0.24786586297239072,-0.28622382444527117,11.0,11.5,15.0,12.6,1.0,1.0,1.0,1.0,1.0244331844320258,1.3458321601703604,1.5159336227349287,1.3426265259552532,1.0244331844320258,1.3458321601703604,1.5159336227349283,1.3426265259552532,,,,,,,,,,,,,,,,
consensus_trimmed,byzantine,0.0,10,20.0,20.0,20.0,20.0,60.0,60.0,60.0,60.0,-1.5780574396223966e-05,-1.692238516552684e-06,-3.721970873338862e-07,-0.00014547604682297777,3.721970873338862e-07,1.692238516552684e-06,1.5780574396223966e-05,0.00014547604682297777,0.0,0.0,0.0,0.0,0.0,0.0,0.0,0.0,0.0,0.0,0.0,0.0,0.0,0.0,0.0,0.0,5040.0,5340.0,6000.0,5424.0,5040.0,5340.0,6000.0,5424.0,1.0,1.0,1.0,1.0,0.0,0.0,0.0,0.0,161280.0,170880.0,192000.0,173568.0,32.0,32.0,32.0,32.0,0.0,0.0,0.0,0.0,5040.0,5340.0,6000.0,5424.0,0.0,0.0,0.0,0.0,0.0,0.0,0.0,0.0,0.0,0.0,0.0,0.0,0.0,0.0,0.0,0.0,0.0,0.0,0.0,0.0,0.0,0.0,0.0,0.0,0.7634644933715233,0.7730476808604079,0.8068028883272419,0.7890688686432037,0.9786085149156196,0.9888952492176702,0.9951932410286084,0.9856946066701651,1.0,1.0,1.0,1.0,1.6501630824034033e-06,9.585989367965389e-06,5.193399744699431e-05,0.00029361933047583903,-0.3170851721640698,-0.2709007508837853,-0.24805956409227675,-0.28628550832693483,11.0,12.0,15.0,12.5,1.0,1.0,1.0,1.0,1.0244331844320258,1.3458321601703604,1.5159336227349287,1.3426265259552532,1.0244331844320258,1.3458321601703604,1.5159336227349283,1.3426265259552532,,,,,,,,,,,,,,,,
consensus_trimmed,byzantine,0.1,10,20.0,20.0,20.0,20.0,60.0,60.0,60.0,60.0,-0.140487636023765,-0.04188619648546666,-0.011023046198068567,-0.07609098251735943,0.011023046198068567,0.04188619648546666,0.140487636023765,0.07609098251735943,0.0,0.0,0.0,0.0,0.0,0.0,0.0,0.0,0.0,0.0,0.0,0.0,0.0,0.0,0.0,0.0,5040.0,5340.0,6000.0,5424.0,5040.0,5340.0,6000.0,5424.0,1.0,1.0,1.0,1.0,0.0,0.0,0.0,0.0,161280.0,170880.0,192000.0,173568.0,32.0,32.0,32.0,32.0,0.0,0.0,0.0,0.0,5040.0,5340.0,6000.0,5424.0,0.0,0.0,0.0,0.0,0.0,0.0,0.0,0.0,0.0,0.0,0.0,0.0,0.0,0.0,0.0,0.0,0.0,0.0,0.0,0.0,0.0,0.0,0.0,0.0,0.8383785656978516,0.8529660441080971,0.8843997249018677,0.8542471099432948,0.5066115600294709,0.6258645032997145,0.7751604120988655,0.6577334866687338,0.5833333333333334,0.6166666666666667,0.75,0.6983333333333334,0.0732408736212585,0.1998123239545234,0.33515834205415657,0.20304619415809633,-0.31571892523607886,-0.26991125663082816,-0.24805437496347738,-0.28501974988575923,10.5,12.0,13.75,12.2,1.0,1.0,1.0,1.0,1.0244331844320258,1.3458321601703604,1.5159336227349287,1.3426265259552532,1.0244331844320258,1.3458321601703604,1.5159336227349283,1.3426265259552532,,,,,,,,,,,,,,,,
consensus_trimmed,byzantine,0.25,10,20.0,20.0,20.0,20.0,60.0,60.0,60.0,60.0,-0.752971958630267,-0.5790133807512465,-0.41925612359119263,-0.6457899659361159,0.41925612359119263,0.5790133807512465,0.752971958630267,0.6457899659361159,0.0,0.0,0.0,0.0,0.0,0.0,0.0,0.0,0.0,0.0,0.0,0.0,0.0,0.0,0.0,0.0,5040.0,5340.0,6000.0,5424.0,5040.0,5340.0,6000.0,5424.0,1.0,1.0,1.0,1.0,0.0,0.0,0.0,0.0,161280.0,170880.0,192000.0,173568.0,32.0,32.0,32.0,32.0,0.0,0.0,0.0,0.0,5040.0,5340.0,6000.0,5424.0,0.0,0.0,0.0,0.0,0.0,0.0,0.0,0.0,0.0,0.0,0.0,0.0,0.0,0.0,0.0,0.0,0.0,0.0,0.0,0.0,0.0,0.0,0.0,0.0,0.9357914792615254,0.9482253745251019,0.9575179536015896,0.944982555003774,0.27765765194368286,0.32729599348546917,0.39787628452911716,0.3411428063052814,0.5666666666666667,0.6,0.6,0.5833333333333333,0.758673985069535,0.9732058416216576,1.1043955537717594,0.9759100952164534,-0.309470600824509,-0.26584815276152635,-0.2379142067646259,-0.27552476682877997,23.5,28.0,37.0,30.25,1.0,1.0,1.0,0.8,1.0244331844320258,1.3458321601703604,1.5159336227349287,1.3426265259552532,1.0244331844320258,1.3458321601703604,1.5159336227349283,1.3426265259552532,,,,,,,,,,,,,,,,
consensus_trimmed,byzantine,0.5,10,20.0,20.0,20.0,20.0,60.0,60.0,60.0,60.0,-3.801058415055128,-2.675438090372955,-1.401572699949632,-2.795134308623763,1.401572699949632,2.675438090372955,3.801058415055128,2.795134308623763,0.0,0.0,0.0,0.0,0.0,0.0,0.0,0.0,0.0,0.0,0.0,0.0,0.0,0.0,0.0,0.0,5040.0,5340.0,6000.0,5424.0,5040.0,5340.0,6000.0,5424.0,1.0,1.0,1.0,1.0,0.0,0.0,0.0,0.0,161280.0,170880.0,192000.0,173568.0,32.0,32.0,32.0,32.0,0.0,0.0,0.0,0.0,5040.0,5340.0,6000.0,5424.0,0.0,0.0,0.0,0.0,0.0,0.0,0.0,0.0,0.0,0.0,0.0,0.0,0.0,0.0,0.0,0.0,0.0,0.0,0.0,0.0,0.0,0.0,0.0,0.0,0.9454997368900125,0.9682884620786707,0.9867863982566768,0.9464171809719616,0.1203091507432866,0.2659727650236271,0.3665923113552599,0.31022417381764794,0.4791666666666667,0.5416666666666667,0.5833333333333334,0.5316666666666666,2.2289173489932788,2.461729748539412,3.2067386244732563,2.808707783507437,-0.29191946276246594,-0.21536019105349738,-0.1978228543174903,-0.23970236111731916,,,,,0.0,0.0,0.0,0.0,1.0244331844320258,1.3458321601703604,1.5159336227349287,1.3426265259552532,1.0244331844320258,1.3458321601703604,1.5159336227349283,1.3426265259552532,,,,,,,,,,,,,,,,
consensus_trimmed,latency,0.0,10,20.0,20.0,20.0,20.0,60.0,60.0,60.0,60.0,-1.5780574396223966e-05,-1.692238516552684e-06,-3.721970873338862e-07,-0.00014547604682297777,3.721970873338862e-07,1.692238516552684e-06,1.5780574396223966e-05,0.00014547604682297777,0.0,0.0,0.0,0.0,0.0,0.0,0.0,0.0,0.0,0.0,0.0,0.0,0.0,0.0,0.0,0.0,5040.0,5340.0,6000.0,5424.0,5040.0,5340.0,6000.0,5424.0,1.0,1.0,1.0,1.0,0.0,0.0,0.0,0.0,161280.0,170880.0,192000.0,173568.0,32.0,32.0,32.0,32.0,0.0,0.0,0.0,0.0,5040.0,5340.0,6000.0,5424.0,0.0,0.0,0.0,0.0,0.0,0.0,0.0,0.0,0.0,0.0,0.0,0.0,0.0,0.0,0.0,0.0,0.0,0.0,0.0,0.0,0.0,0.0,0.0,0.0,0.7634644933715233,0.7730476808604079,0.8068028883272419,0.7890688686432037,0.9786085149156196,0.9888952492176702,0.9951932410286084,0.9856946066701651,1.0,1.0,1.0,1.0,1.6501630824034033e-06,9.585989367965389e-06,5.193399744699431e-05,0.00029361933047583903,-0.3170851721640698,-0.2709007508837853,-0.24805956409227675,-0.28628550832693483,11.0,12.0,15.0,12.5,1.0,1.0,1.0,1.0,1.0244331844320258,1.3458321601703604,1.5159336227349287,1.3426265259552532,1.0244331844320258,1.3458321601703604,1.5159336227349283,1.3426265259552532,,,,,,,,,,,,,,,,
consensus_trimmed,latency,1.0,10,20.0,20.0,20.0,20.0,60.0,60.0,60.0,60.0,-0.0002161437085634883,-4.303040319733785e-05,-9.353341033570253e-06,-0.000776849055497886,9.353341033570253e-06,4.303040319733785e-05,0.0002161437085634883,0.000776849055497886,0.0,0.0,0.0,0.0,0.0,0.0,0.0,0.0,1.0,1.0,1.0,1.0,1.0,1.0,1.0,1.0,5040.0,5340.0,6000.0,5424.0,4956.0,5251.0,5900.0,5333.6,0.9833333333333333,0.9833333333333333,0.9833333333333333,0.9833333333333332,0.01666666666666672,0.01666666666666672,0.01666666666666672,0.01666666666666672,158592.0,168032.0,188800.0,170675.2,32.0,32.0,32.0,32.0,0.0,0.0,0.0,0.0,4956.0,5251.0,5900.0,5333.6,0.0,0.0,0.0,0.0,0.0,0.0,0.0,0.0,0.0,0.0,0.0,0.0,0.0,0.0,0.0,0.0,0.0,0.0,0.0,0.0,0.0,0.0,0.0,0.0,0.798686618139894,0.8113883356225982,0.8369599955516118,0.8224781316928571,0.973195018295552,0.9823789343950105,0.9910650224579873,0.9781635800935577,1.0,1.0,1.0,1.0,2.887212510533529e-05,0.00014099970551412176,0.000543107622436424,0.0013618400613199465,-0.31708514094574203,-0.27089863700805084,-0.2480048098265282,-0.28627498544345686,14.25,15.5,20.0,16.5,1.0,1.0,1.0,1.0,1.0244331844320258,1.3458321601703604,1.5159336227349287,1.3426265259552532,1.0073592980248254,1.3234016241675213,1.4906680623560127,1.3202494171893324,,,,,,,,,,,,,,,,
consensus_trimmed,latency,2.0,10,20.0,20.0,20.0,20.0,60.0,60.0,60.0,60.0,-0.001259070296006329,-0.00033025983796270564,-7.28487691285265e-05,-0.0023100972797030044,7.28487691285265e-05,0.00033025983796270564,0.001259070296006329,0.0023100972797030044,0.0,0.0,0.0,0.0,0.0,0.0,0.0,0.0,2.0,2.0,2.0,2.0,2.0,2.0,2.0,2.0,5040.0,5340.0,6000.0,5424.0,4872.0,5162.0,5800.0,5243.2,0.9666666666666667,0.9666666666666667,0.9666666666666667,0.9666666666666666,0.033333333333333326,0.033333333333333326,0.033333333333333326,0.033333333333333326,155904.0,165184.0,185600.0,167782.4,32.0,32.0,32.0,32.0,0.0,0.0,0.0,0.0,4872.0,5162.0,5800.0,5243.2,0.0,0.0,0.0,0.0,0.0,0.0,0.0,0.0,0.0,0.0,0.0,0.0,0.0,0.0,0.0,0.0,0.0,0.0,0.0,0.0,0.0,0.0,0.0,0.0,0.8202565503201048,0.8406875418802991,0.8573515150889349,0.8448357446640117,0.9661903625913542,0.977673139351805,0.9864435753936498,0.9716284941599124,1.0,1.0,1.0,1.0,0.00019463338793599698,0.0008006815394298854,0.002719878126506436,0.0038156500146258898,-0.3170848219836791,-0.27088804152697776,-0.24790731761842663,-0.2862494313063868,17.25,19.0,24.0,20.2,1.0,1.0,1.0,1.0,1.0244331844320258,1.3458321601703604,1.5159336227349287,1.3426265259552532,0.990285411617625,1.3009710881646819,1.4654025019770973,1.2978723084234116,,,,,,,,,,,,,,,,
consensus_trimmed,latency,4.0,10,20.0,20.0,20.0,20.0,60.0,60.0,60.0,60.0,-0.011809556081569974,-0.004196100704903387,-0.00110102652236127,-0.01015810521404519,0.00110102652236127,0.004196100704903387,0.011809556081569974,0.01015810521404519,0.0,0.0,0.0,0.0,0.0,0.0,0.0,0.0,4.0,4.0,4.0,4.0,4.0,4.0,4.0,4.0,5040.0,5340.0,6000.0,5424.0,4704.0,4984.0,5600.0,5062.4,0.9333333333333333,0.9333333333333333,0.9333333333333333,0.9333333333333333,0.06666666666666665,0.06666666666666665,0.06666666666666665,0.06666666666666665,150528.0,159488.0,179200.0,161996.8,32.0,32.0,32.0,32.0,0.0,0.0,0.0,0.0,4704.0,4984.0,5600.0,5062.4,0.0,0.0,0.0,0.0,0.0,0.0,0.0,0.0,0.0,0.0,0.0,0.0,0.0,0.0,0.0,0.0,0.0,0.0,0.0,0.0,0.0,0.0,0.0,0.0,0.8510440567839705,0.8727971965059396,0.88534475993515,0.8704109564201067,0.9684991210321361,0.9727327182294102,0.9818818277455315,0.9671665165209232,0.9583333333333333,0.9833333333333333,1.0,0.9733333333333333,0.0026173125638320363,0.00812128371371168,0.02144800399646607,0.016100407282292967,-0.3170792227618567,-0.2707912053353627,-0.2476517822270264,-0.28611863117414776,24.25,27.0,34.0,28.4,1.0,1.0,1.0,1.0,1.0244331844320258,1.3458321601703604,1.5159336227349287,1.3426265259552532,0.9561376388032239,1.256110016159003,1.4148713812192664,1.25311809089157,,,,,,,,,,,,,,,,
consensus_trimmed,latency,8.0,10,20.0,20.0,20.0,20.0,60.0,60.0,60.0,60.0,-0.13469071993572143,-0.07094046326816517,-0.02196947063479885,-0.08267426471359632,0.02196947063479885,0.07094046326816518,0.13469071993572143,0.08267426471359632,0.0,0.0,0.0,0.0,0.0,0.0,0.0,0.0,8.0,8.0,8.0,8.0,8.0,8.0,8.0,8.0,5040.0,5340.0,6000.0,5424.0,4368.0,4628.0,5200.0,4700.8,0.8666666666666667,0.8666666666666667,0.8666666666666667,0.8666666666666668,0.1333333333333333,0.1333333333333333,0.1333333333333333,0.1333333333333333,139776.0,148096.0,166400.0,150425.6,32.0,32.0,32.0,32.0,0.0,0.0,0.0,0.0,4368.0,4628.0,5200.0,4700.8,0.0,0.0,0.0,0.0,0.0,0.0,0.0,0.0,0.0,0.0,0.0,0.0,0.0,0.0,0.0,0.0,0.0,0.0,0.0,0.0,0.0,0.0,0.0,0.0,0.8830165443213984,0.9038106128289936,0.9149250589420715,0.8977355735663668,0.9306604264634255,0.9725101223462094,0.9813686608421734,0.9577112138707395,0.6749999999999999,0.7416666666666667,0.9333333333333333,0.7833333333333333,0.03238843165863937,0.0942319920284565,0.1878589046000881,0.11276628958371164,-0.3169164661579933,-0.2698683148271221,-0.2466162944709476,-0.284910028515822,40.0,41.0,53.0,44.0,1.0,1.0,1.0,0.9,1.0244331844320258,1.3458321601703604,1.5159336227349287,1.3426265259552532,0.8878420931744222,1.1663878721476457,1.3138091397036045,1.1636096558278861,,,,,,,,,,,,,,,,
consensus_trimmed,msg_drop,0.0,10,20.0,20.0,20.0,20.0,60.0,60.0,60.0,60.0,-1.5780574396223966e-05,-1.692238516552684e-06,-3.721970873338862e-07,-0.00014547604682297777,3.721970873338862e-07,1.692238516552684e-06,1.5780574396223966e-05,0.00014547604682297777,0.0,0.0,0.0,0.0,0.0,0.0,0.0,0.0,0.0,0.0,0.0,0.0,0.0,0.0,0.0,0.0,5040.0,5340.0,6000.0,5424.0,5040.0,5340.0,6000.0,5424.0,1.0,1.0,1.0,1.0,0.0,0.0,0.0,0.0,161280.0,170880.0,192000.0,173568.0,32.0,32.0,32.0,32.0,0.0,0.0,0.0,0.0,5040.0,5340.0,6000.0,5424.0,0.0,0.0,0.0,0.0,0.0,0.0,0.0,0.0,0.0,0.0,0.0,0.0,0.0,0.0,0.0,0.0,0.0,0.0,0.0,0.0,0.0,0.0,0.0,0.0,0.7634644933715233,0.7730476808604079,0.8068028883272419,0.7890688686432037,0.9786085149156196,0.9888952492176702,0.9951932410286084,0.9856946066701651,1.0,1.0,1.0,1.0,1.6501630824034033e-06,9.585989367965389e-06,5.193399744699431e-05,0.00029361933047583903,-0.3170851721640698,-0.2709007508837853,-0.24805956409227675,-0.28628550832693483,11.0,12.0,15.0,12.5,1.0,1.0,1.0,1.0,1.0244331844320258,1.3458321601703604,1.5159336227349287,1.3426265259552532,1.0244331844320258,1.3458321601703604,1.5159336227349283,1.3426265259552532,,,,,,,,,,,,,,,,
consensus_trimmed,msg_drop,0.1,10,20.0,20.0,20.0,20.0,60.0,60.0,60.0,60.0,-1.2632170479362588e-05,-1.6886515527424545e-06,-1.6799798174005933e-07,-6.504865463821949e-05,1.6799798174005933e-07,1.6886515527424545e-06,1.2632170479362588e-05,6.504865463821949e-05,0.0,0.0,0.0,0.0,0.09877999068250641,0.10271867612293144,0.10337381164587046,0.10125260185705634,0.0,0.0,0.0,0.0,0.0,0.0,0.0,0.0,5040.0,5340.0,6000.0,5424.0,4533.75,4787.0,5381.25,4875.3,0.8966261883541295,0.8972813238770685,0.9012200093174936,0.8987473981429437,0.09877999068250637,0.10271867612293145,0.10337381164587045,0.10125260185705631,145080.0,153184.0,172200.0,156009.6,32.0,32.0,32.0,32.0,0.0,0.0,0.0,0.0,4533.75,4787.0,5381.25,4875.3,0.0,0.0,0.0,0.0,0.0,0.0,0.0,0.0,482.75,553.0,613.5,548.7,0.0,0.0,0.0,0.0,0.0,0.0,0.0,0.0,0.0,0.0,0.0,0.0,0.7418009677163768,0.7759942920906446,0.8040710257168735,0.7740042437651207,0.9797752695339575,0.9847595562246013,0.995299907785536,0.9851475915386706,1.0,1.0,1.0,1.0,8.662744722729964e-07,6.6749443488394695e-06,4.481254746367736e-05,0.00014715911484515122,-0.3170851729594005,-0.2709007798678685,-0.24806893302189292,-0.2862868487834712,9.25,11.0,13.0,11.3,1.0,1.0,1.0,1.0,1.0244331844320258,1.3458321601703604,1.5159336227349287,1.3426265259552532,1.002316302524644,1.289004468589311,1.483943162620112,1.2966025515428263,,,,,,,,,,,,,,,,
consensus_trimmed,msg_drop,0.3,10,20.0,20.0,20.0,20.0,60.0,60.0,60.0,60.0,-1.1993028254533925e-06,-2.2735757329975774e-07,-3.8005796055585535e-08,-1.7100880162343483e-05,3.8005796055585535e-08,2.2735757329975774e-07,1.1993028254533925e-06,1.7100880162343483e-05,0.0,0.0,0.0,0.0,0.29615299823633157,0.29915377176015473,0.3033909853249476,0.3001227007656015,0.0,0.0,0.0,0.0,0.0,0.0,0.0,0.0,5040.0,5340.0,6000.0,5424.0,3561.5,3730.5,4171.0,3796.7,0.6966090146750524,0.7008462282398453,0.7038470017636684,0.6998772992343985,0.29615299823633157,0.29915377176015473,0.30339098532494757,0.30012270076560144,113968.0,119376.0,133472.0,121494.4,32.0,32.0,32.0,32.0,0.0,0.0,0.0,0.0,3561.5,3730.5,4171.0,3796.7,0.0,0.0,0.0,0.0,0.0,0.0,0.0,0.0,1457.5,1609.5,1829.0,1627.3,0.0,0.0,0.0,0.0,0.0,0.0,0.0,0.0,0.0,0.0,0.0,0.0,0.7226979996804948,0.7553554296600997,0.7741045912892575,0.7544402466960822,0.988712299184519,0.9914498104463162,0.9939018286783416,0.9902053092451808,1.0,1.0,1.0,1.0,2.484542716987476e-07,1.201853079671576e-06,6.113960396817077e-06,4.703397301853218e-05,-0.317085172999482,-0.2709009060174407,-0.2480738883007953,-0.2862876479130459,9.25,11.0,12.0,10.8,1.0,1.0,1.0,1.0,1.0244331844320258,1.3458321601703604,1.5159336227349287,1.3426265259552532,0.7523290846794906,0.9585068278325498,1.1559670439757588,0.978214917434881,,,,,,,,,,,,,,,,
consensus_trimmed,msg_drop,0.5,10,20.0,20.0,20.0,20.0,60.0,60.0,60.0,60.0,-1.591864802837224e-05,-2.398241031226996e-07,-2.4099147419890968e-08,-1.7437315352307197e-05,2.4099147419890968e-08,2.398241031226996e-07,1.591864802837224e-05,1.7437315352307197e-05,0.0,0.0,0.0,0.0,0.4940806878306878,0.49688285570638513,0.5059596555174386,0.4996235639791136,0.0,0.0,0.0,0.0,0.0,0.0,0.0,0.0,5040.0,5340.0,6000.0,5424.0,2550.5,2613.5,3019.0,2715.7,0.49404034448256146,0.5031171442936149,0.5059193121693122,0.5003764360208864,0.4940806878306878,0.49688285570638513,0.5059596555174386,0.4996235639791136,81616.0,83632.0,96608.0,86902.4,32.0,32.0,32.0,32.0,0.0,0.0,0.0,0.0,2550.5,2613.5,3019.0,2715.7,0.0,0.0,0.0,0.0,0.0,0.0,0.0,0.0,2480.5,2726.5,2981.0,2708.3,0.0,0.0,0.0,0.0,0.0,0.0,0.0,0.0,0.0,0.0,0.0,0.0,0.7199410453659211,0.7437498712198933,0.7991314215255753,0.7558481477244381,0.9853588372825666,0.9950708635259922,0.9971864587012125,0.99181620808302,1.0,1.0,1.0,0.9966666666666667,1.856803554953284e-07,1.131435658731921e-06,5.125287719121784e-05,5.0928547337451096e-05,-0.317085172963678,-0.27090090750977447,-0.2480730199874465,-0.2862876423057926,10.25,12.0,13.0,12.0,1.0,1.0,1.0,1.0,1.0244331844320258,1.3458321601703604,1.5159336227349287,1.3426265259552532,0.3557292448486561,0.4543569557187404,0.6217194377620987,0.4903705255914554,,,,,,,,,,,,,,,,
consensus_trimmed,msg_drop,0.7,10,20.0,20.0,20.0,20.0,60.0,60.0,60.0,60.0,-0.00020931897149490677,-2.062545449409013e-05,-1.1797116109398257e-06,-0.0006237998095816424,1.1797116109398257e-06,2.062545449409013e-05,0.00020931897149490677,0.0006237998095816424,0.0,0.0,0.0,0.0,0.6952040745376165,0.7012484737484737,0.70645964360587,0.7010229071834448,0.0,0.0,0.0,0.0,0.0,0.0,0.0,0.0,5040.0,5340.0,6000.0,5424.0,1496.75,1555.0,1824.5,1622.7,0.29354035639413,0.29875152625152623,0.30479592546238354,0.29897709281655505,0.6952040745376165,0.7012484737484737,0.70645964360587,0.7010229071834448,47896.0,49760.0,58384.0,51926.4,32.0,32.0,32.0,32.0,0.0,0.0,0.0,0.0,1496.75,1555.0,1824.5,1622.7,0.0,0.0,0.0,0.0,0.0,0.0,0.0,0.0,3512.5,3788.5,4175.5,3801.3,0.0,0.0,0.0,0.0,0.0,0.0,0.0,0.0,0.0,0.0,0.0,0.0,0.7645675630456109,0.797878206005789,0.8461956752407035,0.8049905945748532,0.9859355201314217,0.9919935703750102,0.9939998181735032,0.9885533712309597,0.9833333333333333,0.9833333333333333,0.9833333333333333,0.9833333333333332,5.284996986264244e-06,6.334255105976943e-05,0.0008957896455719938,0.0011335387971997978,-0.3170851718394035,-0.27090047571631515,-0.2480131472098985,-0.2862775362642222,12.5,15.5,17.75,16.2,1.0,1.0,1.0,1.0,1.0244331844320258,1.3458321601703604,1.5159336227349287,1.3426265259552532,0.027585435928264974,0.05554342657078728,0.09714241227975981,0.07433397059509786,,,,,,,,,,,,,,,,
consensus_trimmed,msg_drop,1.0,10,20.0,20.0,20.0,20.0,60.0,60.0,60.0,60.0,-19.025110380737974,-16.254054690410573,-14.884474061156599,-17.177275975662912,14.884474061156599,16.254054690410573,19.025110380737974,17.177275975662912,0.0,0.0,0.0,0.0,1.0,1.0,1.0,1.0,0.0,0.0,0.0,0.0,0.0,0.0,0.0,0.0,5040.0,5340.0,6000.0,5424.0,0.0,0.0,0.0,0.0,0.0,0.0,0.0,0.0,1.0,1.0,1.0,1.0,0.0,0.0,0.0,0.0,0.0,0.0,0.0,0.0,0.0,0.0,0.0,0.0,0.0,0.0,0.0,0.0,0.0,0.0,0.0,0.0,0.0,0.0,0.0,0.0,5040.0,5340.0,6000.0,5424.0,0.0,0.0,0.0,0.0,0.0,0.0,0.0,0.0,0.0,0.0,0.0,0.0,1.0,1.0,1.0,1.0,0.0,0.0,0.0,0.0,1.0,1.0,1.0,1.0,14.884474061156602,16.254054690410573,19.02511038073797,17.177275975662912,0.0,0.0,0.0,0.0,,,,,0.0,0.0,0.0,0.0,1.0244331844320258,1.3458321601703604,1.5159336227349287,1.3426265259552532,0.0,0.0,0.0,0.0,,,,,,,,,,,,,,,,
consensus_trimmed,spoof,0.0,10,20.0,20.0,20.0,20.0,60.0,60.0,60.0,60.0,-1.5780574396223966e-05,-1.692238516552684e-06,-3.721970873338862e-07,-0.00014547604682297777,3.721970873338862e-07,1.692238516552684e-06,1.5780574396223966e-05,0.00014547604682297777,0.0,0.0,0.0,0.0,0.0,0.0,0.0,0.0,0.0,0.0,0.0,0.0,0.0,0.0,0.0,0.0,5040.0,5340.0,6000.0,5424.0,5040.0,5340.0,6000.0,5424.0,1.0,1.0,1.0,1.0,0.0,0.0,0.0,0.0,161280.0,170880.0,192000.0,173568.0,32.0,32.0,32.0,32.0,0.0,0.0,0.0,0.0,5040.0,5340.0,6000.0,5424.0,0.0,0.0,0.0,0.0,0.0,0.0,0.0,0.0,0.0,0.0,0.0,0.0,0.0,0.0,0.0,0.0,0.0,0.0,0.0,0.0,0.0,0.0,0.0,0.0,0.7634644933715233,0.7730476808604079,0.8068028883272419,0.7890688686432037,0.9786085149156196,0.9888952492176702,0.9951932410286084,0.9856946066701651,1.0,1.0,1.0,1.0,1.6501630824034033e-06,9.585989367965389e-06,5.193399744699431e-05,0.00029361933047583903,-0.3170851721640698,-0.2709007508837853,-0.24805956409227675,-0.28628550832693483,11.0,12.0,15.0,12.5,1.0,1.0,1.0,1.0,1.0244331844320258,1.3458321601703604,1.5159336227349287,1.3426265259552532,1.0244331844320258,1.3458321601703604,1.5159336227349283,1.3426265259552532,,,,,,,,,,,,,,,,
consensus_trimmed,spoof,0.1,10,20.0,20.0,20.0,20.0,60.0,60.0,60.0,60.0,-0.03724773586274311,-0.015968545151379566,-0.012161997712455214,-0.036991969997461384,0.012161997712455214,0.015968545151379566,0.03724773586274311,0.036991969997461384,0.10126760881653231,0.10765785709603451,0.11003119884307988,0.10654777121172618,0.0,0.0,0.0,0.0,0.0,0.0,0.0,0.0,0.0,0.0,0.0,0.0,5040.0,5340.0,6000.0,5424.0,5040.0,5340.0,6000.0,5424.0,1.0,1.0,1.0,1.0,0.0,0.0,0.0,0.0,161280.0,170880.0,192000.0,173568.0,32.0,32.0,32.0,32.0,0.0,0.0,0.0,0.0,4535.25,4790.5,5382.0,4879.4,0.0,0.0,0.0,0.0,488.25,549.5,603.0,544.6,0.0,0.0,0.0,0.0,0.0,0.0,0.0,0.0,0.0,0.0,0.0,0.0,0.0,0.0,0.0,0.0,0.863613742274259,0.8708021831816508,0.8913192763625566,0.8701376182551176,0.6668395795007511,0.7278674616108779,0.854872344778211,0.7378019914040862,0.6916666666666667,0.7166666666666667,0.7458333333333333,0.7116666666666667,0.04342178966204275,0.05586814853288341,0.07411709556537302,0.06422152663283259,-0.31701309532078314,-0.26948324479772373,-0.2479584717159013,-0.2856714000944242,10.0,12.5,13.75,13.6,1.0,1.0,1.0,1.0,1.0244331844320258,1.3458321601703604,1.5159336227349287,1.3426265259552532,1.0244331844320258,1.3458321601703604,1.5159336227349283,1.3426265259552532,,,,,,,,,,,,,,,,
consensus_trimmed,spoof,0.3,10,20.0,20.0,20.0,20.0,60.0,60.0,60.0,60.0,-0.1935650928522163,-0.13022399966625942,-0.09635200324637508,-0.16888932674429058,0.09635200324637508,0.13022399966625942,0.1935650928522163,0.16888932674429058,0.302698221965754,0.3079549497158337,0.3125440294085652,0.3078085114091563,0.0,0.0,0.0,0.0,0.0,0.0,0.0,0.0,0.0,0.0,0.0,0.0,5040.0,5340.0,6000.0,5424.0,5040.0,5340.0,6000.0,5424.0,1.0,1.0,1.0,1.0,0.0,0.0,0.0,0.0,161280.0,170880.0,192000.0,173568.0,32.0,32.0,32.0,32.0,0.0,0.0,0.0,0.0,3534.0,3754.5,4193.75,3808.6,0.0,0.0,0.0,0.0,1492.0,1585.5,1806.25,1615.4,0.0,0.0,0.0,0.0,0.0,0.0,0.0,0.0,0.0,0.0,0.0,0.0,0.0,0.0,0.0,0.0,0.9298810896757042,0.9443727840941243,0.962124520660649,0.9350167610263487,0.3262952402359358,0.373775241244354,0.5567467953969406,0.45493472327129447,0.5708333333333333,0.5833333333333334,0.6125,0.5883333333333333,0.11868693198764835,0.1407495004905695,0.16435573617135482,0.15681705529933918,-0.3164706083028306,-0.2689343095816207,-0.24469548109927314,-0.28347311081531035,9.0,11.5,13.75,13.2,1.0,1.0,1.0,1.0,1.0244331844320258,1.3458321601703604,1.5159336227349287,1.3426265259552532,1.0244331844320258,1.3458321601703604,1.5159336227349283,1.3426265259552532,,,,,,,,,,,,,,,,
consensus_trimmed,spoof,0.5,10,20.0,20.0,20.0,20.0,60.0,60.0,60.0,60.0,-0.5055007617642072,-0.4187159211651865,-0.3471686839522993,-0.43552368081501863,0.3471686839522993,0.4187159211651865,0.5055007617642072,0.43552368081501863,0.5187108578549269,0.5266061113584415,0.5304646560962369,0.5244128073128906,0.0,0.0,0.0,0.0,0.0,0.0,0.0,0.0,0.0,0.0,0.0,0.0,5040.0,5340.0,6000.0,5424.0,5040.0,5340.0,6000.0,5424.0,1.0,1.0,1.0,1.0,0.0,0.0,0.0,0.0,161280.0,170880.0,192000.0,173568.0,32.0,32.0,32.0,32.0,0.0,0.0,0.0,0.0,2479.5,2610.5,2967.0,2694.7,0.0,0.0,0.0,0.0,2537.5,2729.5,3033.0,2729.3,0.0,0.0,0.0,0.0,0.0,0.0,0.0,0.0,0.0,0.0,0.0,0.0,0.0,0.0,0.0,0.0,0.9487849726190262,0.9553126458108008,0.9655224324762866,0.9557822627623459,0.3110634031609761,0.3449727012170893,0.43602953741074135,0.34980544957979764,0.5375,0.5583333333333333,0.5666666666666667,0.5533333333333333,0.35167980387883613,0.42272597197312034,0.5105063102446205,0.43676694804893607,-0.3107696880608953,-0.2636290878859818,-0.24081914367055923,-0.2790292049141315,17.0,24.0,36.5,26.571428571428573,0.25,1.0,1.0,0.7,1.0244331844320258,1.3458321601703604,1.5159336227349287,1.3426265259552532,1.0244331844320258,1.3458321601703604,1.5159336227349283,1.3426265259552532,,,,,,,,,,,,,,,,
consensus_trimmed,spoof,1.0,10,20.0,20.0,20.0,20.0,60.0,60.0,60.0,60.0,-1.304767860334149,-1.1251693655243047,-0.9071122392682973,-1.1231576871348636,0.9071122392682973,1.1251693655243047,1.304767860334149,1.1231576871348636,1.0581485152172416,1.0681158397828097,1.0790933946431558,1.0719960304718636,0.0,0.0,0.0,0.0,0.0,0.0,0.0,0.0,0.0,0.0,0.0,0.0,5040.0,5340.0,6000.0,5424.0,5040.0,5340.0,6000.0,5424.0,1.0,1.0,1.0,1.0,0.0,0.0,0.0,0.0,161280.0,170880.0,192000.0,173568.0,32.0,32.0,32.0,32.0,0.0,0.0,0.0,0.0,0.0,0.0,0.0,0.0,0.0,0.0,0.0,0.0,5040.0,5340.0,6000.0,5424.0,0.0,0.0,0.0,0.0,0.0,0.0,0.0,0.0,0.0,0.0,0.0,0.0,0.0,0.0,0.0,0.0,0.9094922737074692,0.9742512627955189,0.9824651873091428,0.9249526638399039,0.18816393069171,0.3235473248683353,0.39897882034976645,0.3607403743292548,0.5041666666666667,0.525,0.55,0.525,1.044245600534477,1.0956704853448227,1.2793017504451472,1.1080207933321051,-0.29759786740245336,-0.25449717735410937,-0.2250391402773252,-0.26756863814213416,,,,,0.0,0.0,0.0,0.0,1.0244331844320258,1.3458321601703604,1.5159336227349287,1.3426265259552532,1.0244331844320258,1.3458321601703604,1.5159336227349283,1.3426265259552532,,,,,,,,,,,,,,,,
dcop_dsa,bandwidth,0.0,10,24.0,24.0,24.0,24.0,40.0,40.0,40.0,40.0,0.0,0.0,0.0,0.0,0.0,0.0,0.0,0.0,0.0,0.0,0.0,0.0,0.75,0.75,0.75,0.75,0.0,0.0,0.0,0.0,0.0,0.0,0.0,0.0,3280.0,3640.0,3680.0,3504.0,3280.0,3640.0,3680.0,3504.0,1.0,1.0,1.0,1.0,0.0,0.0,0.0,0.0,419840.0,465920.0,471040.0,448512.0,128.0,128.0,128.0,128.0,0.0,0.0,0.0,0.0,3280.0,3640.0,3680.0,3504.0,0.0,0.0,0.0,0.0,0.0,0.0,0.0,0.0,0.0,0.0,0.0,0.0,0.0,0.0,0.0,0.0,0.0,0.0,0.0,0.0,0.0,0.0,0.0,0.0,0.011474514877604832,0.03596462990007952,0.16662131435443928,0.08897391093288433,0.35202552478335436,0.42426521829815633,0.5017635490288977,0.4315871914357071,0.9562499999999999,0.975,1.0,0.9774999999999998,0.0,0.0,0.0,0.0,-0.31875,-0.275,-0.23125,-0.26749999999999996,5.0,6.0,9.0,6.8,1.0,1.0,1.0,1.0,0.5190639744639185,0.619650214414316,0.6763878288196614,0.6036225511045517,,,,,41.0,45.5,46.0,43.8,4.0,4.0,4.0,4.0,0.0,0.0,0.0,0.0,0.0,0.0,0.0,0.0
dcop_dsa,bandwidth,1.0,10,24.0,24.0,24.0,24.0,40.0,40.0,40.0,40.0,0.0,0.0,0.0,0.0,0.0,0.0,0.0,0.0,7.75,7.75,7.75,7.75,0.0,0.0,0.0,0.0,0.0,0.0,0.0,0.0,0.0,0.0,0.0,0.0,3280.0,3640.0,3680.0,3504.0,3280.0,3640.0,3680.0,3504.0,1.0,1.0,1.0,1.0,0.0,0.0,0.0,0.0,13120.0,14560.0,14720.0,14016.0,4.0,4.0,4.0,4.0,0.0,0.0,0.0,0.0,3280.0,3640.0,3680.0,3504.0,0.0,0.0,0.0,0.0,0.0,0.0,0.0,0.0,0.0,0.0,0.0,0.0,0.0,0.0,0.0,0.0,0.0,0.0,0.0,0.0,0.0,0.0,0.0,0.0,0.011474514877604832,0.03596462990007952,0.16662131435443928,0.08897391093288433,0.35202552478335436,0.42426521829815633,0.5017635490288977,0.4315871914357071,0.9562499999999999,0.975,1.0,0.9774999999999998,0.0,0.0,0.0,0.0,-0.31875,-0.275,-0.23125,-0.26749999999999996,5.0,6.0,9.0,6.8,1.0,1.0,1.0,1.0,0.5190639744639185,0.619650214414316,0.6763878288196614,0.6036225511045517,,,,,41.0,45.5,46.0,43.8,4.0,4.0,4.0,4.0,0.0,0.0,0.0,0.0,0.0,0.0,0.0,0.0
dcop_dsa,bandwidth,2.0,10,24.0,24.0,24.0,24.0,40.0,40.0,40.0,40.0,-46.0,-45.5,-41.0,-43.8,41.0,45.5,46.0,43.8,0.75,0.75,0.75,0.75,0.0,0.0,0.0,0.0,0.0,0.0,0.0,0.0,0.0,0.0,0.0,0.0,3280.0,3640.0,3680.0,3504.0,3280.0,3640.0,3680.0,3504.0,1.0,1.0,1.0,1.0,0.0,0.0,0.0,0.0,26240.0,29120.0,29440.0,28032.0,8.0,8.0,8.0,8.0,0.0,0.0,0.0,0.0,3280.0,3640.0,3680.0,3504.0,0.0,0.0,0.0,0.0,0.0,0.0,0.0,0.0,0.0,0.0,0.0,0.0,0.0,0.0,0.0,0.0,0.0,0.0,0.0,0.0,0.0,0.0,0.0,0.0,1.0,1.0,1.0,1.0,0.0,0.0,0.0,0.0,0.9,0.9,0.9,0.9,41.0,45.5,46.0,43.8,0.75625,0.825,0.925,0.8275,,,,,0.0,0.0,0.0,0.0,0.5190639744639185,0.619650214414316,0.6763878288196614,0.6036225511045517,,,,,41.0,45.5,46.0,43.8,4.0,4.0,4.0,4.0,41.0,45.5,46.0,43.8,1.0,1.0,1.0,1.0
dcop_dsa,bandwidth,3.0,10,24.0,24.0,24.0,24.0,40.0,40.0,40.0,40.0,0.0,0.0,0.0,0.0,0.0,0.0,0.0,0.0,0.15816326530613192,0.15816326530613306,0.15816326530613317,0.15816326530613253,0.0,0.0,0.0,0.0,0.0,0.0,0.0,0.0,0.0,0.0,0.0,0.0,3280.0,3640.0,3680.0,3504.0,3280.0,3640.0,3680.0,3504.0,1.0,1.0,1.0,1.0,0.0,0.0,0.0,0.0,39360.0,43680.0,44160.0,42048.0,12.0,12.0,12.0,12.0,0.0,0.0,0.0,0.0,3280.0,3640.0,3680.0,3504.0,0.0,0.0,0.0,0.0,0.0,0.0,0.0,0.0,0.0,0.0,0.0,0.0,0.0,0.0,0.0,0.0,0.0,0.0,0.0,0.0,0.0,0.0,0.0,0.0,0.011474514877604832,0.03596462990007952,0.16662131435443928,0.08897391093288433,0.35202552478335436,0.42426521829815633,0.5017635490288977,0.4315871914357071,0.9562499999999999,0.975,1.0,0.9774999999999998,0.0,0.0,0.0,0.0,-0.31875,-0.275,-0.23125,-0.26749999999999996,5.0,6.0,9.0,6.8,1.0,1.0,1.0,1.0,0.5190639744639185,0.619650214414316,0.6763878288196614,0.6036225511045517,,,,,41.0,45.5,46.0,43.8,4.0,4.0,4.0,4.0,0.0,0.0,0.0,0.0,0.0,0.0,0.0,0.0
dcop_dsa,bandwidth,4.0,10,24.0,24.0,24.0,24.0,40.0,40.0,40.0,40.0,0.0,0.0,0.0,0.0,0.0,0.0,0.0,0.0,0.030000000000000915,0.030000000000000936,0.03000000000000094,0.030000000000000925,0.0,0.0,0.0,0.0,0.0,0.0,0.0,0.0,0.0,0.0,0.0,0.0,3280.0,3640.0,3680.0,3504.0,3280.0,3640.0,3680.0,3504.0,1.0,1.0,1.0,1.0,0.0,0.0,0.0,0.0,52480.0,58240.0,58880.0,56064.0,16.0,16.0,16.0,16.0,0.0,0.0,0.0,0.0,3280.0,3640.0,3680.0,3504.0,0.0,0.0,0.0,0.0,0.0,0.0,0.0,0.0,0.0,0.0,0.0,0.0,0.0,0.0,0.0,0.0,0.0,0.0,0.0,0.0,0.0,0.0,0.0,0.0,0.011474514877604832,0.03596462990007952,0.16662131435443928,0.08897391093288433,0.35202552478335436,0.42426521829815633,0.5017635490288977,0.4315871914357071,0.9562499999999999,0.975,1.0,0.9774999999999998,0.0,0.0,0.0,0.0,-0.31875,-0.275,-0.23125,-0.26749999999999996,5.0,6.0,9.0,6.8,1.0,1.0,1.0,1.0,0.5190639744639185,0.619650214414316,0.6763878288196614,0.6036225511045517,,,,,41.0,45.5,46.0,43.8,4.0,4.0,4.0,4.0,0.0,0.0,0.0,0.0,0.0,0.0,0.0,0.0
dcop_dsa,bandwidth,8.0,10,24.0,24.0,24.0,24.0,40.0,40.0,40.0,40.0,0.0,0.0,0.0,0.0,0.0,0.0,0.0,0.0,0.00010380622837369653,0.00010380622837369657,0.00010380622837369698,0.00010380622837369677,0.0,0.0,0.0,0.0,0.0,0.0,0.0,0.0,0.0,0.0,0.0,0.0,3280.0,3640.0,3680.0,3504.0,3280.0,3640.0,3680.0,3504.0,1.0,1.0,1.0,1.0,0.0,0.0,0.0,0.0,104960.0,116480.0,117760.0,112128.0,32.0,32.0,32.0,32.0,0.0,0.0,0.0,0.0,3280.0,3640.0,3680.0,3504.0,0.0,0.0,0.0,0.0,0.0,0.0,0.0,0.0,0.0,0.0,0.0,0.0,0.0,0.0,0.0,0.0,0.0,0.0,0.0,0.0,0.0,0.0,0.0,0.0,0.011474514877604832,0.03596462990007952,0.16662131435443928,0.08897391093288433,0.35202552478335436,0.42426521829815633,0.5017635490288977,0.4315871914357071,0.9562499999999999,0.975,1.0,0.9774999999999998,0.0,0.0,0.0,0.0,-0.31875,-0.275,-0.23125,-0.26749999999999996,5.0,6.0,9.0,6.8,1.0,1.0,1.0,1.0,0.5190639744639185,0.619650214414316,0.6763878288196614,0.6036225511045517,,,,,41.0,45.5,46.0,43.8,4.0,4.0,4.0,4.0,0.0,0.0,0.0,0.0,0.0,0.0,0.0,0.0
dcop_dsa,byzantine,0.0,10,24.0,24.0,24.0,24.0,40.0,40.0,40.0,40.0,0.0,0.0,0.0,0.0,0.0,0.0,0.0,0.0,0.0,0.0,0.0,0.0,0.75,0.75,0.75,0.75,0.0,0.0,0.0,0.0,0.0,0.0,0.0,0.0,3280.0,3640.0,3680.0,3504.0,3280.0,3640.0,3680.0,3504.0,1.0,1.0,1.0,1.0,0.0,0.0,0.0,0.0,419840.0,465920.0,471040.0,448512.0,128.0,128.0,128.0,128.0,0.0,0.0,0.0,0.0,3280.0,3640.0,3680.0,3504.0,0.0,0.0,0.0,0.0,0.0,0.0,0.0,0.0,0.0,0.0,0.0,0.0,0.0,0.0,0.0,0.0,0.0,0.0,0.0,0.0,0.0,0.0,0.0,0.0,0.011474514877604832,0.03596462990007952,0.16662131435443928,0.08897391093288433,0.35202552478335436,0.42426521829815633,0.5017635490288977,0.4315871914357071,0.9562499999999999,0.975,1.0,0.9774999999999998,0.0,0.0,0.0,0.0,-0.31875,-0.275,-0.23125,-0.26749999999999996,5.0,6.0,9.0,6.8,1.0,1.0,1.0,1.0,0.5190639744639185,0.619650214414316,0.6763878288196614,0.6036225511045517,,,,,41.0,45.5,46.0,43.8,4.0,4.0,4.0,4.0,0.0,0.0,0.0,0.0,0.0,0.0,0.0,0.0
dcop_dsa,byzantine,0.1,10,24.0,24.0,24.0,24.0,40.0,40.0,40.0,40.0,-2.0,-1.0,-0.25,-1.4,0.25,1.0,2.0,1.4,0.0,0.0,0.0,0.0,0.75,0.75,0.75,0.75,0.0,0.0,0.0,0.0,0.0,0.0,0.0,0.0,3280.0,3640.0,3680.0,3504.0,3280.0,3640.0,3680.0,3504.0,1.0,1.0,1.0,1.0,0.0,0.0,0.0,0.0,419840.0,465920.0,471040.0,448512.0,128.0,128.0,128.0,128.0,0.0,0.0,0.0,0.0,3280.0,3640.0,3680.0,3504.0,0.0,0.0,0.0,0.0,0.0,0.0,0.0,0.0,0.0,0.0,0.0,0.0,0.0,0.0,0.0,0.0,0.0,0.0,0.0,0.0,0.0,0.0,0.0,0.0,0.17775297369900878,0.5116394226496996,0.5748571974811809,0.45148090749225506,0.19726043620492792,0.2351717143429698,0.33795605149130126,0.25010053217068773,0.6875,0.775,0.81875,0.7675000000000001,0.6875,1.5,2.40625,1.575,-0.275,-0.25,-0.20625000000000002,-0.23249999999999998,9.0,15.5,17.75,16.5,1.0,1.0,1.0,1.0,0.5190639744639185,0.619650214414316,0.6763878288196614,0.6036225511045517,,,,,41.0,45.5,46.0,43.8,4.0,4.0,4.0,4.0,0.25,1.0,2.0,1.4,0.005434782608695652,0.021980676328502417,0.05386178861788618,0.03158165776031162
dcop_dsa,byzantine,0.25,10,24.0,24.0,24.0,24.0,40.0,40.0,40.0,40.0,-3.75,-2.5,-1.25,-2.6,1.25,2.5,3.75,2.6,0.0,0.0,0.0,0.0,0.75,0.75,0.75,0.75,0.0,0.0,0.0,0.0,0.0,0.0,0.0,0.0,3280.0,3640.0,3680.0,3504.0,3280.0,3640.0,3680.0,3504.0,1.0,1.0,1.0,1.0,0.0,0.0,0.0,0.0,419840.0,465920.0,471040.0,448512.0,128.0,128.0,128.0,128.0,0.0,0.0,0.0,0.0,3280.0,3640.0,3680.0,3504.0,0.0,0.0,0.0,0.0,0.0,0.0,0.0,0.0,0.0,0.0,0.0,0.0,0.0,0.0,0.0,0.0,0.0,0.0,0.0,0.0,0.0,0.0,0.0,0.0,0.3916884200753588,0.6897418537916966,0.8944117790847226,0.5970528015980807,0.1678475194117965,0.2340019847142908,0.38302531417164876,0.3075781958898658,0.5812499999999999,0.6375,0.65,0.615,3.0,3.75,4.25,3.9125,-0.225,-0.21250000000000002,-0.2,-0.20249999999999999,8.25,13.5,19.5,14.166666666666666,0.0,1.0,1.0,0.6,0.5190639744639185,0.619650214414316,0.6763878288196614,0.6036225511045517,,,,,41.0,45.5,46.0,43.8,4.0,4.0,4.0,4.0,1.25,2.5,3.75,2.6,0.03083333333333333,0.05163398692810457,0.0835100742311771,0.05971091427026802
dcop_dsa,byzantine,0.5,10,24.0,24.0,24.0,24.0,40.0,40.0,40.0,40.0,-10.0,-7.0,-6.0,-7.4,6.0,7.0,10.0,7.4,0.0,0.0,0.0,0.0,0.75,0.75,0.75,0.75,0.0,0.0,0.0,0.0,0.0,0.0,0.0,0.0,3280.0,3640.0,3680.0,3504.0,3280.0,3640.0,3680.0,3504.0,1.0,1.0,1.0,1.0,0.0,0.0,0.0,0.0,419840.0,465920.0,471040.0,448512.0,128.0,128.0,128.0,128.0,0.0,0.0,0.0,0.0,3280.0,3640.0,3680.0,3504.0,0.0,0.0,0.0,0.0,0.0,0.0,0.0,0.0,0.0,0.0,0.0,0.0,0.0,0.0,0.0,0.0,0.0,0.0,0.0,0.0,0.0,0.0,0.0,0.0,0.9534607255530081,0.9749343049445744,0.9843505891583623,0.9115197817001256,0.09710907106747377,0.12017048500119176,0.20878620664322411,0.20278534486201352,0.4875,0.575,0.59375,0.5525,5.3125,6.3125,8.9375,7.05,-0.19375,-0.07500000000000001,0.0125,-0.08250000000000002,22.0,22.0,22.0,22.0,0.0,0.0,0.0,0.1,0.5190639744639185,0.619650214414316,0.6763878288196614,0.6036225511045517,,,,,41.0,45.5,46.0,43.8,4.0,4.0,4.0,4.0,6.0,7.0,10.0,7.4,0.13472222222222222,0.17073170731707318,0.19901960784313727,0.16583147928665987
dcop_dsa,crash,0.0,10,24.0,24.0,24.0,24.0,40.0,40.0,40.0,40.0,0.0,0.0,0.0,0.0,0.0,0.0,0.0,0.0,0.0,0.0,0.0,0.0,0.75,0.75,0.75,0.75,0.0,0.0,0.0,0.0,0.0,0.0,0.0,0.0,3280.0,3640.0,3680.0,3504.0,3280.0,3640.0,3680.0,3504.0,1.0,1.0,1.0,1.0,0.0,0.0,0.0,0.0,419840.0,465920.0,471040.0,448512.0,128.0,128.0,128.0,128.0,0.0,0.0,0.0,0.0,3280.0,3640.0,3680.0,3504.0,0.0,0.0,0.0,0.0,0.0,0.0,0.0,0.0,0.0,0.0,0.0,0.0,0.0,0.0,0.0,0.0,0.0,0.0,0.0,0.0,0.0,0.0,0.0,0.0,0.011474514877604832,0.03596462990007952,0.16662131435443928,0.08897391093288433,0.35202552478335436,0.42426521829815633,0.5017635490288977,0.4315871914357071,0.9562499999999999,0.975,1.0,0.9774999999999998,0.0,0.0,0.0,0.0,-0.31875,-0.275,-0.23125,-0.26749999999999996,5.0,6.0,9.0,6.8,1.0,1.0,1.0,1.0,0.5190639744639185,0.619650214414316,0.6763878288196614,0.6036225511045517,,,,,41.0,45.5,46.0,43.8,4.0,4.0,4.0,4.0,0.0,0.0,0.0,0.0,0.0,0.0,0.0,0.0
dcop_dsa,crash,0.01,10,24.0,24.0,24.0,24.0,40.0,40.0,40.0,40.0,-2.75,-1.0,0.0,-1.6,0.0,1.0,2.75,1.6,0.0,0.0,0.0,0.0,0.75,0.75,0.75,0.75,0.0,0.0006068551464644209,0.002501937812818355,0.001917284607365009,0.0,2.0,3.0,2.0,3143.0,3428.0,3578.75,3335.4,3014.25,3239.0,3405.25,3181.3,0.9392502189106722,0.9611322164584728,0.9707968770273091,0.9547896887083469,0.029203122972690926,0.038867783541527146,0.06074978108932788,0.04521031129165308,385824.0,414592.0,435872.0,407206.4,128.0,128.0,128.0,128.0,0.0,0.0,0.0,0.0,3014.25,3239.0,3405.25,3181.3,0.0,0.0,0.0,0.0,0.0,0.0,0.0,0.0,0.0,0.0,0.0,0.0,0.0,0.0,0.0,0.0,0.0,0.0,0.0,0.0,0.0,0.0,0.0,0.0,0.01717666478336115,0.17176553882429477,0.3891645093877494,0.2291869093889219,0.251764697079935,0.34376857945717343,0.47482741084193786,0.3676364949255417,0.9,0.9125000000000001,0.975,0.9125,0.0,0.3125,0.6875,0.575,-0.2875,-0.225,-0.18125,-0.22749999999999998,5.25,9.0,12.75,9.7,1.0,1.0,1.0,1.0,0.5190639744639185,0.619650214414316,0.6763878288196614,0.6036225511045517,,,,,41.0,45.5,46.0,43.8,4.0,4.0,4.0,4.0,0.0,1.0,2.75,1.6,0.0,0.020673486786018755,0.05891304347826087,0.03552364515972525
dcop_dsa,crash,0.05,10,24.0,24.0,24.0,24.0,40.0,40.0,40.0,40.0,-4.0,-2.5,-1.0,-2.9,1.0,2.5,4.0,2.9,0.0,0.0,0.0,0.0,0.75,0.75,0.75,0.75,0.027278574183141772,0.033888092454596744,0.03904742966216042,0.03365486491770588,5.0,5.0,5.0,5.8,2672.75,2869.5,2971.25,2789.1,2219.0,2251.5,2355.75,2251.4,0.7832542933164464,0.8127643104806053,0.8284840549708327,0.8059955031678425,0.17151594502916737,0.1872356895193948,0.21674570668355359,0.19400449683215734,284032.0,288192.0,301536.0,288179.2,128.0,128.0,128.0,128.0,0.0,0.0,0.0,0.0,2219.0,2251.5,2355.75,2251.4,0.0,0.0,0.0,0.0,0.0,0.0,0.0,0.0,0.0,0.0,0.0,0.0,0.0,0.0,0.0,0.0,0.0,0.0,0.0,0.0,0.0,0.0,0.0,0.0,0.33762075635528455,0.6773777935294162,0.8450862343835674,0.5960552816819387,0.16808433979698018,0.2658636457141356,0.48055819515663023,0.34711882410046907,0.725,0.7625,0.83125,0.7675,2.21875,2.9375,3.9375,2.975,-0.24375,-0.2,-0.18125,-0.195,10.0,20.0,25.5,20.0,1.0,1.0,1.0,0.8,0.5190639744639185,0.619650214414316,0.6763878288196614,0.6036225511045517,,,,,41.0,45.5,46.0,43.8,4.0,4.0,4.0,4.0,1.0,2.5,4.0,2.9,0.022401908801696714,0.0643631436314363,0.08521739130434783,0.06464441810658515
dcop_dsa,crash,0.1,10,24.0,24.0,24.0,24.0,40.0,40.0,40.0,40.0,-5.75,-4.0,-2.25,-4.2,2.25,4.0,5.75,4.2,0.0,0.0,0.0,0.0,0.75,0.75,0.75,0.75,0.10488306684367636,0.12264303749732405,0.16284923802612483,0.13365164988671813,5.5,8.0,10.0,8.1,2218.75,2318.5,2437.5,2287.5,1465.0,1622.0,1655.25,1580.3,0.6638325352569341,0.6931249230857217,0.7190430656247427,0.6894975695384742,0.28095693437525726,0.3068750769142783,0.3361674647430659,0.31050243046152576,187520.0,207616.0,211872.0,202278.4,128.0,128.0,128.0,128.0,0.0,0.0,0.0,0.0,1465.0,1622.0,1655.25,1580.3,0.0,0.0,0.0,0.0,0.0,0.0,0.0,0.0,0.0,0.0,0.0,0.0,0.0,0.0,0.0,0.0,0.0,0.0,0.0,0.0,0.0,0.0,0.0,0.0,0.7424741435949912,0.8742057250021857,0.9529756389493776,0.7873821931686834,0.17114626330462288,0.28214486481133777,0.37315995464867074,0.3286924064450615,0.675,0.7,0.7875000000000001,0.7175,2.4375,3.875,5.65625,4.05,-0.24375,-0.15,-0.10625000000000001,-0.1625,14.25,20.0,25.0,19.25,0.0,0.0,1.0,0.4,0.5190639744639185,0.619650214414316,0.6763878288196614,0.6036225511045517,,,,,41.0,45.5,46.0,43.8,4.0,4.0,4.0,4.0,2.25,4.0,5.75,4.2,0.052216538789428814,0.08514492753623187,0.11717391304347825,0.09481309130226853
dcop_dsa,crash,0.2,10,24.0,24.0,24.0,24.0,40.0,40.0,40.0,40.0,-7.5,-4.0,-3.25,-5.0,3.25,4.0,7.5,5.0,0.0,0.0,0.0,0.0,0.75,0.75,0.75,0.75,0.3834665098822312,0.4432438065531591,0.4945713636827127,0.4471644669400092,9.0,10.0,10.0,9.2,1448.25,1644.0,1749.25,1611.6,746.75,898.5,994.0,896.7,0.5431543264435911,0.5625238539447015,0.5768746949847572,0.5545912601413753,0.4231253050152428,0.4374761460552985,0.4568456735564089,0.4454087398586247,95584.0,115008.0,127232.0,114777.6,128.0,128.0,128.0,128.0,0.0,0.0,0.0,0.0,746.75,898.5,994.0,896.7,0.0,0.0,0.0,0.0,0.0,0.0,0.0,0.0,0.0,0.0,0.0,0.0,0.0,0.0,0.0,0.0,0.0,0.0,0.0,0.0,0.0,0.0,0.0,0.0,0.8831646814279032,0.9544052388720297,0.9844607394529024,0.9107197471584229,0.1293537724143421,0.49438044477523474,0.59824198285841,0.42923122314116935,0.65,0.7,0.7625,0.7025,3.9375,5.6875,6.96875,5.7375,-0.19375,-0.15,-0.043750000000000004,-0.14250000000000002,38.0,38.0,38.0,38.0,0.0,0.0,0.0,0.1,0.5190639744639185,0.619650214414316,0.6763878288196614,0.6036225511045517,,,,,41.0,45.5,46.0,43.8,4.0,4.0,4.0,4.0,3.25,4.0,7.5,5.0,0.0748780487804878,0.1043360433604336,0.15025575447570333,0.11182224717387841
dcop_dsa,latency,0.0,10,24.0,24.0,24.0,24.0,40.0,40.0,40.0,40.0,0.0,0.0,0.0,0.0,0.0,0.0,0.0,0.0,0.0,0.0,0.0,0.0,0.75,0.75,0.75,0.75,0.0,0.0,0.0,0.0,0.0,0.0,0.0,0.0,3280.0,3640.0,3680.0,3504.0,3280.0,3640.0,3680.0,3504.0,1.0,1.0,1.0,1.0,0.0,0.0,0.0,0.0,419840.0,465920.0,471040.0,448512.0,128.0,128.0,128.0,128.0,0.0,0.0,0.0,0.0,3280.0,3640.0,3680.0,3504.0,0.0,0.0,0.0,0.0,0.0,0.0,0.0,0.0,0.0,0.0,0.0,0.0,0.0,0.0,0.0,0.0,0.0,0.0,0.0,0.0,0.0,0.0,0.0,0.0,0.011474514877604832,0.03596462990007952,0.16662131435443928,0.08897391093288433,0.35202552478335436,0.42426521829815633,0.5017635490288977,0.4315871914357071,0.9562499999999999,0.975,1.0,0.9774999999999998,0.0,0.0,0.0,0.0,-0.31875,-0.275,-0.23125,-0.26749999999999996,5.0,6.0,9.0,6.8,1.0,1.0,1.0,1.0,0.5190639744639185,0.619650214414316,0.6763878288196614,0.6036225511045517,,,,,41.0,45.5,46.0,43.8,4.0,4.0,4.0,4.0,0.0,0.0,0.0,0.0,0.0,0.0,0.0,0.0
dcop_dsa,latency,1.0,10,24.0,24.0,24.0,24.0,40.0,40.0,40.0,40.0,0.0,0.0,0.0,-0.1,0.0,0.0,0.0,0.1,0.0,0.0,0.0,0.0,0.75,0.75,0.75,0.75,1.0,1.0,1.0,1.0,1.0,1.0,1.0,1.0,3280.0,3640.0,3680.0,3504.0,3198.0,3549.0,3588.0,3416.4,0.975,0.975,0.975,0.975,0.025000000000000022,0.025000000000000022,0.025000000000000022,0.025000000000000022,409344.0,454272.0,459264.0,437299.2,128.0,128.0,128.0,128.0,0.0,0.0,0.0,0.0,3198.0,3549.0,3588.0,3416.4,0.0,0.0,0.0,0.0,0.0,0.0,0.0,0.0,0.0,0.0,0.0,0.0,0.0,0.0,0.0,0.0,0.0,0.0,0.0,0.0,0.0,0.0,0.0,0.0,0.5321288703132544,0.670573577645672,0.7361174725345221,0.578500092608478,0.1925237565791495,0.212355995075942,0.3245445165962981,0.28290382834433186,0.73125,0.7625,0.8375,0.7924999999999999,0.0,0.0,0.1875,0.175,-0.3125,-0.275,-0.23125,-0.265,15.0,22.0,25.0,19.444444444444443,1.0,1.0,1.0,0.9,0.5190639744639185,0.619650214414316,0.6763878288196614,0.6036225511045517,,,,,41.0,45.5,46.0,43.8,4.0,4.0,4.0,4.0,0.0,0.0,0.0,0.1,0.0,0.0,0.0,0.002173913043478261
dcop_dsa,latency,2.0,10,24.0,24.0,24.0,24.0,40.0,40.0,40.0,40.0,-5.75,-2.5,-0.25,-3.5,0.25,2.5,5.75,3.5,0.0,0.0,0.0,0.0,0.75,0.75,0.75,0.75,2.0,2.0,2.0,2.0,2.0,2.0,2.0,2.0,3280.0,3640.0,3680.0,3504.0,3116.0,3458.0,3496.0,3328.8,0.95,0.95,0.95,0.9499999999999998,0.050000000000000044,0.050000000000000044,0.050000000000000044,0.050000000000000044,398848.0,442624.0,447488.0,426086.4,128.0,128.0,128.0,128.0,0.0,0.0,0.0,0.0,3116.0,3458.0,3496.0,3328.8,0.0,0.0,0.0,0.0,0.0,0.0,0.0,0.0,0.0,0.0,0.0,0.0,0.0,0.0,0.0,0.0,0.0,0.0,0.0,0.0,0.0,0.0,0.0,0.0,0.8305108044196201,0.9037932227727649,0.9688497139293242,0.780959010513234,0.1685888245839308,0.24225925066174048,0.2959826481316844,0.2449146795566437,0.625,0.6625000000000001,0.69375,0.67,1.15625,3.4375,5.875,3.6875,-0.275,-0.175,-0.10625000000000001,-0.18000000000000002,13.0,34.0,38.0,25.8,0.0,0.5,1.0,0.5,0.5190639744639185,0.619650214414316,0.6763878288196614,0.6036225511045517,,,,,41.0,45.5,46.0,43.8,4.0,4.0,4.0,4.0,0.25,2.5,5.75,3.5,0.005555555555555556,0.06038647342995169,0.14447831978319783,0.08038776952986922
dcop_dsa,latency,4.0,10,24.0,24.0,24.0,24.0,40.0,40.0,40.0,40.0,-15.75,-9.5,-4.5,-9.8,4.5,9.5,15.75,9.8,0.0,0.0,0.0,0.0,0.75,0.75,0.75,0.75,4.0,4.0,4.0,4.0,4.0,4.0,4.0,4.0,3280.0,3640.0,3680.0,3504.0,2952.0,3276.0,3312.0,3153.6,0.9,0.9,0.9,0.9,0.09999999999999998,0.09999999999999998,0.09999999999999998,0.09999999999999998,377856.0,419328.0,423936.0,403660.8,128.0,128.0,128.0,128.0,0.0,0.0,0.0,0.0,2952.0,3276.0,3312.0,3153.6,0.0,0.0,0.0,0.0,0.0,0.0,0.0,0.0,0.0,0.0,0.0,0.0,0.0,0.0,0.0,0.0,0.0,0.0,0.0,0.0,0.0,0.0,0.0,0.0,0.9493307238349822,0.9822148164390069,0.9829220241281268,0.9318598348615789,0.04427598410443695,0.15360013855586013,0.18213819902883083,0.16330625734908705,0.575,0.6,0.61875,0.6075,6.03125,6.9375,11.875,8.4375,-0.15,-0.025,0.1125,-0.0225,16.0,16.0,16.0,16.0,0.0,0.0,0.0,0.1,0.5190639744639185,0.619650214414316,0.6763878288196614,0.6036225511045517,,,,,41.0,45.5,46.0,43.8,4.0,4.0,4.0,4.0,4.5,9.5,15.75,9.8,0.0995311167945439,0.213768115942029,0.3757246376811594,0.2290391463761185
dcop_dsa,latency,8.0,10,24.0,24.0,24.0,24.0,40.0,40.0,40.0,40.0,-15.75,-15.0,-10.25,-13.7,10.25,15.0,15.75,13.7,0.0,0.0,0.0,0.0,0.75,0.75,0.75,0.75,8.0,8.0,8.0,8.0,8.0,8.0,8.0,8.0,3280.0,3640.0,3680.0,3504.0,2624.0,2912.0,2944.0,2803.2,0.8,0.8,0.8,0.8,0.19999999999999996,0.19999999999999996,0.19999999999999996,0.19999999999999996,335872.0,372736.0,376832.0,358809.6,128.0,128.0,128.0,128.0,0.0,0.0,0.0,0.0,2624.0,2912.0,2944.0,2803.2,0.0,0.0,0.0,0.0,0.0,0.0,0.0,0.0,0.0,0.0,0.0,0.0,0.0,0.0,0.0,0.0,0.0,0.0,0.0,0.0,0.0,0.0,0.0,0.0,0.9803655951464225,0.9888574516850259,1.0034551514628207,0.9900557781200086,0.05749198153700266,0.12945312700212525,0.1958003366610211,0.12613646949957533,0.725,0.7375,0.75,0.7525000000000001,11.6875,13.5625,16.28125,13.3,0.00625,0.0875,0.15,0.075,,,,,0.0,0.0,0.0,0.0,0.5190639744639185,0.619650214414316,0.6763878288196614,0.6036225511045517,,,,,41.0,45.5,46.0,43.8,4.0,4.0,4.0,4.0,10.25,15.0,15.75,13.7,0.2625,0.3185990338164251,0.4076086956521739,0.31639133207188846
dcop_dsa,msg_drop,0.0,10,24.0,24.0,24.0,24.0,40.0,40.0,40.0,40.0,0.0,0.0,0.0,0.0,0.0,0.0,0.0,0.0,0.0,0.0,0.0,0.0,0.75,0.75,0.75,0.75,0.0,0.0,0.0,0.0,0.0,0.0,0.0,0.0,3280.0,3640.0,3680.0,3504.0,3280.0,3640.0,3680.0,3504.0,1.0,1.0,1.0,1.0,0.0,0.0,0.0,0.0,419840.0,465920.0,471040.0,448512.0,128.0,128.0,128.0,128.0,0.0,0.0,0.0,0.0,3280.0,3640.0,3680.0,3504.0,0.0,0.0,0.0,0.0,0.0,0.0,0.0,0.0,0.0,0.0,0.0,0.0,0.0,0.0,0.0,0.0,0.0,0.0,0.0,0.0,0.0,0.0,0.0,0.0,0.011474514877604832,0.03596462990007952,0.16662131435443928,0.08897391093288433,0.35202552478335436,0.42426521829815633,0.5017635490288977,0.4315871914357071,0.9562499999999999,0.975,1.0,0.9774999999999998,0.0,0.0,0.0,0.0,-0.31875,-0.275,-0.23125,-0.26749999999999996,5.0,6.0,9.0,6.8,1.0,1.0,1.0,1.0,0.5190639744639185,0.619650214414316,0.6763878288196614,0.6036225511045517,,,,,41.0,45.5,46.0,43.8,4.0,4.0,4.0,4.0,0.0,0.0,0.0,0.0,0.0,0.0,0.0,0.0
dcop_dsa,msg_drop,0.1,10,24.0,24.0,24.0,24.0,40.0,40.0,40.0,40.0,-1.0,-1.0,0.0,-0.8,0.0,1.0,1.0,0.8,0.0,0.0,0.0,0.0,0.7746892982736573,0.7754270833333333,0.7759001358695652,0.7752122829509145,0.0,0.0,0.0,0.0,0.0,0.0,0.0,0.0,3280.0,3640.0,3680.0,3504.0,2945.0,3265.5,3315.25,3150.5,0.8963994565217391,0.8982916666666667,0.9012428069053708,0.8991508681963417,0.09875719309462913,0.10170833333333335,0.10360054347826084,0.10084913180365818,376960.0,417984.0,424352.0,403264.0,128.0,128.0,128.0,128.0,0.0,0.0,0.0,0.0,2945.0,3265.5,3315.25,3150.5,0.0,0.0,0.0,0.0,0.0,0.0,0.0,0.0,316.75,363.5,381.25,353.5,0.0,0.0,0.0,0.0,0.0,0.0,0.0,0.0,0.0,0.0,0.0,0.0,0.08483779183762825,0.24047170437957383,0.6328385937928084,0.35463579280093516,0.20070697440335686,0.29218577932119044,0.39437792092808566,0.2905846659137793,0.68125,0.7124999999999999,0.7625,0.7150000000000001,0.5,0.6875,0.9375,1.0125,-0.3,-0.2375,-0.225,-0.24750000000000005,7.25,10.0,20.75,14.7,1.0,1.0,1.0,1.0,0.5190639744639185,0.619650214414316,0.6763878288196614,0.6036225511045517,,,,,41.0,45.5,46.0,43.8,4.0,4.0,4.0,4.0,0.0,1.0,1.0,0.8,0.0,0.023064687168610817,0.027777777777777776,0.01851631907623424
dcop_dsa,msg_drop,0.3,10,24.0,24.0,24.0,24.0,40.0,40.0,40.0,40.0,-3.75,-3.0,-2.0,-3.5,2.0,3.0,3.75,3.5,0.0,0.0,0.0,0.0,0.8238247282608695,0.8244923762077294,0.8250919117647059,0.8247630023686746,0.0,0.0,0.0,0.0,0.0,0.0,0.0,0.0,3280.0,3640.0,3680.0,3504.0,2270.0,2531.5,2588.0,2455.7,0.6996323529411764,0.7020304951690821,0.7047010869565217,0.7009479905253017,0.29529891304347833,0.2979695048309179,0.3003676470588236,0.29905200947469834,290560.0,324032.0,331264.0,314329.6,128.0,128.0,128.0,128.0,0.0,0.0,0.0,0.0,2270.0,2531.5,2588.0,2455.7,0.0,0.0,0.0,0.0,0.0,0.0,0.0,0.0,962.0,1085.0,1127.25,1048.3,0.0,0.0,0.0,0.0,0.0,0.0,0.0,0.0,0.0,0.0,0.0,0.0,0.5667578984162829,0.7121784015797541,0.8784570037673407,0.6840003344631288,0.21369359165728394,0.29070011076701124,0.6046615296716173,0.4216458389852987,0.60625,0.6375,0.6687500000000001,0.635,3.15625,4.625,6.46875,4.6625,-0.24375,-0.2,-0.15625,-0.18,11.0,13.5,18.25,15.75,0.0,0.0,1.0,0.4,0.5190639744639185,0.619650214414316,0.6763878288196614,0.6036225511045517,,,,,41.0,45.5,46.0,43.8,4.0,4.0,4.0,4.0,2.0,3.0,3.75,3.5,0.05555555555555555,0.062020460358056265,0.08495934959349594,0.07894279832823906
dcop_dsa,msg_drop,0.5,10,24.0,24.0,24.0,24.0,40.0,40.0,40.0,40.0,-7.75,-6.5,-5.25,-6.6,5.25,6.5,7.75,6.6,0.0,0.0,0.0,0.0,0.8726817255434782,0.8737130132850242,0.8764945652173913,0.87454087382346,0.0,0.0,0.0,0.0,0.0,0.0,0.0,0.0,3280.0,3640.0,3680.0,3504.0,1615.25,1830.5,1869.75,1757.2,0.4940217391304348,0.5051479468599034,0.509273097826087,0.5018365047061597,0.490726902173913,0.4948520531400966,0.5059782608695652,0.49816349529384035,206752.0,234304.0,239328.0,224921.6,128.0,128.0,128.0,128.0,0.0,0.0,0.0,0.0,1615.25,1830.5,1869.75,1757.2,0.0,0.0,0.0,0.0,0.0,0.0,0.0,0.0,1626.25,1783.5,1849.25,1746.8,0.0,0.0,0.0,0.0,0.0,0.0,0.0,0.0,0.0,0.0,0.0,0.0,0.8447040281217311,0.9592998560893029,0.9766205337648924,0.9053463981796657,0.1498479953662772,0.394745293008007,0.4959530400627218,0.3694669362341664,0.55625,0.5874999999999999,0.6,0.595,5.46875,6.75,8.1875,6.65,-0.16249999999999998,-0.1,-0.05625,-0.1025,,,,,0.0,0.0,0.0,0.0,0.5190639744639185,0.619650214414316,0.6763878288196614,0.6036225511045517,,,,,41.0,45.5,46.0,43.8,4.0,4.0,4.0,4.0,5.25,6.5,7.75,6.6,0.1388888888888889,0.14925768822905622,0.17388888888888887,0.15072264154866613
dcop_dsa,msg_drop,0.7,10,24.0,24.0,24.0,24.0,40.0,40.0,40.0,40.0,-14.75,-11.0,-8.25,-10.9,8.25,11.0,14.75,10.9,0.0,0.0,0.0,0.0,0.9242795138888888,0.9256660922587487,0.926215784066808,0.9252615788247077,0.0,0.0,0.0,0.0,0.0,0.0,0.0,0.0,3280.0,3640.0,3680.0,3504.0,973.0,1087.5,1123.75,1046.7,0.29513686373276776,0.29733563096500526,0.30288194444444444,0.29895368470116923,0.6971180555555556,0.7026643690349947,0.7048631362672322,0.7010463152988308,124544.0,139200.0,143840.0,133977.6,128.0,128.0,128.0,128.0,0.0,0.0,0.0,0.0,973.0,1087.5,1123.75,1046.7,0.0,0.0,0.0,0.0,0.0,0.0,0.0,0.0,2303.0,2526.5,2593.75,2457.3,0.0,0.0,0.0,0.0,0.0,0.0,0.0,0.0,0.0,0.0,0.0,0.0,0.9854246405447902,0.9971547025041788,1.0,0.9909700422710239,0.0015972357894863953,0.017632244524790286,0.1348553305689072,0.1147910384565424,0.575,0.5874999999999999,0.625,0.6,7.625,8.5625,12.0625,9.3125,-0.037500000000000006,0.025,0.043750000000000004,0.004999999999999998,,,,,0.0,0.0,0.0,0.0,0.5190639744639185,0.619650214414316,0.6763878288196614,0.6036225511045517,,,,,41.0,45.5,46.0,43.8,4.0,4.0,4.0,4.0,8.25,11.0,14.75,10.9,0.21664275466284075,0.2211111111111111,0.32065217391304346,0.24558936504966078
dcop_dsa,msg_drop,1.0,10,24.0,24.0,24.0,24.0,40.0,40.0,40.0,40.0,-12.75,-11.0,-9.25,-10.7,9.25,11.0,12.75,10.7,0.0,0.0,0.0,0.0,1.0,1.0,1.0,1.0,0.0,0.0,0.0,0.0,0.0,0.0,0.0,0.0,3280.0,3640.0,3680.0,3504.0,0.0,0.0,0.0,0.0,0.0,0.0,0.0,0.0,1.0,1.0,1.0,1.0,0.0,0.0,0.0,0.0,0.0,0.0,0.0,0.0,0.0,0.0,0.0,0.0,0.0,0.0,0.0,0.0,0.0,0.0,0.0,0.0,0.0,0.0,0.0,0.0,3280.0,3640.0,3680.0,3504.0,0.0,0.0,0.0,0.0,0.0,0.0,0.0,0.0,0.0,0.0,0.0,0.0,1.0,1.0,1.0,1.0,0.0,0.0,0.0,0.0,1.0,1.0,1.0,1.0,9.25,11.0,12.75,10.7,0.0,0.0,0.0,0.0,,,,,0.0,0.0,0.0,0.0,0.5190639744639185,0.619650214414316,0.6763878288196614,0.6036225511045517,,,,,41.0,45.5,46.0,43.8,4.0,4.0,4.0,4.0,9.25,11.0,12.75,10.7,0.20173913043478262,0.2645811240721103,0.2977053140096618,0.2473193811989271
dcop_dsa,spoof,0.0,10,24.0,24.0,24.0,24.0,40.0,40.0,40.0,40.0,0.0,0.0,0.0,0.0,0.0,0.0,0.0,0.0,0.0,0.0,0.0,0.0,0.75,0.75,0.75,0.75,0.0,0.0,0.0,0.0,0.0,0.0,0.0,0.0,3280.0,3640.0,3680.0,3504.0,3280.0,3640.0,3680.0,3504.0,1.0,1.0,1.0,1.0,0.0,0.0,0.0,0.0,419840.0,465920.0,471040.0,448512.0,128.0,128.0,128.0,128.0,0.0,0.0,0.0,0.0,3280.0,3640.0,3680.0,3504.0,0.0,0.0,0.0,0.0,0.0,0.0,0.0,0.0,0.0,0.0,0.0,0.0,0.0,0.0,0.0,0.0,0.0,0.0,0.0,0.0,0.0,0.0,0.0,0.0,0.011474514877604832,0.03596462990007952,0.16662131435443928,0.08897391093288433,0.35202552478335436,0.42426521829815633,0.5017635490288977,0.4315871914357071,0.9562499999999999,0.975,1.0,0.9774999999999998,0.0,0.0,0.0,0.0,-0.31875,-0.275,-0.23125,-0.26749999999999996,5.0,6.0,9.0,6.8,1.0,1.0,1.0,1.0,0.5190639744639185,0.619650214414316,0.6763878288196614,0.6036225511045517,,,,,41.0,45.5,46.0,43.8,4.0,4.0,4.0,4.0,0.0,0.0,0.0,0.0,0.0,0.0,0.0,0.0
dcop_dsa,spoof,0.1,10,24.0,24.0,24.0,24.0,40.0,40.0,40.0,40.0,-4.5,-2.5,-0.25,-3.0,0.25,2.5,4.5,3.0,0.12116463277852849,0.1246688447192543,0.12693320646898168,0.12495589950359065,0.6709175857843137,0.6726875,0.6750509510869566,0.6732984667077329,0.0,0.0,0.0,0.0,0.0,0.0,0.0,0.0,3280.0,3640.0,3680.0,3504.0,3280.0,3640.0,3680.0,3504.0,1.0,1.0,1.0,1.0,0.0,0.0,0.0,0.0,419840.0,465920.0,471040.0,448512.0,128.0,128.0,128.0,128.0,0.0,0.0,0.0,0.0,2926.0,3258.0,3312.25,3145.1,0.0,0.0,0.0,0.0,321.0,371.5,385.5,358.9,0.0,0.0,0.0,0.0,0.0,0.0,0.0,0.0,0.0,0.0,0.0,0.0,0.0,0.0,0.0,0.0,0.4003239735525532,0.5838519621470569,0.7711540371876056,0.5439215589538049,0.1766537992710382,0.2517146053221834,0.36559944898946284,0.294123344916751,0.65625,0.675,0.71875,0.6699999999999999,2.0625,2.4375,4.0,3.025,-0.26875000000000004,-0.225,-0.125,-0.19250000000000003,11.5,15.0,20.5,15.5,1.0,1.0,1.0,0.8,0.5190639744639185,0.619650214414316,0.6763878288196614,0.6036225511045517,,,,,41.0,45.5,46.0,43.8,4.0,4.0,4.0,4.0,0.25,2.5,4.5,3.0,0.005555555555555556,0.05699893955461294,0.09182209469153516,0.06552561356815614
dcop_dsa,spoof,0.3,10,24.0,24.0,24.0,24.0,40.0,40.0,40.0,40.0,-8.0,-6.5,-3.75,-6.8,3.75,6.5,8.0,6.8,0.3596923551272452,0.3661127285528897,0.3679058302232906,0.3652578505899049,0.5235184832317074,0.5291620044757033,0.5297622282608696,0.5277775924380886,0.0,0.0,0.0,0.0,0.0,0.0,0.0,0.0,3280.0,3640.0,3680.0,3504.0,3280.0,3640.0,3680.0,3504.0,1.0,1.0,1.0,1.0,0.0,0.0,0.0,0.0,419840.0,465920.0,471040.0,448512.0,128.0,128.0,128.0,128.0,0.0,0.0,0.0,0.0,2285.75,2551.5,2599.25,2466.9,0.0,0.0,0.0,0.0,988.75,1069.5,1109.25,1037.1,0.0,0.0,0.0,0.0,0.0,0.0,0.0,0.0,0.0,0.0,0.0,0.0,0.0,0.0,0.0,0.0,0.7331884616035548,0.8548535505984967,0.9556125840506858,0.816793038084427,0.15602275720431502,0.3560540916110348,0.5996038787300297,0.3815552490968031,0.575,0.575,0.6,0.5850000000000001,5.34375,6.375,6.75,6.3,-0.175,-0.125,-0.025,-0.0975,22.25,22.5,22.75,22.5,0.0,0.0,0.0,0.2,0.5190639744639185,0.619650214414316,0.6763878288196614,0.6036225511045517,,,,,41.0,45.5,46.0,43.8,4.0,4.0,4.0,4.0,3.75,6.5,8.0,6.8,0.0951086956521739,0.15094850948509486,0.1758312020460358,0.15475286770770524
dcop_dsa,spoof,0.5,10,24.0,24.0,24.0,24.0,40.0,40.0,40.0,40.0,-9.0,-7.5,-6.25,-7.4,6.25,7.5,9.0,7.4,0.6196382066851693,0.6245381508541342,0.6317310320661581,0.624293775839484,0.36717180774748925,0.372638134057971,0.37757586050724634,0.3727432638325744,0.0,0.0,0.0,0.0,0.0,0.0,0.0,0.0,3280.0,3640.0,3680.0,3504.0,3280.0,3640.0,3680.0,3504.0,1.0,1.0,1.0,1.0,0.0,0.0,0.0,0.0,419840.0,465920.0,471040.0,448512.0,128.0,128.0,128.0,128.0,0.0,0.0,0.0,0.0,1625.25,1808.5,1865.75,1741.1,0.0,0.0,0.0,0.0,1632.25,1809.5,1847.25,1762.9,0.0,0.0,0.0,0.0,0.0,0.0,0.0,0.0,0.0,0.0,0.0,0.0,0.0,0.0,0.0,0.0,0.964241134925321,0.9920761735874211,0.9979441304274249,0.9734674110381715,0.005196360784014142,0.029043636881113666,0.09974198525812536,0.14968873257053428,0.525,0.575,0.59375,0.5549999999999999,8.125,8.375,8.46875,8.375,-0.125,-0.1,-0.0375,-0.08249999999999999,,,,,0.0,0.0,0.0,0.0,0.5190639744639185,0.619650214414316,0.6763878288196614,0.6036225511045517,,,,,41.0,45.5,46.0,43.8,4.0,4.0,4.0,4.0,6.25,7.5,9.0,7.4,0.14158536585365855,0.17565359477124182,0.21304347826086956,0.16989954185986872
dcop_dsa,spoof,1.0,10,24.0,24.0,24.0,24.0,40.0,40.0,40.0,40.0,-18.75,-13.0,-10.25,-14.2,10.25,13.0,18.75,14.2,1.2409604696034688,1.2496306696552741,1.2586121060352338,1.2483072331584846,0.0,0.0,0.0,0.0,0.0,0.0,0.0,0.0,0.0,0.0,0.0,0.0,3280.0,3640.0,3680.0,3504.0,3280.0,3640.0,3680.0,3504.0,1.0,1.0,1.0,1.0,0.0,0.0,0.0,0.0,419840.0,465920.0,471040.0,448512.0,128.0,128.0,128.0,128.0,0.0,0.0,0.0,0.0,0.0,0.0,0.0,0.0,0.0,0.0,0.0,0.0,3280.0,3640.0,3680.0,3504.0,0.0,0.0,0.0,0.0,0.0,0.0,0.0,0.0,0.0,0.0,0.0,0.0,0.0,0.0,0.0,0.0,0.9189354412355767,0.979769853628815,0.9991394610216792,0.939065430919938,0.00809957401189304,0.10174711786403007,0.16966824636283517,0.20014736845398642,0.475,0.5125,0.55,0.515,12.28125,13.625,14.75,13.625,-0.025,0.0625,0.2125,0.0875,,,,,0.0,0.0,0.0,0.0,0.5190639744639185,0.619650214414316,0.6763878288196614,0.6036225511045517,,,,,41.0,45.5,46.0,43.8,4.0,4.0,4.0,4.0,10.25,13.0,18.75,14.2,0.2551490514905149,0.3113143631436315,0.40760869565217395,0.31986283520124204
dcop_minsum,bandwidth,0.0,10,24.0,24.0,24.0,24.0,40.0,40.0,40.0,40.0,-2.25,0.0,0.0,-2.3,0.0,0.0,2.25,2.3,0.0,0.0,0.0,0.0,0.0,0.0,0.0,0.00030570652173913046,0.0,0.0,0.0,0.0,0.0,0.0,0.0,0.0,3280.0,3640.0,3680.0,3504.0,3280.0,3640.0,3680.0,3504.0,1.0,1.0,1.0,1.0,0.0,0.0,0.0,0.0,419840.0,465920.0,471040.0,448512.0,128.0,128.0,128.0,128.0,0.0,0.0,0.0,0.0,3280.0,3640.0,3680.0,3504.0,0.0,0.0,0.0,0.0,0.0,0.0,0.0,0.0,0.0,0.0,0.0,0.0,0.0,0.0,0.0,0.0,0.0,0.0,0.0,0.0,0.0,0.0,0.0,0.0,0.00011158188278002184,0.044021188898517416,0.15124177285865906,0.15315034498526559,0.3489923537509178,0.43575528098668004,0.6583751906538116,0.4658718175213844,0.7,0.975,1.0,0.8550000000000001,0.0,0.0,1.3125,1.8875,-0.29375,-0.275,-0.23125,-0.21000000000000002,3.0,5.0,7.0,5.333333333333333,1.0,1.0,1.0,0.9,0.5190639744639185,0.619650214414316,0.6763878288196614,0.6036225511045517,,,,,41.0,45.5,46.0,43.8,4.0,4.0,4.0,4.0,0.0,0.0,2.25,2.3,0.0,0.0,0.048913043478260865,0.05079533404029692
dcop_minsum,bandwidth,1.0,10,24.0,24.0,24.0,24.0,40.0,40.0,40.0,40.0,-16.75,-11.5,-7.25,-12.6,7.25,11.5,16.75,12.6,8.313100280458613,8.409643324432004,8.483672469196012,8.425328768016396,0.0,0.0,0.0,0.0,0.0,0.0,0.0,0.0,0.0,0.0,0.0,0.0,3280.0,3640.0,3680.0,3504.0,3280.0,3640.0,3680.0,3504.0,1.0,1.0,1.0,1.0,0.0,0.0,0.0,0.0,13120.0,14560.0,14720.0,14016.0,4.0,4.0,4.0,4.0,0.0,0.0,0.0,0.0,3280.0,3640.0,3680.0,3504.0,0.0,0.0,0.0,0.0,0.0,0.0,0.0,0.0,0.0,0.0,0.0,0.0,0.0,0.0,0.0,0.0,0.0,0.0,0.0,0.0,0.0,0.0,0.0,0.0,0.8564714751684874,0.9764377222021972,1.0,0.8569415837231542,0.0019470949835655171,0.08132646784951503,0.40406114366290335,0.20777661386344617,0.4875,0.5375000000000001,0.5875,0.6025,7.53125,12.5625,17.875,11.95,-0.1375,-0.025,0.25,0.047499999999999994,6.0,6.0,6.0,6.0,0.0,0.0,0.0,0.1,0.5190639744639185,0.619650214414316,0.6763878288196614,0.6036225511045517,,,,,41.0,45.5,46.0,43.8,4.0,4.0,4.0,4.0,7.25,11.5,16.75,12.6,0.1715270413573701,0.24444444444444444,0.3957800511508951,0.27589663083331606
dcop_minsum,bandwidth,2.0,10,24.0,24.0,24.0,24.0,40.0,40.0,40.0,40.0,-16.75,-11.5,-7.25,-12.6,7.25,11.5,16.75,12.6,0.8099425031631796,0.8362312553118888,0.8565177238625435,0.8403971771623404,0.0,0.0,0.0,0.0,0.0,0.0,0.0,0.0,0.0,0.0,0.0,0.0,3280.0,3640.0,3680.0,3504.0,3280.0,3640.0,3680.0,3504.0,1.0,1.0,1.0,1.0,0.0,0.0,0.0,0.0,26240.0,29120.0,29440.0,28032.0,8.0,8.0,8.0,8.0,0.0,0.0,0.0,0.0,3280.0,3640.0,3680.0,3504.0,0.0,0.0,0.0,0.0,0.0,0.0,0.0,0.0,0.0,0.0,0.0,0.0,0.0,0.0,0.0,0.0,0.0,0.0,0.0,0.0,0.0,0.0,0.0,0.0,0.8564714751684874,0.9764377222021972,1.0,0.8569415837231542,0.0019470949835655171,0.08132646784951503,0.40406114366290335,0.20777661386344617,0.4875,0.5375000000000001,0.5875,0.6025,7.53125,12.5625,17.875,11.95,-0.1375,-0.025,0.25,0.047499999999999994,6.0,6.0,6.0,6.0,0.0,0.0,0.0,0.1,0.5190639744639185,0.619650214414316,0.6763878288196614,0.6036225511045517,,,,,41.0,45.5,46.0,43.8,4.0,4.0,4.0,4.0,7.25,11.5,16.75,12.6,0.1715270413573701,0.24444444444444444,0.3957800511508951,0.27589663083331606
dcop_minsum,bandwidth,3.0,10,24.0,24.0,24.0,24.0,40.0,40.0,40.0,40.0,-16.75,-11.5,-7.25,-12.6,7.25,11.5,16.75,12.6,0.1345093312036864,0.14077313065227132,0.14592591755069284,0.14177380439740192,0.0,0.0,0.0,0.0,0.0,0.0,0.0,0.0,0.0,0.0,0.0,0.0,3280.0,3640.0,3680.0,3504.0,3280.0,3640.0,3680.0,3504.0,1.0,1.0,1.0,1.0,0.0,0.0,0.0,0.0,39360.0,43680.0,44160.0,42048.0,12.0,12.0,12.0,12.0,0.0,0.0,0.0,0.0,3280.0,3640.0,3680.0,3504.0,0.0,0.0,0.0,0.0,0.0,0.0,0.0,0.0,0.0,0.0,0.0,0.0,0.0,0.0,0.0,0.0,0.0,0.0,0.0,0.0,0.0,0.0,0.0,0.0,0.8564714751684874,0.9764377222021972,1.0,0.8569415837231542,0.0019470949835655171,0.08132646784951503,0.40406114366290335,0.20777661386344617,0.4875,0.5375000000000001,0.5875,0.6025,7.53125,12.5625,17.875,11.95,-0.1375,-0.025,0.25,0.047499999999999994,6.0,6.0,6.0,6.0,0.0,0.0,0.0,0.1,0.5190639744639185,0.619650214414316,0.6763878288196614,0.6036225511045517,,,,,41.0,45.5,46.0,43.8,4.0,4.0,4.0,4.0,7.25,11.5,16.75,12.6,0.1715270413573701,0.24444444444444444,0.3957800511508951,0.27589663083331606
dcop_minsum,bandwidth,4.0,10,24.0,24.0,24.0,24.0,40.0,40.0,40.0,40.0,-16.75,-11.5,-7.25,-12.6,7.25,11.5,16.75,12.6,0.027863301507818475,0.02903813955464144,0.03035181300098271,0.02926992254043411,0.0,0.0,0.0,0.0,0.0,0.0,0.0,0.0,0.0,0.0,0.0,0.0,3280.0,3640.0,3680.0,3504.0,3280.0,3640.0,3680.0,3504.0,1.0,1.0,1.0,1.0,0.0,0.0,0.0,0.0,52480.0,58240.0,58880.0,56064.0,16.0,16.0,16.0,16.0,0.0,0.0,0.0,0.0,3280.0,3640.0,3680.0,3504.0,0.0,0.0,0.0,0.0,0.0,0.0,0.0,0.0,0.0,0.0,0.0,0.0,0.0,0.0,0.0,0.0,0.0,0.0,0.0,0.0,0.0,0.0,0.0,0.0,0.8564714751684874,0.9764377222021972,1.0,0.8569415837231542,0.0019470949835655171,0.08132646784951503,0.40406114366290335,0.20777661386344617,0.4875,0.5375000000000001,0.5875,0.6,7.53125,12.5625,17.875,11.95,-0.1375,-0.025,0.25,0.047499999999999994,6.0,6.0,6.0,6.0,0.0,0.0,0.0,0.1,0.5190639744639185,0.619650214414316,0.6763878288196614,0.6036225511045517,,,,,41.0,45.5,46.0,43.8,4.0,4.0,4.0,4.0,7.25,11.5,16.75,12.6,0.1715270413573701,0.24444444444444444,0.3957800511508951,0.27589663083331606
dcop_minsum,bandwidth,8.0,10,24.0,24.0,24.0,24.0,40.0,40.0,40.0,40.0,-3.75,-2.0,-0.25,-2.7,0.25,2.0,3.75,2.7,5.0044315112743696e-05,5.138301680822218e-05,5.424058497939967e-05,5.153436529726343e-05,0.0,0.0,0.0,0.0,0.0,0.0,0.0,0.0,0.0,0.0,0.0,0.0,3280.0,3640.0,3680.0,3504.0,3280.0,3640.0,3680.0,3504.0,1.0,1.0,1.0,1.0,0.0,0.0,0.0,0.0,104960.0,116480.0,117760.0,112128.0,32.0,32.0,32.0,32.0,0.0,0.0,0.0,0.0,3280.0,3640.0,3680.0,3504.0,0.0,0.0,0.0,0.0,0.0,0.0,0.0,0.0,0.0,0.0,0.0,0.0,0.0,0.0,0.0,0.0,0.0,0.0,0.0,0.0,0.0,0.0,0.0,0.0,0.15434281779459802,0.8876726472201995,0.9986491883930184,0.6312182828833205,0.0019159277821186038,0.2448635460553329,0.5261495058366811,0.2998269344263017,0.6,0.7625,0.975,0.7775,1.25,2.75,6.6875,3.975,-0.275,-0.25,-0.1375,-0.2,3.5,4.0,5.0,4.333333333333333,0.0,0.0,0.75,0.3,0.5190639744639185,0.619650214414316,0.6763878288196614,0.6036225511045517,,,,,41.0,45.5,46.0,43.8,4.0,4.0,4.0,4.0,0.25,2.0,3.75,2.7,0.006944444444444444,0.04738562091503268,0.08947507953340403,0.061141434304368615
dcop_minsum,byzantine,0.0,10,24.0,24.0,24.0,24.0,40.0,40.0,40.0,40.0,-2.25,0.0,0.0,-2.3,0.0,0.0,2.25,2.3,0.0,0.0,0.0,0.0,0.0,0.0,0.0,0.00030570652173913046,0.0,0.0,0.0,0.0,0.0,0.0,0.0,0.0,3280.0,3640.0,3680.0,3504.0,3280.0,3640.0,3680.0,3504.0,1.0,1.0,1.0,1.0,0.0,0.0,0.0,0.0,419840.0,465920.0,471040.0,448512.0,128.0,128.0,128.0,128.0,0.0,0.0,0.0,0.0,3280.0,3640.0,3680.0,3504.0,0.0,0.0,0.0,0.0,0.0,0.0,0.0,0.0,0.0,0.0,0.0,0.0,0.0,0.0,0.0,0.0,0.0,0.0,0.0,0.0,0.0,0.0,0.0,0.0,0.00011158188278002184,0.044021188898517416,0.15124177285865906,0.15315034498526559,0.3489923537509178,0.43575528098668004,0.6583751906538116,0.4658718175213844,0.7,0.975,1.0,0.8550000000000001,0.0,0.0,1.3125,1.8875,-0.29375,-0.275,-0.23125,-0.21000000000000002,3.0,5.0,7.0,5.333333333333333,1.0,1.0,1.0,0.9,0.5190639744639185,0.619650214414316,0.6763878288196614,0.6036225511045517,,,,,41.0,45.5,46.0,43.8,4.0,4.0,4.0,4.0,0.0,0.0,2.25,2.3,0.0,0.0,0.048913043478260865,0.05079533404029692
dcop_minsum,byzantine,0.1,10,24.0,24.0,24.0,24.0,40.0,40.0,40.0,40.0,-10.75,-8.0,-4.5,-7.7,4.5,8.0,10.75,7.7,0.0,0.0,0.0,0.0,0.0,0.0,0.0,0.0,0.0,0.0,0.0,0.0,0.0,0.0,0.0,0.0,3280.0,3640.0,3680.0,3504.0,3280.0,3640.0,3680.0,3504.0,1.0,1.0,1.0,1.0,0.0,0.0,0.0,0.0,419840.0,465920.0,471040.0,448512.0,128.0,128.0,128.0,128.0,0.0,0.0,0.0,0.0,3280.0,3640.0,3680.0,3504.0,0.0,0.0,0.0,0.0,0.0,0.0,0.0,0.0,0.0,0.0,0.0,0.0,0.0,0.0,0.0,0.0,0.0,0.0,0.0,0.0,0.0,0.0,0.0,0.0,0.9700689419546179,0.9902962743876083,0.9964971376739751,0.9339544778153996,0.00902221998802133,0.01871983633404295,0.10660157379831592,0.06436905431477652,0.55,0.5625,0.575,0.5700000000000001,7.46875,9.4375,10.8125,9.0375,-0.15,-0.1125,0.0375,-0.075,15.0,15.0,15.0,15.0,0.0,0.0,0.0,0.1,0.5190639744639185,0.619650214414316,0.6763878288196614,0.6036225511045517,,,,,41.0,45.5,46.0,43.8,4.0,4.0,4.0,4.0,4.5,8.0,10.75,7.7,0.11991869918699186,0.17584541062801934,0.24270943796394484,0.17157255733682658
dcop_minsum,byzantine,0.25,10,24.0,24.0,24.0,24.0,40.0,40.0,40.0,40.0,-12.5,-9.5,-9.0,-10.9,9.0,9.5,12.5,10.9,0.0,0.0,0.0,0.0,0.0,0.0,0.0,0.0,0.0,0.0,0.0,0.0,0.0,0.0,0.0,0.0,3280.0,3640.0,3680.0,3504.0,3280.0,3640.0,3680.0,3504.0,1.0,1.0,1.0,1.0,0.0,0.0,0.0,0.0,419840.0,465920.0,471040.0,448512.0,128.0,128.0,128.0,128.0,0.0,0.0,0.0,0.0,3280.0,3640.0,3680.0,3504.0,0.0,0.0,0.0,0.0,0.0,0.0,0.0,0.0,0.0,0.0,0.0,0.0,0.0,0.0,0.0,0.0,0.0,0.0,0.0,0.0,0.0,0.0,0.0,0.0,0.964757872765461,0.982644892049845,0.9973799104483944,0.9526907452039028,0.005650103472553125,0.05555046072147796,0.16566482048269424,0.13310213106889526,0.525,0.55,0.59375,0.5575,9.71875,10.375,12.0,10.55,-0.0625,0.0,0.07500000000000001,0.004999999999999999,,,,,0.0,0.0,0.0,0.0,0.5190639744639185,0.619650214414316,0.6763878288196614,0.6036225511045517,,,,,41.0,45.5,46.0,43.8,4.0,4.0,4.0,4.0,9.0,9.5,12.5,10.9,0.1967391304347826,0.24525745257452575,0.28140096618357485,0.24714453246834261
dcop_minsum,byzantine,0.5,10,24.0,24.0,24.0,24.0,40.0,40.0,40.0,40.0,-13.75,-11.0,-9.25,-11.2,9.25,11.0,13.75,11.2,0.0,0.0,0.0,0.0,0.0,0.0,0.0,2.7173913043478262e-05,0.0,0.0,0.0,0.0,0.0,0.0,0.0,0.0,3280.0,3640.0,3680.0,3504.0,3280.0,3640.0,3680.0,3504.0,1.0,1.0,1.0,1.0,0.0,0.0,0.0,0.0,419840.0,465920.0,471040.0,448512.0,128.0,128.0,128.0,128.0,0.0,0.0,0.0,0.0,3280.0,3640.0,3680.0,3504.0,0.0,0.0,0.0,0.0,0.0,0.0,0.0,0.0,0.0,0.0,0.0,0.0,0.0,0.0,0.0,0.0,0.0,0.0,0.0,0.0,0.0,0.0,0.0,0.0,0.9764233701543535,0.9904189896549276,0.995714178257836,0.9792977419180338,0.0030860573507849876,0.056598243877275745,0.15313299000862007,0.0851334596177384,0.525,0.5375000000000001,0.55,0.55,9.6875,10.375,11.28125,10.65,-0.037500000000000006,0.025,0.08750000000000001,0.0125,,,,,0.0,0.0,0.0,0.0,0.5190639744639185,0.619650214414316,0.6763878288196614,0.6036225511045517,,,,,41.0,45.5,46.0,43.8,4.0,4.0,4.0,4.0,9.25,11.0,13.75,11.2,0.21792152704135737,0.2568201193520887,0.29981884057971014,0.25316077183789737
dcop_minsum,crash,0.0,10,24.0,24.0,24.0,24.0,40.0,40.0,40.0,40.0,-2.25,0.0,0.0,-2.3,0.0,0.0,2.25,2.3,0.0,0.0,0.0,0.0,0.0,0.0,0.0,0.00030570652173913046,0.0,0.0,0.0,0.0,0.0,0.0,0.0,0.0,3280.0,3640.0,3680.0,3504.0,3280.0,3640.0,3680.0,3504.0,1.0,1.0,1.0,1.0,0.0,0.0,0.0,0.0,419840.0,465920.0,471040.0,448512.0,128.0,128.0,128.0,128.0,0.0,0.0,0.0,0.0,3280.0,3640.0,3680.0,3504.0,0.0,0.0,0.0,0.0,0.0,0.0,0.0,0.0,0.0,0.0,0.0,0.0,0.0,0.0,0.0,0.0,0.0,0.0,0.0,0.0,0.0,0.0,0.0,0.0,0.00011158188278002184,0.044021188898517416,0.15124177285865906,0.15315034498526559,0.3489923537509178,0.43575528098668004,0.6583751906538116,0.4658718175213844,0.7,0.975,1.0,0.8550000000000001,0.0,0.0,1.3125,1.8875,-0.29375,-0.275,-0.23125,-0.21000000000000002,3.0,5.0,7.0,5.333333333333333,1.0,1.0,1.0,0.9,0.5190639744639185,0.619650214414316,0.6763878288196614,0.6036225511045517,,,,,41.0,45.5,46.0,43.8,4.0,4.0,4.0,4.0,0.0,0.0,2.25,2.3,0.0,0.0,0.048913043478260865,0.05079533404029692
dcop_minsum,crash,0.01,10,24.0,24.0,24.0,24.0,40.0,40.0,40.0,40.0,-3.5,-1.5,-0.25,-3.1,0.25,1.5,3.5,3.1,0.0,0.0,0.0,0.0,0.0,0.0,0.0,0.00027672359266287156,0.0,0.0006068551464644209,0.002501937812818355,0.001917284607365009,0.0,2.0,3.0,2.0,3143.0,3428.0,3578.75,3335.4,3014.25,3239.0,3405.25,3181.3,0.9392502189106722,0.9611322164584728,0.9707968770273091,0.9547896887083469,0.029203122972690926,0.038867783541527146,0.06074978108932788,0.04521031129165308,385824.0,414592.0,435872.0,407206.4,128.0,128.0,128.0,128.0,0.0,0.0,0.0,0.0,3014.25,3239.0,3405.25,3181.3,0.0,0.0,0.0,0.0,0.0,0.0,0.0,0.0,0.0,0.0,0.0,0.0,0.0,0.0,0.0,0.0,0.0,0.0,0.0,0.0,0.0,0.0,0.0,0.0,0.0032606485144028976,0.12277959102770072,0.44858582649275897,0.25757969010649007,0.2483638469540383,0.3772976340169532,0.606243062793039,0.4090482993207284,0.8,0.8374999999999999,0.8875,0.8099999999999999,0.75,1.8125,2.96875,2.9375,-0.25,-0.2375,-0.225,-0.19,3.0,7.0,10.0,8.0,1.0,1.0,1.0,0.9,0.5190639744639185,0.619650214414316,0.6763878288196614,0.6036225511045517,,,,,41.0,45.5,46.0,43.8,4.0,4.0,4.0,4.0,0.25,1.5,3.5,3.1,0.005,0.03260869565217391,0.08536585365853659,0.06904960527866147
dcop_minsum,crash,0.05,10,24.0,24.0,24.0,24.0,40.0,40.0,40.0,40.0,-5.75,-4.0,-2.0,-4.0,2.0,4.0,5.75,4.0,0.0,0.0,0.0,0.0,0.0,0.0,0.0,0.0,0.027278574183141772,0.033888092454596744,0.03904742966216042,0.03365486491770588,5.0,5.0,5.0,5.8,2672.75,2869.5,2971.25,2789.1,2219.0,2251.5,2355.75,2251.4,0.7832542933164464,0.8127643104806053,0.8284840549708327,0.8059955031678425,0.17151594502916737,0.1872356895193948,0.21674570668355359,0.19400449683215734,284032.0,288192.0,301536.0,288179.2,128.0,128.0,128.0,128.0,0.0,0.0,0.0,0.0,2219.0,2251.5,2355.75,2251.4,0.0,0.0,0.0,0.0,0.0,0.0,0.0,0.0,0.0,0.0,0.0,0.0,0.0,0.0,0.0,0.0,0.0,0.0,0.0,0.0,0.0,0.0,0.0,0.0,0.798401719487815,0.8768930703978681,0.9774111894237772,0.8336196595789254,0.04264925908613504,0.10944104642122249,0.41426831517228024,0.2523604690980865,0.65625,0.7124999999999999,0.75,0.7100000000000001,2.125,3.375,4.40625,3.6125,-0.225,-0.2,-0.175,-0.16750000000000004,25.5,28.5,32.5,29.5,0.0,0.0,1.0,0.4,0.5190639744639185,0.619650214414316,0.6763878288196614,0.6036225511045517,,,,,41.0,45.5,46.0,43.8,4.0,4.0,4.0,4.0,2.0,4.0,5.75,4.0,0.04330065359477124,0.09434782608695652,0.12777777777777777,0.09186854635809785
dcop_minsum,crash,0.1,10,24.0,24.0,24.0,24.0,40.0,40.0,40.0,40.0,-6.0,-3.5,-3.0,-4.6,3.0,3.5,6.0,4.6,0.0,0.0,0.0,0.0,0.0,0.0,0.0,5.7736720554272516e-05,0.10488306684367636,0.12264303749732405,0.16284923802612483,0.13365164988671813,5.5,8.0,10.0,8.1,2218.75,2318.5,2437.5,2287.5,1465.0,1622.0,1655.25,1580.3,0.6638325352569341,0.6931249230857217,0.7190430656247427,0.6894975695384742,0.28095693437525726,0.3068750769142783,0.3361674647430659,0.31050243046152576,187520.0,207616.0,211872.0,202278.4,128.0,128.0,128.0,128.0,0.0,0.0,0.0,0.0,1465.0,1622.0,1655.25,1580.3,0.0,0.0,0.0,0.0,0.0,0.0,0.0,0.0,0.0,0.0,0.0,0.0,0.0,0.0,0.0,0.0,0.0,0.0,0.0,0.0,0.0,0.0,0.0,0.0,0.908074713763759,0.9625292484851065,0.9885905008481884,0.9411701875663907,0.03804346653880089,0.16987192548313768,0.3868229345226848,0.22567873684901102,0.63125,0.7124999999999999,0.7625,0.7,3.09375,3.75,5.0625,4.3,-0.2375,-0.175,-0.05,-0.15250000000000002,29.0,29.0,29.0,29.0,0.0,0.0,0.0,0.1,0.5190639744639185,0.619650214414316,0.6763878288196614,0.6036225511045517,,,,,41.0,45.5,46.0,43.8,4.0,4.0,4.0,4.0,3.0,3.5,6.0,4.6,0.0748780487804878,0.08333333333333333,0.14308943089430892,0.10368523485746366
dcop_minsum,crash,0.2,10,24.0,24.0,24.0,24.0,40.0,40.0,40.0,40.0,-9.5,-5.0,-3.25,-6.5,3.25,5.0,9.5,6.5,0.0,0.0,0.0,0.0,0.0,0.0,0.0,0.0,0.3834665098822312,0.4432438065531591,0.4945713636827127,0.4471644669400092,9.0,10.0,10.0,9.2,1448.25,1644.0,1749.25,1611.6,746.75,898.5,994.0,896.7,0.5431543264435911,0.5625238539447015,0.5768746949847572,0.5545912601413753,0.4231253050152428,0.4374761460552985,0.4568456735564089,0.4454087398586247,95584.0,115008.0,127232.0,114777.6,128.0,128.0,128.0,128.0,0.0,0.0,0.0,0.0,746.75,898.5,994.0,896.7,0.0,0.0,0.0,0.0,0.0,0.0,0.0,0.0,0.0,0.0,0.0,0.0,0.0,0.0,0.0,0.0,0.0,0.0,0.0,0.0,0.0,0.0,0.0,0.0,0.8670306189642785,0.920479147006096,0.9867157819611442,0.890052245195591,0.03224488254887009,0.4497628145615398,0.6985241520943724,0.4049817782749262,0.68125,0.7,0.75625,0.7150000000000001,4.59375,5.6875,7.0625,5.8625,-0.19375,-0.1,-0.03125,-0.10500000000000001,,,,,0.0,0.0,0.0,0.0,0.5190639744639185,0.619650214414316,0.6763878288196614,0.6036225511045517,,,,,41.0,45.5,46.0,43.8,4.0,4.0,4.0,4.0,3.25,5.0,9.5,6.5,0.07965686274509803,0.11532343584305407,0.21666666666666667,0.14800750628989665
dcop_minsum,latency,0.0,10,24.0,24.0,24.0,24.0,40.0,40.0,40.0,40.0,-2.25,0.0,0.0,-2.3,0.0,0.0,2.25,2.3,0.0,0.0,0.0,0.0,0.0,0.0,0.0,0.00030570652173913046,0.0,0.0,0.0,0.0,0.0,0.0,0.0,0.0,3280.0,3640.0,3680.0,3504.0,3280.0,3640.0,3680.0,3504.0,1.0,1.0,1.0,1.0,0.0,0.0,0.0,0.0,419840.0,465920.0,471040.0,448512.0,128.0,128.0,128.0,128.0,0.0,0.0,0.0,0.0,3280.0,3640.0,3680.0,3504.0,0.0,0.0,0.0,0.0,0.0,0.0,0.0,0.0,0.0,0.0,0.0,0.0,0.0,0.0,0.0,0.0,0.0,0.0,0.0,0.0,0.0,0.0,0.0,0.0,0.00011158188278002184,0.044021188898517416,0.15124177285865906,0.15315034498526559,0.3489923537509178,0.43575528098668004,0.6583751906538116,0.4658718175213844,0.7,0.975,1.0,0.8550000000000001,0.0,0.0,1.3125,1.8875,-0.29375,-0.275,-0.23125,-0.21000000000000002,3.0,5.0,7.0,5.333333333333333,1.0,1.0,1.0,0.9,0.5190639744639185,0.619650214414316,0.6763878288196614,0.6036225511045517,,,,,41.0,45.5,46.0,43.8,4.0,4.0,4.0,4.0,0.0,0.0,2.25,2.3,0.0,0.0,0.048913043478260865,0.05079533404029692
dcop_minsum,latency,1.0,10,24.0,24.0,24.0,24.0,40.0,40.0,40.0,40.0,-1.5,0.0,0.0,-2.4,0.0,0.0,1.5,2.4,0.0,0.0,0.0,0.0,0.0,0.0,0.0,0.00010451505016722408,1.0,1.0,1.0,1.0,1.0,1.0,1.0,1.0,3280.0,3640.0,3680.0,3504.0,3198.0,3549.0,3588.0,3416.4,0.975,0.975,0.975,0.975,0.025000000000000022,0.025000000000000022,0.025000000000000022,0.025000000000000022,409344.0,454272.0,459264.0,437299.2,128.0,128.0,128.0,128.0,0.0,0.0,0.0,0.0,3198.0,3549.0,3588.0,3416.4,0.0,0.0,0.0,0.0,0.0,0.0,0.0,0.0,0.0,0.0,0.0,0.0,0.0,0.0,0.0,0.0,0.0,0.0,0.0,0.0,0.0,0.0,0.0,0.0,0.033080595536803536,0.3317294176924832,0.5417378132712882,0.305631764116599,0.23667716706002678,0.3767257717505914,0.4581919460197301,0.38756939338439916,0.85,0.975,1.0,0.9275,0.0,0.0,1.78125,2.0625,-0.3,-0.275,-0.23125,-0.20750000000000002,6.0,10.0,14.0,10.666666666666666,1.0,1.0,1.0,0.9,0.5190639744639185,0.619650214414316,0.6763878288196614,0.6036225511045517,,,,,41.0,45.5,46.0,43.8,4.0,4.0,4.0,4.0,0.0,0.0,1.5,2.4,0.0,0.0,0.03260869565217391,0.05349946977730646
dcop_minsum,latency,2.0,10,24.0,24.0,24.0,24.0,40.0,40.0,40.0,40.0,-0.75,0.0,0.0,-1.7,0.0,0.0,0.75,1.7,0.0,0.0,0.0,0.0,0.0,0.0,0.0,6.435926773455378e-05,2.0,2.0,2.0,2.0,2.0,2.0,2.0,2.0,3280.0,3640.0,3680.0,3504.0,3116.0,3458.0,3496.0,3328.8,0.95,0.95,0.95,0.9499999999999998,0.050000000000000044,0.050000000000000044,0.050000000000000044,0.050000000000000044,398848.0,442624.0,447488.0,426086.4,128.0,128.0,128.0,128.0,0.0,0.0,0.0,0.0,3116.0,3458.0,3496.0,3328.8,0.0,0.0,0.0,0.0,0.0,0.0,0.0,0.0,0.0,0.0,0.0,0.0,0.0,0.0,0.0,0.0,0.0,0.0,0.0,0.0,0.0,0.0,0.0,0.0,0.16298780424416132,0.5620780877371226,0.7311444763038714,0.4633717362790633,0.19412928631018211,0.29524812993169286,0.36576674866134545,0.30713557067368424,0.8875,0.975,1.0,0.9475,0.0,0.0,1.3125,1.5875,-0.31875,-0.275,-0.23125,-0.225,9.0,15.0,21.0,16.0,1.0,1.0,1.0,0.9,0.5190639744639185,0.619650214414316,0.6763878288196614,0.6036225511045517,,,,,41.0,45.5,46.0,43.8,4.0,4.0,4.0,4.0,0.0,0.0,0.75,1.7,0.0,0.0,0.016304347826086956,0.03907741251325557
dcop_minsum,latency,4.0,10,24.0,24.0,24.0,24.0,40.0,40.0,40.0,40.0,-1.75,-0.5,0.0,-1.3,0.0,0.5,1.75,1.3,0.0,0.0,0.0,0.0,0.0,0.0,0.0,0.0,4.0,4.0,4.0,4.0,4.0,4.0,4.0,4.0,3280.0,3640.0,3680.0,3504.0,2952.0,3276.0,3312.0,3153.6,0.9,0.9,0.9,0.9,0.09999999999999998,0.09999999999999998,0.09999999999999998,0.09999999999999998,377856.0,419328.0,423936.0,403660.8,128.0,128.0,128.0,128.0,0.0,0.0,0.0,0.0,2952.0,3276.0,3312.0,3153.6,0.0,0.0,0.0,0.0,0.0,0.0,0.0,0.0,0.0,0.0,0.0,0.0,0.0,0.0,0.0,0.0,0.0,0.0,0.0,0.0,0.0,0.0,0.0,0.0,0.45070815664712316,0.777993118790917,0.881492477582498,0.6794128169673918,0.1634890645662484,0.26369561428798305,0.32015890960148125,0.28499140662141687,0.95,0.975,1.0,0.97,0.0,0.4375,0.9375,1.375,-0.275,-0.275,-0.23125,-0.23500000000000001,15.0,15.0,30.0,21.428571428571427,0.25,1.0,1.0,0.7,0.5190639744639185,0.619650214414316,0.6763878288196614,0.6036225511045517,,,,,41.0,45.5,46.0,43.8,4.0,4.0,4.0,4.0,0.0,0.5,1.75,1.3,0.0,0.010869565217391304,0.04214092140921409,0.028839401437492633
dcop_minsum,latency,8.0,10,24.0,24.0,24.0,24.0,40.0,40.0,40.0,40.0,-2.75,-1.0,0.0,-1.9,0.0,1.0,2.75,1.9,0.0,0.0,0.0,0.0,0.0,0.0,0.0,0.0,8.0,8.0,8.0,8.0,8.0,8.0,8.0,8.0,3280.0,3640.0,3680.0,3504.0,2624.0,2912.0,2944.0,2803.2,0.8,0.8,0.8,0.8,0.19999999999999996,0.19999999999999996,0.19999999999999996,0.19999999999999996,335872.0,372736.0,376832.0,358809.6,128.0,128.0,128.0,128.0,0.0,0.0,0.0,0.0,2624.0,2912.0,2944.0,2803.2,0.0,0.0,0.0,0.0,0.0,0.0,0.0,0.0,0.0,0.0,0.0,0.0,0.0,0.0,0.0,0.0,0.0,0.0,0.0,0.0,0.0,0.0,0.0,0.0,0.7339072704407408,0.90399311352462,0.9477419371130806,0.8379354642659285,0.2300115359506709,0.27272727272727254,0.7766253673719049,0.4565888833299326,0.98125,1.0,1.0,0.9875,0.0,1.375,2.46875,2.05,-0.275,-0.2625,-0.20625000000000002,-0.22000000000000003,24.75,27.0,27.0,24.75,0.0,0.0,1.0,0.4,0.5190639744639185,0.619650214414316,0.6763878288196614,0.6036225511045517,,,,,41.0,45.5,46.0,43.8,4.0,4.0,4.0,4.0,0.0,1.0,2.75,1.9,0.0,0.021999043519846963,0.059782608695652176,0.04150125797933172
dcop_minsum,msg_drop,0.0,10,24.0,24.0,24.0,24.0,40.0,40.0,40.0,40.0,-2.25,0.0,0.0,-2.3,0.0,0.0,2.25,2.3,0.0,0.0,0.0,0.0,0.0,0.0,0.0,0.00030570652173913046,0.0,0.0,0.0,0.0,0.0,0.0,0.0,0.0,3280.0,3640.0,3680.0,3504.0,3280.0,3640.0,3680.0,3504.0,1.0,1.0,1.0,1.0,0.0,0.0,0.0,0.0,419840.0,465920.0,471040.0,448512.0,128.0,128.0,128.0,128.0,0.0,0.0,0.0,0.0,3280.0,3640.0,3680.0,3504.0,0.0,0.0,0.0,0.0,0.0,0.0,0.0,0.0,0.0,0.0,0.0,0.0,0.0,0.0,0.0,0.0,0.0,0.0,0.0,0.0,0.0,0.0,0.0,0.0,0.00011158188278002184,0.044021188898517416,0.15124177285865906,0.15315034498526559,0.3489923537509178,0.43575528098668004,0.6583751906538116,0.4658718175213844,0.7,0.975,1.0,0.8550000000000001,0.0,0.0,1.3125,1.8875,-0.29375,-0.275,-0.23125,-0.21000000000000002,3.0,5.0,7.0,5.333333333333333,1.0,1.0,1.0,0.9,0.5190639744639185,0.619650214414316,0.6763878288196614,0.6036225511045517,,,,,41.0,45.5,46.0,43.8,4.0,4.0,4.0,4.0,0.0,0.0,2.25,2.3,0.0,0.0,0.048913043478260865,0.05079533404029692
dcop_minsum,msg_drop,0.1,10,24.0,24.0,24.0,24.0,40.0,40.0,40.0,40.0,-5.0,-3.5,-2.0,-4.2,2.0,3.5,5.0,4.2,0.0,0.0,0.0,0.0,0.09875719309462916,0.10170833333333333,0.10360054347826086,0.10084913180365818,0.0,0.0,0.0,0.0,0.0,0.0,0.0,0.0,3280.0,3640.0,3680.0,3504.0,2945.0,3265.5,3315.25,3150.5,0.8963994565217391,0.8982916666666667,0.9012428069053708,0.8991508681963417,0.09875719309462913,0.10170833333333335,0.10360054347826084,0.10084913180365818,376960.0,417984.0,424352.0,403264.0,128.0,128.0,128.0,128.0,0.0,0.0,0.0,0.0,2945.0,3265.5,3315.25,3150.5,0.0,0.0,0.0,0.0,0.0,0.0,0.0,0.0,316.75,363.5,381.25,353.5,0.0,0.0,0.0,0.0,0.0,0.0,0.0,0.0,0.0,0.0,0.0,0.0,0.04650616412592817,0.39468569526208885,0.8504757143001124,0.45453147799670174,0.22537166150413385,0.40078334571469026,0.5045474929833933,0.36254061740202415,0.625,0.6375,0.6687500000000001,0.6399999999999999,2.1875,2.6875,4.15625,3.825,-0.225,-0.225,-0.1625,-0.1625,4.5,6.5,9.25,7.5,0.0,1.0,1.0,0.6,0.5190639744639185,0.619650214414316,0.6763878288196614,0.6036225511045517,,,,,41.0,45.5,46.0,43.8,4.0,4.0,4.0,4.0,2.0,3.5,5.0,4.2,0.05047425474254742,0.08375959079283887,0.1111111111111111,0.09718080940400198
dcop_minsum,msg_drop,0.3,10,24.0,24.0,24.0,24.0,40.0,40.0,40.0,40.0,-6.75,-5.5,-4.25,-5.5,4.25,5.5,6.75,5.5,0.0,0.0,0.0,0.0,0.2952989130434782,0.2979695048309179,0.3003676470588235,0.29905200947469834,0.0,0.0,0.0,0.0,0.0,0.0,0.0,0.0,3280.0,3640.0,3680.0,3504.0,2270.0,2531.5,2588.0,2455.7,0.6996323529411764,0.7020304951690821,0.7047010869565217,0.7009479905253017,0.29529891304347833,0.2979695048309179,0.3003676470588236,0.29905200947469834,290560.0,324032.0,331264.0,314329.6,128.0,128.0,128.0,128.0,0.0,0.0,0.0,0.0,2270.0,2531.5,2588.0,2455.7,0.0,0.0,0.0,0.0,0.0,0.0,0.0,0.0,962.0,1085.0,1127.25,1048.3,0.0,0.0,0.0,0.0,0.0,0.0,0.0,0.0,0.0,0.0,0.0,0.0,0.6907770961113349,0.8465693690109692,0.9536107675423083,0.7310686742332608,0.16626311155812246,0.46558962974905876,0.7664805944065454,0.46014615925803853,0.5812499999999999,0.6,0.64375,0.6050000000000001,4.34375,5.375,6.09375,5.5,-0.21875,-0.175,-0.08125,-0.13,4.0,4.0,4.0,4.0,0.0,0.0,0.0,0.1,0.5190639744639185,0.619650214414316,0.6763878288196614,0.6036225511045517,,,,,41.0,45.5,46.0,43.8,4.0,4.0,4.0,4.0,4.25,5.5,6.75,5.5,0.10070332480818414,0.12077294685990338,0.1613821138211382,0.1279091413164771
dcop_minsum,msg_drop,0.5,10,24.0,24.0,24.0,24.0,40.0,40.0,40.0,40.0,-7.0,-6.0,-5.0,-6.4,5.0,6.0,7.0,6.4,0.0,0.0,0.0,0.0,0.490726902173913,0.4948520531400966,0.5059782608695652,0.49816349529384035,0.0,0.0,0.0,0.0,0.0,0.0,0.0,0.0,3280.0,3640.0,3680.0,3504.0,1615.25,1830.5,1869.75,1757.2,0.4940217391304348,0.5051479468599034,0.509273097826087,0.5018365047061597,0.490726902173913,0.4948520531400966,0.5059782608695652,0.49816349529384035,206752.0,234304.0,239328.0,224921.6,128.0,128.0,128.0,128.0,0.0,0.0,0.0,0.0,1615.25,1830.5,1869.75,1757.2,0.0,0.0,0.0,0.0,0.0,0.0,0.0,0.0,1626.25,1783.5,1849.25,1746.8,0.0,0.0,0.0,0.0,0.0,0.0,0.0,0.0,0.0,0.0,0.0,0.0,0.8212463293557146,0.9732224823156985,0.988719236033893,0.8976460490807414,0.03719862712726274,0.1913776760055968,0.6280969946123558,0.3305827892566488,0.5812499999999999,0.6,0.61875,0.605,6.21875,7.125,7.8125,6.8875,-0.14375,-0.1125,-0.075,-0.1075,,,,,0.0,0.0,0.0,0.0,0.5190639744639185,0.619650214414316,0.6763878288196614,0.6036225511045517,,,,,41.0,45.5,46.0,43.8,4.0,4.0,4.0,4.0,5.0,6.0,7.0,6.4,0.12195121951219512,0.13944444444444445,0.1838768115942029,0.14748941980468402
dcop_minsum,msg_drop,0.7,10,24.0,24.0,24.0,24.0,40.0,40.0,40.0,40.0,-8.75,-6.5,-6.0,-7.8,6.0,6.5,8.75,7.8,0.0,0.0,0.0,0.0,0.6971180555555555,0.7026643690349947,0.7048631362672322,0.7010463152988308,0.0,0.0,0.0,0.0,0.0,0.0,0.0,0.0,3280.0,3640.0,3680.0,3504.0,973.0,1087.5,1123.75,1046.7,0.29513686373276776,0.29733563096500526,0.30288194444444444,0.29895368470116923,0.6971180555555556,0.7026643690349947,0.7048631362672322,0.7010463152988308,124544.0,139200.0,143840.0,133977.6,128.0,128.0,128.0,128.0,0.0,0.0,0.0,0.0,973.0,1087.5,1123.75,1046.7,0.0,0.0,0.0,0.0,0.0,0.0,0.0,0.0,2303.0,2526.5,2593.75,2457.3,0.0,0.0,0.0,0.0,0.0,0.0,0.0,0.0,0.0,0.0,0.0,0.0,0.8833067354239927,0.9577639923742289,0.9908957731389741,0.8971095151203438,0.06717098123914214,0.3364171243705784,0.8278418635485354,0.42810025834850335,0.575,0.6,0.64375,0.6,6.84375,7.875,8.59375,7.7,-0.125,-0.0625,-0.0125,-0.0725,,,,,0.0,0.0,0.0,0.0,0.5190639744639185,0.619650214414316,0.6763878288196614,0.6036225511045517,,,,,41.0,45.5,46.0,43.8,4.0,4.0,4.0,4.0,6.0,6.5,8.75,7.8,0.13766339869281047,0.14634146341463414,0.21557971014492752,0.17873774423166228
dcop_minsum,msg_drop,1.0,10,24.0,24.0,24.0,24.0,40.0,40.0,40.0,40.0,-12.75,-11.0,-9.25,-10.7,9.25,11.0,12.75,10.7,0.0,0.0,0.0,0.0,1.0,1.0,1.0,1.0,0.0,0.0,0.0,0.0,0.0,0.0,0.0,0.0,3280.0,3640.0,3680.0,3504.0,0.0,0.0,0.0,0.0,0.0,0.0,0.0,0.0,1.0,1.0,1.0,1.0,0.0,0.0,0.0,0.0,0.0,0.0,0.0,0.0,0.0,0.0,0.0,0.0,0.0,0.0,0.0,0.0,0.0,0.0,0.0,0.0,0.0,0.0,0.0,0.0,3280.0,3640.0,3680.0,3504.0,0.0,0.0,0.0,0.0,0.0,0.0,0.0,0.0,0.0,0.0,0.0,0.0,1.0,1.0,1.0,1.0,0.0,0.0,0.0,0.0,1.0,1.0,1.0,1.0,9.25,11.0,12.75,10.7,0.0,0.0,0.0,0.0,,,,,0.0,0.0,0.0,0.0,0.5190639744639185,0.619650214414316,0.6763878288196614,0.6036225511045517,,,,,41.0,45.5,46.0,43.8,4.0,4.0,4.0,4.0,9.25,11.0,12.75,10.7,0.20173913043478262,0.2645811240721103,0.2977053140096618,0.2473193811989271
dcop_minsum,spoof,0.0,10,24.0,24.0,24.0,24.0,40.0,40.0,40.0,40.0,-2.25,0.0,0.0,-2.3,0.0,0.0,2.25,2.3,0.0,0.0,0.0,0.0,0.0,0.0,0.0,0.00030570652173913046,0.0,0.0,0.0,0.0,0.0,0.0,0.0,0.0,3280.0,3640.0,3680.0,3504.0,3280.0,3640.0,3680.0,3504.0,1.0,1.0,1.0,1.0,0.0,0.0,0.0,0.0,419840.0,465920.0,471040.0,448512.0,128.0,128.0,128.0,128.0,0.0,0.0,0.0,0.0,3280.0,3640.0,3680.0,3504.0,0.0,0.0,0.0,0.0,0.0,0.0,0.0,0.0,0.0,0.0,0.0,0.0,0.0,0.0,0.0,0.0,0.0,0.0,0.0,0.0,0.0,0.0,0.0,0.0,0.00011158188278002184,0.044021188898517416,0.15124177285865906,0.15315034498526559,0.3489923537509178,0.43575528098668004,0.6583751906538116,0.4658718175213844,0.7,0.975,1.0,0.8550000000000001,0.0,0.0,1.3125,1.8875,-0.29375,-0.275,-0.23125,-0.21000000000000002,3.0,5.0,7.0,5.333333333333333,1.0,1.0,1.0,0.9,0.5190639744639185,0.619650214414316,0.6763878288196614,0.6036225511045517,,,,,41.0,45.5,46.0,43.8,4.0,4.0,4.0,4.0,0.0,0.0,2.25,2.3,0.0,0.0,0.048913043478260865,0.05079533404029692
dcop_minsum,spoof,0.1,10,24.0,24.0,24.0,24.0,40.0,40.0,40.0,40.0,-11.75,-10.0,-8.25,-9.6,8.25,10.0,11.75,9.6,0.10108255011001117,0.10408888858902578,0.10520212623236853,0.10257974774888345,0.0,0.0,0.0,0.0,0.0,0.0,0.0,0.0,0.0,0.0,0.0,0.0,3280.0,3640.0,3680.0,3504.0,3280.0,3640.0,3680.0,3504.0,1.0,1.0,1.0,1.0,0.0,0.0,0.0,0.0,419840.0,465920.0,471040.0,448512.0,128.0,128.0,128.0,128.0,0.0,0.0,0.0,0.0,2926.0,3258.0,3312.25,3145.1,0.0,0.0,0.0,0.0,321.0,371.5,385.5,358.9,0.0,0.0,0.0,0.0,0.0,0.0,0.0,0.0,0.0,0.0,0.0,0.0,0.0,0.0,0.0,0.0,0.97988618745653,0.9909247729708563,0.9990458341044515,0.9876746137199628,0.004873079944766712,0.0360488866422225,0.09337616955338901,0.08440099626705283,0.4875,0.5375000000000001,0.55,0.5349999999999999,9.65625,10.125,11.34375,10.425,-0.1,-0.025,0.037500000000000006,-0.027499999999999997,,,,,0.0,0.0,0.0,0.0,0.5190639744639185,0.619650214414316,0.6763878288196614,0.6036225511045517,,,,,41.0,45.5,46.0,43.8,4.0,4.0,4.0,4.0,8.25,10.0,11.75,9.6,0.19634146341463415,0.23284313725490197,0.26065217391304346,0.21862023579315076
dcop_minsum,spoof,0.3,10,24.0,24.0,24.0,24.0,40.0,40.0,40.0,40.0,-14.75,-10.0,-7.0,-10.5,7.0,10.0,14.75,10.5,0.30533855182140424,0.30846991158665427,0.31299935853940763,0.3096075681469911,0.0,0.0,0.0,0.0,0.0,0.0,0.0,0.0,0.0,0.0,0.0,0.0,3280.0,3640.0,3680.0,3504.0,3280.0,3640.0,3680.0,3504.0,1.0,1.0,1.0,1.0,0.0,0.0,0.0,0.0,419840.0,465920.0,471040.0,448512.0,128.0,128.0,128.0,128.0,0.0,0.0,0.0,0.0,2285.75,2551.5,2599.25,2466.9,0.0,0.0,0.0,0.0,988.75,1069.5,1109.25,1037.1,0.0,0.0,0.0,0.0,0.0,0.0,0.0,0.0,0.0,0.0,0.0,0.0,0.0,0.0,0.0,0.0,0.9450944564678139,0.9685663470585544,0.9949861691546066,0.9577419269495794,0.020882484858913614,0.0997050634849797,0.22096519622522917,0.12739040885329342,0.525,0.5625,0.61875,0.57,10.4375,11.5625,12.0625,11.1375,-0.0625,0.0125,0.08125,-0.004999999999999996,,,,,0.0,0.0,0.0,0.0,0.5190639744639185,0.619650214414316,0.6763878288196614,0.6036225511045517,,,,,41.0,45.5,46.0,43.8,4.0,4.0,4.0,4.0,7.0,10.0,14.75,10.5,0.14684569479965898,0.260840108401084,0.31956521739130433,0.2385792111118042
dcop_minsum,spoof,0.5,10,24.0,24.0,24.0,24.0,40.0,40.0,40.0,40.0,-14.75,-12.0,-8.25,-11.7,8.25,12.0,14.75,11.7,0.5318977101799427,0.5435936647349994,0.5504648420555569,0.5415946489331722,0.0,0.0,0.0,0.0,0.0,0.0,0.0,0.0,0.0,0.0,0.0,0.0,3280.0,3640.0,3680.0,3504.0,3280.0,3640.0,3680.0,3504.0,1.0,1.0,1.0,1.0,0.0,0.0,0.0,0.0,419840.0,465920.0,471040.0,448512.0,128.0,128.0,128.0,128.0,0.0,0.0,0.0,0.0,1625.25,1808.5,1865.75,1741.1,0.0,0.0,0.0,0.0,1632.25,1809.5,1847.25,1762.9,0.0,0.0,0.0,0.0,0.0,0.0,0.0,0.0,0.0,0.0,0.0,0.0,0.0,0.0,0.0,0.0,0.9699697234042116,0.9807008356104545,0.9967277086015944,0.9441657571412302,0.01990248726394811,0.06782806178840362,0.18691562152638838,0.20326290638196517,0.5,0.5,0.55,0.5174999999999998,11.0,11.6875,12.25,11.325,-0.018750000000000003,0.037500000000000006,0.06875,0.025,,,,,0.0,0.0,0.0,0.0,0.5190639744639185,0.619650214414316,0.6763878288196614,0.6036225511045517,,,,,41.0,45.5,46.0,43.8,4.0,4.0,4.0,4.0,8.25,12.0,14.75,11.7,0.2222222222222222,0.2640096618357488,0.32065217391304346,0.265595450481359
dcop_minsum,spoof,1.0,10,24.0,24.0,24.0,24.0,40.0,40.0,40.0,40.0,-11.75,-9.5,-9.0,-10.0,9.0,9.5,11.75,10.0,1.1005731692433587,1.1128117182008912,1.1248256869843385,1.1105456778030718,0.0,0.0,0.0,0.0,0.0,0.0,0.0,0.0,0.0,0.0,0.0,0.0,3280.0,3640.0,3680.0,3504.0,3280.0,3640.0,3680.0,3504.0,1.0,1.0,1.0,1.0,0.0,0.0,0.0,0.0,419840.0,465920.0,471040.0,448512.0,128.0,128.0,128.0,128.0,0.0,0.0,0.0,0.0,0.0,0.0,0.0,0.0,0.0,0.0,0.0,0.0,3280.0,3640.0,3680.0,3504.0,0.0,0.0,0.0,0.0,0.0,0.0,0.0,0.0,0.0,0.0,0.0,0.0,0.0,0.0,0.0,0.0,0.9701922011365569,0.9826310128035183,0.9937775213770944,0.9812355541955984,0.02003279216250678,0.10543534812813843,0.1390670362856499,0.08412071477757956,0.525,0.55,0.575,0.55,9.5,11.375,11.5,10.8625,-0.05,-0.037500000000000006,0.037500000000000006,-0.017500000000000005,,,,,0.0,0.0,0.0,0.0,0.5190639744639185,0.619650214414316,0.6763878288196614,0.6036225511045517,,,,,41.0,45.5,46.0,43.8,4.0,4.0,4.0,4.0,9.0,9.5,11.75,10.0,0.1898780487804878,0.2361111111111111,0.2664369034994698,0.227543488657393
flocking_mean,bandwidth,0.0,10,40.0,40.0,40.0,40.0,60.0,60.0,60.0,60.0,-3.8617819815254674e-08,-2.617230786359446e-08,-6.596873807663557e-09,-4.608870478757743e-08,6.596873807663557e-09,2.617230786359446e-08,3.8617819815254674e-08,4.608870478757743e-08,0.0,0.0,0.0,0.0,0.0,0.0,0.0,0.0,0.0,0.0,0.0,0.0,0.0,0.0,0.0,0.0,17130.0,17760.0,18600.0,18024.0,17130.0,17760.0,18600.0,18024.0,1.0,1.0,1.0,1.0,0.0,0.0,0.0,0.0,1096320.0,1136640.0,1190400.0,1153536.0,64.0,64.0,64.0,64.0,0.0,0.0,0.0,0.0,17130.0,17760.0,18600.0,18024.0,0.0,0.0,0.0,0.0,0.0,0.0,0.0,0.0,0.0,0.0,0.0,0.0,0.0,0.0,0.0,0.0,0.0,0.0,0.0,0.0,0.0,0.0,0.0,0.0,0.6920549815664986,0.7117379703101605,0.7173473927825805,0.7060719584287082,0.9942716765969071,0.9951108205041261,0.9959865810410057,0.9949207340089791,1.0,1.0,1.0,1.0,6.765648003428545e-08,2.465027678994723e-07,3.67761624861495e-07,3.6949399788326124e-07,-1.4077299741329203,-1.307238943890217,-1.276022180124283,-1.2817965149691382,8.0,8.0,8.75,8.2,1.0,1.0,1.0,1.0,2.163822607952407,2.330266705935491,2.5553883518966476,2.385319678429005,2.163822607952407,2.3302667059354905,2.5553883518966476,2.385319678429005,,,,,,,,,,,,,,,,
flocking_mean,bandwidth,1.0,10,40.0,40.0,40.0,40.0,60.0,60.0,60.0,60.0,-5.746590934263404e-17,-6.679813008468556e-19,-4.834316139834129e-19,-15.894898754127444,4.834316139834129e-19,6.679813008468556e-19,5.746590934263404e-17,15.894898754127444,0.46916422297353,0.5339408818001523,0.7976558449917217,0.9153595417591683,0.0,0.0,0.0,0.0,0.0,0.0,0.0,0.0,0.0,0.0,0.0,0.0,17130.0,17760.0,18600.0,18024.0,17130.0,17760.0,18600.0,18024.0,1.0,1.0,1.0,1.0,0.0,0.0,0.0,0.0,34260.0,35520.0,37200.0,36048.0,2.0,2.0,2.0,2.0,0.0,0.0,0.0,0.0,17130.0,17760.0,18600.0,18024.0,0.0,0.0,0.0,0.0,0.0,0.0,0.0,0.0,0.0,0.0,0.0,0.0,0.0,0.0,0.0,0.0,0.0,0.0,0.0,0.0,0.0,0.0,0.0,0.0,0.44629090624578827,0.4498655546264066,0.4835117644546948,0.5275473456383311,0.9637536202269394,0.9893595973693565,0.9907193608403005,0.872098777255616,0.9,0.95,0.9666666666666667,0.7933333333333334,9.109488569249986e-16,1.2587026295898811e-15,1.0828520818270416e-13,15.894898745092116,-1.4077299757538326,-1.2987069142113081,-0.9936467301565596,-1.0168815365018256,11.25,12.0,13.0,12.25,1.0,1.0,1.0,0.8,2.163822607952407,2.330266705935491,2.5553883518966476,2.385319678429005,2.163822607952407,2.3302667059354905,2.5553883518966476,2.385319678429005,,,,,,,,,,,,,,,,
flocking_mean,bandwidth,2.0,10,40.0,40.0,40.0,40.0,60.0,60.0,60.0,60.0,-7.572641176800224e-17,-3.116673218601616e-18,-4.97067667946798e-19,-1.7285965653314093,4.97067667946798e-19,3.116673218601616e-18,7.572641176800224e-17,1.7285965653314093,0.05883170208637758,0.07126391827807285,0.11800897418947501,0.10232007294463619,0.0,0.0,0.0,0.0,0.0,0.0,0.0,0.0,0.0,0.0,0.0,0.0,17130.0,17760.0,18600.0,18024.0,17130.0,17760.0,18600.0,18024.0,1.0,1.0,1.0,1.0,0.0,0.0,0.0,0.0,68520.0,71040.0,74400.0,72096.0,4.0,4.0,4.0,4.0,0.0,0.0,0.0,0.0,17130.0,17760.0,18600.0,18024.0,0.0,0.0,0.0,0.0,0.0,0.0,0.0,0.0,0.0,0.0,0.0,0.0,0.0,0.0,0.0,0.0,0.0,0.0,0.0,0.0,0.0,0.0,0.0,0.0,0.45658500859603646,0.4710875770780636,0.502103458885743,0.5437198528695779,0.9528584886629882,0.9793545150081833,0.9876503066402812,0.9125643603665969,0.9041666666666667,1.0,1.0,0.8333333333333334,9.36643567656274e-16,5.872866618501634e-15,1.42694176301525e-13,1.728596563505589,-1.3658529187482742,-1.2987069142113086,-1.1869638773051558,-1.2529865729817595,10.75,13.0,15.75,13.375,1.0,1.0,1.0,0.8,2.163822607952407,2.330266705935491,2.5553883518966476,2.385319678429005,2.163822607952407,2.3302667059354905,2.5553883518966476,2.385319678429005,,,,,,,,,,,,,,,,
flocking_mean,bandwidth,3.0,10,40.0,40.0,40.0,40.0,60.0,60.0,60.0,60.0,-1.1122088324803685,-3.2250847956339263e-18,-8.481357296845514e-19,-0.505711055823477,8.481357296845514e-19,3.2250847956339263e-18,1.1122088324803685,0.505711055823477,0.01132898599700697,0.013968976613095645,0.0329154097893129,0.02080135844468779,0.0,0.0,0.0,0.0,0.0,0.0,0.0,0.0,0.0,0.0,0.0,0.0,17130.0,17760.0,18600.0,18024.0,17130.0,17760.0,18600.0,18024.0,1.0,1.0,1.0,1.0,0.0,0.0,0.0,0.0,102780.0,106560.0,111600.0,108144.0,6.0,6.0,6.0,6.0,0.0,0.0,0.0,0.0,17130.0,17760.0,18600.0,18024.0,0.0,0.0,0.0,0.0,0.0,0.0,0.0,0.0,0.0,0.0,0.0,0.0,0.0,0.0,0.0,0.0,0.0,0.0,0.0,0.0,0.0,0.0,0.0,0.0,0.46933285650410644,0.4835287818922477,0.6613093441291908,0.568038414058579,0.8828612271540095,0.9757549292393719,0.984793735697256,0.9173508580690015,0.6375000000000001,1.0,1.0,0.8116666666666668,1.5981746463915034e-15,6.0771508420461975e-15,1.1122088266127694,0.5057110546031751,-1.4077299757538324,-1.2987069142113086,-1.273471079258684,-1.273367998140225,12.0,12.0,14.0,12.571428571428571,0.25,1.0,1.0,0.7,2.163822607952407,2.330266705935491,2.5553883518966476,2.385319678429005,2.163822607952407,2.3302667059354905,2.5553883518966476,2.385319678429005,,,,,,,,,,,,,,,,
flocking_mean,bandwidth,4.0,10,40.0,40.0,40.0,40.0,60.0,60.0,60.0,60.0,-0.3071666191516713,-1.4516442717393745e-18,-2.2296107626455152e-19,-0.13758836162674817,2.2296107626455152e-19,1.4516442717393745e-18,0.3071666191516713,0.13758836162674817,0.0023174506318773503,0.003320409564160977,0.008428956669921928,0.0054274000127020865,0.0,0.0,0.0,0.0,0.0,0.0,0.0,0.0,0.0,0.0,0.0,0.0,17130.0,17760.0,18600.0,18024.0,17130.0,17760.0,18600.0,18024.0,1.0,1.0,1.0,1.0,0.0,0.0,0.0,0.0,137040.0,142080.0,148800.0,144192.0,8.0,8.0,8.0,8.0,0.0,0.0,0.0,0.0,17130.0,17760.0,18600.0,18024.0,0.0,0.0,0.0,0.0,0.0,0.0,0.0,0.0,0.0,0.0,0.0,0.0,0.0,0.0,0.0,0.0,0.0,0.0,0.0,0.0,0.0,0.0,0.0,0.0,0.45982550683434215,0.4832955131651428,0.762101803356009,0.590776445032236,0.8236254866274144,0.9803220950020328,0.9913030981893813,0.9146514068548054,0.6125,1.0,1.0,0.8216666666666667,4.201340706879342e-16,2.7353888310070155e-15,0.3071666190687099,0.13758836144414613,-1.407022402226444,-1.3033354286020786,-1.2760221826312805,-1.2795033763768373,8.0,9.0,9.0,8.8,1.0,1.0,1.0,1.0,2.163822607952407,2.330266705935491,2.5553883518966476,2.385319678429005,2.163822607952407,2.3302667059354905,2.5553883518966476,2.385319678429005,,,,,,,,,,,,,,,,
flocking_mean,bandwidth,8.0,10,40.0,40.0,40.0,40.0,60.0,60.0,60.0,60.0,-0.0008877034685688772,-3.424791119636354e-15,-4.979369010925541e-16,-0.0003975761914192754,4.979369010925541e-16,3.424791119636354e-15,0.0008877034685688772,0.0003975761914192754,2.018897566763431e-05,2.298617248858586e-05,3.0704504246168274e-05,2.5036768138390624e-05,0.0,0.0,0.0,0.0,0.0,0.0,0.0,0.0,0.0,0.0,0.0,0.0,17130.0,17760.0,18600.0,18024.0,17130.0,17760.0,18600.0,18024.0,1.0,1.0,1.0,1.0,0.0,0.0,0.0,0.0,274080.0,284160.0,297600.0,288384.0,16.0,16.0,16.0,16.0,0.0,0.0,0.0,0.0,17130.0,17760.0,18600.0,18024.0,0.0,0.0,0.0,0.0,0.0,0.0,0.0,0.0,0.0,0.0,0.0,0.0,0.0,0.0,0.0,0.0,0.0,0.0,0.0,0.0,0.0,0.0,0.0,0.0,0.5454430582721008,0.5710568181867186,0.7965793022982776,0.6473298696186549,0.7943628627141787,0.9562255502767358,0.9675578589061621,0.8923739530917529,1.0,1.0,1.0,1.0,9.382815573284137e-13,6.453464967173914e-12,0.0008877037724070833,0.0003975766724479369,-1.4077250440678966,-1.3072286701198232,-1.2760221826312805,-1.281789889467426,8.0,8.0,8.75,8.2,1.0,1.0,1.0,1.0,2.163822607952407,2.330266705935491,2.5553883518966476,2.385319678429005,2.163822607952407,2.3302667059354905,2.5553883518966476,2.385319678429005,,,,,,,,,,,,,,,,
flocking_mean,byzantine,0.0,10,40.0,40.0,40.0,40.0,60.0,60.0,60.0,60.0,-3.8617819815254674e-08,-2.617230786359446e-08,-6.596873807663557e-09,-4.608870478757743e-08,6.596873807663557e-09,2.617230786359446e-08,3.8617819815254674e-08,4.608870478757743e-08,0.0,0.0,0.0,0.0,0.0,0.0,0.0,0.0,0.0,0.0,0.0,0.0,0.0,0.0,0.0,0.0,17130.0,17760.0,18600.0,18024.0,17130.0,17760.0,18600.0,18024.0,1.0,1.0,1.0,1.0,0.0,0.0,0.0,0.0,1096320.0,1136640.0,1190400.0,1153536.0,64.0,64.0,64.0,64.0,0.0,0.0,0.0,0.0,17130.0,17760.0,18600.0,18024.0,0.0,0.0,0.0,0.0,0.0,0.0,0.0,0.0,0.0,0.0,0.0,0.0,0.0,0.0,0.0,0.0,0.0,0.0,0.0,0.0,0.0,0.0,0.0,0.0,0.6920549815664986,0.7117379703101605,0.7173473927825805,0.7060719584287082,0.9942716765969071,0.9951108205041261,0.9959865810410057,0.9949207340089791,1.0,1.0,1.0,1.0,6.765648003428545e-08,2.465027678994723e-07,3.67761624861495e-07,3.6949399788326124e-07,-1.4077299741329203,-1.307238943890217,-1.276022180124283,-1.2817965149691382,8.0,8.0,8.75,8.2,1.0,1.0,1.0,1.0,2.163822607952407,2.330266705935491,2.5553883518966476,2.385319678429005,2.163822607952407,2.3302667059354905,2.5553883518966476,2.385319678429005,,,,,,,,,,,,,,,,
flocking_mean,byzantine,0.1,10,40.0,40.0,40.0,40.0,60.0,60.0,60.0,60.0,-2.0594681282123517,-1.6534917773430142,-1.2195628318930885,-1.6770211229155951,1.2195628318930885,1.6534917773430142,2.0594681282123517,1.6770211229155951,0.0,0.0,0.0,0.0,0.0,0.0,0.0,0.0,0.0,0.0,0.0,0.0,0.0,0.0,0.0,0.0,17130.0,17760.0,18600.0,18024.0,17130.0,17760.0,18600.0,18024.0,1.0,1.0,1.0,1.0,0.0,0.0,0.0,0.0,1096320.0,1136640.0,1190400.0,1153536.0,64.0,64.0,64.0,64.0,0.0,0.0,0.0,0.0,17130.0,17760.0,18600.0,18024.0,0.0,0.0,0.0,0.0,0.0,0.0,0.0,0.0,0.0,0.0,0.0,0.0,0.0,0.0,0.0,0.0,0.0,0.0,0.0,0.0,0.0,0.0,0.0,0.0,0.9087865295334661,0.9434875475386011,0.9662267476361549,0.9224126931696119,0.2569737742565427,0.39835682180906784,0.5016953070754454,0.4275083201445315,0.5666666666666667,0.5666666666666667,0.5833333333333334,0.5716666666666667,1.6650428420207057,1.9666348556086117,2.3479527977626686,2.0026727989529913,-1.3853541088910213,-1.2657780694040528,-1.2374782208575983,-1.25384616368869,13.5,18.5,24.25,20.25,1.0,1.0,1.0,0.8,2.163822607952407,2.330266705935491,2.5553883518966476,2.385319678429005,2.163822607952407,2.3302667059354905,2.5553883518966476,2.385319678429005,,,,,,,,,,,,,,,,
flocking_mean,byzantine,0.25,10,40.0,40.0,40.0,40.0,60.0,60.0,60.0,60.0,-4.519338708958457,-4.128352731373512,-3.2956357328588353,-4.688880079385575,3.2956357328588353,4.128352731373512,4.519338708958457,4.688880079385575,0.0,0.0,0.0,0.0,0.0,0.0,0.0,0.0,0.0,0.0,0.0,0.0,0.0,0.0,0.0,0.0,17130.0,17760.0,18600.0,18024.0,17130.0,17760.0,18600.0,18024.0,1.0,1.0,1.0,1.0,0.0,0.0,0.0,0.0,1096320.0,1136640.0,1190400.0,1153536.0,64.0,64.0,64.0,64.0,0.0,0.0,0.0,0.0,17130.0,17760.0,18600.0,18024.0,0.0,0.0,0.0,0.0,0.0,0.0,0.0,0.0,0.0,0.0,0.0,0.0,0.0,0.0,0.0,0.0,0.0,0.0,0.0,0.0,0.0,0.0,0.0,0.0,0.8857851797189403,0.9451861027263957,0.9834799330283078,0.9373167811971357,0.1831253688982965,0.4160376802569987,0.6695350474468259,0.4259704883632277,0.5333333333333333,0.55,0.5625,0.5483333333333333,4.017918243938074,4.328561506888734,5.465783644298698,4.844709883834445,-1.351025717813857,-1.2265590713630785,-1.1237487032493694,-1.2036485144141902,,,,,0.0,0.0,0.0,0.0,2.163822607952407,2.330266705935491,2.5553883518966476,2.385319678429005,2.163822607952407,2.3302667059354905,2.5553883518966476,2.385319678429005,,,,,,,,,,,,,,,,
flocking_mean,byzantine,0.5,10,40.0,40.0,40.0,40.0,60.0,60.0,60.0,60.0,-8.605923069328652,-7.557992502561252,-7.018088717703236,-8.147083875325093,7.018088717703236,7.557992502561252,8.605923069328652,8.147083875325093,0.0,0.0,0.0,0.0,0.0,0.0,0.0,0.0,0.0,0.0,0.0,0.0,0.0,0.0,0.0,0.0,17130.0,17760.0,18600.0,18024.0,17130.0,17760.0,18600.0,18024.0,1.0,1.0,1.0,1.0,0.0,0.0,0.0,0.0,1096320.0,1136640.0,1190400.0,1153536.0,64.0,64.0,64.0,64.0,0.0,0.0,0.0,0.0,17130.0,17760.0,18600.0,18024.0,0.0,0.0,0.0,0.0,0.0,0.0,0.0,0.0,0.0,0.0,0.0,0.0,0.0,0.0,0.0,0.0,0.0,0.0,0.0,0.0,0.0,0.0,0.0,0.0,0.8624169572566854,0.9072686642505589,0.9726712798398875,0.9087889834610345,0.34503820172362165,0.5693445510926984,0.7291685983002328,0.550584755210769,0.55,0.5666666666666667,0.5833333333333334,0.5666666666666667,8.840929167431076,9.0987115464071,9.482292847913005,8.943823377439713,-1.2651589440283213,-1.1784560189193,-1.1351600319317483,-1.146011784481865,,,,,0.0,0.0,0.0,0.0,2.163822607952407,2.330266705935491,2.5553883518966476,2.385319678429005,2.163822607952407,2.3302667059354905,2.5553883518966476,2.385319678429005,,,,,,,,,,,,,,,,
flocking_mean,latency,0.0,10,40.0,40.0,40.0,40.0,60.0,60.0,60.0,60.0,-3.8617819815254674e-08,-2.617230786359446e-08,-6.596873807663557e-09,-4.608870478757743e-08,6.596873807663557e-09,2.617230786359446e-08,3.8617819815254674e-08,4.608870478757743e-08,0.0,0.0,0.0,0.0,0.0,0.0,0.0,0.0,0.0,0.0,0.0,0.0,0.0,0.0,0.0,0.0,17130.0,17760.0,18600.0,18024.0,17130.0,17760.0,18600.0,18024.0,1.0,1.0,1.0,1.0,0.0,0.0,0.0,0.0,1096320.0,1136640.0,1190400.0,1153536.0,64.0,64.0,64.0,64.0,0.0,0.0,0.0,0.0,17130.0,17760.0,18600.0,18024.0,0.0,0.0,0.0,0.0,0.0,0.0,0.0,0.0,0.0,0.0,0.0,0.0,0.0,0.0,0.0,0.0,0.0,0.0,0.0,0.0,0.0,0.0,0.0,0.0,0.6920549815664986,0.7117379703101605,0.7173473927825805,0.7060719584287082,0.9942716765969071,0.9951108205041261,0.9959865810410057,0.9949207340089791,1.0,1.0,1.0,1.0,6.765648003428545e-08,2.465027678994723e-07,3.67761624861495e-07,3.6949399788326124e-07,-1.4077299741329203,-1.307238943890217,-1.276022180124283,-1.2817965149691382,8.0,8.0,8.75,8.2,1.0,1.0,1.0,1.0,2.163822607952407,2.330266705935491,2.5553883518966476,2.385319678429005,2.163822607952407,2.3302667059354905,2.5553883518966476,2.385319678429005,,,,,,,,,,,,,,,,
flocking_mean,latency,1.0,10,40.0,40.0,40.0,40.0,60.0,60.0,60.0,60.0,-2.0605793332342035e-06,-1.3820844959873554e-06,-3.740785921689952e-07,-2.0440804629194925e-06,3.740785921689952e-07,1.3820844959873554e-06,2.0605793332342035e-06,2.0440804629194925e-06,0.0,0.0,0.0,0.0,0.0,0.0,0.0,0.0,1.0,1.0,1.0,1.0,1.0,1.0,1.0,1.0,17130.0,17760.0,18600.0,18024.0,16844.5,17464.0,18290.0,17723.6,0.9833333333333333,0.9833333333333333,0.9833333333333333,0.9833333333333332,0.01666666666666672,0.01666666666666672,0.01666666666666672,0.01666666666666672,1078048.0,1117696.0,1170560.0,1134310.4,64.0,64.0,64.0,64.0,0.0,0.0,0.0,0.0,16844.5,17464.0,18290.0,17723.6,0.0,0.0,0.0,0.0,0.0,0.0,0.0,0.0,0.0,0.0,0.0,0.0,0.0,0.0,0.0,0.0,0.0,0.0,0.0,0.0,0.0,0.0,0.0,0.0,0.736550514085412,0.7558614787125366,0.7605122692182515,0.7498448132576233,0.9908639182107979,0.9920840204702648,0.9932975756658204,0.9916984455219137,1.0,1.0,1.0,1.0,2.3217550888165348e-06,7.764753840009747e-06,1.170491886410046e-05,1.0280011243302342e-05,-1.4077299005754602,-1.3072389225986902,-1.2760220906951691,-1.2817964816692755,10.25,11.0,11.0,10.7,1.0,1.0,1.0,1.0,2.163822607952407,2.330266705935491,2.5553883518966476,2.385319678429005,2.1277588978198674,2.2914289275032327,2.512798546031703,2.345564350455188,,,,,,,,,,,,,,,,
flocking_mean,latency,2.0,10,40.0,40.0,40.0,40.0,60.0,60.0,60.0,60.0,-3.255130245704263e-05,-2.1580455962282078e-05,-6.446048228858694e-06,-2.810222512696391e-05,6.446048228858694e-06,2.1580455962282078e-05,3.255130245704263e-05,2.810222512696391e-05,0.0,0.0,0.0,0.0,0.0,0.0,0.0,0.0,2.0,2.0,2.0,2.0,2.0,2.0,2.0,2.0,17130.0,17760.0,18600.0,18024.0,16559.0,17168.0,17980.0,17423.2,0.9666666666666667,0.9666666666666667,0.9666666666666667,0.9666666666666666,0.033333333333333326,0.033333333333333326,0.033333333333333326,0.033333333333333326,1059776.0,1098752.0,1150720.0,1115084.8,64.0,64.0,64.0,64.0,0.0,0.0,0.0,0.0,16559.0,17168.0,17980.0,17423.2,0.0,0.0,0.0,0.0,0.0,0.0,0.0,0.0,0.0,0.0,0.0,0.0,0.0,0.0,0.0,0.0,0.0,0.0,0.0,0.0,0.0,0.0,0.0,0.0,0.7694087996205093,0.7874009689787353,0.7919410099039164,0.7814077576651425,0.9860286540311127,0.9884611102365733,0.99079531781313,0.9880591748323126,1.0,1.0,1.0,1.0,2.892049808975668e-05,8.610582548671444e-05,0.00013137881131468568,0.00010420358575137418,-1.4077289349652375,-1.307238589891312,-1.2760211321351154,-1.2817960473668641,13.0,13.0,13.75,13.1,1.0,1.0,1.0,1.0,2.163822607952407,2.330266705935491,2.5553883518966476,2.385319678429005,2.091695187687327,2.252591149070974,2.470208740166759,2.305809022481371,,,,,,,,,,,,,,,,
flocking_mean,latency,4.0,10,40.0,40.0,40.0,40.0,60.0,60.0,60.0,60.0,-0.0010403104270977391,-0.0006734387603874838,-0.00025626563958576335,-0.0007676794871726183,0.00025626563958576335,0.0006734387603874838,0.0010403104270977391,0.0007676794871726183,0.0,0.0,0.0,0.0,0.0,0.0,0.0,0.0,4.0,4.0,4.0,4.0,4.0,4.0,4.0,4.0,17130.0,17760.0,18600.0,18024.0,15988.0,16576.0,17360.0,16822.4,0.9333333333333333,0.9333333333333333,0.9333333333333333,0.9333333333333333,0.06666666666666665,0.06666666666666665,0.06666666666666665,0.06666666666666665,1023232.0,1060864.0,1111040.0,1076633.6,64.0,64.0,64.0,64.0,0.0,0.0,0.0,0.0,15988.0,16576.0,17360.0,16822.4,0.0,0.0,0.0,0.0,0.0,0.0,0.0,0.0,0.0,0.0,0.0,0.0,0.0,0.0,0.0,0.0,0.0,0.0,0.0,0.0,0.0,0.0,0.0,0.0,0.8112156817735082,0.8259351086384084,0.8318428215086963,0.8214177137455353,0.977811704451457,0.9826390168496529,0.9856305998360342,0.9819551585312055,1.0,1.0,1.0,0.9983333333333334,0.0007859944060177339,0.0017978595735634315,0.0028010402752282025,0.0019881207373269164,-1.4077028973616716,-1.3072268197846544,-1.2760006590583775,-1.2817837210791636,18.0,18.0,19.0,18.2,1.0,1.0,1.0,1.0,2.163822607952407,2.330266705935491,2.5553883518966476,2.385319678429005,2.0195677674222465,2.174915592206458,2.3850291284368708,2.226298366533738,,,,,,,,,,,,,,,,
flocking_mean,latency,8.0,10,40.0,40.0,40.0,40.0,60.0,60.0,60.0,60.0,-0.03295671601214349,-0.02562033299795069,-0.01746409803778228,-0.02490253746902,0.01746409803778228,0.02562033299795069,0.03295671601214349,0.02490253746902,0.0,0.0,0.0,0.0,0.0,0.0,0.0,0.0,8.0,8.0,8.0,8.0,8.0,8.0,8.0,8.0,17130.0,17760.0,18600.0,18024.0,14846.0,15392.0,16120.0,15620.8,0.8666666666666667,0.8666666666666667,0.8666666666666667,0.8666666666666668,0.1333333333333333,0.1333333333333333,0.1333333333333333,0.1333333333333333,950144.0,985088.0,1031680.0,999731.2,64.0,64.0,64.0,64.0,0.0,0.0,0.0,0.0,14846.0,15392.0,16120.0,15620.8,0.0,0.0,0.0,0.0,0.0,0.0,0.0,0.0,0.0,0.0,0.0,0.0,0.0,0.0,0.0,0.0,0.0,0.0,0.0,0.0,0.0,0.0,0.0,0.0,0.8598660992132097,0.8652641525887754,0.8706761438995031,0.864707990710559,0.9716178749654834,0.9752684835268142,0.9771877738208009,0.9743341882707364,0.8166666666666667,0.8833333333333333,0.9166666666666666,0.8633333333333333,0.031404002126292296,0.04625075671298763,0.057517217210934564,0.04498635354544899,-1.4070661095568653,-1.3067637411926065,-1.2755204951583599,-1.2813814734461328,30.0,30.0,31.0,30.4,1.0,1.0,1.0,1.0,2.163822607952407,2.330266705935491,2.5553883518966476,2.385319678429005,1.8753129268920863,2.0195644784774256,2.214669904977095,2.0672770546384713,,,,,,,,,,,,,,,,
flocking_mean,msg_drop,0.0,10,40.0,40.0,40.0,40.0,60.0,60.0,60.0,60.0,-3.8617819815254674e-08,-2.617230786359446e-08,-6.596873807663557e-09,-4.608870478757743e-08,6.596873807663557e-09,2.617230786359446e-08,3.8617819815254674e-08,4.608870478757743e-08,0.0,0.0,0.0,0.0,0.0,0.0,0.0,0.0,0.0,0.0,0.0,0.0,0.0,0.0,0.0,0.0,17130.0,17760.0,18600.0,18024.0,17130.0,17760.0,18600.0,18024.0,1.0,1.0,1.0,1.0,0.0,0.0,0.0,0.0,1096320.0,1136640.0,1190400.0,1153536.0,64.0,64.0,64.0,64.0,0.0,0.0,0.0,0.0,17130.0,17760.0,18600.0,18024.0,0.0,0.0,0.0,0.0,0.0,0.0,0.0,0.0,0.0,0.0,0.0,0.0,0.0,0.0,0.0,0.0,0.0,0.0,0.0,0.0,0.0,0.0,0.0,0.0,0.6920549815664986,0.7117379703101605,0.7173473927825805,0.7060719584287082,0.9942716765969071,0.9951108205041261,0.9959865810410057,0.9949207340089791,1.0,1.0,1.0,1.0,6.765648003428545e-08,2.465027678994723e-07,3.67761624861495e-07,3.6949399788326124e-07,-1.4077299741329203,-1.307238943890217,-1.276022180124283,-1.2817965149691382,8.0,8.0,8.75,8.2,1.0,1.0,1.0,1.0,2.163822607952407,2.330266705935491,2.5553883518966476,2.385319678429005,2.163822607952407,2.3302667059354905,2.5553883518966476,2.385319678429005,,,,,,,,,,,,,,,,
flocking_mean,msg_drop,0.1,10,40.0,40.0,40.0,40.0,60.0,60.0,60.0,60.0,-3.744558815693026e-08,-2.4484477144535273e-08,-8.145217427998655e-09,-4.334977408832469e-08,8.145217427998655e-09,2.4484477144535273e-08,3.744558815693026e-08,4.334977408832469e-08,0.0,0.0,0.0,0.0,0.09956001951854263,0.10008445945945946,0.10128721892760069,0.10046984020055613,0.0,0.0,0.0,0.0,0.0,0.0,0.0,0.0,17130.0,17760.0,18600.0,18024.0,15444.75,15944.0,16746.5,16212.9,0.8987127810723993,0.8999155405405406,0.9004399804814575,0.899530159799444,0.09956001951854257,0.10008445945945943,0.1012872189276007,0.10046984020055612,988464.0,1020416.0,1071776.0,1037625.6,64.0,64.0,64.0,64.0,0.0,0.0,0.0,0.0,15444.75,15944.0,16746.5,16212.9,0.0,0.0,0.0,0.0,0.0,0.0,0.0,0.0,1732.5,1803.5,1859.75,1811.1,0.0,0.0,0.0,0.0,0.0,0.0,0.0,0.0,0.0,0.0,0.0,0.0,0.6963228301819497,0.7109787677410664,0.7164847432959399,0.7062031239820731,0.9940252978416859,0.9952292809183472,0.9958071943945006,0.9947493523221601,1.0,1.0,1.0,1.0,8.775370424972714e-08,2.2297233355615965e-07,3.5761577725312487e-07,3.5541991939180797e-07,-1.4077299742481229,-1.3072389439031586,-1.2760221803117306,-1.2817965150147868,8.0,8.0,9.0,8.4,1.0,1.0,1.0,1.0,2.163822607952407,2.330266705935491,2.5553883518966476,2.385319678429005,2.113239414035661,2.26779512662132,2.5081488884592553,2.3308457534791307,,,,,,,,,,,,,,,,
flocking_mean,msg_drop,0.3,10,40.0,40.0,40.0,40.0,60.0,60.0,60.0,60.0,-3.847030075294855e-08,-2.5622349702690795e-08,-1.149554211747333e-08,-4.5789748804948255e-08,1.149554211747333e-08,2.5622349702690795e-08,3.847030075294855e-08,4.5789748804948255e-08,0.0,0.0,0.0,0.0,0.2968981966121051,0.2982934098065677,0.30181917303084754,0.29943639506858477,0.0,0.0,0.0,0.0,0.0,0.0,0.0,0.0,17130.0,17760.0,18600.0,18024.0,12060.0,12398.0,13050.25,12626.1,0.6981808269691525,0.7017065901934323,0.703101803387895,0.7005636049314152,0.29689819661210504,0.2982934098065677,0.30181917303084754,0.2994363950685848,771840.0,793472.0,835216.0,808070.4,64.0,64.0,64.0,64.0,0.0,0.0,0.0,0.0,12060.0,12398.0,13050.25,12626.1,0.0,0.0,0.0,0.0,0.0,0.0,0.0,0.0,5162.5,5362.0,5549.75,5397.9,0.0,0.0,0.0,0.0,0.0,0.0,0.0,0.0,0.0,0.0,0.0,0.0,0.6987577457491938,0.7107945956918307,0.7173848941630441,0.7072630787466432,0.9940992003138338,0.9948034841423399,0.9955603569633041,0.9945886455430546,1.0,1.0,1.0,1.0,1.2036106436990283e-07,2.557103956956781e-07,3.524857188286922e-07,3.800558721254455e-07,-1.4077299742062173,-1.307238943863042,-1.2760221801902396,-1.2817965149741206,8.0,8.5,9.0,8.5,1.0,1.0,1.0,1.0,2.163822607952407,2.330266705935491,2.5553883518966476,2.385319678429005,1.697324848864367,1.8887962953125637,2.036710936313528,1.9059300782013975,,,,,,,,,,,,,,,,
flocking_mean,msg_drop,0.5,10,40.0,40.0,40.0,40.0,60.0,60.0,60.0,60.0,-4.9335598842904995e-08,-3.2237333996726535e-08,-1.7652743167917863e-08,-6.383206813671069e-08,1.7652743167917863e-08,3.2237333996726535e-08,4.9335598842904995e-08,6.383206813671069e-08,0.0,0.0,0.0,0.0,0.4988793103448276,0.5007493342399003,0.5034839527027026,0.5013856984888754,0.0,0.0,0.0,0.0,0.0,0.0,0.0,0.0,17130.0,17760.0,18600.0,18024.0,8571.5,8844.0,9348.25,8987.8,0.49651604729729726,0.4992506657600997,0.5011206896551724,0.4986143015111245,0.4988793103448276,0.5007493342399003,0.5034839527027026,0.5013856984888754,548576.0,566016.0,598288.0,575219.2,64.0,64.0,64.0,64.0,0.0,0.0,0.0,0.0,8571.5,8844.0,9348.25,8987.8,0.0,0.0,0.0,0.0,0.0,0.0,0.0,0.0,8657.5,8916.0,9251.75,9036.2,0.0,0.0,0.0,0.0,0.0,0.0,0.0,0.0,0.0,0.0,0.0,0.0,0.7043051379793829,0.7103006704466799,0.7180461399691969,0.7101212380592543,0.9918682043807796,0.9938281444524306,0.9954770859924562,0.9939535155603523,1.0,1.0,1.0,1.0,1.7407653868507627e-07,2.8843153450903684e-07,3.434424230007833e-07,4.80572690328748e-07,-1.4077299732178838,-1.307238943868639,-1.2760221793929396,-1.2817965146734156,9.0,9.0,9.0,8.9,1.0,1.0,1.0,1.0,2.163822607952407,2.330266705935491,2.5553883518966476,2.385319678429005,0.9578271813889354,1.1413985277229872,1.244627884721447,1.1490103287678406,,,,,,,,,,,,,,,,
flocking_mean,msg_drop,0.7,10,40.0,40.0,40.0,40.0,60.0,60.0,60.0,60.0,-6.231662715303085e-07,-4.360209370881456e-07,-1.2630868985829e-07,-6.436336186082313e-07,1.2630868985829e-07,4.360209370881456e-07,6.231662715303085e-07,6.436336186082313e-07,0.0,0.0,0.0,0.0,0.6989678724053724,0.7016348879440163,0.7036809256439538,0.7006865676851748,0.0,0.0,0.0,0.0,0.0,0.0,0.0,0.0,17130.0,17760.0,18600.0,18024.0,5108.5,5287.0,5633.75,5396.0,0.2963190743560462,0.2983651120559837,0.3010321275946276,0.29931343231482527,0.6989678724053725,0.7016348879440163,0.7036809256439538,0.7006865676851748,326944.0,338368.0,360560.0,345344.0,64.0,64.0,64.0,64.0,0.0,0.0,0.0,0.0,5108.5,5287.0,5633.75,5396.0,0.0,0.0,0.0,0.0,0.0,0.0,0.0,0.0,12028.5,12505.5,12966.25,12628.0,0.0,0.0,0.0,0.0,0.0,0.0,0.0,0.0,0.0,0.0,0.0,0.0,0.7244003458753326,0.7455447206006383,0.7457348855244734,0.736205666450689,0.9926249980982659,0.9951088012452929,0.9966092817084711,0.9946474573017481,1.0,1.0,1.0,1.0,9.460862544448012e-07,3.563253789402247e-06,4.726085712703976e-06,4.356032802038086e-06,-1.4077299645325896,-1.307238936877811,-1.276022146983634,-1.2817965050100562,11.0,11.0,11.0,10.7,1.0,1.0,1.0,1.0,2.163822607952407,2.330266705935491,2.5553883518966476,2.385319678429005,0.19011295032853553,0.277305780233871,0.3073223083488714,0.28650085927922386,,,,,,,,,,,,,,,,
flocking_mean,msg_drop,1.0,10,40.0,40.0,40.0,40.0,60.0,60.0,60.0,60.0,-84.46379854522995,-78.43433665713138,-76.56133095787683,-76.90779094423698,76.56133095787683,78.43433665713138,84.46379854522995,76.90779094423698,0.0,0.0,0.0,0.0,1.0,1.0,1.0,1.0,0.0,0.0,0.0,0.0,0.0,0.0,0.0,0.0,17130.0,17760.0,18600.0,18024.0,0.0,0.0,0.0,0.0,0.0,0.0,0.0,0.0,1.0,1.0,1.0,1.0,0.0,0.0,0.0,0.0,0.0,0.0,0.0,0.0,0.0,0.0,0.0,0.0,0.0,0.0,0.0,0.0,0.0,0.0,0.0,0.0,0.0,0.0,0.0,0.0,17130.0,17760.0,18600.0,18024.0,0.0,0.0,0.0,0.0,0.0,0.0,0.0,0.0,0.0,0.0,0.0,0.0,1.0,1.0,1.0,1.0,0.0,0.0,0.0,0.0,1.0,1.0,1.0,1.0,76.56133095787686,78.43433665713138,84.46379854522995,76.90779094423701,0.0,0.0,0.0,0.0,,,,,0.0,0.0,0.0,0.0,2.163822607952407,2.330266705935491,2.5553883518966476,2.385319678429005,0.0,0.0,0.0,0.0,,,,,,,,,,,,,,,,
formation_mean,bandwidth,0.0,10,12.0,12.0,12.0,12.0,80.0,80.0,80.0,80.0,-2.1787049192526968e-06,-4.61337660450248e-08,-6.371056997271617e-09,-2.0163499697859225e-06,6.371056997271617e-09,4.6133766045024804e-08,2.1787049192526968e-06,2.0163499697859225e-06,0.0,0.0,0.0,0.0,0.0,0.0,0.0,0.0,0.0,0.0,0.0,0.0,0.0,0.0,0.0,0.0,3080.0,3200.0,3560.0,3360.0,3080.0,3200.0,3560.0,3360.0,1.0,1.0,1.0,1.0,0.0,0.0,0.0,0.0,197120.0,204800.0,227840.0,215040.0,64.0,64.0,64.0,64.0,0.0,0.0,0.0,0.0,3080.0,3200.0,3560.0,3360.0,0.0,0.0,0.0,0.0,0.0,0.0,0.0,0.0,0.0,0.0,0.0,0.0,0.0,0.0,0.0,0.0,0.0,0.0,0.0,0.0,0.0,0.0,0.0,0.0,0.7717478806612376,0.7920999155942732,0.8327792348658891,0.7856299073614142,0.9860032044758125,0.9895443099258332,0.9946515890821985,0.9891854096666292,1.0,1.0,1.0,1.0,6.760487334220588e-08,3.216366755221881e-07,1.0543815922908092e-05,8.48700007072109e-06,-1.1148139731282398,-0.9479714100661367,-0.7649266612718342,-0.9716072172030754,7.25,8.0,9.75,8.5,1.0,1.0,1.0,1.0,0.6136001024925132,0.7589170862895672,0.9183861942174241,0.8435016898181997,0.6136001024925132,0.7589170862895673,0.9183861942174241,0.8435016898181997,,,,,,,,,,,,,,,,
formation_mean,bandwidth,1.0,10,12.0,12.0,12.0,12.0,80.0,80.0,80.0,80.0,-48.98408244483336,-46.23735479654307,-39.41130609702685,-46.5435713564263,39.41130609702685,46.23735479654307,48.98408244483336,46.5435713564263,2.460924102243819,2.5514118247746316,2.9992269913902248,2.691751410469013,0.0,0.0,0.0,0.0,0.0,0.0,0.0,0.0,0.0,0.0,0.0,0.0,3080.0,3200.0,3560.0,3360.0,3080.0,3200.0,3560.0,3360.0,1.0,1.0,1.0,1.0,0.0,0.0,0.0,0.0,6160.0,6400.0,7120.0,6720.0,2.0,2.0,2.0,2.0,0.0,0.0,0.0,0.0,3080.0,3200.0,3560.0,3360.0,0.0,0.0,0.0,0.0,0.0,0.0,0.0,0.0,0.0,0.0,0.0,0.0,0.0,0.0,0.0,0.0,0.0,0.0,0.0,0.0,0.0,0.0,0.0,0.0,0.4955487070421621,0.5518634521925131,0.6826527084086875,0.60552713491564,0.7565356752413669,0.896901884075205,0.9771751462680601,0.7942626607036045,0.265625,0.2875,0.296875,0.27875,40.04927220217881,46.23735479643376,48.98408244100056,46.62863350320935,-0.6066803041116324,-0.37491080442208113,-0.13697722706449994,-0.38981260045212135,,,,,0.0,0.0,0.0,0.0,0.6136001024925132,0.7589170862895672,0.9183861942174241,0.8435016898181997,0.6136001024925132,0.7589170862895673,0.9183861942174241,0.8435016898181997,,,,,,,,,,,,,,,,
formation_mean,bandwidth,2.0,10,12.0,12.0,12.0,12.0,80.0,80.0,80.0,80.0,-6.357900226815367,-5.113236189665834,-4.111184328483316,-5.126846914806942,4.111184328483316,5.113236189665834,6.357900226815367,5.126846914806942,0.2808656732477453,0.29972225177373746,0.361800824054168,0.31419570385417195,0.0,0.0,0.0,0.0,0.0,0.0,0.0,0.0,0.0,0.0,0.0,0.0,3080.0,3200.0,3560.0,3360.0,3080.0,3200.0,3560.0,3360.0,1.0,1.0,1.0,1.0,0.0,0.0,0.0,0.0,12320.0,12800.0,14240.0,13440.0,4.0,4.0,4.0,4.0,0.0,0.0,0.0,0.0,3080.0,3200.0,3560.0,3360.0,0.0,0.0,0.0,0.0,0.0,0.0,0.0,0.0,0.0,0.0,0.0,0.0,0.0,0.0,0.0,0.0,0.0,0.0,0.0,0.0,0.0,0.0,0.0,0.0,0.6310870853673702,0.7219396130404472,0.8242901269153671,0.7083841121169456,0.714523940614065,0.7622263530511624,0.8518741955794397,0.7546001072843487,0.35312499999999997,0.375,0.41875,0.4362500000000001,4.111184328476316,5.11323618963433,6.357900226808342,5.140622023299775,-1.0257487510761718,-0.8857617065346404,-0.6902117370433676,-0.9075216559723633,,,,,0.0,0.0,0.0,0.0,0.6136001024925132,0.7589170862895672,0.9183861942174241,0.8435016898181997,0.6136001024925132,0.7589170862895673,0.9183861942174241,0.8435016898181997,,,,,,,,,,,,,,,,
formation_mean,bandwidth,3.0,10,12.0,12.0,12.0,12.0,80.0,80.0,80.0,80.0,-1.4001955575597722,-1.1698206801340516,-0.7307383325563055,-1.0820762590150053,0.7307383325563055,1.1698206801340516,1.4001955575597722,1.0820762590150053,0.038537009950378995,0.04278916941188443,0.046856202810581817,0.04264273156179453,0.0,0.0,0.0,0.0,0.0,0.0,0.0,0.0,0.0,0.0,0.0,0.0,3080.0,3200.0,3560.0,3360.0,3080.0,3200.0,3560.0,3360.0,1.0,1.0,1.0,1.0,0.0,0.0,0.0,0.0,18480.0,19200.0,21360.0,20160.0,6.0,6.0,6.0,6.0,0.0,0.0,0.0,0.0,3080.0,3200.0,3560.0,3360.0,0.0,0.0,0.0,0.0,0.0,0.0,0.0,0.0,0.0,0.0,0.0,0.0,0.0,0.0,0.0,0.0,0.0,0.0,0.0,0.0,0.0,0.0,0.0,0.0,0.6670691407451587,0.713136211242835,0.7705107342416768,0.741636002995395,0.7378720067411348,0.7990057778261126,0.8902199413036072,0.7253700873701845,0.446875,0.48124999999999996,0.51875,0.5237499999999999,0.7307383325386649,1.1698206801318474,1.4001955575587066,1.0618361290546325,-1.101614987473371,-0.9256090642738803,-0.7590396143145959,-0.9580812891697624,7.0,7.0,11.0,9.666666666666666,0.0,0.0,0.75,0.3,0.6136001024925132,0.7589170862895672,0.9183861942174241,0.8435016898181997,0.6136001024925132,0.7589170862895673,0.9183861942174241,0.8435016898181997,,,,,,,,,,,,,,,,
formation_mean,bandwidth,4.0,10,12.0,12.0,12.0,12.0,80.0,80.0,80.0,80.0,-0.4138186216146189,-0.3391241210945746,-0.22072761018001485,-0.34393447427355056,0.22072761018001485,0.3391241210945746,0.4138186216146189,0.34393447427355056,0.012655471153995243,0.01350400135216972,0.014665873133487332,0.013404524129569644,0.0,0.0,0.0,0.0,0.0,0.0,0.0,0.0,0.0,0.0,0.0,0.0,3080.0,3200.0,3560.0,3360.0,3080.0,3200.0,3560.0,3360.0,1.0,1.0,1.0,1.0,0.0,0.0,0.0,0.0,24640.0,25600.0,28480.0,26880.0,8.0,8.0,8.0,8.0,0.0,0.0,0.0,0.0,3080.0,3200.0,3560.0,3360.0,0.0,0.0,0.0,0.0,0.0,0.0,0.0,0.0,0.0,0.0,0.0,0.0,0.0,0.0,0.0,0.0,0.0,0.0,0.0,0.0,0.0,0.0,0.0,0.0,0.6528298407386466,0.7522490849686676,0.7685074650046071,0.7445135526871185,0.8219960387211799,0.8835862267155926,0.8964676138096664,0.8001502963961731,0.503125,0.55625,0.59375,0.59,0.2207276099332122,0.33912412107687556,0.4138186216133417,0.34393447423640283,-1.1099304449514495,-0.943558175784408,-0.759836865444173,-0.9673080614790308,7.25,8.5,10.75,10.1,1.0,1.0,1.0,1.0,0.6136001024925132,0.7589170862895672,0.9183861942174241,0.8435016898181997,0.6136001024925132,0.7589170862895673,0.9183861942174241,0.8435016898181997,,,,,,,,,,,,,,,,
formation_mean,bandwidth,8.0,10,12.0,12.0,12.0,12.0,80.0,80.0,80.0,80.0,-0.0024576176445498636,-0.0011064983381800103,-0.0010406695279839599,-0.002257021880646444,0.0010406695279839599,0.0011064983381800103,0.0024576176445498636,0.002257021880646444,5.016660117632472e-05,0.0001123303988571116,0.0002884587974481662,0.00024823232262976446,0.0,0.0,0.0,0.0,0.0,0.0,0.0,0.0,0.0,0.0,0.0,0.0,3080.0,3200.0,3560.0,3360.0,3080.0,3200.0,3560.0,3360.0,1.0,1.0,1.0,1.0,0.0,0.0,0.0,0.0,49280.0,51200.0,56960.0,53760.0,16.0,16.0,16.0,16.0,0.0,0.0,0.0,0.0,3080.0,3200.0,3560.0,3360.0,0.0,0.0,0.0,0.0,0.0,0.0,0.0,0.0,0.0,0.0,0.0,0.0,0.0,0.0,0.0,0.0,0.0,0.0,0.0,0.0,0.0,0.0,0.0,0.0,0.7615026387193606,0.8454847960624234,0.9145931968775591,0.8251073398118709,0.7426415774257104,0.8432554155603197,0.9517056058625231,0.8218655277975575,0.71875,0.8875,1.0,0.8550000000000001,0.0010406695194484649,0.0011064981372361066,0.0024576242081616314,0.0022570230299303303,-1.1148015872018493,-0.9479520065684013,-0.7648999201774493,-0.9715790296339419,7.25,8.0,9.75,8.5,1.0,1.0,1.0,1.0,0.6136001024925132,0.7589170862895672,0.9183861942174241,0.8435016898181997,0.6136001024925132,0.7589170862895673,0.9183861942174241,0.8435016898181997,,,,,,,,,,,,,,,,
formation_mean,byzantine,0.0,10,12.0,12.0,12.0,12.0,80.0,80.0,80.0,80.0,-2.1787049192526968e-06,-4.61337660450248e-08,-6.371056997271617e-09,-2.0163499697859225e-06,6.371056997271617e-09,4.6133766045024804e-08,2.1787049192526968e-06,2.0163499697859225e-06,0.0,0.0,0.0,0.0,0.0,0.0,0.0,0.0,0.0,0.0,0.0,0.0,0.0,0.0,0.0,0.0,3080.0,3200.0,3560.0,3360.0,3080.0,3200.0,3560.0,3360.0,1.0,1.0,1.0,1.0,0.0,0.0,0.0,0.0,197120.0,204800.0,227840.0,215040.0,64.0,64.0,64.0,64.0,0.0,0.0,0.0,0.0,3080.0,3200.0,3560.0,3360.0,0.0,0.0,0.0,0.0,0.0,0.0,0.0,0.0,0.0,0.0,0.0,0.0,0.0,0.0,0.0,0.0,0.0,0.0,0.0,0.0,0.0,0.0,0.0,0.0,0.7717478806612376,0.7920999155942732,0.8327792348658891,0.7856299073614142,0.9860032044758125,0.9895443099258332,0.9946515890821985,0.9891854096666292,1.0,1.0,1.0,1.0,6.760487334220588e-08,3.216366755221881e-07,1.0543815922908092e-05,8.48700007072109e-06,-1.1148139731282398,-0.9479714100661367,-0.7649266612718342,-0.9716072172030754,7.25,8.0,9.75,8.5,1.0,1.0,1.0,1.0,0.6136001024925132,0.7589170862895672,0.9183861942174241,0.8435016898181997,0.6136001024925132,0.7589170862895673,0.9183861942174241,0.8435016898181997,,,,,,,,,,,,,,,,
formation_mean,byzantine,0.1,10,12.0,12.0,12.0,12.0,80.0,80.0,80.0,80.0,-1.3736963472509587,-0.9609645781993212,-0.4154242627508946,-0.9969653870425175,0.4154242627508946,0.9609645781993212,1.3736963472509587,0.9969653870425175,0.0,0.0,0.0,0.0,0.0,0.0,0.0,0.0,0.0,0.0,0.0,0.0,0.0,0.0,0.0,0.0,3080.0,3200.0,3560.0,3360.0,3080.0,3200.0,3560.0,3360.0,1.0,1.0,1.0,1.0,0.0,0.0,0.0,0.0,197120.0,204800.0,227840.0,215040.0,64.0,64.0,64.0,64.0,0.0,0.0,0.0,0.0,3080.0,3200.0,3560.0,3360.0,0.0,0.0,0.0,0.0,0.0,0.0,0.0,0.0,0.0,0.0,0.0,0.0,0.0,0.0,0.0,0.0,0.0,0.0,0.0,0.0,0.0,0.0,0.0,0.0,0.9620886713072353,0.9715371474254841,0.9804198495801337,0.9659595831189487,0.24416661045584281,0.2863368114921188,0.4007482459757159,0.3231772463267525,0.515625,0.5375,0.55,0.5375,1.8334365077794486,2.4717348509173664,2.881558463682959,2.439201595874379,-1.0996951034023499,-0.9456377971259826,-0.7492815477279973,-0.9591451750694185,26.75,44.0,51.25,40.0,1.0,1.0,1.0,1.0,0.6136001024925132,0.7589170862895672,0.9183861942174241,0.8435016898181997,0.6136001024925132,0.7589170862895673,0.9183861942174241,0.8435016898181997,,,,,,,,,,,,,,,,
formation_mean,byzantine,0.25,10,12.0,12.0,12.0,12.0,80.0,80.0,80.0,80.0,-12.381132334657188,-6.593959933308316,-5.573888105230564,-8.55177235912382,5.573888105230564,6.593959933308316,12.381132334657188,8.55177235912382,0.0,0.0,0.0,0.0,0.0,0.0,0.0,0.0,0.0,0.0,0.0,0.0,0.0,0.0,0.0,0.0,3080.0,3200.0,3560.0,3360.0,3080.0,3200.0,3560.0,3360.0,1.0,1.0,1.0,1.0,0.0,0.0,0.0,0.0,197120.0,204800.0,227840.0,215040.0,64.0,64.0,64.0,64.0,0.0,0.0,0.0,0.0,3080.0,3200.0,3560.0,3360.0,0.0,0.0,0.0,0.0,0.0,0.0,0.0,0.0,0.0,0.0,0.0,0.0,0.0,0.0,0.0,0.0,0.0,0.0,0.0,0.0,0.0,0.0,0.0,0.0,0.9647904838386705,0.9803201047589765,0.9844017111969731,0.9701598965792776,0.1348459279520387,0.22702873028703147,0.3270121398711725,0.24606181435539817,0.515625,0.525,0.525,0.5262500000000001,6.671572144206995,7.707107140043479,9.464204791710921,8.191321733006395,-0.9637427729516941,-0.8360249476920301,-0.6951251279030237,-0.8647100879184022,,,,,0.0,0.0,0.0,0.0,0.6136001024925132,0.7589170862895672,0.9183861942174241,0.8435016898181997,0.6136001024925132,0.7589170862895673,0.9183861942174241,0.8435016898181997,,,,,,,,,,,,,,,,
formation_mean,byzantine,0.5,10,12.0,12.0,12.0,12.0,80.0,80.0,80.0,80.0,-27.795422360719698,-21.342783481694507,-13.534128533997048,-20.382607696369952,13.534128533997048,21.342783481694507,27.795422360719698,20.382607696369952,0.0,0.0,0.0,0.0,0.0,0.0,0.0,0.0,0.0,0.0,0.0,0.0,0.0,0.0,0.0,0.0,3080.0,3200.0,3560.0,3360.0,3080.0,3200.0,3560.0,3360.0,1.0,1.0,1.0,1.0,0.0,0.0,0.0,0.0,197120.0,204800.0,227840.0,215040.0,64.0,64.0,64.0,64.0,0.0,0.0,0.0,0.0,3080.0,3200.0,3560.0,3360.0,0.0,0.0,0.0,0.0,0.0,0.0,0.0,0.0,0.0,0.0,0.0,0.0,0.0,0.0,0.0,0.0,0.0,0.0,0.0,0.0,0.0,0.0,0.0,0.0,0.957698774778874,0.9837392806392813,0.9947843740217192,0.9589863987219708,0.05332601422554564,0.13540029342572468,0.4421509374638144,0.2762407334328302,0.490625,0.5125,0.5375,0.5125,21.3497262777304,23.607090169963755,27.081677324310718,24.73747044236315,-0.8811855727591903,-0.7559442180754979,-0.40949703151478106,-0.7168246462028257,,,,,0.0,0.0,0.0,0.0,0.6136001024925132,0.7589170862895672,0.9183861942174241,0.8435016898181997,0.6136001024925132,0.7589170862895673,0.9183861942174241,0.8435016898181997,,,,,,,,,,,,,,,,
formation_mean,crash,0.0,10,12.0,12.0,12.0,12.0,80.0,80.0,80.0,80.0,-2.1787049192526968e-06,-4.61337660450248e-08,-6.371056997271617e-09,-2.0163499697859225e-06,6.371056997271617e-09,4.6133766045024804e-08,2.1787049192526968e-06,2.0163499697859225e-06,0.0,0.0,0.0,0.0,0.0,0.0,0.0,0.0,0.0,0.0,0.0,0.0,0.0,0.0,0.0,0.0,3080.0,3200.0,3560.0,3360.0,3080.0,3200.0,3560.0,3360.0,1.0,1.0,1.0,1.0,0.0,0.0,0.0,0.0,197120.0,204800.0,227840.0,215040.0,64.0,64.0,64.0,64.0,0.0,0.0,0.0,0.0,3080.0,3200.0,3560.0,3360.0,0.0,0.0,0.0,0.0,0.0,0.0,0.0,0.0,0.0,0.0,0.0,0.0,0.0,0.0,0.0,0.0,0.0,0.0,0.0,0.0,0.0,0.0,0.0,0.0,0.7717478806612376,0.7920999155942732,0.8327792348658891,0.7856299073614142,0.9860032044758125,0.9895443099258332,0.9946515890821985,0.9891854096666292,1.0,1.0,1.0,1.0,6.760487334220588e-08,3.216366755221881e-07,1.0543815922908092e-05,8.48700007072109e-06,-1.1148139731282398,-0.9479714100661367,-0.7649266612718342,-0.9716072172030754,7.25,8.0,9.75,8.5,1.0,1.0,1.0,1.0,0.6136001024925132,0.7589170862895672,0.9183861942174241,0.8435016898181997,0.6136001024925132,0.7589170862895673,0.9183861942174241,0.8435016898181997,,,,,,,,,,,,,,,,
formation_mean,crash,0.01,10,12.0,12.0,12.0,12.0,80.0,80.0,80.0,80.0,-8.58962141160926e-06,-8.697210488272157e-08,-3.247570530534379e-08,-4.847724494498996e-06,3.247570530534379e-08,8.697210488272157e-08,8.58962141160926e-06,4.847724494498996e-06,0.0,0.0,0.0,0.0,0.0,0.0,0.0,0.0,0.0,0.0010561102893156741,0.002115231259968102,0.0016832201539421668,0.0,3.0,5.0,2.6,2948.5,3077.5,3328.5,3189.1,2855.5,2955.0,3106.75,3029.0,0.9352857142857143,0.9576438156808418,0.9635347645551727,0.9506936880365604,0.0364652354448273,0.04235618431915816,0.0647142857142857,0.04930631196343965,182752.0,189120.0,198832.0,193856.0,64.0,64.0,64.0,64.0,0.0,0.0,0.0,0.0,2855.5,2955.0,3106.75,3029.0,0.0,0.0,0.0,0.0,0.0,0.0,0.0,0.0,0.0,0.0,0.0,0.0,0.0,0.0,0.0,0.0,0.0,0.0,0.0,0.0,0.0,0.0,0.0,0.0,0.788039188102343,0.795415475641311,0.8452851750726159,0.8004952024832847,0.9813499179740137,0.9871949449050441,0.9914306964282573,0.9854309153514242,0.975,1.0,1.0,0.9800000000000001,2.2956349080855553e-07,6.193492043080844e-07,2.8252909167226174e-05,1.5216714715441903e-05,-1.1148139729081397,-0.9479713678717571,-0.7649266261010652,-0.9716071818108938,8.0,8.0,11.25,9.1,1.0,1.0,1.0,1.0,0.6136001024925132,0.7589170862895672,0.9183861942174241,0.8435016898181997,0.393686197958146,0.4543279799778833,0.4928256892342421,0.4447835656181239,,,,,,,,,,,,,,,,
formation_mean,crash,0.05,10,12.0,12.0,12.0,12.0,80.0,80.0,80.0,80.0,-0.00030665116947425854,-1.6261841234635424e-05,-1.5836210840928215e-06,-0.00020387143076820501,1.5836210840928215e-06,1.6261841234635424e-05,0.00030665116947425854,0.00020387143076820501,0.0,0.0,0.0,0.0,0.0,0.0,0.0,0.0,0.02815057551063071,0.03937538219573121,0.04995082743841338,0.04068728912006113,5.0,5.0,5.0,5.4,2458.0,2509.5,2866.0,2664.7,1974.75,2059.0,2326.5,2151.1,0.7918385836626175,0.8099439920241798,0.8225021306173175,0.8067151838954043,0.17749786938268253,0.19005600797582023,0.2081614163373825,0.19328481610459575,126384.0,131776.0,148896.0,137670.4,64.0,64.0,64.0,64.0,0.0,0.0,0.0,0.0,1974.75,2059.0,2326.5,2151.1,0.0,0.0,0.0,0.0,0.0,0.0,0.0,0.0,0.0,0.0,0.0,0.0,0.0,0.0,0.0,0.0,0.0,0.0,0.0,0.0,0.0,0.0,0.0,0.0,0.8084249276968447,0.8335570655541668,0.883089285351087,0.8348780980889444,0.96679362247673,0.9828952306090071,0.9917200319124992,0.9790322706095974,0.825,0.90625,0.9375,0.89125,6.171135539839407e-06,4.4905789877966065e-05,0.0007110356065681301,0.0004925762452613516,-1.1148139609243377,-0.9479693694266598,-0.7649236345179118,-0.9716046940145654,13.0,14.0,16.5,14.6,1.0,1.0,1.0,1.0,0.6136001024925132,0.7589170862895672,0.9183861942174241,0.8435016898181997,0.057733262249489575,0.05989923754965262,0.0747315285714676,0.07247641177741102,,,,,,,,,,,,,,,,
formation_mean,crash,0.1,10,12.0,12.0,12.0,12.0,80.0,80.0,80.0,80.0,-0.002705497715183307,-0.0003806818467550021,-5.635904800668253e-05,-0.0013047270131769184,5.635904800668253e-05,0.0003806818467550021,0.002705497715183307,0.0013047270131769184,0.0,0.0,0.0,0.0,0.0,0.0,0.0,0.0,0.10074563318777292,0.11704230038794293,0.1486162063012516,0.12216209910076015,5.0,6.0,7.0,6.4,2028.25,2089.0,2393.25,2192.4,1346.5,1468.0,1659.0,1493.4,0.6545180978898537,0.6830523069762029,0.7025946489091744,0.6803171258268013,0.29740535109082555,0.3169476930237971,0.34548190211014634,0.31968287417319885,86176.0,93952.0,106176.0,95577.6,64.0,64.0,64.0,64.0,0.0,0.0,0.0,0.0,1346.5,1468.0,1659.0,1493.4,0.0,0.0,0.0,0.0,0.0,0.0,0.0,0.0,0.0,0.0,0.0,0.0,0.0,0.0,0.0,0.0,0.0,0.0,0.0,0.0,0.0,0.0,0.0,0.0,0.8453281984457981,0.8609042802223544,0.8986446878310008,0.8686851704634402,0.9662133243612401,0.976942338937008,0.9843511266726015,0.975277288525737,0.7468750000000001,0.8125,0.871875,0.8137500000000001,0.000247148893543586,0.001330429119285042,0.004553392841028517,0.002802228060447679,-1.1148127543782194,-0.9479503114101071,-0.7649138052292076,-0.9715909333197853,15.75,20.0,23.5,20.0,1.0,1.0,1.0,1.0,0.6136001024925132,0.7589170862895672,0.9183861942174241,0.8435016898181997,0.00604090074107679,0.00869181859018976,0.021315038099509423,0.013300200102046833,,,,,,,,,,,,,,,,
formation_mean,crash,0.2,10,12.0,12.0,12.0,12.0,80.0,80.0,80.0,80.0,-0.02907648684517006,-0.014129620272315676,-0.004186348419928676,-0.018037163165973473,0.004186348419928676,0.014129620272315676,0.02907648684517006,0.018037163165973473,0.0,0.0,0.0,0.0,0.0,0.0,0.0,0.0,0.4266883963494133,0.48768855368234254,0.5834120146933713,0.5188696318999526,10.0,10.0,10.0,9.9,1365.25,1494.0,1615.75,1504.4,737.0,835.5,898.5,835.8,0.5397550934933704,0.5544685291250304,0.5764812706190938,0.5547361366908637,0.4235187293809062,0.4455314708749695,0.4602449065066296,0.44526386330913625,47168.0,53472.0,57504.0,53491.2,64.0,64.0,64.0,64.0,0.0,0.0,0.0,0.0,737.0,835.5,898.5,835.8,0.0,0.0,0.0,0.0,0.0,0.0,0.0,0.0,0.0,0.0,0.0,0.0,0.0,0.0,0.0,0.0,0.0,0.0,0.0,0.0,0.0,0.0,0.0,0.0,0.8929537874288496,0.9086374259449024,0.9269425763478587,0.9068591927699039,0.9571184245952998,0.9712986569002792,0.9802461101070445,0.9706799032383664,0.75625,0.79375,0.83125,0.7899999999999999,0.009413919785078068,0.0209448087790192,0.0461171225767919,0.031935346817359635,-1.114481603509216,-0.9477562651389555,-0.7648226029090344,-0.9713817778678753,28.5,30.0,36.5,31.4,1.0,1.0,1.0,1.0,0.6136001024925132,0.7589170862895672,0.9183861942174241,0.8435016898181997,-3.537035490796857e-17,0.002084986644907738,0.0032527937412164844,0.0036175116548397266,,,,,,,,,,,,,,,,
formation_mean,latency,0.0,10,12.0,12.0,12.0,12.0,80.0,80.0,80.0,80.0,-2.1787049192526968e-06,-4.61337660450248e-08,-6.371056997271617e-09,-2.0163499697859225e-06,6.371056997271617e-09,4.6133766045024804e-08,2.1787049192526968e-06,2.0163499697859225e-06,0.0,0.0,0.0,0.0,0.0,0.0,0.0,0.0,0.0,0.0,0.0,0.0,0.0,0.0,0.0,0.0,3080.0,3200.0,3560.0,3360.0,3080.0,3200.0,3560.0,3360.0,1.0,1.0,1.0,1.0,0.0,0.0,0.0,0.0,197120.0,204800.0,227840.0,215040.0,64.0,64.0,64.0,64.0,0.0,0.0,0.0,0.0,3080.0,3200.0,3560.0,3360.0,0.0,0.0,0.0,0.0,0.0,0.0,0.0,0.0,0.0,0.0,0.0,0.0,0.0,0.0,0.0,0.0,0.0,0.0,0.0,0.0,0.0,0.0,0.0,0.0,0.7717478806612376,0.7920999155942732,0.8327792348658891,0.7856299073614142,0.9860032044758125,0.9895443099258332,0.9946515890821985,0.9891854096666292,1.0,1.0,1.0,1.0,6.760487334220588e-08,3.216366755221881e-07,1.0543815922908092e-05,8.48700007072109e-06,-1.1148139731282398,-0.9479714100661367,-0.7649266612718342,-0.9716072172030754,7.25,8.0,9.75,8.5,1.0,1.0,1.0,1.0,0.6136001024925132,0.7589170862895672,0.9183861942174241,0.8435016898181997,0.6136001024925132,0.7589170862895673,0.9183861942174241,0.8435016898181997,,,,,,,,,,,,,,,,
formation_mean,latency,1.0,10,12.0,12.0,12.0,12.0,80.0,80.0,80.0,80.0,-5.623486701721092e-05,-2.0244686556568696e-06,-4.789453376923537e-07,-4.1899279821676314e-05,4.789453376923537e-07,2.0244686556568696e-06,5.623486701721092e-05,4.1899279821676314e-05,0.0,0.0,0.0,0.0,0.0,0.0,0.0,0.0,1.0,1.0,1.0,1.0,1.0,1.0,1.0,1.0,3080.0,3200.0,3560.0,3360.0,3041.5,3160.0,3515.5,3318.0,0.9875,0.9875,0.9875,0.9875000000000002,0.012499999999999956,0.012499999999999956,0.012499999999999956,0.012499999999999956,194656.0,202240.0,224992.0,212352.0,64.0,64.0,64.0,64.0,0.0,0.0,0.0,0.0,3041.5,3160.0,3515.5,3318.0,0.0,0.0,0.0,0.0,0.0,0.0,0.0,0.0,0.0,0.0,0.0,0.0,0.0,0.0,0.0,0.0,0.0,0.0,0.0,0.0,0.0,0.0,0.0,0.0,0.8101388048270718,0.8263462316691074,0.863831343833554,0.8219251300162984,0.9721262961012165,0.97974807451283,0.9896924633468913,0.9794737442657319,1.0,1.0,1.0,1.0,2.8166354973336283e-06,9.112431332211527e-06,0.0001805803287247684,0.00012273523804358632,-1.1148139699463977,-0.9479706569962794,-0.7649260915098093,-0.9716067186664523,9.5,11.0,12.75,11.2,1.0,1.0,1.0,1.0,0.6136001024925132,0.7589170862895672,0.9183861942174241,0.8435016898181997,0.6059301012113567,0.7494306227109477,0.9069063667897063,0.8329579186954723,,,,,,,,,,,,,,,,
formation_mean,latency,2.0,10,12.0,12.0,12.0,12.0,80.0,80.0,80.0,80.0,-0.0004453847503160731,-2.53914153694161e-05,-8.384933508901232e-06,-0.0002906388437634094,8.384933508901232e-06,2.53914153694161e-05,0.0004453847503160731,0.0002906388437634094,0.0,0.0,0.0,0.0,0.0,0.0,0.0,0.0,2.0,2.0,2.0,2.0,2.0,2.0,2.0,2.0,3080.0,3200.0,3560.0,3360.0,3003.0,3120.0,3471.0,3276.0,0.975,0.975,0.975,0.975,0.025000000000000022,0.025000000000000022,0.025000000000000022,0.025000000000000022,192192.0,199680.0,222144.0,209664.0,64.0,64.0,64.0,64.0,0.0,0.0,0.0,0.0,3003.0,3120.0,3471.0,3276.0,0.0,0.0,0.0,0.0,0.0,0.0,0.0,0.0,0.0,0.0,0.0,0.0,0.0,0.0,0.0,0.0,0.0,0.0,0.0,0.0,0.0,0.0,0.0,0.0,0.8343119881793476,0.8471203218044958,0.8831686929239663,0.8450861969523524,0.95485161723323,0.9676431868553899,0.9834171520607835,0.96764426433167,1.0,1.0,1.0,0.9974999999999999,3.332222315133906e-05,8.76909333320309e-05,0.0011158731254980018,0.0006856080666882761,-1.1148139069432306,-0.9479659850575637,-0.764922919334245,-0.9716036094219029,11.5,14.0,16.5,14.2,1.0,1.0,1.0,1.0,0.6136001024925132,0.7589170862895672,0.9183861942174241,0.8435016898181997,0.5982600999302004,0.7399441591323281,0.8954265393619886,0.8224141475727447,,,,,,,,,,,,,,,,
formation_mean,latency,4.0,10,12.0,12.0,12.0,12.0,80.0,80.0,80.0,80.0,-0.005136534507408188,-0.0006816903875274745,-0.00022268084010014004,-0.002959881823343795,0.00022268084010014004,0.0006816903875274745,0.005136534507408188,0.002959881823343795,0.0,0.0,0.0,0.0,0.0,0.0,0.0,0.0,4.0,4.0,4.0,4.0,4.0,4.0,4.0,4.0,3080.0,3200.0,3560.0,3360.0,2926.0,3040.0,3382.0,3192.0,0.95,0.95,0.95,0.9499999999999998,0.050000000000000044,0.050000000000000044,0.050000000000000044,0.050000000000000044,187264.0,194560.0,216448.0,204288.0,64.0,64.0,64.0,64.0,0.0,0.0,0.0,0.0,2926.0,3040.0,3382.0,3192.0,0.0,0.0,0.0,0.0,0.0,0.0,0.0,0.0,0.0,0.0,0.0,0.0,0.0,0.0,0.0,0.0,0.0,0.0,0.0,0.0,0.0,0.0,0.0,0.0,0.8547628783736674,0.8697547234898491,0.8999270101926833,0.8693733435710232,0.9421482478638723,0.9552796088432194,0.975102370765969,0.9582138966676508,0.8625,0.88125,0.9468749999999999,0.89625,0.0006567014726110796,0.0017898797739053067,0.009768969839512049,0.005526679282979105,-1.1148107644264602,-0.9479181749645446,-0.7648943066464642,-0.9715702438846583,18.25,20.0,24.75,21.2,1.0,1.0,1.0,1.0,0.6136001024925132,0.7589170862895672,0.9183861942174241,0.8435016898181997,0.5829200973678875,0.7209712319750889,0.8724668845065531,0.8013266053272898,,,,,,,,,,,,,,,,
formation_mean,latency,8.0,10,12.0,12.0,12.0,12.0,80.0,80.0,80.0,80.0,-0.16391437356258204,-0.0631718899213988,-0.04524742041462661,-0.10258465073255725,0.04524742041462661,0.0631718899213988,0.16391437356258204,0.10258465073255725,0.0,0.0,0.0,0.0,0.0,0.0,0.0,0.0,8.0,8.0,8.0,8.0,8.0,8.0,8.0,8.0,3080.0,3200.0,3560.0,3360.0,2772.0,2880.0,3204.0,3024.0,0.9,0.9,0.9,0.9,0.09999999999999998,0.09999999999999998,0.09999999999999998,0.09999999999999998,177408.0,184320.0,205056.0,193536.0,64.0,64.0,64.0,64.0,0.0,0.0,0.0,0.0,2772.0,2880.0,3204.0,3024.0,0.0,0.0,0.0,0.0,0.0,0.0,0.0,0.0,0.0,0.0,0.0,0.0,0.0,0.0,0.0,0.0,0.0,0.0,0.0,0.0,0.0,0.0,0.0,0.0,0.8971398395878,0.9105690122451519,0.9209244325936072,0.9077877185115468,0.8696614024727689,0.8831975570623286,0.9328748605534145,0.8936495533929201,0.5531250000000001,0.56875,0.6062500000000001,0.60625,0.06388501429193534,0.08588191485592143,0.16262038440624782,0.11741941887393177,-1.1140514579692544,-0.9457193287104759,-0.7641166107805256,-0.9703249342732931,31.0,31.5,38.0,33.1,1.0,1.0,1.0,1.0,0.6136001024925132,0.7589170862895672,0.9183861942174241,0.8435016898181997,0.5522400922432619,0.6830253776606106,0.8265475747956819,0.7591515208363798,,,,,,,,,,,,,,,,
formation_mean,msg_drop,0.0,10,12.0,12.0,12.0,12.0,80.0,80.0,80.0,80.0,-2.1787049192526968e-06,-4.61337660450248e-08,-6.371056997271617e-09,-2.0163499697859225e-06,6.371056997271617e-09,4.6133766045024804e-08,2.1787049192526968e-06,2.0163499697859225e-06,0.0,0.0,0.0,0.0,0.0,0.0,0.0,0.0,0.0,0.0,0.0,0.0,0.0,0.0,0.0,0.0,3080.0,3200.0,3560.0,3360.0,3080.0,3200.0,3560.0,3360.0,1.0,1.0,1.0,1.0,0.0,0.0,0.0,0.0,197120.0,204800.0,227840.0,215040.0,64.0,64.0,64.0,64.0,0.0,0.0,0.0,0.0,3080.0,3200.0,3560.0,3360.0,0.0,0.0,0.0,0.0,0.0,0.0,0.0,0.0,0.0,0.0,0.0,0.0,0.0,0.0,0.0,0.0,0.0,0.0,0.0,0.0,0.0,0.0,0.0,0.0,0.7717478806612376,0.7920999155942732,0.8327792348658891,0.7856299073614142,0.9860032044758125,0.9895443099258332,0.9946515890821985,0.9891854096666292,1.0,1.0,1.0,1.0,6.760487334220588e-08,3.216366755221881e-07,1.0543815922908092e-05,8.48700007072109e-06,-1.1148139731282398,-0.9479714100661367,-0.7649266612718342,-0.9716072172030754,7.25,8.0,9.75,8.5,1.0,1.0,1.0,1.0,0.6136001024925132,0.7589170862895672,0.9183861942174241,0.8435016898181997,0.6136001024925132,0.7589170862895673,0.9183861942174241,0.8435016898181997,,,,,,,,,,,,,,,,
formation_mean,msg_drop,0.1,10,12.0,12.0,12.0,12.0,80.0,80.0,80.0,80.0,-2.3007666389109487e-06,-7.846132942407326e-08,-7.004828585814345e-09,-2.104719186355097e-06,7.004828585814345e-09,7.846132942407326e-08,2.3007666389109487e-06,2.104719186355097e-06,0.0,0.0,0.0,0.0,0.09765625,0.10203124999999999,0.10439510233918128,0.10123758899059243,0.0,0.0,0.0,0.0,0.0,0.0,0.0,0.0,3080.0,3200.0,3560.0,3360.0,2774.5,2873.5,3206.5,3020.1,0.8956048976608187,0.89796875,0.90234375,0.8987624110094075,0.09765625000000003,0.10203125000000002,0.10439510233918128,0.1012375889905924,177568.0,183904.0,205216.0,193286.4,64.0,64.0,64.0,64.0,0.0,0.0,0.0,0.0,2774.5,2873.5,3206.5,3020.1,0.0,0.0,0.0,0.0,0.0,0.0,0.0,0.0,319.5,326.5,346.75,339.9,0.0,0.0,0.0,0.0,0.0,0.0,0.0,0.0,0.0,0.0,0.0,0.0,0.7729561576913773,0.7984832706501598,0.8324438805758656,0.7880590747304252,0.9856111683069634,0.9912166409785986,0.9961674770183293,0.9903380761737155,1.0,1.0,1.0,1.0,7.617714120256866e-08,6.788902018988487e-07,1.1192369702474242e-05,9.155988379823366e-06,-1.114813973121149,-0.9479714000375263,-0.7649266651541198,-0.97160721609846,7.5,9.0,10.0,9.0,1.0,1.0,1.0,1.0,0.6136001024925132,0.7589170862895672,0.9183861942174241,0.8435016898181997,0.5963437067110923,0.737813014304979,0.8988742604716768,0.8199409618056773,,,,,,,,,,,,,,,,
formation_mean,msg_drop,0.3,10,12.0,12.0,12.0,12.0,80.0,80.0,80.0,80.0,-4.4760851484853805e-06,-3.1259020970123193e-07,-1.6180674885127218e-08,-5.772291529758379e-06,1.6180674885127218e-08,3.1259020970123193e-07,4.4760851484853805e-06,5.772291529758379e-06,0.0,0.0,0.0,0.0,0.2951110197368421,0.29793478260869566,0.30299189814814814,0.29967594976269174,0.0,0.0,0.0,0.0,0.0,0.0,0.0,0.0,3080.0,3200.0,3560.0,3360.0,2166.5,2237.0,2500.75,2353.9,0.6970081018518519,0.7020652173913043,0.7048889802631579,0.7003240502373081,0.29511101973684206,0.29793478260869566,0.3029918981481481,0.29967594976269174,138656.0,143168.0,160048.0,150649.6,64.0,64.0,64.0,64.0,0.0,0.0,0.0,0.0,2166.5,2237.0,2500.75,2353.9,0.0,0.0,0.0,0.0,0.0,0.0,0.0,0.0,945.25,966.5,1043.25,1006.1,0.0,0.0,0.0,0.0,0.0,0.0,0.0,0.0,0.0,0.0,0.0,0.0,0.7752287594452776,0.8110315593236324,0.8360996491214374,0.7958555976274363,0.9843690701183175,0.9892801210613835,0.994030812486892,0.98915160104154,0.975,0.9875,1.0,0.985,1.368158014764757e-07,2.2731233545922083e-06,2.279344811193974e-05,2.320331979248518e-05,-1.1148139731121653,-0.9479713534270773,-0.7649265834211686,-0.9716071702538057,8.25,10.0,10.75,9.8,1.0,1.0,1.0,1.0,0.6136001024925132,0.7589170862895672,0.9183861942174241,0.8435016898181997,0.45803318796840375,0.5631605088734382,0.7147436810902447,0.6350035504068117,,,,,,,,,,,,,,,,
formation_mean,msg_drop,0.5,10,12.0,12.0,12.0,12.0,80.0,80.0,80.0,80.0,-3.1419771160608114e-05,-1.731358747705899e-06,-1.125832694542553e-07,-1.981965927475519e-05,1.125832694542553e-07,1.731358747705899e-06,3.1419771160608114e-05,1.981965927475519e-05,0.0,0.0,0.0,0.0,0.4915045766590389,0.4933845029239766,0.5065523097826087,0.4989924040172896,0.0,0.0,0.0,0.0,0.0,0.0,0.0,0.0,3080.0,3200.0,3560.0,3360.0,1549.0,1604.5,1769.75,1684.2,0.49344769021739127,0.5066154970760234,0.5084954233409611,0.5010075959827104,0.4915045766590389,0.4933845029239766,0.5065523097826088,0.4989924040172896,99136.0,102688.0,113264.0,107788.8,64.0,64.0,64.0,64.0,0.0,0.0,0.0,0.0,1549.0,1604.5,1769.75,1684.2,0.0,0.0,0.0,0.0,0.0,0.0,0.0,0.0,1565.25,1595.5,1765.0,1675.8,0.0,0.0,0.0,0.0,0.0,0.0,0.0,0.0,0.0,0.0,0.0,0.0,0.7905681680259918,0.8239268782290465,0.8577016912679433,0.8104834950916933,0.9811171796975056,0.9871939612141201,0.9914238536244234,0.9865380803172099,0.903125,0.93125,0.978125,0.93,6.698018268198414e-07,8.569464361676707e-06,0.00011901371146275102,8.615019709585143e-05,-1.1148139728235584,-0.9479707834784842,-0.7649265693740106,-0.9716069946617092,8.5,10.0,11.5,10.8,1.0,1.0,1.0,1.0,0.6136001024925132,0.7589170862895672,0.9183861942174241,0.8435016898181997,0.2132982274889812,0.2540856760497412,0.3651875043018168,0.3198536783760718,,,,,,,,,,,,,,,,
formation_mean,msg_drop,0.7,10,12.0,12.0,12.0,12.0,80.0,80.0,80.0,80.0,-0.00038430919749946285,-2.022101160543476e-05,-2.7580568254996786e-06,-0.00036114642439684104,2.7580568254996786e-06,2.0221011605434765e-05,0.00038430919749946285,0.00036114642439684104,0.0,0.0,0.0,0.0,0.6997532894736842,0.701922554347826,0.7054517663043478,0.7021881065132638,0.0,0.0,0.0,0.0,0.0,0.0,0.0,0.0,3080.0,3200.0,3560.0,3360.0,919.25,952.0,1052.25,1001.5,0.29454823369565214,0.2980774456521739,0.3002467105263158,0.2978118934867361,0.6997532894736842,0.701922554347826,0.7054517663043479,0.7021881065132638,58832.0,60928.0,67344.0,64096.0,64.0,64.0,64.0,64.0,0.0,0.0,0.0,0.0,919.25,952.0,1052.25,1001.5,0.0,0.0,0.0,0.0,0.0,0.0,0.0,0.0,2174.75,2248.0,2508.0,2358.5,0.0,0.0,0.0,0.0,0.0,0.0,0.0,0.0,0.0,0.0,0.0,0.0,0.8134231097647349,0.8365994577450185,0.8875357016646778,0.8386981114485449,0.9594726838828911,0.9710701511482072,0.9925282274670589,0.9741235937560576,0.825,0.85625,0.90625,0.86625,1.2016945723988452e-05,4.9449771331480966e-05,0.0013609561620951983,0.0010233565482404164,-1.1148139634393288,-0.9479603647732189,-0.7649228514063857,-0.9716027280771451,11.25,15.0,17.75,14.6,1.0,1.0,1.0,1.0,0.6136001024925132,0.7589170862895672,0.9183861942174241,0.8435016898181997,0.02060590984934538,0.02556639641062502,0.03442659536417876,0.042133289721918384,,,,,,,,,,,,,,,,
formation_mean,msg_drop,1.0,10,12.0,12.0,12.0,12.0,80.0,80.0,80.0,80.0,-89.18511785335131,-75.83771578995429,-61.19413551386363,-77.728579392596,61.19413551386363,75.83771578995429,89.18511785335131,77.728579392596,0.0,0.0,0.0,0.0,1.0,1.0,1.0,1.0,0.0,0.0,0.0,0.0,0.0,0.0,0.0,0.0,3080.0,3200.0,3560.0,3360.0,0.0,0.0,0.0,0.0,0.0,0.0,0.0,0.0,1.0,1.0,1.0,1.0,0.0,0.0,0.0,0.0,0.0,0.0,0.0,0.0,0.0,0.0,0.0,0.0,0.0,0.0,0.0,0.0,0.0,0.0,0.0,0.0,0.0,0.0,0.0,0.0,3080.0,3200.0,3560.0,3360.0,0.0,0.0,0.0,0.0,0.0,0.0,0.0,0.0,0.0,0.0,0.0,0.0,1.0,1.0,1.0,1.0,0.0,0.0,0.0,0.0,1.0,1.0,1.0,1.0,61.19413551386363,75.83771578995429,89.18511785335131,77.728579392596,0.0,0.0,0.0,0.0,,,,,0.0,0.0,0.0,0.0,0.6136001024925132,0.7589170862895672,0.9183861942174241,0.8435016898181997,0.0,0.0,0.0,0.0,,,,,,,,,,,,,,,,
formation_median,byzantine,0.0,10,12.0,12.0,12.0,12.0,80.0,80.0,80.0,80.0,-1.0564045967246931,-0.06007186157961466,-5.611853090682299e-05,-0.6571555967273677,5.611853090682299e-05,0.060071861579614666,1.0564045967246931,0.6571555967273677,0.0,0.0,0.0,0.0,0.0,0.0,0.0,0.0,0.0,0.0,0.0,0.0,0.0,0.0,0.0,0.0,3080.0,3200.0,3560.0,3360.0,3080.0,3200.0,3560.0,3360.0,1.0,1.0,1.0,1.0,0.0,0.0,0.0,0.0,197120.0,204800.0,227840.0,215040.0,64.0,64.0,64.0,64.0,0.0,0.0,0.0,0.0,3080.0,3200.0,3560.0,3360.0,0.0,0.0,0.0,0.0,0.0,0.0,0.0,0.0,0.0,0.0,0.0,0.0,0.0,0.0,0.0,0.0,0.0,0.0,0.0,0.0,0.0,0.0,0.0,0.0,0.8052449905384342,0.8854166542672111,0.9422316958639139,0.8643083142134337,0.5007812319438745,0.8046469562244394,0.9396820697947604,0.7319213693250772,0.615625,1.0,1.0,0.7849999999999999,0.00013076024184772685,0.060286475762287704,1.0564411766564112,0.6572134045109159,-1.1148132716852552,-0.9342646019202463,-0.7558111957447333,-0.963392797448358,8.0,9.0,13.0,10.571428571428571,0.25,1.0,1.0,0.7,0.6136001024925132,0.7589170862895672,0.9183861942174241,0.8435016898181997,0.6136001024925132,0.7589170862895673,0.9183861942174241,0.8435016898181997,,,,,,,,,,,,,,,,
formation_median,byzantine,0.1,10,12.0,12.0,12.0,12.0,80.0,80.0,80.0,80.0,-3.1202128389649606,-1.3599613076618118,-0.20368271150266334,-2.047699410583964,0.20368271150266334,1.3599613076618118,3.1202128389649606,2.047699410583964,0.0,0.0,0.0,0.0,0.0,0.0,0.0,0.0,0.0,0.0,0.0,0.0,0.0,0.0,0.0,0.0,3080.0,3200.0,3560.0,3360.0,3080.0,3200.0,3560.0,3360.0,1.0,1.0,1.0,1.0,0.0,0.0,0.0,0.0,197120.0,204800.0,227840.0,215040.0,64.0,64.0,64.0,64.0,0.0,0.0,0.0,0.0,3080.0,3200.0,3560.0,3360.0,0.0,0.0,0.0,0.0,0.0,0.0,0.0,0.0,0.0,0.0,0.0,0.0,0.0,0.0,0.0,0.0,0.0,0.0,0.0,0.0,0.0,0.0,0.0,0.0,0.883529628636972,0.9376799057188636,0.970029991848154,0.9014033499258162,0.19948214829664687,0.3637658964935374,0.8465143414159593,0.49025496278073943,0.5375,0.5625,0.9,0.6475000000000001,0.6612864800429368,3.0898216409819885,5.239372248420594,3.2527328753579523,-1.0988635843526984,-0.9021731435100512,-0.7541636912071112,-0.9460109997751506,10.0,14.0,25.5,24.285714285714285,0.25,1.0,1.0,0.7,0.6136001024925132,0.7589170862895672,0.9183861942174241,0.8435016898181997,0.6136001024925132,0.7589170862895673,0.9183861942174241,0.8435016898181997,,,,,,,,,,,,,,,,
formation_median,byzantine,0.25,10,12.0,12.0,12.0,12.0,80.0,80.0,80.0,80.0,-16.912086653337905,-6.441960475958903,-4.752567589034223,-12.014045671607585,4.752567589034223,6.441960475958903,16.912086653337905,12.014045671607585,0.0,0.0,0.0,0.0,0.0,0.0,0.0,0.0,0.0,0.0,0.0,0.0,0.0,0.0,0.0,0.0,3080.0,3200.0,3560.0,3360.0,3080.0,3200.0,3560.0,3360.0,1.0,1.0,1.0,1.0,0.0,0.0,0.0,0.0,197120.0,204800.0,227840.0,215040.0,64.0,64.0,64.0,64.0,0.0,0.0,0.0,0.0,3080.0,3200.0,3560.0,3360.0,0.0,0.0,0.0,0.0,0.0,0.0,0.0,0.0,0.0,0.0,0.0,0.0,0.0,0.0,0.0,0.0,0.0,0.0,0.0,0.0,0.0,0.0,0.0,0.0,0.942082157753638,0.9754028250377151,0.9851326620318964,0.9623183589233661,0.12064955794621718,0.2158621096058903,0.514437885029015,0.29042505628747073,0.515625,0.56875,0.63125,0.57875,4.81290163607624,7.288858379469635,11.77626898208992,8.449471920952014,-0.9009751516906582,-0.8203188107731239,-0.5734087932291655,-0.8214316715123552,10.75,15.5,31.0,26.25,0.0,0.0,1.0,0.4,0.6136001024925132,0.7589170862895672,0.9183861942174241,0.8435016898181997,0.6136001024925132,0.7589170862895673,0.9183861942174241,0.8435016898181997,,,,,,,,,,,,,,,,
formation_median,byzantine,0.5,10,12.0,12.0,12.0,12.0,80.0,80.0,80.0,80.0,-22.03957092520136,-19.271347384711667,-13.898883758872739,-18.79160879001792,13.898883758872739,19.271347384711667,22.03957092520136,18.79160879001792,0.0,0.0,0.0,0.0,0.0,0.0,0.0,0.0,0.0,0.0,0.0,0.0,0.0,0.0,0.0,0.0,3080.0,3200.0,3560.0,3360.0,3080.0,3200.0,3560.0,3360.0,1.0,1.0,1.0,1.0,0.0,0.0,0.0,0.0,197120.0,204800.0,227840.0,215040.0,64.0,64.0,64.0,64.0,0.0,0.0,0.0,0.0,3080.0,3200.0,3560.0,3360.0,0.0,0.0,0.0,0.0,0.0,0.0,0.0,0.0,0.0,0.0,0.0,0.0,0.0,0.0,0.0,0.0,0.0,0.0,0.0,0.0,0.0,0.0,0.0,0.0,0.962434470708432,0.9865841358573,0.9899015235248008,0.953608360129168,0.11409459377189995,0.12688407456225131,0.1970345274259968,0.2333791219365479,0.515625,0.53125,0.55625,0.53,17.979985287964148,19.828867127824687,23.57278241503064,20.512197505853916,-0.944233731582615,-0.7459228277182604,-0.5130037062332933,-0.7367121325322259,,,,,0.0,0.0,0.0,0.0,0.6136001024925132,0.7589170862895672,0.9183861942174241,0.8435016898181997,0.6136001024925132,0.7589170862895673,0.9183861942174241,0.8435016898181997,,,,,,,,,,,,,,,,
formation_median,msg_drop,0.0,10,12.0,12.0,12.0,12.0,80.0,80.0,80.0,80.0,-1.0564045967246931,-0.06007186157961466,-5.611853090682299e-05,-0.6571555967273677,5.611853090682299e-05,0.060071861579614666,1.0564045967246931,0.6571555967273677,0.0,0.0,0.0,0.0,0.0,0.0,0.0,0.0,0.0,0.0,0.0,0.0,0.0,0.0,0.0,0.0,3080.0,3200.0,3560.0,3360.0,3080.0,3200.0,3560.0,3360.0,1.0,1.0,1.0,1.0,0.0,0.0,0.0,0.0,197120.0,204800.0,227840.0,215040.0,64.0,64.0,64.0,64.0,0.0,0.0,0.0,0.0,3080.0,3200.0,3560.0,3360.0,0.0,0.0,0.0,0.0,0.0,0.0,0.0,0.0,0.0,0.0,0.0,0.0,0.0,0.0,0.0,0.0,0.0,0.0,0.0,0.0,0.0,0.0,0.0,0.0,0.8052449905384342,0.8854166542672111,0.9422316958639139,0.8643083142134337,0.5007812319438745,0.8046469562244394,0.9396820697947604,0.7319213693250772,0.615625,1.0,1.0,0.7849999999999999,0.00013076024184772685,0.060286475762287704,1.0564411766564112,0.6572134045109159,-1.1148132716852552,-0.9342646019202463,-0.7558111957447333,-0.963392797448358,8.0,9.0,13.0,10.571428571428571,0.25,1.0,1.0,0.7,0.6136001024925132,0.7589170862895672,0.9183861942174241,0.8435016898181997,0.6136001024925132,0.7589170862895673,0.9183861942174241,0.8435016898181997,,,,,,,,,,,,,,,,
formation_median,msg_drop,0.1,10,12.0,12.0,12.0,12.0,80.0,80.0,80.0,80.0,-0.000726021193865383,-2.049512048676333e-05,-6.416331135606781e-07,-0.0056342791602989545,6.416331135606781e-07,2.0495120486763327e-05,0.000726021193865383,0.0056342791602989545,0.0,0.0,0.0,0.0,0.09765625,0.10203124999999999,0.10439510233918128,0.10123758899059243,0.0,0.0,0.0,0.0,0.0,0.0,0.0,0.0,3080.0,3200.0,3560.0,3360.0,2774.5,2873.5,3206.5,3020.1,0.8956048976608187,0.89796875,0.90234375,0.8987624110094075,0.09765625000000003,0.10203125000000002,0.10439510233918128,0.1012375889905924,177568.0,183904.0,205216.0,193286.4,64.0,64.0,64.0,64.0,0.0,0.0,0.0,0.0,2774.5,2873.5,3206.5,3020.1,0.0,0.0,0.0,0.0,0.0,0.0,0.0,0.0,319.5,326.5,346.75,339.9,0.0,0.0,0.0,0.0,0.0,0.0,0.0,0.0,0.0,0.0,0.0,0.0,0.805315618336171,0.8459406734459647,0.896733168870224,0.8340251801176995,0.9526311709648989,0.964507451013694,0.9923050285391702,0.9614747114850182,0.915625,1.0,1.0,0.9199999999999999,5.706974156565442e-06,5.723634021789744e-05,0.0015151142828659348,0.010036990433163041,-1.114813959265308,-0.947757607977376,-0.76486017535217,-0.9715368139179464,8.25,11.0,14.75,12.4,1.0,1.0,1.0,1.0,0.6136001024925132,0.7589170862895672,0.9183861942174241,0.8435016898181997,0.5963437067110923,0.737813014304979,0.8988742604716768,0.8199409618056773,,,,,,,,,,,,,,,,
formation_median,msg_drop,0.3,10,12.0,12.0,12.0,12.0,80.0,80.0,80.0,80.0,-7.92828297057668e-06,-4.641616208719331e-07,-1.274042140434336e-07,-0.0002246925902262999,1.274042140434336e-07,4.641616208719331e-07,7.92828297057668e-06,0.0002246925902262999,0.0,0.0,0.0,0.0,0.2951110197368421,0.29793478260869566,0.30299189814814814,0.29967594976269174,0.0,0.0,0.0,0.0,0.0,0.0,0.0,0.0,3080.0,3200.0,3560.0,3360.0,2166.5,2237.0,2500.75,2353.9,0.6970081018518519,0.7020652173913043,0.7048889802631579,0.7003240502373081,0.29511101973684206,0.29793478260869566,0.3029918981481481,0.29967594976269174,138656.0,143168.0,160048.0,150649.6,64.0,64.0,64.0,64.0,0.0,0.0,0.0,0.0,2166.5,2237.0,2500.75,2353.9,0.0,0.0,0.0,0.0,0.0,0.0,0.0,0.0,945.25,966.5,1043.25,1006.1,0.0,0.0,0.0,0.0,0.0,0.0,0.0,0.0,0.0,0.0,0.0,0.0,0.7924972333267757,0.809878066823545,0.84684210438245,0.8063907182560802,0.9775643639487482,0.984677010237536,0.9959617623909305,0.9850289369032165,0.9281250000000001,0.95625,0.984375,0.9412499999999999,8.22955116420839e-07,4.101501681927624e-06,2.823374786239693e-05,0.0005202550860404266,-1.114813972893942,-0.9479679671101944,-0.7649214357604128,-0.9716044337500721,8.5,10.5,14.25,11.3,1.0,1.0,1.0,1.0,0.6136001024925132,0.7589170862895672,0.9183861942174241,0.8435016898181997,0.45803318796840375,0.5631605088734382,0.7147436810902447,0.6350035504068117,,,,,,,,,,,,,,,,
formation_median,msg_drop,0.5,10,12.0,12.0,12.0,12.0,80.0,80.0,80.0,80.0,-2.483861362317504e-05,-4.63249971705128e-06,-2.0927380102452107e-07,-5.102290775388088e-05,2.0927380102452107e-07,4.63249971705128e-06,2.483861362317504e-05,5.102290775388088e-05,0.0,0.0,0.0,0.0,0.4915045766590389,0.4933845029239766,0.5065523097826087,0.4989924040172896,0.0,0.0,0.0,0.0,0.0,0.0,0.0,0.0,3080.0,3200.0,3560.0,3360.0,1549.0,1604.5,1769.75,1684.2,0.49344769021739127,0.5066154970760234,0.5084954233409611,0.5010075959827104,0.4915045766590389,0.4933845029239766,0.5065523097826088,0.4989924040172896,99136.0,102688.0,113264.0,107788.8,64.0,64.0,64.0,64.0,0.0,0.0,0.0,0.0,1549.0,1604.5,1769.75,1684.2,0.0,0.0,0.0,0.0,0.0,0.0,0.0,0.0,1565.25,1595.5,1765.0,1675.8,0.0,0.0,0.0,0.0,0.0,0.0,0.0,0.0,0.0,0.0,0.0,0.0,0.7952921876949384,0.8315560016398823,0.8530819252240953,0.8140165259246765,0.9794985175942812,0.9855130848583418,0.9931349125315153,0.9849774998448589,0.88125,0.90625,0.9625,0.9099999999999999,1.0897354454239477e-06,1.691261416074011e-05,8.229801254774254e-05,0.00018557266394699092,-1.1148139726149657,-0.9479693037338655,-0.7649263083833737,-0.9716066046211032,9.25,10.5,14.25,11.7,1.0,1.0,1.0,1.0,0.6136001024925132,0.7589170862895672,0.9183861942174241,0.8435016898181997,0.2132982274889812,0.2540856760497412,0.3651875043018168,0.3198536783760718,,,,,,,,,,,,,,,,
formation_median,msg_drop,0.7,10,12.0,12.0,12.0,12.0,80.0,80.0,80.0,80.0,-0.0003596895890119235,-2.3326133481838687e-05,-2.58198263169991e-06,-0.00040055209640505715,2.58198263169991e-06,2.3326133481838687e-05,0.0003596895890119235,0.00040055209640505715,0.0,0.0,0.0,0.0,0.6997532894736842,0.701922554347826,0.7054517663043478,0.7021881065132638,0.0,0.0,0.0,0.0,0.0,0.0,0.0,0.0,3080.0,3200.0,3560.0,3360.0,919.25,952.0,1052.25,1001.5,0.29454823369565214,0.2980774456521739,0.3002467105263158,0.2978118934867361,0.6997532894736842,0.701922554347826,0.7054517663043479,0.7021881065132638,58832.0,60928.0,67344.0,64096.0,64.0,64.0,64.0,64.0,0.0,0.0,0.0,0.0,919.25,952.0,1052.25,1001.5,0.0,0.0,0.0,0.0,0.0,0.0,0.0,0.0,2174.75,2248.0,2508.0,2358.5,0.0,0.0,0.0,0.0,0.0,0.0,0.0,0.0,0.0,0.0,0.0,0.0,0.811867529241716,0.8400663096733322,0.8869328324914263,0.8392969678016081,0.9604048893520957,0.970080507083346,0.9913981703385046,0.9742631225142752,0.815625,0.875,0.896875,0.8612500000000001,1.2126288443256424e-05,5.296561532849196e-05,0.0012957617111665144,0.0010956592903284422,-1.1148139623833377,-0.9479605177626376,-0.7649215113418576,-0.9716022355062449,11.25,14.5,17.75,14.5,1.0,1.0,1.0,1.0,0.6136001024925132,0.7589170862895672,0.9183861942174241,0.8435016898181997,0.02060590984934538,0.02556639641062502,0.03442659536417876,0.042133289721918384,,,,,,,,,,,,,,,,
formation_median,msg_drop,1.0,10,12.0,12.0,12.0,12.0,80.0,80.0,80.0,80.0,-89.18511785335131,-75.83771578995429,-61.19413551386363,-77.728579392596,61.19413551386363,75.83771578995429,89.18511785335131,77.728579392596,0.0,0.0,0.0,0.0,1.0,1.0,1.0,1.0,0.0,0.0,0.0,0.0,0.0,0.0,0.0,0.0,3080.0,3200.0,3560.0,3360.0,0.0,0.0,0.0,0.0,0.0,0.0,0.0,0.0,1.0,1.0,1.0,1.0,0.0,0.0,0.0,0.0,0.0,0.0,0.0,0.0,0.0,0.0,0.0,0.0,0.0,0.0,0.0,0.0,0.0,0.0,0.0,0.0,0.0,0.0,0.0,0.0,3080.0,3200.0,3560.0,3360.0,0.0,0.0,0.0,0.0,0.0,0.0,0.0,0.0,0.0,0.0,0.0,0.0,1.0,1.0,1.0,1.0,0.0,0.0,0.0,0.0,1.0,1.0,1.0,1.0,61.19413551386363,75.83771578995429,89.18511785335131,77.728579392596,0.0,0.0,0.0,0.0,,,,,0.0,0.0,0.0,0.0,0.6136001024925132,0.7589170862895672,0.9183861942174241,0.8435016898181997,0.0,0.0,0.0,0.0,,,,,,,,,,,,,,,,
mpe_simple_reference,bandwidth,0.0,10,2.0,2.0,2.0,2.0,25.0,25.0,25.0,25.0,-32.44813506663921,-26.231065283888093,-17.404476933460415,-25.169113079856295,,,,,0.0,0.0,0.0,0.0,1.0,1.0,1.0,1.0,1.0,1.0,1.0,1.0,,,,,50.0,50.0,50.0,50.0,50.0,50.0,50.0,50.0,1.0,1.0,1.0,1.0,0.0,0.0,0.0,0.0,4800.0,4800.0,4800.0,4800.0,96.0,96.0,96.0,96.0,,,,,,,,,,,,,,,,,,,,,,,,,,,,,,,,,,,,,,,,,,,,,,,,,,,,,,,,,,,,,,,,,,,,,,,,,,,,,,,,,,,,
mpe_simple_reference,bandwidth,1.0,10,2.0,2.0,2.0,2.0,25.0,25.0,25.0,25.0,-23.130033626294946,-18.80679014330147,-14.805206128368422,-20.175242021454935,,,,,9.0,9.0,9.0,9.0,0.038461538461538464,0.038461538461538464,0.038461538461538464,0.03846153846153846,1.0,1.0,1.0,1.0,,,,,50.0,50.0,50.0,50.0,50.0,50.0,50.0,50.0,1.0,1.0,1.0,1.0,0.0,0.0,0.0,0.0,150.0,150.0,150.0,150.0,3.0,3.0,3.0,3.0,,,,,,,,,,,,,,,,,,,,,,,,,,,,,,,,,,,,,,,,,,,,,,,,,,,,,,,,,,,,,,,,,,,,,,,,,,,,,,,,,,,,
mpe_simple_reference,bandwidth,2.0,10,2.0,2.0,2.0,2.0,25.0,25.0,25.0,25.0,-23.130033626294946,-18.80679014330147,-14.805206128368422,-20.175242021454935,,,,,1.0,1.0,1.0,1.0,0.038461538461538464,0.038461538461538464,0.038461538461538464,0.03846153846153846,1.0,1.0,1.0,1.0,,,,,50.0,50.0,50.0,50.0,50.0,50.0,50.0,50.0,1.0,1.0,1.0,1.0,0.0,0.0,0.0,0.0,300.0,300.0,300.0,300.0,6.0,6.0,6.0,6.0,,,,,,,,,,,,,,,,,,,,,,,,,,,,,,,,,,,,,,,,,,,,,,,,,,,,,,,,,,,,,,,,,,,,,,,,,,,,,,,,,,,,
mpe_simple_reference,bandwidth,3.0,10,2.0,2.0,2.0,2.0,25.0,25.0,25.0,25.0,-23.130033626294946,-18.80679014330147,-14.805206128368422,-20.175242021454935,,,,,0.18367346938775495,0.18367346938775495,0.18367346938775495,0.18367346938775492,0.038461538461538464,0.038461538461538464,0.038461538461538464,0.03846153846153846,1.0,1.0,1.0,1.0,,,,,50.0,50.0,50.0,50.0,50.0,50.0,50.0,50.0,1.0,1.0,1.0,1.0,0.0,0.0,0.0,0.0,450.0,450.0,450.0,450.0,9.0,9.0,9.0,9.0,,,,,,,,,,,,,,,,,,,,,,,,,,,,,,,,,,,,,,,,,,,,,,,,,,,,,,,,,,,,,,,,,,,,,,,,,,,,,,,,,,,,
mpe_simple_reference,bandwidth,4.0,10,2.0,2.0,2.0,2.0,25.0,25.0,25.0,25.0,-23.130033626294946,-18.80679014330147,-14.805206128368422,-20.175242021454935,,,,,0.040000000000000056,0.040000000000000056,0.040000000000000056,0.04000000000000005,0.038461538461538464,0.038461538461538464,0.038461538461538464,0.03846153846153846,1.0,1.0,1.0,1.0,,,,,50.0,50.0,50.0,50.0,50.0,50.0,50.0,50.0,1.0,1.0,1.0,1.0,0.0,0.0,0.0,0.0,600.0,600.0,600.0,600.0,12.0,12.0,12.0,12.0,,,,,,,,,,,,,,,,,,,,,,,,,,,,,,,,,,,,,,,,,,,,,,,,,,,,,,,,,,,,,,,,,,,,,,,,,,,,,,,,,,,,
mpe_simple_reference,bandwidth,8.0,10,2.0,2.0,2.0,2.0,25.0,25.0,25.0,25.0,-23.130033626294946,-18.80679014330147,-14.805206128368422,-20.175242021454935,,,,,0.00013840830449826899,0.00013840830449826899,0.00013840830449826899,0.000138408304498269,0.038461538461538464,0.038461538461538464,0.038461538461538464,0.03846153846153846,1.0,1.0,1.0,1.0,,,,,50.0,50.0,50.0,50.0,50.0,50.0,50.0,50.0,1.0,1.0,1.0,1.0,0.0,0.0,0.0,0.0,1200.0,1200.0,1200.0,1200.0,24.0,24.0,24.0,24.0,,,,,,,,,,,,,,,,,,,,,,,,,,,,,,,,,,,,,,,,,,,,,,,,,,,,,,,,,,,,,,,,,,,,,,,,,,,,,,,,,,,,
mpe_simple_reference,crash,0.0,10,2.0,2.0,2.0,2.0,25.0,25.0,25.0,25.0,-32.44813506663921,-26.231065283888093,-17.404476933460415,-25.169113079856295,,,,,0.0,0.0,0.0,0.0,1.0,1.0,1.0,1.0,1.0,1.0,1.0,1.0,,,,,50.0,50.0,50.0,50.0,50.0,50.0,50.0,50.0,1.0,1.0,1.0,1.0,0.0,0.0,0.0,0.0,4800.0,4800.0,4800.0,4800.0,96.0,96.0,96.0,96.0,,,,,,,,,,,,,,,,,,,,,,,,,,,,,,,,,,,,,,,,,,,,,,,,,,,,,,,,,,,,,,,,,,,,,,,,,,,,,,,,,,,,
mpe_simple_reference,crash,0.01,10,2.0,2.0,2.0,2.0,25.0,25.0,25.0,25.0,-32.44813506663921,-26.231065283888093,-17.404476933460415,-25.169113079856295,,,,,0.0,0.0,0.0,0.0,1.0,1.0,1.0,1.0,1.0,1.0,1.0,1.0,,,,,50.0,50.0,50.0,50.0,50.0,50.0,50.0,50.0,1.0,1.0,1.0,1.0,0.0,0.0,0.0,0.0,4800.0,4800.0,4800.0,4800.0,96.0,96.0,96.0,96.0,,,,,,,,,,,,,,,,,,,,,,,,,,,,,,,,,,,,,,,,,,,,,,,,,,,,,,,,,,,,,,,,,,,,,,,,,,,,,,,,,,,,
mpe_simple_reference,crash,0.05,10,2.0,2.0,2.0,2.0,25.0,25.0,25.0,25.0,-32.44813506663921,-26.231065283888093,-17.404476933460415,-25.169113079856295,,,,,0.0,0.0,0.0,0.0,1.0,1.0,1.0,1.0,1.0,1.0,1.0,1.0,,,,,50.0,50.0,50.0,50.0,50.0,50.0,50.0,50.0,1.0,1.0,1.0,1.0,0.0,0.0,0.0,0.0,4800.0,4800.0,4800.0,4800.0,96.0,96.0,96.0,96.0,,,,,,,,,,,,,,,,,,,,,,,,,,,,,,,,,,,,,,,,,,,,,,,,,,,,,,,,,,,,,,,,,,,,,,,,,,,,,,,,,,,,
mpe_simple_reference,crash,0.1,10,2.0,2.0,2.0,2.0,25.0,25.0,25.0,25.0,-32.44813506663921,-25.043746743062652,-17.404476933460415,-25.026527101432194,,,,,0.0,0.0,0.0,0.0,1.0,1.0,1.0,0.998076923076923,1.0,1.0,1.0,1.0,,,,,50.0,50.0,50.0,50.0,50.0,50.0,50.0,50.0,1.0,1.0,1.0,1.0,0.0,0.0,0.0,0.0,4800.0,4800.0,4800.0,4800.0,96.0,96.0,96.0,96.0,,,,,,,,,,,,,,,,,,,,,,,,,,,,,,,,,,,,,,,,,,,,,,,,,,,,,,,,,,,,,,,,,,,,,,,,,,,,,,,,,,,,
mpe_simple_reference,crash,0.2,10,2.0,2.0,2.0,2.0,25.0,25.0,25.0,25.0,-33.05170711301678,-27.010098081873423,-16.448913959611378,-25.710604968666267,,,,,0.0,0.0,0.0,0.0,1.0,1.0,1.0,0.9948717948717949,1.0,1.0,1.0,1.0,,,,,50.0,50.0,50.0,50.0,50.0,50.0,50.0,50.0,1.0,1.0,1.0,1.0,0.0,0.0,0.0,0.0,4800.0,4800.0,4800.0,4800.0,96.0,96.0,96.0,96.0,,,,,,,,,,,,,,,,,,,,,,,,,,,,,,,,,,,,,,,,,,,,,,,,,,,,,,,,,,,,,,,,,,,,,,,,,,,,,,,,,,,,
mpe_simple_reference,latency,0.0,10,2.0,2.0,2.0,2.0,25.0,25.0,25.0,25.0,-32.44813506663921,-26.231065283888093,-17.404476933460415,-25.169113079856295,,,,,0.0,0.0,0.0,0.0,1.0,1.0,1.0,1.0,1.0,1.0,1.0,1.0,,,,,50.0,50.0,50.0,50.0,50.0,50.0,50.0,50.0,1.0,1.0,1.0,1.0,0.0,0.0,0.0,0.0,4800.0,4800.0,4800.0,4800.0,96.0,96.0,96.0,96.0,,,,,,,,,,,,,,,,,,,,,,,,,,,,,,,,,,,,,,,,,,,,,,,,,,,,,,,,,,,,,,,,,,,,,,,,,,,,,,,,,,,,
mpe_simple_reference,latency,1.0,10,2.0,2.0,2.0,2.0,25.0,25.0,25.0,25.0,-32.44813506663921,-26.231065283888093,-17.404476933460415,-25.169113079856295,,,,,0.0,0.0,0.0,0.0,1.0,1.0,1.0,1.0,1.0,1.0,1.0,1.0,,,,,50.0,50.0,50.0,50.0,50.0,50.0,50.0,50.0,1.0,1.0,1.0,1.0,0.0,0.0,0.0,0.0,4800.0,4800.0,4800.0,4800.0,96.0,96.0,96.0,96.0,,,,,,,,,,,,,,,,,,,,,,,,,,,,,,,,,,,,,,,,,,,,,,,,,,,,,,,,,,,,,,,,,,,,,,,,,,,,,,,,,,,,
mpe_simple_reference,latency,2.0,10,2.0,2.0,2.0,2.0,25.0,25.0,25.0,25.0,-32.44813506663921,-26.231065283888093,-17.404476933460415,-25.169113079856295,,,,,0.0,0.0,0.0,0.0,1.0,1.0,1.0,1.0,2.0,2.0,2.0,2.0,,,,,50.0,50.0,50.0,50.0,48.0,48.0,48.0,48.0,0.96,0.96,0.96,0.9600000000000002,0.040000000000000036,0.040000000000000036,0.040000000000000036,0.040000000000000036,4608.0,4608.0,4608.0,4608.0,96.0,96.0,96.0,96.0,,,,,,,,,,,,,,,,,,,,,,,,,,,,,,,,,,,,,,,,,,,,,,,,,,,,,,,,,,,,,,,,,,,,,,,,,,,,,,,,,,,,
mpe_simple_reference,latency,4.0,10,2.0,2.0,2.0,2.0,25.0,25.0,25.0,25.0,-32.44813506663921,-26.231065283888093,-17.404476933460415,-25.169113079856295,,,,,0.0,0.0,0.0,0.0,1.0,1.0,1.0,1.0,4.0,4.0,4.0,4.0,,,,,50.0,50.0,50.0,50.0,44.0,44.0,44.0,44.0,0.88,0.88,0.88,0.8800000000000001,0.12,0.12,0.12,0.12000000000000002,4224.0,4224.0,4224.0,4224.0,96.0,96.0,96.0,96.0,,,,,,,,,,,,,,,,,,,,,,,,,,,,,,,,,,,,,,,,,,,,,,,,,,,,,,,,,,,,,,,,,,,,,,,,,,,,,,,,,,,,
mpe_simple_reference,latency,8.0,10,2.0,2.0,2.0,2.0,25.0,25.0,25.0,25.0,-32.44813506663921,-26.231065283888093,-17.404476933460415,-25.169113079856295,,,,,0.0,0.0,0.0,0.0,1.0,1.0,1.0,1.0,8.0,8.0,8.0,8.0,,,,,50.0,50.0,50.0,50.0,36.0,36.0,36.0,36.0,0.72,0.72,0.72,0.72,0.28,0.28,0.28,0.2800000000000001,3456.0,3456.0,3456.0,3456.0,96.0,96.0,96.0,96.0,,,,,,,,,,,,,,,,,,,,,,,,,,,,,,,,,,,,,,,,,,,,,,,,,,,,,,,,,,,,,,,,,,,,,,,,,,,,,,,,,,,,
mpe_simple_reference,msg_drop,0.0,10,2.0,2.0,2.0,2.0,25.0,25.0,25.0,25.0,-32.44813506663921,-26.231065283888093,-17.404476933460415,-25.169113079856295,,,,,0.0,0.0,0.0,0.0,1.0,1.0,1.0,1.0,1.0,1.0,1.0,1.0,,,,,50.0,50.0,50.0,50.0,50.0,50.0,50.0,50.0,1.0,1.0,1.0,1.0,0.0,0.0,0.0,0.0,4800.0,4800.0,4800.0,4800.0,96.0,96.0,96.0,96.0,,,,,,,,,,,,,,,,,,,,,,,,,,,,,,,,,,,,,,,,,,,,,,,,,,,,,,,,,,,,,,,,,,,,,,,,,,,,,,,,,,,,
mpe_simple_reference,msg_drop,0.1,10,2.0,2.0,2.0,2.0,25.0,25.0,25.0,25.0,-32.44813506663921,-26.231065283888093,-17.404476933460415,-25.169113079856295,,,,,0.0,0.0,0.0,0.0,1.0,1.0,1.0,1.0,1.0,1.0,1.0,1.0,,,,,50.0,50.0,50.0,50.0,44.0,44.0,45.75,44.8,0.88,0.88,0.915,0.8960000000000001,0.08499999999999996,0.12,0.12,0.10400000000000001,4224.0,4224.0,4392.0,4300.8,96.0,96.0,96.0,96.0,,,,,,,,,,,,,,,,,,,,,,,,,,,,,,,,,,,,,,,,,,,,,,,,,,,,,,,,,,,,,,,,,,,,,,,,,,,,,,,,,,,,
mpe_simple_reference,msg_drop,0.3,10,2.0,2.0,2.0,2.0,25.0,25.0,25.0,25.0,-32.44813506663921,-26.231065283888093,-17.404476933460415,-25.169113079856295,,,,,0.0,0.0,0.0,0.0,1.0,1.0,1.0,1.0,1.0,1.0,1.0,1.0,,,,,50.0,50.0,50.0,50.0,33.0,35.0,38.0,35.4,0.66,0.7,0.76,0.708,0.24,0.3,0.33999999999999997,0.292,3168.0,3360.0,3648.0,3398.4,96.0,96.0,96.0,96.0,,,,,,,,,,,,,,,,,,,,,,,,,,,,,,,,,,,,,,,,,,,,,,,,,,,,,,,,,,,,,,,,,,,,,,,,,,,,,,,,,,,,
mpe_simple_reference,msg_drop,0.5,10,2.0,2.0,2.0,2.0,25.0,25.0,25.0,25.0,-32.44813506663921,-26.231065283888093,-17.404476933460415,-25.169113079856295,,,,,0.0,0.0,0.0,0.0,1.0,1.0,1.0,1.0,1.0,1.0,1.0,1.0,,,,,50.0,50.0,50.0,50.0,23.0,24.5,29.5,25.8,0.46,0.49,0.59,0.516,0.41000000000000003,0.51,0.54,0.484,2208.0,2352.0,2832.0,2476.8,96.0,96.0,96.0,96.0,,,,,,,,,,,,,,,,,,,,,,,,,,,,,,,,,,,,,,,,,,,,,,,,,,,,,,,,,,,,,,,,,,,,,,,,,,,,,,,,,,,,
mpe_simple_reference,msg_drop,0.7,10,2.0,2.0,2.0,2.0,25.0,25.0,25.0,25.0,-32.44813506663921,-26.231065283888093,-17.404476933460415,-25.169113079856295,,,,,0.0,0.0,0.0,0.0,1.0,1.0,1.0,1.0,1.0,1.0,1.0,1.0,,,,,50.0,50.0,50.0,50.0,13.25,14.5,17.5,15.7,0.265,0.29000000000000004,0.35,0.31400000000000006,0.65,0.71,0.735,0.6859999999999999,1272.0,1392.0,1680.0,1507.2,96.0,96.0,96.0,96.0,,,,,,,,,,,,,,,,,,,,,,,,,,,,,,,,,,,,,,,,,,,,,,,,,,,,,,,,,,,,,,,,,,,,,,,,,,,,,,,,,,,,
mpe_simple_reference,msg_drop,1.0,10,2.0,2.0,2.0,2.0,25.0,25.0,25.0,25.0,-32.44813506663921,-26.231065283888093,-17.404476933460415,-25.169113079856295,,,,,0.0,0.0,0.0,0.0,1.0,1.0,1.0,1.0,0.0,0.0,0.0,0.0,,,,,50.0,50.0,50.0,50.0,0.0,0.0,0.0,0.0,0.0,0.0,0.0,0.0,1.0,1.0,1.0,1.0,0.0,0.0,0.0,0.0,0.0,0.0,0.0,0.0,,,,,,,,,,,,,,,,,,,,,,,,,,,,,,,,,,,,,,,,,,,,,,,,,,,,,,,,,,,,,,,,,,,,,,,,,,,,,,,,,,,,
mpe_simple_reference,spoof,0.0,10,2.0,2.0,2.0,2.0,25.0,25.0,25.0,25.0,-32.44813506663921,-26.231065283888093,-17.404476933460415,-25.169113079856295,,,,,0.0,0.0,0.0,0.0,1.0,1.0,1.0,1.0,1.0,1.0,1.0,1.0,,,,,50.0,50.0,50.0,50.0,50.0,50.0,50.0,50.0,1.0,1.0,1.0,1.0,0.0,0.0,0.0,0.0,4800.0,4800.0,4800.0,4800.0,96.0,96.0,96.0,96.0,,,,,,,,,,,,,,,,,,,,,,,,,,,,,,,,,,,,,,,,,,,,,,,,,,,,,,,,,,,,,,,,,,,,,,,,,,,,,,,,,,,,
mpe_simple_reference,spoof,0.1,10,2.0,2.0,2.0,2.0,25.0,25.0,25.0,25.0,-28.20151709489749,-24.78491728961302,-16.078431441130913,-22.26387810264617,,,,,0.09746721240624048,0.10738856804250096,0.13230705896140543,0.10987422613000404,0.8701923076923077,0.8846153846153846,0.8990384615384616,0.8865384615384615,1.0,1.0,1.0,1.0,,,,,50.0,50.0,50.0,50.0,50.0,50.0,50.0,50.0,1.0,1.0,1.0,1.0,0.0,0.0,0.0,0.0,4800.0,4800.0,4800.0,4800.0,96.0,96.0,96.0,96.0,,,,,,,,,,,,,,,,,,,,,,,,,,,,,,,,,,,,,,,,,,,,,,,,,,,,,,,,,,,,,,,,,,,,,,,,,,,,,,,,,,,,
mpe_simple_reference,spoof,0.3,10,2.0,2.0,2.0,2.0,25.0,25.0,25.0,25.0,-25.365897875967967,-21.276496977847284,-14.165100482316708,-19.953819377868143,,,,,0.22410402470431198,0.24614660623798196,0.2602786185596735,0.2574695327074158,0.7115384615384616,0.7211538461538461,0.7451923076923077,0.7230769230769231,1.0,1.0,1.0,1.0,,,,,50.0,50.0,50.0,50.0,50.0,50.0,50.0,50.0,1.0,1.0,1.0,1.0,0.0,0.0,0.0,0.0,4800.0,4800.0,4800.0,4800.0,96.0,96.0,96.0,96.0,,,,,,,,,,,,,,,,,,,,,,,,,,,,,,,,,,,,,,,,,,,,,,,,,,,,,,,,,,,,,,,,,,,,,,,,,,,,,,,,,,,,
mpe_simple_reference,spoof,0.5,10,2.0,2.0,2.0,2.0,25.0,25.0,25.0,25.0,-21.655180937919962,-18.720172119687746,-12.618745209027884,-18.57696217352782,,,,,0.42067046978562284,0.4499983511568617,0.526793365751123,0.45932458574258545,0.5048076923076923,0.5673076923076923,0.5913461538461539,0.5423076923076924,1.0,1.0,1.0,1.0,,,,,50.0,50.0,50.0,50.0,50.0,50.0,50.0,50.0,1.0,1.0,1.0,1.0,0.0,0.0,0.0,0.0,4800.0,4800.0,4800.0,4800.0,96.0,96.0,96.0,96.0,,,,,,,,,,,,,,,,,,,,,,,,,,,,,,,,,,,,,,,,,,,,,,,,,,,,,,,,,,,,,,,,,,,,,,,,,,,,,,,,,,,,
mpe_simple_reference,spoof,1.0,10,2.0,2.0,2.0,2.0,25.0,25.0,25.0,25.0,-18.597316778138364,-17.222133591964344,-12.567109753537922,-17.002834288399256,,,,,0.91467108953221,0.9212383490866245,0.9541523465077391,0.9297970543807542,0.038461538461538464,0.038461538461538464,0.038461538461538464,0.03846153846153846,1.0,1.0,1.0,1.0,,,,,50.0,50.0,50.0,50.0,50.0,50.0,50.0,50.0,1.0,1.0,1.0,1.0,0.0,0.0,0.0,0.0,4800.0,4800.0,4800.0,4800.0,96.0,96.0,96.0,96.0,,,,,,,,,,,,,,,,,,,,,,,,,,,,,,,,,,,,,,,,,,,,,,,,,,,,,,,,,,,,,,,,,,,,,,,,,,,,,,,,,,,,
mpe_simple_spread,bandwidth,0.0,10,3.0,3.0,3.0,3.0,25.0,25.0,25.0,25.0,-23.574121882854193,-17.625724556902835,-14.046524808284696,-18.575154189783515,,,,,0.0,0.0,0.0,0.0,1.0,1.0,1.0,1.0,7.24,7.24,7.24,7.239999999999999,,,,,150.0,150.0,150.0,150.0,75.0,75.0,75.0,75.0,0.5,0.5,0.5,0.5,0.5,0.5,0.5,0.5,7200.0,7200.0,7200.0,7200.0,96.0,96.0,96.0,96.0,,,,,,,,,,,,,,,,,,,,,,,,,,,,,,,,,,,,,,,,,,,,,,,,,,,,,,,,,,,,,,,,,,,,,,,,,,,,,,,,,,,,
mpe_simple_spread,bandwidth,1.0,10,3.0,3.0,3.0,3.0,25.0,25.0,25.0,25.0,-23.574121882854193,-17.625724556902835,-14.046524808284696,-18.575154189783515,,,,,9.0,9.0,9.0,9.0,0.038461538461538464,0.038461538461538464,0.038461538461538464,0.03846153846153846,7.24,7.24,7.24,7.239999999999999,,,,,150.0,150.0,150.0,150.0,75.0,75.0,75.0,75.0,0.5,0.5,0.5,0.5,0.5,0.5,0.5,0.5,225.0,225.0,225.0,225.0,3.0,3.0,3.0,3.0,,,,,,,,,,,,,,,,,,,,,,,,,,,,,,,,,,,,,,,,,,,,,,,,,,,,,,,,,,,,,,,,,,,,,,,,,,,,,,,,,,,,
mpe_simple_spread,bandwidth,2.0,10,3.0,3.0,3.0,3.0,25.0,25.0,25.0,25.0,-23.574121882854193,-17.625724556902835,-14.046524808284696,-18.575154189783515,,,,,1.0,1.0,1.0,1.0,0.038461538461538464,0.038461538461538464,0.038461538461538464,0.03846153846153846,7.24,7.24,7.24,7.239999999999999,,,,,150.0,150.0,150.0,150.0,75.0,75.0,75.0,75.0,0.5,0.5,0.5,0.5,0.5,0.5,0.5,0.5,450.0,450.0,450.0,450.0,6.0,6.0,6.0,6.0,,,,,,,,,,,,,,,,,,,,,,,,,,,,,,,,,,,,,,,,,,,,,,,,,,,,,,,,,,,,,,,,,,,,,,,,,,,,,,,,,,,,
mpe_simple_spread,bandwidth,3.0,10,3.0,3.0,3.0,3.0,25.0,25.0,25.0,25.0,-23.574121882854193,-17.625724556902835,-14.046524808284696,-18.575154189783515,,,,,0.1836734693877547,0.1836734693877547,0.1836734693877547,0.1836734693877547,0.038461538461538464,0.038461538461538464,0.038461538461538464,0.03846153846153846,7.24,7.24,7.24,7.239999999999999,,,,,150.0,150.0,150.0,150.0,75.0,75.0,75.0,75.0,0.5,0.5,0.5,0.5,0.5,0.5,0.5,0.5,675.0,675.0,675.0,675.0,9.0,9.0,9.0,9.0,,,,,,,,,,,,,,,,,,,,,,,,,,,,,,,,,,,,,,,,,,,,,,,,,,,,,,,,,,,,,,,,,,,,,,,,,,,,,,,,,,,,
mpe_simple_spread,bandwidth,4.0,10,3.0,3.0,3.0,3.0,25.0,25.0,25.0,25.0,-23.574121882854193,-17.625724556902835,-14.046524808284696,-18.575154189783515,,,,,0.04000000000000005,0.04000000000000005,0.04000000000000005,0.04000000000000005,0.038461538461538464,0.038461538461538464,0.038461538461538464,0.03846153846153846,7.24,7.24,7.24,7.239999999999999,,,,,150.0,150.0,150.0,150.0,75.0,75.0,75.0,75.0,0.5,0.5,0.5,0.5,0.5,0.5,0.5,0.5,900.0,900.0,900.0,900.0,12.0,12.0,12.0,12.0,,,,,,,,,,,,,,,,,,,,,,,,,,,,,,,,,,,,,,,,,,,,,,,,,,,,,,,,,,,,,,,,,,,,,,,,,,,,,,,,,,,,
mpe_simple_spread,bandwidth,8.0,10,3.0,3.0,3.0,3.0,25.0,25.0,25.0,25.0,-23.574121882854193,-17.625724556902835,-14.046524808284696,-18.575154189783515,,,,,0.0001384083044982688,0.0001384083044982688,0.0001384083044982688,0.0001384083044982688,0.038461538461538464,0.038461538461538464,0.038461538461538464,0.03846153846153846,7.24,7.24,7.24,7.239999999999999,,,,,150.0,150.0,150.0,150.0,75.0,75.0,75.0,75.0,0.5,0.5,0.5,0.5,0.5,0.5,0.5,0.5,1800.0,1800.0,1800.0,1800.0,24.0,24.0,24.0,24.0,,,,,,,,,,,,,,,,,,,,,,,,,,,,,,,,,,,,,,,,,,,,,,,,,,,,,,,,,,,,,,,,,,,,,,,,,,,,,,,,,,,,
mpe_simple_spread,crash,0.0,10,3.0,3.0,3.0,3.0,25.0,25.0,25.0,25.0,-23.574121882854193,-17.625724556902835,-14.046524808284696,-18.575154189783515,,,,,0.0,0.0,0.0,0.0,1.0,1.0,1.0,1.0,7.24,7.24,7.24,7.239999999999999,,,,,150.0,150.0,150.0,150.0,75.0,75.0,75.0,75.0,0.5,0.5,0.5,0.5,0.5,0.5,0.5,0.5,7200.0,7200.0,7200.0,7200.0,96.0,96.0,96.0,96.0,,,,,,,,,,,,,,,,,,,,,,,,,,,,,,,,,,,,,,,,,,,,,,,,,,,,,,,,,,,,,,,,,,,,,,,,,,,,,,,,,,,,
mpe_simple_spread,crash,0.01,10,3.0,3.0,3.0,3.0,25.0,25.0,25.0,25.0,-22.482102224948434,-17.625724556902835,-14.046524808284696,-18.429551568729416,,,,,0.0,0.0,0.0,0.0,1.0,1.0,1.0,1.0,7.24,7.24,7.24,7.239999999999999,,,,,150.0,150.0,150.0,150.0,75.0,75.0,75.0,75.0,0.5,0.5,0.5,0.5,0.5,0.5,0.5,0.5,7200.0,7200.0,7200.0,7200.0,96.0,96.0,96.0,96.0,,,,,,,,,,,,,,,,,,,,,,,,,,,,,,,,,,,,,,,,,,,,,,,,,,,,,,,,,,,,,,,,,,,,,,,,,,,,,,,,,,,,
mpe_simple_spread,crash,0.05,10,3.0,3.0,3.0,3.0,25.0,25.0,25.0,25.0,-24.46728977512091,-18.691797645297505,-15.571403670384154,-20.188746627764143,,,,,0.0,0.0,0.0,0.0,1.0,1.0,1.0,1.0,7.24,7.24,7.24,7.239999999999999,,,,,150.0,150.0,150.0,150.0,75.0,75.0,75.0,75.0,0.5,0.5,0.5,0.5,0.5,0.5,0.5,0.5,7200.0,7200.0,7200.0,7200.0,96.0,96.0,96.0,96.0,,,,,,,,,,,,,,,,,,,,,,,,,,,,,,,,,,,,,,,,,,,,,,,,,,,,,,,,,,,,,,,,,,,,,,,,,,,,,,,,,,,,
mpe_simple_spread,crash,0.1,10,3.0,3.0,3.0,3.0,25.0,25.0,25.0,25.0,-24.197576790676845,-19.862567601039217,-17.557436720054266,-21.018773218747842,,,,,0.0,0.0,0.0,0.0,1.0,1.0,1.0,1.0,7.24,7.24,7.24,7.239999999999999,,,,,150.0,150.0,150.0,150.0,75.0,75.0,75.0,75.0,0.5,0.5,0.5,0.5,0.5,0.5,0.5,0.5,7200.0,7200.0,7200.0,7200.0,96.0,96.0,96.0,96.0,,,,,,,,,,,,,,,,,,,,,,,,,,,,,,,,,,,,,,,,,,,,,,,,,,,,,,,,,,,,,,,,,,,,,,,,,,,,,,,,,,,,
mpe_simple_spread,crash,0.2,10,3.0,3.0,3.0,3.0,25.0,25.0,25.0,25.0,-25.206914193771354,-23.226693563585215,-19.87989958849671,-22.157587306311218,,,,,0.0,0.0,0.0,0.0,1.0,1.0,1.0,1.0,7.24,7.24,7.24,7.239999999999999,,,,,150.0,150.0,150.0,150.0,75.0,75.0,75.0,75.0,0.5,0.5,0.5,0.5,0.5,0.5,0.5,0.5,7200.0,7200.0,7200.0,7200.0,96.0,96.0,96.0,96.0,,,,,,,,,,,,,,,,,,,,,,,,,,,,,,,,,,,,,,,,,,,,,,,,,,,,,,,,,,,,,,,,,,,,,,,,,,,,,,,,,,,,
mpe_simple_spread,latency,0.0,10,3.0,3.0,3.0,3.0,25.0,25.0,25.0,25.0,-23.574121882854193,-17.625724556902835,-14.046524808284696,-18.575154189783515,,,,,0.0,0.0,0.0,0.0,1.0,1.0,1.0,1.0,7.24,7.24,7.24,7.239999999999999,,,,,150.0,150.0,150.0,150.0,75.0,75.0,75.0,75.0,0.5,0.5,0.5,0.5,0.5,0.5,0.5,0.5,7200.0,7200.0,7200.0,7200.0,96.0,96.0,96.0,96.0,,,,,,,,,,,,,,,,,,,,,,,,,,,,,,,,,,,,,,,,,,,,,,,,,,,,,,,,,,,,,,,,,,,,,,,,,,,,,,,,,,,,
mpe_simple_spread,latency,1.0,10,3.0,3.0,3.0,3.0,25.0,25.0,25.0,25.0,-23.574121882854193,-17.625724556902835,-14.046524808284696,-18.575154189783515,,,,,0.0,0.0,0.0,0.0,1.0,1.0,1.0,1.0,7.24,7.24,7.24,7.239999999999999,,,,,150.0,150.0,150.0,150.0,75.0,75.0,75.0,75.0,0.5,0.5,0.5,0.5,0.5,0.5,0.5,0.5,7200.0,7200.0,7200.0,7200.0,96.0,96.0,96.0,96.0,,,,,,,,,,,,,,,,,,,,,,,,,,,,,,,,,,,,,,,,,,,,,,,,,,,,,,,,,,,,,,,,,,,,,,,,,,,,,,,,,,,,
mpe_simple_spread,latency,2.0,10,3.0,3.0,3.0,3.0,25.0,25.0,25.0,25.0,-23.574121882854193,-17.625724556902835,-14.046524808284696,-18.575154189783515,,,,,0.0,0.0,0.0,0.0,1.0,1.0,1.0,1.0,8.0,8.0,8.0,8.0,,,,,150.0,150.0,150.0,150.0,72.0,72.0,72.0,72.0,0.48,0.48,0.48,0.4800000000000001,0.52,0.52,0.52,0.5199999999999999,6912.0,6912.0,6912.0,6912.0,96.0,96.0,96.0,96.0,,,,,,,,,,,,,,,,,,,,,,,,,,,,,,,,,,,,,,,,,,,,,,,,,,,,,,,,,,,,,,,,,,,,,,,,,,,,,,,,,,,,
mpe_simple_spread,latency,4.0,10,3.0,3.0,3.0,3.0,25.0,25.0,25.0,25.0,-23.574121882854193,-17.625724556902835,-14.046524808284696,-18.575154189783515,,,,,0.0,0.0,0.0,0.0,1.0,1.0,1.0,1.0,9.5,9.5,9.5,9.5,,,,,150.0,150.0,150.0,150.0,66.0,66.0,66.0,66.0,0.44,0.44,0.44,0.44000000000000006,0.56,0.56,0.56,0.5600000000000002,6336.0,6336.0,6336.0,6336.0,96.0,96.0,96.0,96.0,,,,,,,,,,,,,,,,,,,,,,,,,,,,,,,,,,,,,,,,,,,,,,,,,,,,,,,,,,,,,,,,,,,,,,,,,,,,,,,,,,,,
mpe_simple_spread,latency,8.0,10,3.0,3.0,3.0,3.0,25.0,25.0,25.0,25.0,-23.574121882854193,-17.625724556902835,-14.046524808284696,-18.575154189783515,,,,,0.0,0.0,0.0,0.0,1.0,1.0,1.0,1.0,12.5,12.5,12.5,12.5,,,,,150.0,150.0,150.0,150.0,54.0,54.0,54.0,54.0,0.36,0.36,0.36,0.36,0.64,0.64,0.64,0.6399999999999999,5184.0,5184.0,5184.0,5184.0,96.0,96.0,96.0,96.0,,,,,,,,,,,,,,,,,,,,,,,,,,,,,,,,,,,,,,,,,,,,,,,,,,,,,,,,,,,,,,,,,,,,,,,,,,,,,,,,,,,,
mpe_simple_spread,msg_drop,0.0,10,3.0,3.0,3.0,3.0,25.0,25.0,25.0,25.0,-23.574121882854193,-17.625724556902835,-14.046524808284696,-18.575154189783515,,,,,0.0,0.0,0.0,0.0,1.0,1.0,1.0,1.0,7.24,7.24,7.24,7.239999999999999,,,,,150.0,150.0,150.0,150.0,75.0,75.0,75.0,75.0,0.5,0.5,0.5,0.5,0.5,0.5,0.5,0.5,7200.0,7200.0,7200.0,7200.0,96.0,96.0,96.0,96.0,,,,,,,,,,,,,,,,,,,,,,,,,,,,,,,,,,,,,,,,,,,,,,,,,,,,,,,,,,,,,,,,,,,,,,,,,,,,,,,,,,,,
mpe_simple_spread,msg_drop,0.1,10,3.0,3.0,3.0,3.0,25.0,25.0,25.0,25.0,-23.574121882854193,-17.625724556902835,-14.046524808284696,-18.575154189783515,,,,,0.0,0.0,0.0,0.0,1.0,1.0,1.0,1.0,7.176884920634921,7.25565355042967,7.32251705029838,7.2351576084341405,,,,,150.0,150.0,150.0,150.0,66.0,66.5,68.75,67.0,0.44,0.44333333333333336,0.45833333333333337,0.44666666666666666,0.5416666666666667,0.5566666666666666,0.56,0.5533333333333333,6336.0,6384.0,6600.0,6432.0,96.0,96.0,96.0,96.0,,,,,,,,,,,,,,,,,,,,,,,,,,,,,,,,,,,,,,,,,,,,,,,,,,,,,,,,,,,,,,,,,,,,,,,,,,,,,,,,,,,,
mpe_simple_spread,msg_drop,0.3,10,3.0,3.0,3.0,3.0,25.0,25.0,25.0,25.0,-23.574121882854193,-17.625724556902835,-14.046524808284696,-18.575154189783515,,,,,0.0,0.0,0.0,0.0,1.0,1.0,1.0,1.0,7.068868980963046,7.383326915671929,7.4334482758620695,7.269749530119749,,,,,150.0,150.0,150.0,150.0,50.25,53.0,57.0,53.4,0.33499999999999996,0.35333333333333333,0.38,0.356,0.62,0.6466666666666667,0.665,0.644,4824.0,5088.0,5472.0,5126.4,96.0,96.0,96.0,96.0,,,,,,,,,,,,,,,,,,,,,,,,,,,,,,,,,,,,,,,,,,,,,,,,,,,,,,,,,,,,,,,,,,,,,,,,,,,,,,,,,,,,
mpe_simple_spread,msg_drop,0.5,10,3.0,3.0,3.0,3.0,25.0,25.0,25.0,25.0,-23.574121882854193,-17.625724556902835,-14.046524808284696,-18.575154189783515,,,,,0.0,0.0,0.0,0.0,1.0,1.0,1.0,1.0,7.051597051597051,7.365800865800866,7.488095238095238,7.301770732205514,,,,,150.0,150.0,150.0,150.0,33.5,38.0,42.0,38.5,0.22333333333333333,0.25333333333333335,0.28,0.2566666666666667,0.72,0.7466666666666666,0.7766666666666666,0.7433333333333334,3216.0,3648.0,4032.0,3696.0,96.0,96.0,96.0,96.0,,,,,,,,,,,,,,,,,,,,,,,,,,,,,,,,,,,,,,,,,,,,,,,,,,,,,,,,,,,,,,,,,,,,,,,,,,,,,,,,,,,,
mpe_simple_spread,msg_drop,0.7,10,3.0,3.0,3.0,3.0,25.0,25.0,25.0,25.0,-23.574121882854193,-17.625724556902835,-14.046524808284696,-18.575154189783515,,,,,0.0,0.0,0.0,0.0,1.0,1.0,1.0,1.0,7.2727272727272725,7.330043859649123,7.573099415204678,7.351980709349131,,,,,150.0,150.0,150.0,150.0,20.5,23.0,26.25,23.3,0.13666666666666666,0.15333333333333332,0.175,0.15533333333333335,0.8250000000000001,0.8466666666666667,0.8633333333333333,0.8446666666666667,1968.0,2208.0,2520.0,2236.8,96.0,96.0,96.0,96.0,,,,,,,,,,,,,,,,,,,,,,,,,,,,,,,,,,,,,,,,,,,,,,,,,,,,,,,,,,,,,,,,,,,,,,,,,,,,,,,,,,,,
mpe_simple_spread,msg_drop,1.0,10,3.0,3.0,3.0,3.0,25.0,25.0,25.0,25.0,-23.574121882854193,-17.625724556902835,-14.046524808284696,-18.575154189783515,,,,,0.0,0.0,0.0,0.0,1.0,1.0,1.0,1.0,0.0,0.0,0.0,0.0,,,,,150.0,150.0,150.0,150.0,0.0,0.0,0.0,0.0,0.0,0.0,0.0,0.0,1.0,1.0,1.0,1.0,0.0,0.0,0.0,0.0,0.0,0.0,0.0,0.0,,,,,,,,,,,,,,,,,,,,,,,,,,,,,,,,,,,,,,,,,,,,,,,,,,,,,,,,,,,,,,,,,,,,,,,,,,,,,,,,,,,,
mpe_speaker_listener,actuator,0.0,10,2.0,2.0,2.0,2.0,25.0,25.0,25.0,25.0,-13.38392719781781,-8.61610792755519,-7.5119960098489065,-11.608591793493323,,,,,0.0,0.0,0.0,0.0,0.36538461538461536,0.36538461538461536,0.36538461538461536,0.36538461538461536,1.0,1.0,1.0,1.0,,,,,50.0,50.0,50.0,50.0,50.0,50.0,50.0,50.0,1.0,1.0,1.0,1.0,0.0,0.0,0.0,0.0,4800.0,4800.0,4800.0,4800.0,96.0,96.0,96.0,96.0,,,,,,,,,,,,,,,,,,,,,,,,,,,,,,,,,,,,,,,,,,,,,,,,,,,,,,,,,,,,,,,,,,,,,,,,,,,,,,,,,,,,
mpe_speaker_listener,actuator,0.1,10,2.0,2.0,2.0,2.0,25.0,25.0,25.0,25.0,-14.378710651859262,-8.94728529997409,-7.573613324732956,-12.381822873947778,,,,,0.0,0.0,0.0,0.0,0.36538461538461536,0.36538461538461536,0.36538461538461536,0.36538461538461536,1.0,1.0,1.0,1.0,,,,,50.0,50.0,50.0,50.0,50.0,50.0,50.0,50.0,1.0,1.0,1.0,1.0,0.0,0.0,0.0,0.0,4800.0,4800.0,4800.0,4800.0,96.0,96.0,96.0,96.0,,,,,,,,,,,,,,,,,,,,,,,,,,,,,,,,,,,,,,,,,,,,,,,,,,,,,,,,,,,,,,,,,,,,,,,,,,,,,,,,,,,,
mpe_speaker_listener,actuator,0.3,10,2.0,2.0,2.0,2.0,25.0,25.0,25.0,25.0,-16.259132192807566,-12.527364611818443,-9.130319006884617,-13.67566536617878,,,,,0.0,0.0,0.0,0.0,0.36538461538461536,0.36538461538461536,0.36538461538461536,0.36538461538461536,1.0,1.0,1.0,1.0,,,,,50.0,50.0,50.0,50.0,50.0,50.0,50.0,50.0,1.0,1.0,1.0,1.0,0.0,0.0,0.0,0.0,4800.0,4800.0,4800.0,4800.0,96.0,96.0,96.0,96.0,,,,,,,,,,,,,,,,,,,,,,,,,,,,,,,,,,,,,,,,,,,,,,,,,,,,,,,,,,,,,,,,,,,,,,,,,,,,,,,,,,,,
mpe_speaker_listener,actuator,0.5,10,2.0,2.0,2.0,2.0,25.0,25.0,25.0,25.0,-19.123170487481453,-14.73322070862146,-8.474097746807146,-18.26441844995926,,,,,0.0,0.0,0.0,0.0,0.36538461538461536,0.36538461538461536,0.36538461538461536,0.36538461538461536,1.0,1.0,1.0,1.0,,,,,50.0,50.0,50.0,50.0,50.0,50.0,50.0,50.0,1.0,1.0,1.0,1.0,0.0,0.0,0.0,0.0,4800.0,4800.0,4800.0,4800.0,96.0,96.0,96.0,96.0,,,,,,,,,,,,,,,,,,,,,,,,,,,,,,,,,,,,,,,,,,,,,,,,,,,,,,,,,,,,,,,,,,,,,,,,,,,,,,,,,,,,
mpe_speaker_listener,bandwidth,0.0,10,2.0,2.0,2.0,2.0,25.0,25.0,25.0,25.0,-13.38392719781781,-8.61610792755519,-7.5119960098489065,-11.608591793493323,,,,,0.0,0.0,0.0,0.0,0.36538461538461536,0.36538461538461536,0.36538461538461536,0.36538461538461536,1.0,1.0,1.0,1.0,,,,,50.0,50.0,50.0,50.0,50.0,50.0,50.0,50.0,1.0,1.0,1.0,1.0,0.0,0.0,0.0,0.0,4800.0,4800.0,4800.0,4800.0,96.0,96.0,96.0,96.0,,,,,,,,,,,,,,,,,,,,,,,,,,,,,,,,,,,,,,,,,,,,,,,,,,,,,,,,,,,,,,,,,,,,,,,,,,,,,,,,,,,,
mpe_speaker_listener,bandwidth,1.0,10,2.0,2.0,2.0,2.0,25.0,25.0,25.0,25.0,-23.984902675472306,-16.899711006769117,-15.869271029377586,-24.9481806861529,,,,,7.327916674017907,7.327916674017907,7.327916674017907,7.327916674017908,0.038461538461538464,0.038461538461538464,0.038461538461538464,0.03846153846153846,1.0,1.0,1.0,1.0,,,,,50.0,50.0,50.0,50.0,50.0,50.0,50.0,50.0,1.0,1.0,1.0,1.0,0.0,0.0,0.0,0.0,150.0,150.0,150.0,150.0,3.0,3.0,3.0,3.0,,,,,,,,,,,,,,,,,,,,,,,,,,,,,,,,,,,,,,,,,,,,,,,,,,,,,,,,,,,,,,,,,,,,,,,,,,,,,,,,,,,,
mpe_speaker_listener,bandwidth,2.0,10,2.0,2.0,2.0,2.0,25.0,25.0,25.0,25.0,-23.984902675472306,-16.899711006769117,-15.869271029377586,-24.9481806861529,,,,,0.6012499994039534,0.6012499994039534,0.6012499994039534,0.6012499994039534,0.038461538461538464,0.038461538461538464,0.038461538461538464,0.03846153846153846,1.0,1.0,1.0,1.0,,,,,50.0,50.0,50.0,50.0,50.0,50.0,50.0,50.0,1.0,1.0,1.0,1.0,0.0,0.0,0.0,0.0,300.0,300.0,300.0,300.0,6.0,6.0,6.0,6.0,,,,,,,,,,,,,,,,,,,,,,,,,,,,,,,,,,,,,,,,,,,,,,,,,,,,,,,,,,,,,,,,,,,,,,,,,,,,,,,,,,,,
mpe_speaker_listener,bandwidth,3.0,10,2.0,2.0,2.0,2.0,25.0,25.0,25.0,25.0,-23.984902675472306,-16.899711006769117,-15.869271029377586,-24.9481806861529,,,,,0.10954931686119151,0.10954931686119151,0.10954931686119153,0.10954931686119151,0.038461538461538464,0.038461538461538464,0.038461538461538464,0.03846153846153846,1.0,1.0,1.0,1.0,,,,,50.0,50.0,50.0,50.0,50.0,50.0,50.0,50.0,1.0,1.0,1.0,1.0,0.0,0.0,0.0,0.0,450.0,450.0,450.0,450.0,9.0,9.0,9.0,9.0,,,,,,,,,,,,,,,,,,,,,,,,,,,,,,,,,,,,,,,,,,,,,,,,,,,,,,,,,,,,,,,,,,,,,,,,,,,,,,,,,,,,
mpe_speaker_listener,bandwidth,4.0,10,2.0,2.0,2.0,2.0,25.0,25.0,25.0,25.0,-13.38392719781781,-8.61610792755519,-7.5119960098489065,-11.608591793493323,,,,,0.014849999403953682,0.014849999403953682,0.014849999403953682,0.014849999403953682,0.038461538461538464,0.038461538461538464,0.038461538461538464,0.03846153846153846,1.0,1.0,1.0,1.0,,,,,50.0,50.0,50.0,50.0,50.0,50.0,50.0,50.0,1.0,1.0,1.0,1.0,0.0,0.0,0.0,0.0,600.0,600.0,600.0,600.0,12.0,12.0,12.0,12.0,,,,,,,,,,,,,,,,,,,,,,,,,,,,,,,,,,,,,,,,,,,,,,,,,,,,,,,,,,,,,,,,,,,,,,,,,,,,,,,,,,,,
mpe_speaker_listener,bandwidth,8.0,10,2.0,2.0,2.0,2.0,25.0,25.0,25.0,25.0,-13.38392719781781,-8.61610792755519,-7.5119960098489065,-11.608591793493323,,,,,5.1384047983533096e-05,5.1384047983533096e-05,5.1384047983533096e-05,5.1384047983533096e-05,0.038461538461538464,0.038461538461538464,0.038461538461538464,0.03846153846153846,1.0,1.0,1.0,1.0,,,,,50.0,50.0,50.0,50.0,50.0,50.0,50.0,50.0,1.0,1.0,1.0,1.0,0.0,0.0,0.0,0.0,1200.0,1200.0,1200.0,1200.0,24.0,24.0,24.0,24.0,,,,,,,,,,,,,,,,,,,,,,,,,,,,,,,,,,,,,,,,,,,,,,,,,,,,,,,,,,,,,,,,,,,,,,,,,,,,,,,,,,,,
mpe_speaker_listener,crash,0.0,10,2.0,2.0,2.0,2.0,25.0,25.0,25.0,25.0,-13.38392719781781,-8.61610792755519,-7.5119960098489065,-11.608591793493323,,,,,0.0,0.0,0.0,0.0,0.36538461538461536,0.36538461538461536,0.36538461538461536,0.36538461538461536,1.0,1.0,1.0,1.0,,,,,50.0,50.0,50.0,50.0,50.0,50.0,50.0,50.0,1.0,1.0,1.0,1.0,0.0,0.0,0.0,0.0,4800.0,4800.0,4800.0,4800.0,96.0,96.0,96.0,96.0,,,,,,,,,,,,,,,,,,,,,,,,,,,,,,,,,,,,,,,,,,,,,,,,,,,,,,,,,,,,,,,,,,,,,,,,,,,,,,,,,,,,
mpe_speaker_listener,crash,0.01,10,2.0,2.0,2.0,2.0,25.0,25.0,25.0,25.0,-13.38392719781781,-8.61610792755519,-7.5119960098489065,-11.608591793493323,,,,,0.0,0.0,0.0,0.0,0.36538461538461536,0.36538461538461536,0.36538461538461536,0.36538461538461536,1.0,1.0,1.0,1.0,,,,,50.0,50.0,50.0,50.0,50.0,50.0,50.0,50.0,1.0,1.0,1.0,1.0,0.0,0.0,0.0,0.0,4800.0,4800.0,4800.0,4800.0,96.0,96.0,96.0,96.0,,,,,,,,,,,,,,,,,,,,,,,,,,,,,,,,,,,,,,,,,,,,,,,,,,,,,,,,,,,,,,,,,,,,,,,,,,,,,,,,,,,,
mpe_speaker_listener,crash,0.05,10,2.0,2.0,2.0,2.0,25.0,25.0,25.0,25.0,-13.418201242485823,-11.262680529869847,-8.830647427079438,-13.253210577075672,,,,,0.0,0.0,0.0,0.0,0.36538461538461536,0.36538461538461536,0.36538461538461536,0.36538461538461536,1.0,1.0,1.0,1.0,,,,,50.0,50.0,50.0,50.0,50.0,50.0,50.0,50.0,1.0,1.0,1.0,1.0,0.0,0.0,0.0,0.0,4800.0,4800.0,4800.0,4800.0,96.0,96.0,96.0,96.0,,,,,,,,,,,,,,,,,,,,,,,,,,,,,,,,,,,,,,,,,,,,,,,,,,,,,,,,,,,,,,,,,,,,,,,,,,,,,,,,,,,,
mpe_speaker_listener,crash,0.1,10,2.0,2.0,2.0,2.0,25.0,25.0,25.0,25.0,-21.224737770694855,-12.443477841613863,-8.830647427079438,-20.909894695230243,,,,,0.0,0.0,0.0,0.0,0.36538461538461536,0.36538461538461536,0.36538461538461536,0.36538461538461536,1.0,1.0,1.0,1.0,,,,,50.0,50.0,50.0,50.0,50.0,50.0,50.0,50.0,1.0,1.0,1.0,1.0,0.0,0.0,0.0,0.0,4800.0,4800.0,4800.0,4800.0,96.0,96.0,96.0,96.0,,,,,,,,,,,,,,,,,,,,,,,,,,,,,,,,,,,,,,,,,,,,,,,,,,,,,,,,,,,,,,,,,,,,,,,,,,,,,,,,,,,,
mpe_speaker_listener,crash,0.2,10,2.0,2.0,2.0,2.0,25.0,25.0,25.0,25.0,-25.51430820377997,-13.189384425180998,-8.476873709730992,-22.113926767072517,,,,,0.0,0.0,0.0,0.0,0.36538461538461536,0.36538461538461536,0.36538461538461536,0.36538461538461536,1.0,1.0,1.0,1.0,,,,,50.0,50.0,50.0,50.0,50.0,50.0,50.0,50.0,1.0,1.0,1.0,1.0,0.0,0.0,0.0,0.0,4800.0,4800.0,4800.0,4800.0,96.0,96.0,96.0,96.0,,,,,,,,,,,,,,,,,,,,,,,,,,,,,,,,,,,,,,,,,,,,,,,,,,,,,,,,,,,,,,,,,,,,,,,,,,,,,,,,,,,,
mpe_speaker_listener,latency,0.0,10,2.0,2.0,2.0,2.0,25.0,25.0,25.0,25.0,-13.38392719781781,-8.61610792755519,-7.5119960098489065,-11.608591793493323,,,,,0.0,0.0,0.0,0.0,0.36538461538461536,0.36538461538461536,0.36538461538461536,0.36538461538461536,1.0,1.0,1.0,1.0,,,,,50.0,50.0,50.0,50.0,50.0,50.0,50.0,50.0,1.0,1.0,1.0,1.0,0.0,0.0,0.0,0.0,4800.0,4800.0,4800.0,4800.0,96.0,96.0,96.0,96.0,,,,,,,,,,,,,,,,,,,,,,,,,,,,,,,,,,,,,,,,,,,,,,,,,,,,,,,,,,,,,,,,,,,,,,,,,,,,,,,,,,,,
mpe_speaker_listener,latency,1.0,10,2.0,2.0,2.0,2.0,25.0,25.0,25.0,25.0,-13.38392719781781,-8.61610792755519,-7.5119960098489065,-11.608591793493323,,,,,0.0,0.0,0.0,0.0,0.36538461538461536,0.36538461538461536,0.36538461538461536,0.36538461538461536,1.0,1.0,1.0,1.0,,,,,50.0,50.0,50.0,50.0,50.0,50.0,50.0,50.0,1.0,1.0,1.0,1.0,0.0,0.0,0.0,0.0,4800.0,4800.0,4800.0,4800.0,96.0,96.0,96.0,96.0,,,,,,,,,,,,,,,,,,,,,,,,,,,,,,,,,,,,,,,,,,,,,,,,,,,,,,,,,,,,,,,,,,,,,,,,,,,,,,,,,,,,
mpe_speaker_listener,latency,2.0,10,2.0,2.0,2.0,2.0,25.0,25.0,25.0,25.0,-15.31044458771791,-9.87469815214759,-8.724306993393109,-13.20288661387777,,,,,0.0,0.0,0.0,0.0,0.391025641025641,0.391025641025641,0.391025641025641,0.391025641025641,2.0,2.0,2.0,2.0,,,,,50.0,50.0,50.0,50.0,48.0,48.0,48.0,48.0,0.96,0.96,0.96,0.9600000000000002,0.040000000000000036,0.040000000000000036,0.040000000000000036,0.040000000000000036,4608.0,4608.0,4608.0,4608.0,96.0,96.0,96.0,96.0,,,,,,,,,,,,,,,,,,,,,,,,,,,,,,,,,,,,,,,,,,,,,,,,,,,,,,,,,,,,,,,,,,,,,,,,,,,,,,,,,,,,
mpe_speaker_listener,latency,4.0,10,2.0,2.0,2.0,2.0,25.0,25.0,25.0,25.0,-19.180294849961378,-12.329802635778108,-11.207051539765274,-16.38323117269441,,,,,0.0,0.0,0.0,0.0,0.4423076923076923,0.4423076923076923,0.4423076923076923,0.44230769230769235,4.0,4.0,4.0,4.0,,,,,50.0,50.0,50.0,50.0,44.0,44.0,44.0,44.0,0.88,0.88,0.88,0.8800000000000001,0.12,0.12,0.12,0.12000000000000002,4224.0,4224.0,4224.0,4224.0,96.0,96.0,96.0,96.0,,,,,,,,,,,,,,,,,,,,,,,,,,,,,,,,,,,,,,,,,,,,,,,,,,,,,,,,,,,,,,,,,,,,,,,,,,,,,,,,,,,,
mpe_speaker_listener,latency,8.0,10,2.0,2.0,2.0,2.0,25.0,25.0,25.0,25.0,-26.83286999866003,-17.46954614423064,-16.1043169979707,-22.793586495413905,,,,,0.0,0.0,0.0,0.0,0.5448717948717948,0.5448717948717948,0.5448717948717948,0.5448717948717948,8.0,8.0,8.0,8.0,,,,,50.0,50.0,50.0,50.0,36.0,36.0,36.0,36.0,0.72,0.72,0.72,0.72,0.28,0.28,0.28,0.2800000000000001,3456.0,3456.0,3456.0,3456.0,96.0,96.0,96.0,96.0,,,,,,,,,,,,,,,,,,,,,,,,,,,,,,,,,,,,,,,,,,,,,,,,,,,,,,,,,,,,,,,,,,,,,,,,,,,,,,,,,,,,
mpe_speaker_listener,msg_drop,0.0,10,2.0,2.0,2.0,2.0,25.0,25.0,25.0,25.0,-13.38392719781781,-8.61610792755519,-7.5119960098489065,-11.608591793493323,,,,,0.0,0.0,0.0,0.0,0.36538461538461536,0.36538461538461536,0.36538461538461536,0.36538461538461536,1.0,1.0,1.0,1.0,,,,,50.0,50.0,50.0,50.0,50.0,50.0,50.0,50.0,1.0,1.0,1.0,1.0,0.0,0.0,0.0,0.0,4800.0,4800.0,4800.0,4800.0,96.0,96.0,96.0,96.0,,,,,,,,,,,,,,,,,,,,,,,,,,,,,,,,,,,,,,,,,,,,,,,,,,,,,,,,,,,,,,,,,,,,,,,,,,,,,,,,,,,,
mpe_speaker_listener,msg_drop,0.1,10,2.0,2.0,2.0,2.0,25.0,25.0,25.0,25.0,-13.163143059598738,-8.407123656195568,-7.376838453274313,-11.909004634521855,,,,,0.0,0.0,0.0,0.0,0.42467948717948717,0.42948717948717946,0.4407051282051282,0.4282051282051283,1.0,1.0,1.0,1.0,,,,,50.0,50.0,50.0,50.0,44.0,44.0,45.75,44.8,0.88,0.88,0.915,0.8960000000000001,0.08499999999999996,0.12,0.12,0.10400000000000001,4224.0,4224.0,4392.0,4300.8,96.0,96.0,96.0,96.0,,,,,,,,,,,,,,,,,,,,,,,,,,,,,,,,,,,,,,,,,,,,,,,,,,,,,,,,,,,,,,,,,,,,,,,,,,,,,,,,,,,,
mpe_speaker_listener,msg_drop,0.3,10,2.0,2.0,2.0,2.0,25.0,25.0,25.0,25.0,-14.666830012421613,-11.148446957912688,-8.843265577429495,-13.877733157335168,,,,,0.0,0.0,0.0,0.0,0.548076923076923,0.5576923076923077,0.5801282051282052,0.5621794871794872,1.0,1.0,1.0,1.0,,,,,50.0,50.0,50.0,50.0,33.0,35.0,38.0,35.4,0.66,0.7,0.76,0.708,0.24,0.3,0.33999999999999997,0.292,3168.0,3360.0,3648.0,3398.4,96.0,96.0,96.0,96.0,,,,,,,,,,,,,,,,,,,,,,,,,,,,,,,,,,,,,,,,,,,,,,,,,,,,,,,,,,,,,,,,,,,,,,,,,,,,,,,,,,,,
mpe_speaker_listener,msg_drop,0.5,10,2.0,2.0,2.0,2.0,25.0,25.0,25.0,25.0,-21.60094949859164,-14.140646014744737,-9.332773835852535,-17.76048646687267,,,,,0.0,0.0,0.0,0.0,0.655448717948718,0.6923076923076923,0.7163461538461539,0.6858974358974359,1.0,1.0,1.0,1.0,,,,,50.0,50.0,50.0,50.0,23.0,24.5,29.5,25.8,0.46,0.49,0.59,0.516,0.41000000000000003,0.51,0.54,0.484,2208.0,2352.0,2832.0,2476.8,96.0,96.0,96.0,96.0,,,,,,,,,,,,,,,,,,,,,,,,,,,,,,,,,,,,,,,,,,,,,,,,,,,,,,,,,,,,,,,,,,,,,,,,,,,,,,,,,,,,
mpe_speaker_listener,msg_drop,0.7,10,2.0,2.0,2.0,2.0,25.0,25.0,25.0,25.0,-36.01227077713005,-20.998476367064406,-13.232908656687309,-25.864016779229956,,,,,0.0,0.0,0.0,0.0,0.7948717948717948,0.8173076923076923,0.8333333333333334,0.817948717948718,1.0,1.0,1.0,1.0,,,,,50.0,50.0,50.0,50.0,13.25,14.5,17.5,15.7,0.265,0.29000000000000004,0.35,0.31400000000000006,0.65,0.71,0.735,0.6859999999999999,1272.0,1392.0,1680.0,1507.2,96.0,96.0,96.0,96.0,,,,,,,,,,,,,,,,,,,,,,,,,,,,,,,,,,,,,,,,,,,,,,,,,,,,,,,,,,,,,,,,,,,,,,,,,,,,,,,,,,,,
mpe_speaker_listener,msg_drop,1.0,10,2.0,2.0,2.0,2.0,25.0,25.0,25.0,25.0,-49.411973807158624,-33.43892774641351,-30.299418373767345,-41.30282276262853,,,,,0.0,0.0,0.0,0.0,1.0,1.0,1.0,1.0,0.0,0.0,0.0,0.0,,,,,50.0,50.0,50.0,50.0,0.0,0.0,0.0,0.0,0.0,0.0,0.0,0.0,1.0,1.0,1.0,1.0,0.0,0.0,0.0,0.0,0.0,0.0,0.0,0.0,,,,,,,,,,,,,,,,,,,,,,,,,,,,,,,,,,,,,,,,,,,,,,,,,,,,,,,,,,,,,,,,,,,,,,,,,,,,,,,,,,,,
mpe_speaker_listener,spoof,0.0,10,2.0,2.0,2.0,2.0,25.0,25.0,25.0,25.0,-13.38392719781781,-8.61610792755519,-7.5119960098489065,-11.608591793493323,,,,,0.0,0.0,0.0,0.0,0.36538461538461536,0.36538461538461536,0.36538461538461536,0.36538461538461536,1.0,1.0,1.0,1.0,,,,,50.0,50.0,50.0,50.0,50.0,50.0,50.0,50.0,1.0,1.0,1.0,1.0,0.0,0.0,0.0,0.0,4800.0,4800.0,4800.0,4800.0,96.0,96.0,96.0,96.0,,,,,,,,,,,,,,,,,,,,,,,,,,,,,,,,,,,,,,,,,,,,,,,,,,,,,,,,,,,,,,,,,,,,,,,,,,,,,,,,,,,,
mpe_speaker_listener,spoof,0.1,10,2.0,2.0,2.0,2.0,25.0,25.0,25.0,25.0,-13.38392719781781,-8.61610792755519,-7.6212630334721645,-11.713812790650035,,,,,0.1266920212638015,0.1393572869151646,0.15578222590499452,0.14235486831792135,0.3141025641025641,0.3205128205128205,0.33974358974358976,0.3256410256410257,1.0,1.0,1.0,1.0,,,,,50.0,50.0,50.0,50.0,50.0,50.0,50.0,50.0,1.0,1.0,1.0,1.0,0.0,0.0,0.0,0.0,4800.0,4800.0,4800.0,4800.0,96.0,96.0,96.0,96.0,,,,,,,,,,,,,,,,,,,,,,,,,,,,,,,,,,,,,,,,,,,,,,,,,,,,,,,,,,,,,,,,,,,,,,,,,,,,,,,,,,,,
mpe_speaker_listener,spoof,0.3,10,2.0,2.0,2.0,2.0,25.0,25.0,25.0,25.0,-14.759609844930486,-9.702589885736502,-8.132572693598114,-12.511957175257802,,,,,0.28146440665832934,0.3043647550051495,0.33557671486519325,0.325895787964571,0.2580128205128205,0.27564102564102566,0.28525641025641024,0.275,1.0,1.0,1.0,1.0,,,,,50.0,50.0,50.0,50.0,50.0,50.0,50.0,50.0,1.0,1.0,1.0,1.0,0.0,0.0,0.0,0.0,4800.0,4800.0,4800.0,4800.0,96.0,96.0,96.0,96.0,,,,,,,,,,,,,,,,,,,,,,,,,,,,,,,,,,,,,,,,,,,,,,,,,,,,,,,,,,,,,,,,,,,,,,,,,,,,,,,,,,,,
mpe_speaker_listener,spoof,0.5,10,2.0,2.0,2.0,2.0,25.0,25.0,25.0,25.0,-20.889047850211416,-10.321287891198306,-8.716753889818554,-14.540635343829802,,,,,0.49291860862594633,0.5536676121301654,0.651145850259668,0.5697807162746904,0.1875,0.21794871794871795,0.2467948717948718,0.21025641025641023,1.0,1.0,1.0,1.0,,,,,50.0,50.0,50.0,50.0,50.0,50.0,50.0,50.0,1.0,1.0,1.0,1.0,0.0,0.0,0.0,0.0,4800.0,4800.0,4800.0,4800.0,96.0,96.0,96.0,96.0,,,,,,,,,,,,,,,,,,,,,,,,,,,,,,,,,,,,,,,,,,,,,,,,,,,,,,,,,,,,,,,,,,,,,,,,,,,,,,,,,,,,
mpe_speaker_listener,spoof,1.0,10,2.0,2.0,2.0,2.0,25.0,25.0,25.0,25.0,-21.25861160095333,-13.94351345404202,-10.528762347607634,-20.110383123636176,,,,,1.0880444663111128,1.1505199018185401,1.1987722185905736,1.1458666254385945,0.038461538461538464,0.038461538461538464,0.038461538461538464,0.03846153846153846,1.0,1.0,1.0,1.0,,,,,50.0,50.0,50.0,50.0,50.0,50.0,50.0,50.0,1.0,1.0,1.0,1.0,0.0,0.0,0.0,0.0,4800.0,4800.0,4800.0,4800.0,96.0,96.0,96.0,96.0,,,,,,,,,,,,,,,,,,,,,,,,,,,,,,,,,,,,,,,,,,,,,,,,,,,,,,,,,,,,,,,,,,,,,,,,,,,,,,,,,,,,
rendezvous_mean,bandwidth,0.0,10,20.0,20.0,20.0,20.0,60.0,60.0,60.0,60.0,-4.11723862045054e-06,-6.681922863426972e-08,-2.1584216669688e-08,-1.1005211139341718e-05,2.1584216669688e-08,6.681922863426972e-08,4.11723862045054e-06,1.1005211139341718e-05,0.0,0.0,0.0,0.0,0.0,0.0,0.0,0.0,0.0,0.0,0.0,0.0,0.0,0.0,0.0,0.0,5040.0,5340.0,6000.0,5424.0,5040.0,5340.0,6000.0,5424.0,1.0,1.0,1.0,1.0,0.0,0.0,0.0,0.0,322560.0,341760.0,384000.0,347136.0,64.0,64.0,64.0,64.0,0.0,0.0,0.0,0.0,5040.0,5340.0,6000.0,5424.0,0.0,0.0,0.0,0.0,0.0,0.0,0.0,0.0,0.0,0.0,0.0,0.0,0.0,0.0,0.0,0.0,0.0,0.0,0.0,0.0,0.0,0.0,0.0,0.0,0.710448714720436,0.7318501315300048,0.7802348569373051,0.7464864590048801,0.9927607739956038,0.9946288923157135,0.9961900035155778,0.9934535842587524,1.0,1.0,1.0,1.0,1.910231250342966e-07,4.897071946424193e-07,1.9239480398119474e-05,3.632529655571212e-05,-0.6457816756811521,-0.5766323498912058,-0.5416840675284853,-0.6146436348781902,9.0,9.0,10.0,10.0,1.0,1.0,1.0,1.0,1.0244331844320258,1.3458321601703604,1.5159336227349287,1.3426265259552532,1.0244331844320258,1.3458321601703604,1.5159336227349283,1.3426265259552532,,,,,,,,,,,,,,,,
rendezvous_mean,bandwidth,1.0,10,20.0,20.0,20.0,20.0,60.0,60.0,60.0,60.0,-3.88838123939983e-17,-2.072981498831389e-18,-6.886614974162259e-20,-16.207481632280377,6.886614974162259e-20,2.072981498831389e-18,3.88838123939983e-17,16.207481632280377,0.4104946258660113,0.5197183298553592,0.6336676442627223,0.7937740126455188,0.0,0.0,0.0,0.0,0.0,0.0,0.0,0.0,0.0,0.0,0.0,0.0,5040.0,5340.0,6000.0,5424.0,5040.0,5340.0,6000.0,5424.0,1.0,1.0,1.0,1.0,0.0,0.0,0.0,0.0,10080.0,10680.0,12000.0,10848.0,2.0,2.0,2.0,2.0,0.0,0.0,0.0,0.0,5040.0,5340.0,6000.0,5424.0,0.0,0.0,0.0,0.0,0.0,0.0,0.0,0.0,0.0,0.0,0.0,0.0,0.0,0.0,0.0,0.0,0.0,0.0,0.0,0.0,0.0,0.0,0.0,0.0,0.4382338591553411,0.4614331455377312,0.4840208246735037,0.5625013274758058,0.9647905167944162,0.9813130284097007,0.9951789363455299,0.7883521725814837,0.9083333333333333,0.95,0.9791666666666666,0.7766666666666666,1.297670876414675e-16,3.90619893713422e-15,7.327025626352769e-14,16.207481622570608,-0.645781698046809,-0.5460384479444308,-0.5184854890439214,-0.34451912442703614,9.0,13.0,14.25,12.375,1.0,1.0,1.0,0.8,1.0244331844320258,1.3458321601703604,1.5159336227349287,1.3426265259552532,1.0244331844320258,1.3458321601703604,1.5159336227349283,1.3426265259552532,,,,,,,,,,,,,,,,
rendezvous_mean,bandwidth,2.0,10,20.0,20.0,20.0,20.0,60.0,60.0,60.0,60.0,-5.747700679902435,-1.755490897154361e-17,-3.462470846956558e-19,-3.389789909175859,3.462470846956558e-19,1.755490897154361e-17,5.747700679902435,3.389789909175859,0.04258236437295528,0.0658448229404236,0.15919029691018166,0.1149667895477076,0.0,0.0,0.0,0.0,0.0,0.0,0.0,0.0,0.0,0.0,0.0,0.0,5040.0,5340.0,6000.0,5424.0,5040.0,5340.0,6000.0,5424.0,1.0,1.0,1.0,1.0,0.0,0.0,0.0,0.0,20160.0,21360.0,24000.0,21696.0,4.0,4.0,4.0,4.0,0.0,0.0,0.0,0.0,5040.0,5340.0,6000.0,5424.0,0.0,0.0,0.0,0.0,0.0,0.0,0.0,0.0,0.0,0.0,0.0,0.0,0.0,0.0,0.0,0.0,0.0,0.0,0.0,0.0,0.0,0.0,0.0,0.0,0.44726886335215715,0.4917571702743667,0.6300740174368809,0.5459606373124032,0.9020644010721218,0.9655856942892305,0.9920232248433776,0.9391015831261708,0.175,0.9666666666666666,1.0,0.66,6.524467084394605e-16,3.3079386836269464e-14,5.74770067027106,3.389789906018348,-0.645781698046809,-0.5460384479444307,-0.43864419588534215,-0.5581473198121115,8.25,11.5,14.75,11.833333333333334,0.0,1.0,1.0,0.6,1.0244331844320258,1.3458321601703604,1.5159336227349287,1.3426265259552532,1.0244331844320258,1.3458321601703604,1.5159336227349283,1.3426265259552532,,,,,,,,,,,,,,,,
rendezvous_mean,bandwidth,3.0,10,20.0,20.0,20.0,20.0,60.0,60.0,60.0,60.0,-2.5794328633177344e-18,-1.204007301343105e-20,-9.70449484798039e-21,-0.43070510202866313,9.70449484798039e-21,1.204007301343105e-20,2.5794328633177344e-18,0.43070510202866313,0.007756511759056518,0.008593131284634722,0.011263941821672507,0.01658446810113506,0.0,0.0,0.0,0.0,0.0,0.0,0.0,0.0,0.0,0.0,0.0,0.0,5040.0,5340.0,6000.0,5424.0,5040.0,5340.0,6000.0,5424.0,1.0,1.0,1.0,1.0,0.0,0.0,0.0,0.0,30240.0,32040.0,36000.0,32544.0,6.0,6.0,6.0,6.0,0.0,0.0,0.0,0.0,5040.0,5340.0,6000.0,5424.0,0.0,0.0,0.0,0.0,0.0,0.0,0.0,0.0,0.0,0.0,0.0,0.0,0.0,0.0,0.0,0.0,0.0,0.0,0.0,0.0,0.0,0.0,0.0,0.0,0.43645553151242183,0.4403363781488277,0.48457678872259247,0.5139989115128827,0.9759423347634737,0.9968243640214522,0.9980100465395481,0.9401854399676971,1.0,1.0,1.0,0.86,1.8286548318106604e-17,2.268756560977663e-17,4.8605241411201505e-15,0.43070510171203724,-0.645781698046809,-0.5638870719003923,-0.5372225415219786,-0.6074653999312314,7.75,8.0,10.0,9.25,1.0,1.0,1.0,0.8,1.0244331844320258,1.3458321601703604,1.5159336227349287,1.3426265259552532,1.0244331844320258,1.3458321601703604,1.5159336227349283,1.3426265259552532,,,,,,,,,,,,,,,,
rendezvous_mean,bandwidth,4.0,10,20.0,20.0,20.0,20.0,60.0,60.0,60.0,60.0,-0.29299800721819036,-0.08146766440500383,-5.509772813835247e-19,-0.1838880079228859,5.509772813835247e-19,0.08146766440500383,0.29299800721819036,0.1838880079228859,0.002577975925794813,0.005117197132638338,0.008501713050231828,0.006058363140605793,0.0,0.0,0.0,0.0,0.0,0.0,0.0,0.0,0.0,0.0,0.0,0.0,5040.0,5340.0,6000.0,5424.0,5040.0,5340.0,6000.0,5424.0,1.0,1.0,1.0,1.0,0.0,0.0,0.0,0.0,40320.0,42720.0,48000.0,43392.0,8.0,8.0,8.0,8.0,0.0,0.0,0.0,0.0,5040.0,5340.0,6000.0,5424.0,0.0,0.0,0.0,0.0,0.0,0.0,0.0,0.0,0.0,0.0,0.0,0.0,0.0,0.0,0.0,0.0,0.0,0.0,0.0,0.0,0.0,0.0,0.0,0.0,0.4695059231108085,0.6126055842115617,0.9616200153357846,0.6941880176854915,0.37608341392392214,0.9161486312943248,0.986157389672657,0.7156475342806716,1.0,1.0,1.0,0.9333333333333332,1.0382275640970909e-15,0.08146766455900627,0.292998003273037,0.18388800756797868,-0.644847957305899,-0.5719450788319689,-0.5396473761031859,-0.6115790181663276,9.0,10.0,10.25,10.0,1.0,1.0,1.0,0.8,1.0244331844320258,1.3458321601703604,1.5159336227349287,1.3426265259552532,1.0244331844320258,1.3458321601703604,1.5159336227349283,1.3426265259552532,,,,,,,,,,,,,,,,
rendezvous_mean,bandwidth,8.0,10,20.0,20.0,20.0,20.0,60.0,60.0,60.0,60.0,-0.002086552715123284,-0.0008359322493470435,-0.0006331742213640894,-0.001819258233385565,0.0006331742213640894,0.0008359322493470435,0.002086552715123284,0.001819258233385565,3.3202872752096556e-05,3.621618399906767e-05,4.1547933458179575e-05,3.635149791392204e-05,0.0,0.0,0.0,0.0,0.0,0.0,0.0,0.0,0.0,0.0,0.0,0.0,5040.0,5340.0,6000.0,5424.0,5040.0,5340.0,6000.0,5424.0,1.0,1.0,1.0,1.0,0.0,0.0,0.0,0.0,80640.0,85440.0,96000.0,86784.0,16.0,16.0,16.0,16.0,0.0,0.0,0.0,0.0,5040.0,5340.0,6000.0,5424.0,0.0,0.0,0.0,0.0,0.0,0.0,0.0,0.0,0.0,0.0,0.0,0.0,0.0,0.0,0.0,0.0,0.0,0.0,0.0,0.0,0.0,0.0,0.0,0.0,0.8593996369385831,0.8655729116549535,0.8675939000628929,0.8376897733809203,0.7104914376602554,0.7555069238782541,0.8177934381619689,0.7768029755519302,1.0,1.0,1.0,1.0,0.0006331826726321875,0.0008359361852933985,0.002086661473082133,0.0018193671584407032,-0.645762349240796,-0.5765751375988176,-0.5416733728317972,-0.6146134973278193,9.0,9.0,10.0,10.1,1.0,1.0,1.0,1.0,1.0244331844320258,1.3458321601703604,1.5159336227349287,1.3426265259552532,1.0244331844320258,1.3458321601703604,1.5159336227349283,1.3426265259552532,,,,,,,,,,,,,,,,
rendezvous_mean,byzantine,0.0,10,20.0,20.0,20.0,20.0,60.0,60.0,60.0,60.0,-4.11723862045054e-06,-6.681922863426972e-08,-2.1584216669688e-08,-1.1005211139341718e-05,2.1584216669688e-08,6.681922863426972e-08,4.11723862045054e-06,1.1005211139341718e-05,0.0,0.0,0.0,0.0,0.0,0.0,0.0,0.0,0.0,0.0,0.0,0.0,0.0,0.0,0.0,0.0,5040.0,5340.0,6000.0,5424.0,5040.0,5340.0,6000.0,5424.0,1.0,1.0,1.0,1.0,0.0,0.0,0.0,0.0,322560.0,341760.0,384000.0,347136.0,64.0,64.0,64.0,64.0,0.0,0.0,0.0,0.0,5040.0,5340.0,6000.0,5424.0,0.0,0.0,0.0,0.0,0.0,0.0,0.0,0.0,0.0,0.0,0.0,0.0,0.0,0.0,0.0,0.0,0.0,0.0,0.0,0.0,0.0,0.0,0.0,0.0,0.710448714720436,0.7318501315300048,0.7802348569373051,0.7464864590048801,0.9927607739956038,0.9946288923157135,0.9961900035155778,0.9934535842587524,1.0,1.0,1.0,1.0,1.910231250342966e-07,4.897071946424193e-07,1.9239480398119474e-05,3.632529655571212e-05,-0.6457816756811521,-0.5766323498912058,-0.5416840675284853,-0.6146436348781902,9.0,9.0,10.0,10.0,1.0,1.0,1.0,1.0,1.0244331844320258,1.3458321601703604,1.5159336227349287,1.3426265259552532,1.0244331844320258,1.3458321601703604,1.5159336227349283,1.3426265259552532,,,,,,,,,,,,,,,,
rendezvous_mean,byzantine,0.1,10,20.0,20.0,20.0,20.0,60.0,60.0,60.0,60.0,-1.4547086632413975,-1.3250379417972677,-0.8345578960332505,-1.4520094626108857,0.8345578960332505,1.3250379417972677,1.4547086632413975,1.4520094626108857,0.0,0.0,0.0,0.0,0.0,0.0,0.0,0.0,0.0,0.0,0.0,0.0,0.0,0.0,0.0,0.0,5040.0,5340.0,6000.0,5424.0,5040.0,5340.0,6000.0,5424.0,1.0,1.0,1.0,1.0,0.0,0.0,0.0,0.0,322560.0,341760.0,384000.0,347136.0,64.0,64.0,64.0,64.0,0.0,0.0,0.0,0.0,5040.0,5340.0,6000.0,5424.0,0.0,0.0,0.0,0.0,0.0,0.0,0.0,0.0,0.0,0.0,0.0,0.0,0.0,0.0,0.0,0.0,0.0,0.0,0.0,0.0,0.0,0.0,0.0,0.0,0.8791512877239849,0.9178968118489066,0.9596578784882306,0.9054306866562272,0.30893828684730895,0.3830087413745071,0.6848393080662869,0.45535675850293195,0.5166666666666667,0.5666666666666667,0.5666666666666667,0.5516666666666666,1.088183464108053,1.50861860349905,1.6705303355974226,1.4189970172490711,-0.6232839581183479,-0.5507721616116232,-0.5295451466829139,-0.5904436605881943,20.0,24.0,42.0,28.0,1.0,1.0,1.0,0.9,1.0244331844320258,1.3458321601703604,1.5159336227349287,1.3426265259552532,1.0244331844320258,1.3458321601703604,1.5159336227349283,1.3426265259552532,,,,,,,,,,,,,,,,
rendezvous_mean,byzantine,0.25,10,20.0,20.0,20.0,20.0,60.0,60.0,60.0,60.0,-3.812015368122965,-3.1665212705940906,-1.4283795199940097,-3.1197743154694946,1.4283795199940097,3.1665212705940906,3.812015368122965,3.1197743154694946,0.0,0.0,0.0,0.0,0.0,0.0,0.0,0.0,0.0,0.0,0.0,0.0,0.0,0.0,0.0,0.0,5040.0,5340.0,6000.0,5424.0,5040.0,5340.0,6000.0,5424.0,1.0,1.0,1.0,1.0,0.0,0.0,0.0,0.0,322560.0,341760.0,384000.0,347136.0,64.0,64.0,64.0,64.0,0.0,0.0,0.0,0.0,5040.0,5340.0,6000.0,5424.0,0.0,0.0,0.0,0.0,0.0,0.0,0.0,0.0,0.0,0.0,0.0,0.0,0.0,0.0,0.0,0.0,0.0,0.0,0.0,0.0,0.0,0.0,0.0,0.0,0.9212497065917247,0.9704328085265743,0.9824006759536192,0.9474938828495351,0.19960904700180468,0.33032995837622303,0.48822433290078443,0.36175662554156995,0.5208333333333334,0.5416666666666667,0.55,0.5399999999999999,3.2050613448071865,3.626143644965591,3.8494552146833634,3.5862963635488576,-0.6015979411115444,-0.523323516589868,-0.5027382893959023,-0.5626475797072176,,,,,0.0,0.0,0.0,0.0,1.0244331844320258,1.3458321601703604,1.5159336227349287,1.3426265259552532,1.0244331844320258,1.3458321601703604,1.5159336227349283,1.3426265259552532,,,,,,,,,,,,,,,,
rendezvous_mean,byzantine,0.5,10,20.0,20.0,20.0,20.0,60.0,60.0,60.0,60.0,-11.455240192855559,-8.36216704960756,-6.26028103528102,-10.159966788647946,6.26028103528102,8.36216704960756,11.455240192855559,10.159966788647946,0.0,0.0,0.0,0.0,0.0,0.0,0.0,0.0,0.0,0.0,0.0,0.0,0.0,0.0,0.0,0.0,5040.0,5340.0,6000.0,5424.0,5040.0,5340.0,6000.0,5424.0,1.0,1.0,1.0,1.0,0.0,0.0,0.0,0.0,322560.0,341760.0,384000.0,347136.0,64.0,64.0,64.0,64.0,0.0,0.0,0.0,0.0,5040.0,5340.0,6000.0,5424.0,0.0,0.0,0.0,0.0,0.0,0.0,0.0,0.0,0.0,0.0,0.0,0.0,0.0,0.0,0.0,0.0,0.0,0.0,0.0,0.0,0.0,0.0,0.0,0.0,0.9229495428353484,0.965884158825828,0.9880375012486589,0.9237542766823174,0.14727897182464478,0.3954094552124078,0.6378286120319002,0.41082285577463107,0.5208333333333334,0.55,0.5625,0.54,5.857290030309034,7.124340713314433,8.035199848852214,7.462335020864913,-0.5503759804029112,-0.4697409222084842,-0.36103872372232326,-0.44531103848757664,,,,,0.0,0.0,0.0,0.0,1.0244331844320258,1.3458321601703604,1.5159336227349287,1.3426265259552532,1.0244331844320258,1.3458321601703604,1.5159336227349283,1.3426265259552532,,,,,,,,,,,,,,,,
rendezvous_mean,crash,0.0,10,20.0,20.0,20.0,20.0,60.0,60.0,60.0,60.0,-4.11723862045054e-06,-6.681922863426972e-08,-2.1584216669688e-08,-1.1005211139341718e-05,2.1584216669688e-08,6.681922863426972e-08,4.11723862045054e-06,1.1005211139341718e-05,0.0,0.0,0.0,0.0,0.0,0.0,0.0,0.0,0.0,0.0,0.0,0.0,0.0,0.0,0.0,0.0,5040.0,5340.0,6000.0,5424.0,5040.0,5340.0,6000.0,5424.0,1.0,1.0,1.0,1.0,0.0,0.0,0.0,0.0,322560.0,341760.0,384000.0,347136.0,64.0,64.0,64.0,64.0,0.0,0.0,0.0,0.0,5040.0,5340.0,6000.0,5424.0,0.0,0.0,0.0,0.0,0.0,0.0,0.0,0.0,0.0,0.0,0.0,0.0,0.0,0.0,0.0,0.0,0.0,0.0,0.0,0.0,0.0,0.0,0.0,0.0,0.710448714720436,0.7318501315300048,0.7802348569373051,0.7464864590048801,0.9927607739956038,0.9946288923157135,0.9961900035155778,0.9934535842587524,1.0,1.0,1.0,1.0,1.910231250342966e-07,4.897071946424193e-07,1.9239480398119474e-05,3.632529655571212e-05,-0.6457816756811521,-0.5766323498912058,-0.5416840675284853,-0.6146436348781902,9.0,9.0,10.0,10.0,1.0,1.0,1.0,1.0,1.0244331844320258,1.3458321601703604,1.5159336227349287,1.3426265259552532,1.0244331844320258,1.3458321601703604,1.5159336227349283,1.3426265259552532,,,,,,,,,,,,,,,,
rendezvous_mean,crash,0.01,10,20.0,20.0,20.0,20.0,60.0,60.0,60.0,60.0,-6.8433551293942334e-06,-2.7054722993201714e-07,-1.036678191337414e-07,-3.7188670739552194e-05,1.036678191337414e-07,2.7054722993201714e-07,6.8433551293942334e-06,3.7188670739552194e-05,0.0,0.0,0.0,0.0,0.0,0.0,0.0,0.0,0.0007847990740279112,0.0011930695886135114,0.00363955607414118,0.0019365394390494866,3.25,4.0,4.75,3.4,4747.0,4937.5,5783.75,5154.4,4431.0,4673.0,5509.5,4904.4,0.9348631574526981,0.9620385771863604,0.9683284283497082,0.9512774585343436,0.03167157165029175,0.03796142281363957,0.06513684254730193,0.048722541465656244,283584.0,299072.0,352608.0,313881.6,64.0,64.0,64.0,64.0,0.0,0.0,0.0,0.0,4431.0,4673.0,5509.5,4904.4,0.0,0.0,0.0,0.0,0.0,0.0,0.0,0.0,0.0,0.0,0.0,0.0,0.0,0.0,0.0,0.0,0.0,0.0,0.0,0.0,0.0,0.0,0.0,0.0,0.7352939305207566,0.7485549466438386,0.789704443981812,0.7629801150120148,0.9900991931263499,0.9927590612240237,0.9939514661210167,0.991564158380846,1.0,1.0,1.0,1.0,8.344541671750938e-07,1.7415312606887128e-06,2.9482686161930453e-05,0.00011160596535052295,-0.645781661507228,-0.5766302407392792,-0.5416840672424186,-0.6146431984871967,9.0,9.5,11.0,10.6,1.0,1.0,1.0,1.0,1.0244331844320258,1.3458321601703604,1.5159336227349287,1.3426265259552532,0.34669083097764697,0.43203323105525016,0.7208773739790402,0.5087598984377,,,,,,,,,,,,,,,,
rendezvous_mean,crash,0.05,10,20.0,20.0,20.0,20.0,60.0,60.0,60.0,60.0,-0.0004141846239329735,-9.949945793348708e-06,-3.627171504763206e-06,-0.0005027318110329831,3.627171504763206e-06,9.949945793348708e-06,0.0004141846239329735,0.0005027318110329831,0.0,0.0,0.0,0.0,0.0,0.0,0.0,0.0,0.028585563648128802,0.03181564951751287,0.037062948343531084,0.03491106803314796,5.0,5.0,5.0,5.7,3894.25,4214.5,4735.0,4278.8,2943.5,3415.5,3808.25,3412.0,0.7857097992270574,0.801509332849065,0.8089457905344115,0.7964270484055881,0.19105420946558843,0.19849066715093505,0.2142902007729426,0.20357295159441194,188384.0,218592.0,243728.0,218368.0,64.0,64.0,64.0,64.0,0.0,0.0,0.0,0.0,2943.5,3415.5,3808.25,3412.0,0.0,0.0,0.0,0.0,0.0,0.0,0.0,0.0,0.0,0.0,0.0,0.0,0.0,0.0,0.0,0.0,0.0,0.0,0.0,0.0,0.0,0.0,0.0,0.0,0.7751632920900681,0.7877423581572087,0.8425266049306077,0.8067953659657482,0.985742256665741,0.9902577568234081,0.9936935881130724,0.9884811618928768,1.0,1.0,1.0,1.0,1.633783199098044e-05,4.244790394592039e-05,0.0010248989294956235,0.0009675786121919853,-0.645779199972758,-0.5766011048198127,-0.5416840293302143,-0.6146354394348584,12.25,13.5,14.0,13.9,1.0,1.0,1.0,1.0,1.0244331844320258,1.3458321601703604,1.5159336227349287,1.3426265259552532,0.005232092563931865,0.023959916993500474,0.04349016920170031,0.025963507417866277,,,,,,,,,,,,,,,,
rendezvous_mean,crash,0.1,10,20.0,20.0,20.0,20.0,60.0,60.0,60.0,60.0,-0.0019882346944318837,-0.00021906040980361726,-0.0001399104006630578,-0.0035807893822612756,0.0001399104006630578,0.00021906040980361726,0.0019882346944318837,0.0035807893822612756,0.0,0.0,0.0,0.0,0.0,0.0,0.0,0.0,0.12078979995998078,0.1348707359495512,0.15103879422137295,0.13397742802650392,5.0,5.5,7.0,6.5,3272.5,3461.5,3805.25,3512.3,2176.0,2404.5,2577.5,2394.5,0.6717943547942821,0.6828941246140181,0.6864077749394117,0.6821367155896387,0.3135922250605882,0.31710587538598195,0.32820564520571793,0.3178632844103612,139264.0,153888.0,164960.0,153248.0,64.0,64.0,64.0,64.0,0.0,0.0,0.0,0.0,2176.0,2404.5,2577.5,2394.5,0.0,0.0,0.0,0.0,0.0,0.0,0.0,0.0,0.0,0.0,0.0,0.0,0.0,0.0,0.0,0.0,0.0,0.0,0.0,0.0,0.0,0.0,0.0,0.0,0.8172632803620176,0.8286457478718998,0.8597593649937775,0.843187932531299,0.9849274947821343,0.9907085973572252,0.9922707351566998,0.9866201510110895,1.0,1.0,1.0,0.9983333333333333,0.00043890864156005086,0.0005729341283856213,0.0043568053996466995,0.00605731066019972,-0.6457701523084071,-0.5764466121267353,-0.5416824059102009,-0.614584138475338,16.5,18.5,21.75,19.8,1.0,1.0,1.0,1.0,1.0244331844320258,1.3458321601703604,1.5159336227349287,1.3426265259552532,-1.828591481869662e-16,0.0034873980890537492,0.010152095874547273,0.006570086752825078,,,,,,,,,,,,,,,,
rendezvous_mean,crash,0.2,10,20.0,20.0,20.0,20.0,60.0,60.0,60.0,60.0,-0.05747904697653328,-0.00880719551550593,-0.005749113450093819,-0.03469238526413812,0.005749113450093819,0.00880719551550593,0.05747904697653328,0.03469238526413812,0.0,0.0,0.0,0.0,0.0,0.0,0.0,0.0,0.4315731922081656,0.5450389904529347,0.5688464326432817,0.5102742189861212,10.0,10.0,10.0,10.1,2321.5,2448.0,2700.5,2461.4,1250.0,1355.0,1477.5,1354.7,0.5384269582699742,0.5521673504553486,0.5631335347306075,0.5497670729925591,0.4368664652693926,0.44783264954465135,0.4615730417300258,0.45023292700744066,80000.0,86720.0,94560.0,86700.8,64.0,64.0,64.0,64.0,0.0,0.0,0.0,0.0,1250.0,1355.0,1477.5,1354.7,0.0,0.0,0.0,0.0,0.0,0.0,0.0,0.0,0.0,0.0,0.0,0.0,0.0,0.0,0.0,0.0,0.0,0.0,0.0,0.0,0.0,0.0,0.0,0.0,0.8671043477384908,0.8793807888517577,0.9083746815223297,0.8869926959846893,0.9777491431314528,0.9862331151608446,0.9910184294788913,0.9833392169764151,0.9874999999999999,1.0,1.0,0.9933333333333334,0.011431970552232681,0.017606626130464424,0.07956418925106362,0.05106240382020481,-0.6453751481505293,-0.5754353043433464,-0.5416232971517714,-0.6140656118773067,27.25,29.0,36.0,32.4,1.0,1.0,1.0,1.0,1.0244331844320258,1.3458321601703604,1.5159336227349287,1.3426265259552532,-1.8164464574430738e-16,-1.60240434309246e-16,-1.2529785961144829e-16,0.0022008231956647246,,,,,,,,,,,,,,,,
rendezvous_mean,latency,0.0,10,20.0,20.0,20.0,20.0,60.0,60.0,60.0,60.0,-4.11723862045054e-06,-6.681922863426972e-08,-2.1584216669688e-08,-1.1005211139341718e-05,2.1584216669688e-08,6.681922863426972e-08,4.11723862045054e-06,1.1005211139341718e-05,0.0,0.0,0.0,0.0,0.0,0.0,0.0,0.0,0.0,0.0,0.0,0.0,0.0,0.0,0.0,0.0,5040.0,5340.0,6000.0,5424.0,5040.0,5340.0,6000.0,5424.0,1.0,1.0,1.0,1.0,0.0,0.0,0.0,0.0,322560.0,341760.0,384000.0,347136.0,64.0,64.0,64.0,64.0,0.0,0.0,0.0,0.0,5040.0,5340.0,6000.0,5424.0,0.0,0.0,0.0,0.0,0.0,0.0,0.0,0.0,0.0,0.0,0.0,0.0,0.0,0.0,0.0,0.0,0.0,0.0,0.0,0.0,0.0,0.0,0.0,0.0,0.710448714720436,0.7318501315300048,0.7802348569373051,0.7464864590048801,0.9927607739956038,0.9946288923157135,0.9961900035155778,0.9934535842587524,1.0,1.0,1.0,1.0,1.910231250342966e-07,4.897071946424193e-07,1.9239480398119474e-05,3.632529655571212e-05,-0.6457816756811521,-0.5766323498912058,-0.5416840675284853,-0.6146436348781902,9.0,9.0,10.0,10.0,1.0,1.0,1.0,1.0,1.0244331844320258,1.3458321601703604,1.5159336227349287,1.3426265259552532,1.0244331844320258,1.3458321601703604,1.5159336227349283,1.3426265259552532,,,,,,,,,,,,,,,,
rendezvous_mean,latency,1.0,10,20.0,20.0,20.0,20.0,60.0,60.0,60.0,60.0,-9.40925338829762e-05,-2.690625526500395e-06,-1.0487732837109673e-06,-0.0001488959338830616,1.0487732837109673e-06,2.690625526500395e-06,9.40925338829762e-05,0.0001488959338830616,0.0,0.0,0.0,0.0,0.0,0.0,0.0,0.0,1.0,1.0,1.0,1.0,1.0,1.0,1.0,1.0,5040.0,5340.0,6000.0,5424.0,4956.0,5251.0,5900.0,5333.6,0.9833333333333333,0.9833333333333333,0.9833333333333333,0.9833333333333332,0.01666666666666672,0.01666666666666672,0.01666666666666672,0.01666666666666672,317184.0,336064.0,377600.0,341350.4,64.0,64.0,64.0,64.0,0.0,0.0,0.0,0.0,4956.0,5251.0,5900.0,5333.6,0.0,0.0,0.0,0.0,0.0,0.0,0.0,0.0,0.0,0.0,0.0,0.0,0.0,0.0,0.0,0.0,0.0,0.0,0.0,0.0,0.0,0.0,0.0,0.0,0.7547356469748959,0.7727023932514396,0.8184866709789599,0.7863348141493592,0.9868172501741392,0.9902935741327857,0.9937187182102547,0.9884432117731541,1.0,1.0,1.0,1.0,5.9690445988027e-06,1.2450521349843672e-05,0.00030036367514442105,0.0003701344213741283,-0.6457811907776794,-0.5766245628028951,-0.5416840590678639,-0.6146413366994776,11.0,11.5,13.75,12.9,1.0,1.0,1.0,1.0,1.0244331844320258,1.3458321601703604,1.5159336227349287,1.3426265259552532,1.0073592980248254,1.3234016241675213,1.4906680623560127,1.3202494171893324,,,,,,,,,,,,,,,,
rendezvous_mean,latency,2.0,10,20.0,20.0,20.0,20.0,60.0,60.0,60.0,60.0,-0.0007339912184793105,-3.3625029212210495e-05,-1.645093178766936e-05,-0.0008110595172385901,1.645093178766936e-05,3.3625029212210495e-05,0.0007339912184793105,0.0008110595172385901,0.0,0.0,0.0,0.0,0.0,0.0,0.0,0.0,2.0,2.0,2.0,2.0,2.0,2.0,2.0,2.0,5040.0,5340.0,6000.0,5424.0,4872.0,5162.0,5800.0,5243.2,0.9666666666666667,0.9666666666666667,0.9666666666666667,0.9666666666666666,0.033333333333333326,0.033333333333333326,0.033333333333333326,0.033333333333333326,311808.0,330368.0,371200.0,335564.8,64.0,64.0,64.0,64.0,0.0,0.0,0.0,0.0,4872.0,5162.0,5800.0,5243.2,0.0,0.0,0.0,0.0,0.0,0.0,0.0,0.0,0.0,0.0,0.0,0.0,0.0,0.0,0.0,0.0,0.0,0.0,0.0,0.0,0.0,0.0,0.0,0.0,0.787441042999419,0.8010981597756777,0.8437224359996037,0.8139019947477198,0.9814484274714218,0.9850138078367412,0.9908984567132058,0.9827504128987737,1.0,1.0,1.0,1.0,6.984579909960256e-05,0.0001155413747395973,0.0018452701320233174,0.0017027546588961613,-0.6457777588904802,-0.5765889767527799,-0.5416839421026431,-0.6146303006397551,14.0,14.5,16.75,16.0,1.0,1.0,1.0,1.0,1.0244331844320258,1.3458321601703604,1.5159336227349287,1.3426265259552532,0.990285411617625,1.3009710881646819,1.4654025019770973,1.2978723084234116,,,,,,,,,,,,,,,,
rendezvous_mean,latency,4.0,10,20.0,20.0,20.0,20.0,60.0,60.0,60.0,60.0,-0.008729124009860785,-0.0007864375190171956,-0.000561423116780932,-0.006500788977186922,0.000561423116780932,0.0007864375190171956,0.008729124009860785,0.006500788977186922,0.0,0.0,0.0,0.0,0.0,0.0,0.0,0.0,4.0,4.0,4.0,4.0,4.0,4.0,4.0,4.0,5040.0,5340.0,6000.0,5424.0,4704.0,4984.0,5600.0,5062.4,0.9333333333333333,0.9333333333333333,0.9333333333333333,0.9333333333333333,0.06666666666666665,0.06666666666666665,0.06666666666666665,0.06666666666666665,301056.0,318976.0,358400.0,323993.6,64.0,64.0,64.0,64.0,0.0,0.0,0.0,0.0,4704.0,4984.0,5600.0,5062.4,0.0,0.0,0.0,0.0,0.0,0.0,0.0,0.0,0.0,0.0,0.0,0.0,0.0,0.0,0.0,0.0,0.0,0.0,0.0,0.0,0.0,0.0,0.0,0.0,0.8300353524043542,0.835498510939636,0.8725542541137432,0.8472860625528819,0.9712176243430957,0.9793209507461216,0.9863692632977519,0.9750796858081501,0.9666666666666667,0.9833333333333333,0.9833333333333333,0.9783333333333333,0.0014677620031483113,0.001979572361501703,0.015685970079325907,0.011370365431816775,-0.6457343921371715,-0.5763172155189679,-0.5416801781021516,-0.6145354718154226,19.0,21.0,24.5,22.7,1.0,1.0,1.0,1.0,1.0244331844320258,1.3458321601703604,1.5159336227349287,1.3426265259552532,0.9561376388032239,1.256110016159003,1.4148713812192664,1.25311809089157,,,,,,,,,,,,,,,,
rendezvous_mean,latency,8.0,10,20.0,20.0,20.0,20.0,60.0,60.0,60.0,60.0,-0.1177753149626709,-0.04744076507850685,-0.034917162746605085,-0.07924406872278704,0.034917162746605085,0.04744076507850685,0.1177753149626709,0.07924406872278704,0.0,0.0,0.0,0.0,0.0,0.0,0.0,0.0,8.0,8.0,8.0,8.0,8.0,8.0,8.0,8.0,5040.0,5340.0,6000.0,5424.0,4368.0,4628.0,5200.0,4700.8,0.8666666666666667,0.8666666666666667,0.8666666666666667,0.8666666666666668,0.1333333333333333,0.1333333333333333,0.1333333333333333,0.1333333333333333,279552.0,296192.0,332800.0,300851.2,64.0,64.0,64.0,64.0,0.0,0.0,0.0,0.0,4368.0,4628.0,5200.0,4700.8,0.0,0.0,0.0,0.0,0.0,0.0,0.0,0.0,0.0,0.0,0.0,0.0,0.0,0.0,0.0,0.0,0.0,0.0,0.0,0.0,0.0,0.0,0.0,0.0,0.8746457211236504,0.8799558012664259,0.8980485764450405,0.8858703526870478,0.9430881394360717,0.9591013233669905,0.9674792933564412,0.9560728425511223,0.6541666666666667,0.6916666666666667,0.7666666666666666,0.72,0.04840184444674167,0.06136577427206087,0.14541427285001818,0.10768242319544259,-0.6450528174593555,-0.5742528537269594,-0.5409845625090599,-0.6133230838196627,31.0,36.0,41.5,37.3,1.0,1.0,1.0,1.0,1.0244331844320258,1.3458321601703604,1.5159336227349287,1.3426265259552532,0.8878420931744222,1.1663878721476457,1.3138091397036045,1.1636096558278861,,,,,,,,,,,,,,,,
rendezvous_mean,msg_drop,0.0,10,20.0,20.0,20.0,20.0,60.0,60.0,60.0,60.0,-4.11723862045054e-06,-6.681922863426972e-08,-2.1584216669688e-08,-1.1005211139341718e-05,2.1584216669688e-08,6.681922863426972e-08,4.11723862045054e-06,1.1005211139341718e-05,0.0,0.0,0.0,0.0,0.0,0.0,0.0,0.0,0.0,0.0,0.0,0.0,0.0,0.0,0.0,0.0,5040.0,5340.0,6000.0,5424.0,5040.0,5340.0,6000.0,5424.0,1.0,1.0,1.0,1.0,0.0,0.0,0.0,0.0,322560.0,341760.0,384000.0,347136.0,64.0,64.0,64.0,64.0,0.0,0.0,0.0,0.0,5040.0,5340.0,6000.0,5424.0,0.0,0.0,0.0,0.0,0.0,0.0,0.0,0.0,0.0,0.0,0.0,0.0,0.0,0.0,0.0,0.0,0.0,0.0,0.0,0.0,0.0,0.0,0.0,0.0,0.710448714720436,0.7318501315300048,0.7802348569373051,0.7464864590048801,0.9927607739956038,0.9946288923157135,0.9961900035155778,0.9934535842587524,1.0,1.0,1.0,1.0,1.910231250342966e-07,4.897071946424193e-07,1.9239480398119474e-05,3.632529655571212e-05,-0.6457816756811521,-0.5766323498912058,-0.5416840675284853,-0.6146436348781902,9.0,9.0,10.0,10.0,1.0,1.0,1.0,1.0,1.0244331844320258,1.3458321601703604,1.5159336227349287,1.3426265259552532,1.0244331844320258,1.3458321601703604,1.5159336227349283,1.3426265259552532,,,,,,,,,,,,,,,,
rendezvous_mean,msg_drop,0.1,10,20.0,20.0,20.0,20.0,60.0,60.0,60.0,60.0,-4.90536365367924e-06,-1.0267467541041986e-07,-2.7502462153629246e-08,-1.308915502632326e-05,2.7502462153629246e-08,1.0267467541041985e-07,4.90536365367924e-06,1.308915502632326e-05,0.0,0.0,0.0,0.0,0.09877999068250641,0.10271867612293144,0.10337381164587046,0.10125260185705634,0.0,0.0,0.0,0.0,0.0,0.0,0.0,0.0,5040.0,5340.0,6000.0,5424.0,4533.75,4787.0,5381.25,4875.3,0.8966261883541295,0.8972813238770685,0.9012200093174936,0.8987473981429437,0.09877999068250637,0.10271867612293145,0.10337381164587045,0.10125260185705631,290160.0,306368.0,344400.0,312019.2,64.0,64.0,64.0,64.0,0.0,0.0,0.0,0.0,4533.75,4787.0,5381.25,4875.3,0.0,0.0,0.0,0.0,0.0,0.0,0.0,0.0,482.75,553.0,613.5,548.7,0.0,0.0,0.0,0.0,0.0,0.0,0.0,0.0,0.0,0.0,0.0,0.0,0.7147485538730679,0.7359784404695608,0.7789293127015947,0.7475569963860874,0.992592639481569,0.9952397948581808,0.9958250242980974,0.9935114167446806,1.0,1.0,1.0,1.0,2.349269664571207e-07,7.212001575018396e-07,2.403749041115998e-05,4.1804534668768754e-05,-0.6457816711745175,-0.5766323620419563,-0.5416840675699102,-0.6146436001457919,9.0,9.0,10.75,10.1,1.0,1.0,1.0,1.0,1.0244331844320258,1.3458321601703604,1.5159336227349287,1.3426265259552532,1.002316302524644,1.289004468589311,1.483943162620112,1.2966025515428263,,,,,,,,,,,,,,,,
rendezvous_mean,msg_drop,0.3,10,20.0,20.0,20.0,20.0,60.0,60.0,60.0,60.0,-5.657317397221798e-06,-1.220341752283045e-07,-5.01186698000893e-08,-2.0430428386145553e-05,5.01186698000893e-08,1.220341752283045e-07,5.657317397221798e-06,2.0430428386145553e-05,0.0,0.0,0.0,0.0,0.29615299823633157,0.29915377176015473,0.3033909853249476,0.3001227007656015,0.0,0.0,0.0,0.0,0.0,0.0,0.0,0.0,5040.0,5340.0,6000.0,5424.0,3561.5,3730.5,4171.0,3796.7,0.6966090146750524,0.7008462282398453,0.7038470017636684,0.6998772992343985,0.29615299823633157,0.29915377176015473,0.30339098532494757,0.30012270076560144,227936.0,238752.0,266944.0,242988.8,64.0,64.0,64.0,64.0,0.0,0.0,0.0,0.0,3561.5,3730.5,4171.0,3796.7,0.0,0.0,0.0,0.0,0.0,0.0,0.0,0.0,1457.5,1609.5,1829.0,1627.3,0.0,0.0,0.0,0.0,0.0,0.0,0.0,0.0,0.0,0.0,0.0,0.0,0.7248676008103345,0.7376218417422306,0.7794352195684158,0.7490261587318444,0.991654845360198,0.9950858885482703,0.995900676550179,0.9933572443252174,1.0,1.0,1.0,1.0,3.960837339141228e-07,8.007732916331108e-07,2.8488338712455086e-05,6.283795825828679e-05,-0.6457816668417992,-0.5766321146215652,-0.5416840675358521,-0.614643477791236,9.0,9.5,12.25,10.6,1.0,1.0,1.0,1.0,1.0244331844320258,1.3458321601703604,1.5159336227349287,1.3426265259552532,0.7523290846794906,0.9585068278325498,1.1559670439757588,0.978214917434881,,,,,,,,,,,,,,,,
rendezvous_mean,msg_drop,0.5,10,20.0,20.0,20.0,20.0,60.0,60.0,60.0,60.0,-6.605624664525127e-05,-2.924816906636219e-07,-1.8252563542777345e-07,-8.539000076247357e-05,1.8252563542777345e-07,2.924816906636219e-07,6.605624664525127e-05,8.539000076247357e-05,0.0,0.0,0.0,0.0,0.4940806878306878,0.49688285570638513,0.5059596555174386,0.4996235639791136,0.0,0.0,0.0,0.0,0.0,0.0,0.0,0.0,5040.0,5340.0,6000.0,5424.0,2550.5,2613.5,3019.0,2715.7,0.49404034448256146,0.5031171442936149,0.5059193121693122,0.5003764360208864,0.4940806878306878,0.49688285570638513,0.5059596555174386,0.4996235639791136,163232.0,167264.0,193216.0,173804.8,64.0,64.0,64.0,64.0,0.0,0.0,0.0,0.0,2550.5,2613.5,3019.0,2715.7,0.0,0.0,0.0,0.0,0.0,0.0,0.0,0.0,2480.5,2726.5,2981.0,2708.3,0.0,0.0,0.0,0.0,0.0,0.0,0.0,0.0,0.0,0.0,0.0,0.0,0.7419508314582917,0.7452271957901034,0.8090817144128742,0.7644983801092439,0.9884036748403767,0.9900832277109499,0.9958474027747207,0.9916248705060566,1.0,1.0,1.0,1.0,1.173184532233569e-06,2.0086066638754033e-06,0.00040344230672539525,0.0002362541788831707,-0.6457813315151316,-0.5766298968681935,-0.5416840666319501,-0.6146423951316964,9.25,10.0,15.0,12.0,1.0,1.0,1.0,1.0,1.0244331844320258,1.3458321601703604,1.5159336227349287,1.3426265259552532,0.3557292448486561,0.4543569557187404,0.6217194377620987,0.4903705255914554,,,,,,,,,,,,,,,,
rendezvous_mean,msg_drop,0.7,10,20.0,20.0,20.0,20.0,60.0,60.0,60.0,60.0,-0.000795959521131918,-3.592787180646956e-05,-5.655671503065004e-06,-0.0017027443681617404,5.655671503065004e-06,3.592787180646956e-05,0.000795959521131918,0.0017027443681617404,0.0,0.0,0.0,0.0,0.6952040745376165,0.7012484737484737,0.70645964360587,0.7010229071834448,0.0,0.0,0.0,0.0,0.0,0.0,0.0,0.0,5040.0,5340.0,6000.0,5424.0,1496.75,1555.0,1824.5,1622.7,0.29354035639413,0.29875152625152623,0.30479592546238354,0.29897709281655505,0.6952040745376165,0.7012484737484737,0.70645964360587,0.7010229071834448,95792.0,99520.0,116768.0,103852.8,64.0,64.0,64.0,64.0,0.0,0.0,0.0,0.0,1496.75,1555.0,1824.5,1622.7,0.0,0.0,0.0,0.0,0.0,0.0,0.0,0.0,3512.5,3788.5,4175.5,3801.3,0.0,0.0,0.0,0.0,0.0,0.0,0.0,0.0,0.0,0.0,0.0,0.0,0.7831982082896771,0.804590386900266,0.845265921663902,0.809810254232905,0.9836902449270185,0.9878815856307915,0.9942365723819919,0.9876729749471472,0.9833333333333333,0.9916666666666667,1.0,0.9866666666666666,2.2533882451937995e-05,0.0001254346446051176,0.0035014132812755854,0.0033699446509727546,-0.645777333541367,-0.5765502992646887,-0.54168404029387,-0.6146154392255732,12.0,13.5,21.0,16.7,1.0,1.0,1.0,1.0,1.0244331844320258,1.3458321601703604,1.5159336227349287,1.3426265259552532,0.027585435928264974,0.05554342657078728,0.09714241227975981,0.07433397059509786,,,,,,,,,,,,,,,,
rendezvous_mean,msg_drop,1.0,10,20.0,20.0,20.0,20.0,60.0,60.0,60.0,60.0,-38.74690188280853,-34.59797917437275,-32.50104406279867,-36.878629097902554,32.50104406279867,34.59797917437275,38.74690188280853,36.878629097902554,0.0,0.0,0.0,0.0,1.0,1.0,1.0,1.0,0.0,0.0,0.0,0.0,0.0,0.0,0.0,0.0,5040.0,5340.0,6000.0,5424.0,0.0,0.0,0.0,0.0,0.0,0.0,0.0,0.0,1.0,1.0,1.0,1.0,0.0,0.0,0.0,0.0,0.0,0.0,0.0,0.0,0.0,0.0,0.0,0.0,0.0,0.0,0.0,0.0,0.0,0.0,0.0,0.0,0.0,0.0,0.0,0.0,5040.0,5340.0,6000.0,5424.0,0.0,0.0,0.0,0.0,0.0,0.0,0.0,0.0,0.0,0.0,0.0,0.0,1.0,1.0,1.0,1.0,0.0,0.0,0.0,0.0,1.0,1.0,1.0,1.0,32.50104406279866,34.59797917437276,38.74690188280853,36.87862909790255,0.0,0.0,0.0,0.0,,,,,0.0,0.0,0.0,0.0,1.0244331844320258,1.3458321601703604,1.5159336227349287,1.3426265259552532,0.0,0.0,0.0,0.0,,,,,,,,,,,,,,,,
wntr_random,bandwidth,0.0,10,2.0,2.0,2.0,2.0,24.0,24.0,24.0,24.0,-2823.8439903259277,-2823.8439903259277,-2823.8439903259277,-2823.8439903259277,,,,,0.0,0.0,0.0,0.0,0.16,0.16,0.16,0.15999999999999998,1.0,1.0,1.0,1.0,,,,,48.0,48.0,48.0,48.0,48.0,48.0,48.0,48.0,1.0,1.0,1.0,1.0,0.0,0.0,0.0,0.0,12288.0,12288.0,12288.0,12288.0,256.0,256.0,256.0,256.0,,,,,,,,,,,,,,,,,,,,,,,,,,,,,,,,,,,,,,,,,,,,,,,,,,,,,,,,,,,,,,,,,,,,,,,,,,,,,,,,,,,,
wntr_random,bandwidth,1.0,10,2.0,2.0,2.0,2.0,24.0,24.0,24.0,24.0,-2823.8439903259277,-2823.8439903259277,-2823.8439903259277,-2823.8439903259277,,,,,7.4291328600467645,7.4291328600467645,7.4291328600467645,7.429132860046765,0.04,0.04,0.04,0.039999999999999994,1.0,1.0,1.0,1.0,,,,,48.0,48.0,48.0,48.0,48.0,48.0,48.0,48.0,1.0,1.0,1.0,1.0,0.0,0.0,0.0,0.0,384.0,384.0,384.0,384.0,8.0,8.0,8.0,8.0,,,,,,,,,,,,,,,,,,,,,,,,,,,,,,,,,,,,,,,,,,,,,,,,,,,,,,,,,,,,,,,,,,,,,,,,,,,,,,,,,,,,
wntr_random,bandwidth,2.0,10,2.0,2.0,2.0,2.0,24.0,24.0,24.0,24.0,-2823.8439903259277,-2823.8439903259277,-2823.8439903259277,-2823.8439903259277,,,,,0.6124753854484918,0.6124753854484918,0.6124753854484918,0.6124753854484918,0.04,0.04,0.04,0.039999999999999994,1.0,1.0,1.0,1.0,,,,,48.0,48.0,48.0,48.0,48.0,48.0,48.0,48.0,1.0,1.0,1.0,1.0,0.0,0.0,0.0,0.0,768.0,768.0,768.0,768.0,16.0,16.0,16.0,16.0,,,,,,,,,,,,,,,,,,,,,,,,,,,,,,,,,,,,,,,,,,,,,,,,,,,,,,,,,,,,,,,,,,,,,,,,,,,,,,,,,,,,
wntr_random,bandwidth,3.0,10,2.0,2.0,2.0,2.0,24.0,24.0,24.0,24.0,-2823.8439903259277,-2823.8439903259277,-2823.8439903259277,-2823.8439903259277,,,,,0.13424671923673978,0.13424671923673978,0.13424671923673978,0.13424671923673978,0.04,0.04,0.04,0.039999999999999994,1.0,1.0,1.0,1.0,,,,,48.0,48.0,48.0,48.0,48.0,48.0,48.0,48.0,1.0,1.0,1.0,1.0,0.0,0.0,0.0,0.0,1152.0,1152.0,1152.0,1152.0,24.0,24.0,24.0,24.0,,,,,,,,,,,,,,,,,,,,,,,,,,,,,,,,,,,,,,,,,,,,,,,,,,,,,,,,,,,,,,,,,,,,,,,,,,,,,,,,,,,,
wntr_random,bandwidth,4.0,10,2.0,2.0,2.0,2.0,24.0,24.0,24.0,24.0,-2823.8439903259277,-2823.8439903259277,-2823.8439903259277,-2823.8439903259277,,,,,0.028516040242474894,0.028516040242474894,0.028516040242474894,0.028516040242474894,0.04,0.04,0.04,0.039999999999999994,1.0,1.0,1.0,1.0,,,,,48.0,48.0,48.0,48.0,48.0,48.0,48.0,48.0,1.0,1.0,1.0,1.0,0.0,0.0,0.0,0.0,1536.0,1536.0,1536.0,1536.0,32.0,32.0,32.0,32.0,,,,,,,,,,,,,,,,,,,,,,,,,,,,,,,,,,,,,,,,,,,,,,,,,,,,,,,,,,,,,,,,,,,,,,,,,,,,,,,,,,,,
wntr_random,bandwidth,8.0,10,2.0,2.0,2.0,2.0,24.0,24.0,24.0,24.0,-2823.8439903259277,-2823.8439903259277,-2823.8439903259277,-2823.8439903259277,,,,,7.13438174620233e-05,7.13438174620233e-05,7.13438174620233e-05,7.13438174620233e-05,0.04,0.04,0.04,0.039999999999999994,1.0,1.0,1.0,1.0,,,,,48.0,48.0,48.0,48.0,48.0,48.0,48.0,48.0,1.0,1.0,1.0,1.0,0.0,0.0,0.0,0.0,3072.0,3072.0,3072.0,3072.0,64.0,64.0,64.0,64.0,,,,,,,,,,,,,,,,,,,,,,,,,,,,,,,,,,,,,,,,,,,,,,,,,,,,,,,,,,,,,,,,,,,,,,,,,,,,,,,,,,,,
wntr_random,crash,0.0,10,2.0,2.0,2.0,2.0,24.0,24.0,24.0,24.0,-2823.8439903259277,-2823.8439903259277,-2823.8439903259277,-2823.8439903259277,,,,,0.0,0.0,0.0,0.0,0.16,0.16,0.16,0.15999999999999998,1.0,1.0,1.0,1.0,,,,,48.0,48.0,48.0,48.0,48.0,48.0,48.0,48.0,1.0,1.0,1.0,1.0,0.0,0.0,0.0,0.0,12288.0,12288.0,12288.0,12288.0,256.0,256.0,256.0,256.0,,,,,,,,,,,,,,,,,,,,,,,,,,,,,,,,,,,,,,,,,,,,,,,,,,,,,,,,,,,,,,,,,,,,,,,,,,,,,,,,,,,,
wntr_random,crash,0.01,10,2.0,2.0,2.0,2.0,24.0,24.0,24.0,24.0,-2823.8439903259277,-2823.8439903259277,-2823.8439903259277,-2823.8439903259277,,,,,0.0,0.0,0.0,0.0,0.16,0.16,0.16,0.15999999999999998,1.0,1.0,1.0,1.0,,,,,48.0,48.0,48.0,48.0,48.0,48.0,48.0,48.0,1.0,1.0,1.0,1.0,0.0,0.0,0.0,0.0,12288.0,12288.0,12288.0,12288.0,256.0,256.0,256.0,256.0,,,,,,,,,,,,,,,,,,,,,,,,,,,,,,,,,,,,,,,,,,,,,,,,,,,,,,,,,,,,,,,,,,,,,,,,,,,,,,,,,,,,
wntr_random,crash,0.05,10,2.0,2.0,2.0,2.0,24.0,24.0,24.0,24.0,-2823.8439903259277,-2823.8439903259277,-2823.8439903259277,-2823.8439903259277,,,,,0.0,0.0,0.0,0.0,0.16,0.16,0.16,0.15999999999999998,1.0,1.0,1.0,1.0,,,,,48.0,48.0,48.0,48.0,48.0,48.0,48.0,48.0,1.0,1.0,1.0,1.0,0.0,0.0,0.0,0.0,12288.0,12288.0,12288.0,12288.0,256.0,256.0,256.0,256.0,,,,,,,,,,,,,,,,,,,,,,,,,,,,,,,,,,,,,,,,,,,,,,,,,,,,,,,,,,,,,,,,,,,,,,,,,,,,,,,,,,,,
wntr_random,crash,0.1,10,2.0,2.0,2.0,2.0,24.0,24.0,24.0,24.0,-2823.8439903259277,-2823.8439903259277,-2823.8439903259277,-2823.8439903259277,,,,,0.0,0.0,0.0,0.0,0.16,0.16,0.16,0.15999999999999998,1.0,1.0,1.0,1.0,,,,,48.0,48.0,48.0,48.0,48.0,48.0,48.0,48.0,1.0,1.0,1.0,1.0,0.0,0.0,0.0,0.0,12288.0,12288.0,12288.0,12288.0,256.0,256.0,256.0,256.0,,,,,,,,,,,,,,,,,,,,,,,,,,,,,,,,,,,,,,,,,,,,,,,,,,,,,,,,,,,,,,,,,,,,,,,,,,,,,,,,,,,,
wntr_random,crash,0.2,10,2.0,2.0,2.0,2.0,24.0,24.0,24.0,24.0,-2823.8439903259277,-2823.8439903259277,-2823.8439903259277,-2823.8439903259277,,,,,0.0,0.0,0.0,0.0,0.16,0.16,0.16,0.15999999999999998,1.0,1.0,1.0,1.0,,,,,48.0,48.0,48.0,48.0,48.0,48.0,48.0,48.0,1.0,1.0,1.0,1.0,0.0,0.0,0.0,0.0,12288.0,12288.0,12288.0,12288.0,256.0,256.0,256.0,256.0,,,,,,,,,,,,,,,,,,,,,,,,,,,,,,,,,,,,,,,,,,,,,,,,,,,,,,,,,,,,,,,,,,,,,,,,,,,,,,,,,,,,
wntr_random,latency,0.0,10,2.0,2.0,2.0,2.0,24.0,24.0,24.0,24.0,-2823.8439903259277,-2823.8439903259277,-2823.8439903259277,-2823.8439903259277,,,,,0.0,0.0,0.0,0.0,0.16,0.16,0.16,0.15999999999999998,1.0,1.0,1.0,1.0,,,,,48.0,48.0,48.0,48.0,48.0,48.0,48.0,48.0,1.0,1.0,1.0,1.0,0.0,0.0,0.0,0.0,12288.0,12288.0,12288.0,12288.0,256.0,256.0,256.0,256.0,,,,,,,,,,,,,,,,,,,,,,,,,,,,,,,,,,,,,,,,,,,,,,,,,,,,,,,,,,,,,,,,,,,,,,,,,,,,,,,,,,,,
wntr_random,latency,1.0,10,2.0,2.0,2.0,2.0,24.0,24.0,24.0,24.0,-2823.8439903259277,-2823.8439903259277,-2823.8439903259277,-2823.8439903259277,,,,,0.0,0.0,0.0,0.0,0.16,0.16,0.16,0.15999999999999998,1.0,1.0,1.0,1.0,,,,,48.0,48.0,48.0,48.0,48.0,48.0,48.0,48.0,1.0,1.0,1.0,1.0,0.0,0.0,0.0,0.0,12288.0,12288.0,12288.0,12288.0,256.0,256.0,256.0,256.0,,,,,,,,,,,,,,,,,,,,,,,,,,,,,,,,,,,,,,,,,,,,,,,,,,,,,,,,,,,,,,,,,,,,,,,,,,,,,,,,,,,,
wntr_random,latency,2.0,10,2.0,2.0,2.0,2.0,24.0,24.0,24.0,24.0,-2823.8439903259277,-2823.8439903259277,-2823.8439903259277,-2823.8439903259277,,,,,0.0,0.0,0.0,0.0,0.195,0.195,0.195,0.195,2.0,2.0,2.0,2.0,,,,,48.0,48.0,48.0,48.0,46.0,46.0,46.0,46.0,0.9583333333333334,0.9583333333333334,0.9583333333333334,0.9583333333333334,0.04166666666666663,0.04166666666666663,0.04166666666666663,0.04166666666666663,11776.0,11776.0,11776.0,11776.0,256.0,256.0,256.0,256.0,,,,,,,,,,,,,,,,,,,,,,,,,,,,,,,,,,,,,,,,,,,,,,,,,,,,,,,,,,,,,,,,,,,,,,,,,,,,,,,,,,,,
wntr_random,latency,4.0,10,2.0,2.0,2.0,2.0,24.0,24.0,24.0,24.0,-2823.8439903259277,-2823.8439903259277,-2823.8439903259277,-2823.8439903259277,,,,,0.0,0.0,0.0,0.0,0.265,0.265,0.265,0.265,4.0,4.0,4.0,4.0,,,,,48.0,48.0,48.0,48.0,42.0,42.0,42.0,42.0,0.875,0.875,0.875,0.875,0.125,0.125,0.125,0.125,10752.0,10752.0,10752.0,10752.0,256.0,256.0,256.0,256.0,,,,,,,,,,,,,,,,,,,,,,,,,,,,,,,,,,,,,,,,,,,,,,,,,,,,,,,,,,,,,,,,,,,,,,,,,,,,,,,,,,,,
wntr_random,latency,8.0,10,2.0,2.0,2.0,2.0,24.0,24.0,24.0,24.0,-2823.8439903259277,-2823.8439903259277,-2823.8439903259277,-2823.8439903259277,,,,,0.0,0.0,0.0,0.0,0.405,0.405,0.405,0.4050000000000001,8.0,8.0,8.0,8.0,,,,,48.0,48.0,48.0,48.0,34.0,34.0,34.0,34.0,0.7083333333333334,0.7083333333333334,0.7083333333333334,0.7083333333333333,0.29166666666666663,0.29166666666666663,0.29166666666666663,0.29166666666666663,8704.0,8704.0,8704.0,8704.0,256.0,256.0,256.0,256.0,,,,,,,,,,,,,,,,,,,,,,,,,,,,,,,,,,,,,,,,,,,,,,,,,,,,,,,,,,,,,,,,,,,,,,,,,,,,,,,,,,,,
wntr_random,msg_drop,0.0,10,2.0,2.0,2.0,2.0,24.0,24.0,24.0,24.0,-2823.8439903259277,-2823.8439903259277,-2823.8439903259277,-2823.8439903259277,,,,,0.0,0.0,0.0,0.0,0.16,0.16,0.16,0.15999999999999998,1.0,1.0,1.0,1.0,,,,,48.0,48.0,48.0,48.0,48.0,48.0,48.0,48.0,1.0,1.0,1.0,1.0,0.0,0.0,0.0,0.0,12288.0,12288.0,12288.0,12288.0,256.0,256.0,256.0,256.0,,,,,,,,,,,,,,,,,,,,,,,,,,,,,,,,,,,,,,,,,,,,,,,,,,,,,,,,,,,,,,,,,,,,,,,,,,,,,,,,,,,,
wntr_random,msg_drop,0.1,10,2.0,2.0,2.0,2.0,24.0,24.0,24.0,24.0,-2823.8439903259277,-2823.8439903259277,-2823.8439903259277,-2823.8439903259277,,,,,0.0,0.0,0.0,0.0,0.234375,0.265,0.265,0.251,1.0,1.0,1.0,1.0,,,,,48.0,48.0,48.0,48.0,42.0,42.0,43.75,42.8,0.875,0.875,0.9114583333333333,0.8916666666666666,0.08854166666666669,0.125,0.125,0.10833333333333332,10752.0,10752.0,11200.0,10956.8,256.0,256.0,256.0,256.0,,,,,,,,,,,,,,,,,,,,,,,,,,,,,,,,,,,,,,,,,,,,,,,,,,,,,,,,,,,,,,,,,,,,,,,,,,,,,,,,,,,,
wntr_random,msg_drop,0.3,10,2.0,2.0,2.0,2.0,24.0,24.0,24.0,24.0,-2823.8439903259277,-2823.8439903259277,-2823.8439903259277,-2823.8439903259277,,,,,0.0,0.0,0.0,0.0,0.37,0.4225,0.44,0.4085,1.0,1.0,1.0,1.0,,,,,48.0,48.0,48.0,48.0,32.0,33.0,36.0,33.8,0.6666666666666666,0.6875,0.75,0.7041666666666667,0.25,0.3125,0.33333333333333337,0.29583333333333334,8192.0,8448.0,9216.0,8652.8,256.0,256.0,256.0,256.0,,,,,,,,,,,,,,,,,,,,,,,,,,,,,,,,,,,,,,,,,,,,,,,,,,,,,,,,,,,,,,,,,,,,,,,,,,,,,,,,,,,,
wntr_random,msg_drop,0.5,10,2.0,2.0,2.0,2.0,24.0,24.0,24.0,24.0,-2823.8439903259277,-2823.8439903259277,-2823.8439903259277,-2823.8439903259277,,,,,0.0,0.0,0.0,0.0,0.51875,0.5974999999999999,0.615,0.57125,1.0,1.0,1.0,1.0,,,,,48.0,48.0,48.0,48.0,22.0,23.0,27.5,24.5,0.4583333333333333,0.47916666666666663,0.5729166666666667,0.5104166666666666,0.4270833333333333,0.5208333333333334,0.5416666666666667,0.48958333333333337,5632.0,5888.0,7040.0,6272.0,256.0,256.0,256.0,256.0,,,,,,,,,,,,,,,,,,,,,,,,,,,,,,,,,,,,,,,,,,,,,,,,,,,,,,,,,,,,,,,,,,,,,,,,,,,,,,,,,,,,
wntr_random,msg_drop,0.7,10,2.0,2.0,2.0,2.0,24.0,24.0,24.0,24.0,-2823.8439903259277,-2823.8439903259277,-2823.8439903259277,-2823.8439903259277,,,,,0.0,0.0,0.0,0.0,0.715625,0.755,0.7725,0.73925,1.0,1.0,1.0,1.0,,,,,48.0,48.0,48.0,48.0,13.0,14.0,16.25,14.9,0.2708333333333333,0.2916666666666667,0.3385416666666667,0.3104166666666667,0.6614583333333333,0.7083333333333333,0.7291666666666667,0.6895833333333333,3328.0,3584.0,4160.0,3814.4,256.0,256.0,256.0,256.0,,,,,,,,,,,,,,,,,,,,,,,,,,,,,,,,,,,,,,,,,,,,,,,,,,,,,,,,,,,,,,,,,,,,,,,,,,,,,,,,,,,,
wntr_random,msg_drop,1.0,10,2.0,2.0,2.0,2.0,24.0,24.0,24.0,24.0,-2823.8439903259277,-2823.8439903259277,-2823.8439903259277,-2823.8439903259277,,,,,0.0,0.0,0.0,0.0,1.0,1.0,1.0,1.0,0.0,0.0,0.0,0.0,,,,,48.0,48.0,48.0,48.0,0.0,0.0,0.0,0.0,0.0,0.0,0.0,0.0,1.0,1.0,1.0,1.0,0.0,0.0,0.0,0.0,0.0,0.0,0.0,0.0,,,,,,,,,,,,,,,,,,,,,,,,,,,,,,,,,,,,,,,,,,,,,,,,,,,,,,,,,,,,,,,,,,,,,,,,,,,,,,,,,,,,
wntr_rule,actuator,0.0,10,2.0,2.0,2.0,2.0,24.0,24.0,24.0,24.0,-2823.8439903259277,-2823.8439903259277,-2823.8439903259277,-2823.8439903259277,,,,,0.0,0.0,0.0,0.0,0.16,0.16,0.16,0.15999999999999998,1.0,1.0,1.0,1.0,,,,,48.0,48.0,48.0,48.0,48.0,48.0,48.0,48.0,1.0,1.0,1.0,1.0,0.0,0.0,0.0,0.0,12288.0,12288.0,12288.0,12288.0,256.0,256.0,256.0,256.0,,,,,,,,,,,,,,,,,,,,,,,,,,,,,,,,,,,,,,,,,,,,,,,,,,,,,,,,,,,,,,,,,,,,,,,,,,,,,,,,,,,,
wntr_rule,actuator,0.1,10,2.0,2.0,2.0,2.0,24.0,24.0,24.0,24.0,-2823.8439903259277,-2823.8439903259277,-2823.8439903259277,-2823.8439903259277,,,,,0.0,0.0,0.0,0.0,0.16,0.16,0.16,0.15999999999999998,1.0,1.0,1.0,1.0,,,,,48.0,48.0,48.0,48.0,48.0,48.0,48.0,48.0,1.0,1.0,1.0,1.0,0.0,0.0,0.0,0.0,12288.0,12288.0,12288.0,12288.0,256.0,256.0,256.0,256.0,,,,,,,,,,,,,,,,,,,,,,,,,,,,,,,,,,,,,,,,,,,,,,,,,,,,,,,,,,,,,,,,,,,,,,,,,,,,,,,,,,,,
wntr_rule,actuator,0.3,10,2.0,2.0,2.0,2.0,24.0,24.0,24.0,24.0,-2823.8439903259277,-2823.8439903259277,-2823.8439903259277,-2823.8439903259277,,,,,0.0,0.0,0.0,0.0,0.16,0.16,0.16,0.15999999999999998,1.0,1.0,1.0,1.0,,,,,48.0,48.0,48.0,48.0,48.0,48.0,48.0,48.0,1.0,1.0,1.0,1.0,0.0,0.0,0.0,0.0,12288.0,12288.0,12288.0,12288.0,256.0,256.0,256.0,256.0,,,,,,,,,,,,,,,,,,,,,,,,,,,,,,,,,,,,,,,,,,,,,,,,,,,,,,,,,,,,,,,,,,,,,,,,,,,,,,,,,,,,
wntr_rule,actuator,0.5,10,2.0,2.0,2.0,2.0,24.0,24.0,24.0,24.0,-2823.8439903259277,-2823.8439903259277,-2823.8439903259277,-2823.8439903259277,,,,,0.0,0.0,0.0,0.0,0.16,0.16,0.16,0.15999999999999998,1.0,1.0,1.0,1.0,,,,,48.0,48.0,48.0,48.0,48.0,48.0,48.0,48.0,1.0,1.0,1.0,1.0,0.0,0.0,0.0,0.0,12288.0,12288.0,12288.0,12288.0,256.0,256.0,256.0,256.0,,,,,,,,,,,,,,,,,,,,,,,,,,,,,,,,,,,,,,,,,,,,,,,,,,,,,,,,,,,,,,,,,,,,,,,,,,,,,,,,,,,,
wntr_rule,bandwidth,0.0,10,2.0,2.0,2.0,2.0,24.0,24.0,24.0,24.0,-2823.8439903259277,-2823.8439903259277,-2823.8439903259277,-2823.8439903259277,,,,,0.0,0.0,0.0,0.0,0.16,0.16,0.16,0.15999999999999998,1.0,1.0,1.0,1.0,,,,,48.0,48.0,48.0,48.0,48.0,48.0,48.0,48.0,1.0,1.0,1.0,1.0,0.0,0.0,0.0,0.0,12288.0,12288.0,12288.0,12288.0,256.0,256.0,256.0,256.0,,,,,,,,,,,,,,,,,,,,,,,,,,,,,,,,,,,,,,,,,,,,,,,,,,,,,,,,,,,,,,,,,,,,,,,,,,,,,,,,,,,,
wntr_rule,bandwidth,1.0,10,2.0,2.0,2.0,2.0,24.0,24.0,24.0,24.0,-2823.8439903259277,-2823.8439903259277,-2823.8439903259277,-2823.8439903259277,,,,,7.4291328600467645,7.4291328600467645,7.4291328600467645,7.429132860046765,0.04,0.04,0.04,0.039999999999999994,1.0,1.0,1.0,1.0,,,,,48.0,48.0,48.0,48.0,48.0,48.0,48.0,48.0,1.0,1.0,1.0,1.0,0.0,0.0,0.0,0.0,384.0,384.0,384.0,384.0,8.0,8.0,8.0,8.0,,,,,,,,,,,,,,,,,,,,,,,,,,,,,,,,,,,,,,,,,,,,,,,,,,,,,,,,,,,,,,,,,,,,,,,,,,,,,,,,,,,,
wntr_rule,bandwidth,2.0,10,2.0,2.0,2.0,2.0,24.0,24.0,24.0,24.0,-2823.8439903259277,-2823.8439903259277,-2823.8439903259277,-2823.8439903259277,,,,,0.6124753854484918,0.6124753854484918,0.6124753854484918,0.6124753854484918,0.04,0.04,0.04,0.039999999999999994,1.0,1.0,1.0,1.0,,,,,48.0,48.0,48.0,48.0,48.0,48.0,48.0,48.0,1.0,1.0,1.0,1.0,0.0,0.0,0.0,0.0,768.0,768.0,768.0,768.0,16.0,16.0,16.0,16.0,,,,,,,,,,,,,,,,,,,,,,,,,,,,,,,,,,,,,,,,,,,,,,,,,,,,,,,,,,,,,,,,,,,,,,,,,,,,,,,,,,,,
wntr_rule,bandwidth,3.0,10,2.0,2.0,2.0,2.0,24.0,24.0,24.0,24.0,-2823.8439903259277,-2823.8439903259277,-2823.8439903259277,-2823.8439903259277,,,,,0.13424671923673978,0.13424671923673978,0.13424671923673978,0.13424671923673978,0.04,0.04,0.04,0.039999999999999994,1.0,1.0,1.0,1.0,,,,,48.0,48.0,48.0,48.0,48.0,48.0,48.0,48.0,1.0,1.0,1.0,1.0,0.0,0.0,0.0,0.0,1152.0,1152.0,1152.0,1152.0,24.0,24.0,24.0,24.0,,,,,,,,,,,,,,,,,,,,,,,,,,,,,,,,,,,,,,,,,,,,,,,,,,,,,,,,,,,,,,,,,,,,,,,,,,,,,,,,,,,,
wntr_rule,bandwidth,4.0,10,2.0,2.0,2.0,2.0,24.0,24.0,24.0,24.0,-2823.8439903259277,-2823.8439903259277,-2823.8439903259277,-2823.8439903259277,,,,,0.028516040242474894,0.028516040242474894,0.028516040242474894,0.028516040242474894,0.04,0.04,0.04,0.039999999999999994,1.0,1.0,1.0,1.0,,,,,48.0,48.0,48.0,48.0,48.0,48.0,48.0,48.0,1.0,1.0,1.0,1.0,0.0,0.0,0.0,0.0,1536.0,1536.0,1536.0,1536.0,32.0,32.0,32.0,32.0,,,,,,,,,,,,,,,,,,,,,,,,,,,,,,,,,,,,,,,,,,,,,,,,,,,,,,,,,,,,,,,,,,,,,,,,,,,,,,,,,,,,
wntr_rule,bandwidth,8.0,10,2.0,2.0,2.0,2.0,24.0,24.0,24.0,24.0,-2823.8439903259277,-2823.8439903259277,-2823.8439903259277,-2823.8439903259277,,,,,7.13438174620233e-05,7.13438174620233e-05,7.13438174620233e-05,7.13438174620233e-05,0.04,0.04,0.04,0.039999999999999994,1.0,1.0,1.0,1.0,,,,,48.0,48.0,48.0,48.0,48.0,48.0,48.0,48.0,1.0,1.0,1.0,1.0,0.0,0.0,0.0,0.0,3072.0,3072.0,3072.0,3072.0,64.0,64.0,64.0,64.0,,,,,,,,,,,,,,,,,,,,,,,,,,,,,,,,,,,,,,,,,,,,,,,,,,,,,,,,,,,,,,,,,,,,,,,,,,,,,,,,,,,,
wntr_rule,crash,0.0,10,2.0,2.0,2.0,2.0,24.0,24.0,24.0,24.0,-2823.8439903259277,-2823.8439903259277,-2823.8439903259277,-2823.8439903259277,,,,,0.0,0.0,0.0,0.0,0.16,0.16,0.16,0.15999999999999998,1.0,1.0,1.0,1.0,,,,,48.0,48.0,48.0,48.0,48.0,48.0,48.0,48.0,1.0,1.0,1.0,1.0,0.0,0.0,0.0,0.0,12288.0,12288.0,12288.0,12288.0,256.0,256.0,256.0,256.0,,,,,,,,,,,,,,,,,,,,,,,,,,,,,,,,,,,,,,,,,,,,,,,,,,,,,,,,,,,,,,,,,,,,,,,,,,,,,,,,,,,,
wntr_rule,crash,0.01,10,2.0,2.0,2.0,2.0,24.0,24.0,24.0,24.0,-2823.8439903259277,-2823.8439903259277,-2823.8439903259277,-2823.8439903259277,,,,,0.0,0.0,0.0,0.0,0.16,0.16,0.16,0.15999999999999998,1.0,1.0,1.0,1.0,,,,,48.0,48.0,48.0,48.0,48.0,48.0,48.0,48.0,1.0,1.0,1.0,1.0,0.0,0.0,0.0,0.0,12288.0,12288.0,12288.0,12288.0,256.0,256.0,256.0,256.0,,,,,,,,,,,,,,,,,,,,,,,,,,,,,,,,,,,,,,,,,,,,,,,,,,,,,,,,,,,,,,,,,,,,,,,,,,,,,,,,,,,,
wntr_rule,crash,0.05,10,2.0,2.0,2.0,2.0,24.0,24.0,24.0,24.0,-2823.8439903259277,-2823.8439903259277,-2823.8439903259277,-2823.8439903259277,,,,,0.0,0.0,0.0,0.0,0.16,0.16,0.16,0.15999999999999998,1.0,1.0,1.0,1.0,,,,,48.0,48.0,48.0,48.0,48.0,48.0,48.0,48.0,1.0,1.0,1.0,1.0,0.0,0.0,0.0,0.0,12288.0,12288.0,12288.0,12288.0,256.0,256.0,256.0,256.0,,,,,,,,,,,,,,,,,,,,,,,,,,,,,,,,,,,,,,,,,,,,,,,,,,,,,,,,,,,,,,,,,,,,,,,,,,,,,,,,,,,,
wntr_rule,crash,0.1,10,2.0,2.0,2.0,2.0,24.0,24.0,24.0,24.0,-2823.8439903259277,-2823.8439903259277,-2823.8439903259277,-2823.8439903259277,,,,,0.0,0.0,0.0,0.0,0.16,0.16,0.16,0.15999999999999998,1.0,1.0,1.0,1.0,,,,,48.0,48.0,48.0,48.0,48.0,48.0,48.0,48.0,1.0,1.0,1.0,1.0,0.0,0.0,0.0,0.0,12288.0,12288.0,12288.0,12288.0,256.0,256.0,256.0,256.0,,,,,,,,,,,,,,,,,,,,,,,,,,,,,,,,,,,,,,,,,,,,,,,,,,,,,,,,,,,,,,,,,,,,,,,,,,,,,,,,,,,,
wntr_rule,crash,0.2,10,2.0,2.0,2.0,2.0,24.0,24.0,24.0,24.0,-2823.8439903259277,-2823.8439903259277,-2823.8439903259277,-2823.8439903259277,,,,,0.0,0.0,0.0,0.0,0.16,0.16,0.16,0.15999999999999998,1.0,1.0,1.0,1.0,,,,,48.0,48.0,48.0,48.0,48.0,48.0,48.0,48.0,1.0,1.0,1.0,1.0,0.0,0.0,0.0,0.0,12288.0,12288.0,12288.0,12288.0,256.0,256.0,256.0,256.0,,,,,,,,,,,,,,,,,,,,,,,,,,,,,,,,,,,,,,,,,,,,,,,,,,,,,,,,,,,,,,,,,,,,,,,,,,,,,,,,,,,,
wntr_rule,latency,0.0,10,2.0,2.0,2.0,2.0,24.0,24.0,24.0,24.0,-2823.8439903259277,-2823.8439903259277,-2823.8439903259277,-2823.8439903259277,,,,,0.0,0.0,0.0,0.0,0.16,0.16,0.16,0.15999999999999998,1.0,1.0,1.0,1.0,,,,,48.0,48.0,48.0,48.0,48.0,48.0,48.0,48.0,1.0,1.0,1.0,1.0,0.0,0.0,0.0,0.0,12288.0,12288.0,12288.0,12288.0,256.0,256.0,256.0,256.0,,,,,,,,,,,,,,,,,,,,,,,,,,,,,,,,,,,,,,,,,,,,,,,,,,,,,,,,,,,,,,,,,,,,,,,,,,,,,,,,,,,,
wntr_rule,latency,1.0,10,2.0,2.0,2.0,2.0,24.0,24.0,24.0,24.0,-2823.8439903259277,-2823.8439903259277,-2823.8439903259277,-2823.8439903259277,,,,,0.0,0.0,0.0,0.0,0.16,0.16,0.16,0.15999999999999998,1.0,1.0,1.0,1.0,,,,,48.0,48.0,48.0,48.0,48.0,48.0,48.0,48.0,1.0,1.0,1.0,1.0,0.0,0.0,0.0,0.0,12288.0,12288.0,12288.0,12288.0,256.0,256.0,256.0,256.0,,,,,,,,,,,,,,,,,,,,,,,,,,,,,,,,,,,,,,,,,,,,,,,,,,,,,,,,,,,,,,,,,,,,,,,,,,,,,,,,,,,,
wntr_rule,latency,2.0,10,2.0,2.0,2.0,2.0,24.0,24.0,24.0,24.0,-2823.8439903259277,-2823.8439903259277,-2823.8439903259277,-2823.8439903259277,,,,,0.0,0.0,0.0,0.0,0.195,0.195,0.195,0.195,2.0,2.0,2.0,2.0,,,,,48.0,48.0,48.0,48.0,46.0,46.0,46.0,46.0,0.9583333333333334,0.9583333333333334,0.9583333333333334,0.9583333333333334,0.04166666666666663,0.04166666666666663,0.04166666666666663,0.04166666666666663,11776.0,11776.0,11776.0,11776.0,256.0,256.0,256.0,256.0,,,,,,,,,,,,,,,,,,,,,,,,,,,,,,,,,,,,,,,,,,,,,,,,,,,,,,,,,,,,,,,,,,,,,,,,,,,,,,,,,,,,
wntr_rule,latency,4.0,10,2.0,2.0,2.0,2.0,24.0,24.0,24.0,24.0,-2823.8439903259277,-2823.8439903259277,-2823.8439903259277,-2823.8439903259277,,,,,0.0,0.0,0.0,0.0,0.265,0.265,0.265,0.265,4.0,4.0,4.0,4.0,,,,,48.0,48.0,48.0,48.0,42.0,42.0,42.0,42.0,0.875,0.875,0.875,0.875,0.125,0.125,0.125,0.125,10752.0,10752.0,10752.0,10752.0,256.0,256.0,256.0,256.0,,,,,,,,,,,,,,,,,,,,,,,,,,,,,,,,,,,,,,,,,,,,,,,,,,,,,,,,,,,,,,,,,,,,,,,,,,,,,,,,,,,,
wntr_rule,latency,8.0,10,2.0,2.0,2.0,2.0,24.0,24.0,24.0,24.0,-2823.8439903259277,-2823.8439903259277,-2823.8439903259277,-2823.8439903259277,,,,,0.0,0.0,0.0,0.0,0.405,0.405,0.405,0.4050000000000001,8.0,8.0,8.0,8.0,,,,,48.0,48.0,48.0,48.0,34.0,34.0,34.0,34.0,0.7083333333333334,0.7083333333333334,0.7083333333333334,0.7083333333333333,0.29166666666666663,0.29166666666666663,0.29166666666666663,0.29166666666666663,8704.0,8704.0,8704.0,8704.0,256.0,256.0,256.0,256.0,,,,,,,,,,,,,,,,,,,,,,,,,,,,,,,,,,,,,,,,,,,,,,,,,,,,,,,,,,,,,,,,,,,,,,,,,,,,,,,,,,,,
wntr_rule,msg_drop,0.0,10,2.0,2.0,2.0,2.0,24.0,24.0,24.0,24.0,-2823.8439903259277,-2823.8439903259277,-2823.8439903259277,-2823.8439903259277,,,,,0.0,0.0,0.0,0.0,0.16,0.16,0.16,0.15999999999999998,1.0,1.0,1.0,1.0,,,,,48.0,48.0,48.0,48.0,48.0,48.0,48.0,48.0,1.0,1.0,1.0,1.0,0.0,0.0,0.0,0.0,12288.0,12288.0,12288.0,12288.0,256.0,256.0,256.0,256.0,,,,,,,,,,,,,,,,,,,,,,,,,,,,,,,,,,,,,,,,,,,,,,,,,,,,,,,,,,,,,,,,,,,,,,,,,,,,,,,,,,,,
wntr_rule,msg_drop,0.1,10,2.0,2.0,2.0,2.0,24.0,24.0,24.0,24.0,-2823.8439903259277,-2823.8439903259277,-2823.8439903259277,-2823.8439903259277,,,,,0.0,0.0,0.0,0.0,0.234375,0.265,0.265,0.251,1.0,1.0,1.0,1.0,,,,,48.0,48.0,48.0,48.0,42.0,42.0,43.75,42.8,0.875,0.875,0.9114583333333333,0.8916666666666666,0.08854166666666669,0.125,0.125,0.10833333333333332,10752.0,10752.0,11200.0,10956.8,256.0,256.0,256.0,256.0,,,,,,,,,,,,,,,,,,,,,,,,,,,,,,,,,,,,,,,,,,,,,,,,,,,,,,,,,,,,,,,,,,,,,,,,,,,,,,,,,,,,
wntr_rule,msg_drop,0.3,10,2.0,2.0,2.0,2.0,24.0,24.0,24.0,24.0,-2823.8439903259277,-2823.8439903259277,-2823.8439903259277,-2823.8439903259277,,,,,0.0,0.0,0.0,0.0,0.37,0.4225,0.44,0.4085,1.0,1.0,1.0,1.0,,,,,48.0,48.0,48.0,48.0,32.0,33.0,36.0,33.8,0.6666666666666666,0.6875,0.75,0.7041666666666667,0.25,0.3125,0.33333333333333337,0.29583333333333334,8192.0,8448.0,9216.0,8652.8,256.0,256.0,256.0,256.0,,,,,,,,,,,,,,,,,,,,,,,,,,,,,,,,,,,,,,,,,,,,,,,,,,,,,,,,,,,,,,,,,,,,,,,,,,,,,,,,,,,,
wntr_rule,msg_drop,0.5,10,2.0,2.0,2.0,2.0,24.0,24.0,24.0,24.0,-2823.8439903259277,-2823.8439903259277,-2823.8439903259277,-2823.8439903259277,,,,,0.0,0.0,0.0,0.0,0.51875,0.5974999999999999,0.615,0.57125,1.0,1.0,1.0,1.0,,,,,48.0,48.0,48.0,48.0,22.0,23.0,27.5,24.5,0.4583333333333333,0.47916666666666663,0.5729166666666667,0.5104166666666666,0.4270833333333333,0.5208333333333334,0.5416666666666667,0.48958333333333337,5632.0,5888.0,7040.0,6272.0,256.0,256.0,256.0,256.0,,,,,,,,,,,,,,,,,,,,,,,,,,,,,,,,,,,,,,,,,,,,,,,,,,,,,,,,,,,,,,,,,,,,,,,,,,,,,,,,,,,,
wntr_rule,msg_drop,0.7,10,2.0,2.0,2.0,2.0,24.0,24.0,24.0,24.0,-2823.8439903259277,-2823.8439903259277,-2823.8439903259277,-2823.8439903259277,,,,,0.0,0.0,0.0,0.0,0.715625,0.755,0.7725,0.73925,1.0,1.0,1.0,1.0,,,,,48.0,48.0,48.0,48.0,13.0,14.0,16.25,14.9,0.2708333333333333,0.2916666666666667,0.3385416666666667,0.3104166666666667,0.6614583333333333,0.7083333333333333,0.7291666666666667,0.6895833333333333,3328.0,3584.0,4160.0,3814.4,256.0,256.0,256.0,256.0,,,,,,,,,,,,,,,,,,,,,,,,,,,,,,,,,,,,,,,,,,,,,,,,,,,,,,,,,,,,,,,,,,,,,,,,,,,,,,,,,,,,
wntr_rule,msg_drop,1.0,10,2.0,2.0,2.0,2.0,24.0,24.0,24.0,24.0,-2823.8439903259277,-2823.8439903259277,-2823.8439903259277,-2823.8439903259277,,,,,0.0,0.0,0.0,0.0,1.0,1.0,1.0,1.0,0.0,0.0,0.0,0.0,,,,,48.0,48.0,48.0,48.0,0.0,0.0,0.0,0.0,0.0,0.0,0.0,0.0,1.0,1.0,1.0,1.0,0.0,0.0,0.0,0.0,0.0,0.0,0.0,0.0,,,,,,,,,,,,,,,,,,,,,,,,,,,,,,,,,,,,,,,,,,,,,,,,,,,,,,,,,,,,,,,,,,,,,,,,,,,,,,,,,,,,
wntr_rule,sensor_noise,0.0,10,2.0,2.0,2.0,2.0,24.0,24.0,24.0,24.0,-2823.8439903259277,-2823.8439903259277,-2823.8439903259277,-2823.8439903259277,,,,,0.0,0.0,0.0,0.0,0.16,0.16,0.16,0.15999999999999998,1.0,1.0,1.0,1.0,,,,,48.0,48.0,48.0,48.0,48.0,48.0,48.0,48.0,1.0,1.0,1.0,1.0,0.0,0.0,0.0,0.0,12288.0,12288.0,12288.0,12288.0,256.0,256.0,256.0,256.0,,,,,,,,,,,,,,,,,,,,,,,,,,,,,,,,,,,,,,,,,,,,,,,,,,,,,,,,,,,,,,,,,,,,,,,,,,,,,,,,,,,,
wntr_rule,sensor_noise,0.1,10,2.0,2.0,2.0,2.0,24.0,24.0,24.0,24.0,-2823.8439903259277,-2823.8439903259277,-2823.8439903259277,-2823.8439903259277,,,,,0.0,0.0,0.0,0.0,0.16,0.16,0.16,0.15999999999999998,1.0,1.0,1.0,1.0,,,,,48.0,48.0,48.0,48.0,48.0,48.0,48.0,48.0,1.0,1.0,1.0,1.0,0.0,0.0,0.0,0.0,12288.0,12288.0,12288.0,12288.0,256.0,256.0,256.0,256.0,,,,,,,,,,,,,,,,,,,,,,,,,,,,,,,,,,,,,,,,,,,,,,,,,,,,,,,,,,,,,,,,,,,,,,,,,,,,,,,,,,,,
wntr_rule,sensor_noise,0.3,10,2.0,2.0,2.0,2.0,24.0,24.0,24.0,24.0,-2823.8439903259277,-2823.8439903259277,-2823.8439903259277,-2823.8439903259277,,,,,0.0,0.0,0.0,0.0,0.16,0.16,0.16,0.15999999999999998,1.0,1.0,1.0,1.0,,,,,48.0,48.0,48.0,48.0,48.0,48.0,48.0,48.0,1.0,1.0,1.0,1.0,0.0,0.0,0.0,0.0,12288.0,12288.0,12288.0,12288.0,256.0,256.0,256.0,256.0,,,,,,,,,,,,,,,,,,,,,,,,,,,,,,,,,,,,,,,,,,,,,,,,,,,,,,,,,,,,,,,,,,,,,,,,,,,,,,,,,,,,
wntr_rule,sensor_noise,0.5,10,2.0,2.0,2.0,2.0,24.0,24.0,24.0,24.0,-2823.8439903259277,-2823.8439903259277,-2823.8439903259277,-2823.8439903259277,,,,,0.0,0.0,0.0,0.0,0.16,0.16,0.16,0.15999999999999998,1.0,1.0,1.0,1.0,,,,,48.0,48.0,48.0,48.0,48.0,48.0,48.0,48.0,1.0,1.0,1.0,1.0,0.0,0.0,0.0,0.0,12288.0,12288.0,12288.0,12288.0,256.0,256.0,256.0,256.0,,,,,,,,,,,,,,,,,,,,,,,,,,,,,,,,,,,,,,,,,,,,,,,,,,,,,,,,,,,,,,,,,,,,,,,,,,,,,,,,,,,,
wntr_rule,sensor_noise,1.0,10,2.0,2.0,2.0,2.0,24.0,24.0,24.0,24.0,-2823.8439903259277,-2823.8439903259277,-2823.8439903259277,-2823.8439903259277,,,,,0.0,0.0,0.0,0.0,0.16,0.16,0.16,0.15999999999999998,1.0,1.0,1.0,1.0,,,,,48.0,48.0,48.0,48.0,48.0,48.0,48.0,48.0,1.0,1.0,1.0,1.0,0.0,0.0,0.0,0.0,12288.0,12288.0,12288.0,12288.0,256.0,256.0,256.0,256.0,,,,,,,,,,,,,,,,,,,,,,,,,,,,,,,,,,,,,,,,,,,,,,,,,,,,,,,,,,,,,,,,,,,,,,,,,,,,,,,,,,,,
