benchmark,n_agents,steps,topology,return,final_disagreement,comm_mse,comm_zero_frac,comm_age_mean,comm_age_peak,sent_msgs,delivered_real_msgs,delivery_rate,loss_rate,delivered_bits,bits_per_delivered,status_none,status_delivered,status_replayed,status_spoofed,status_dropped,status_jammed,status_partitioned,status_stale,algo,lyap_rho,lyap_rho_r2,lyap_monotone_frac,lyap_ultimate_bound,lyap_mean_drift,time_to_eps,converged,nominal_lambda2,eff_lambda2,task,task_name,family,value,seed,episode
consensus,20,60,ring_plus,-0.005482431650517084,0.005482431650517084,0.0,0.0,0.0,0.0,5040.0,5040.0,1.0,0.0,161280.0,32.0,0.0,5040.0,0.0,0.0,0.0,0.0,0.0,0.0,median,0.9153796126179674,0.8893141208430875,1.0,0.009240556291100158,-0.18169534730398246,16.0,1.0,1.399646125476325,1.3996461254763248,consensus_median,consensus_median,msg_drop,0.0,0,0
consensus,20,60,ring_plus,-0.0022524075034309134,0.0022524075034309134,0.0,0.0,0.0,0.0,5400.0,5400.0,1.0,0.0,172800.0,32.0,0.0,5400.0,0.0,0.0,0.0,0.0,0.0,0.0,median,0.8868894533962743,0.948095047355784,1.0,0.004040617335849671,-0.28466567557913613,17.0,1.0,1.320493917398932,1.320493917398932,consensus_median,consensus_median,msg_drop,0.0,1,0
consensus,20,60,ring_plus,-1.0757817627825737e-05,1.0757817627825737e-05,0.0,0.0,0.0,0.0,6120.0,6120.0,1.0,0.0,195840.0,32.0,0.0,6120.0,0.0,0.0,0.0,0.0,0.0,0.0,median,0.8029072662488145,0.9951107096363998,1.0,4.5457540449862186e-05,-0.3046852401857191,14.0,1.0,1.55469612182113,1.5546961218211295,consensus_median,consensus_median,msg_drop,0.0,2,0
consensus,20,60,ring_plus,-0.00018438166122980556,0.00018438166122980556,0.0,0.0,0.0,0.0,5040.0,5040.0,1.0,0.0,161280.0,32.0,0.0,5040.0,0.0,0.0,0.0,0.0,0.0,0.0,median,0.8371772439263904,0.9929626121047088,1.0,0.000744942995449872,-0.4374402416532132,21.0,1.0,1.2627284000071304,1.2627284000071306,consensus_median,consensus_median,msg_drop,0.0,3,0
consensus,20,60,ring_plus,-1.7632338623002975e-06,1.7632338623002975e-06,0.0,0.0,0.0,0.0,5640.0,5640.0,1.0,0.0,180480.0,32.0,0.0,5640.0,0.0,0.0,0.0,0.0,0.0,0.0,median,0.7871303711427364,0.9892653375314289,1.0,7.5488257383975825e-06,-0.25709857792226143,11.0,1.0,1.3711704029417888,1.3711704029417888,consensus_median,consensus_median,msg_drop,0.0,4,0
consensus,20,60,ring_plus,-0.13883186854417218,0.13883186854417218,0.0,0.0,0.0,0.0,6360.0,6360.0,1.0,0.0,203520.0,32.0,0.0,6360.0,0.0,0.0,0.0,0.0,0.0,0.0,median,0.9600207839121924,0.43787725467610616,1.0,0.13883230737275712,-0.25228304976877663,18.0,1.0,1.6160985120576443,1.616098512057644,consensus_median,consensus_median,msg_drop,0.0,5,0
consensus,20,60,ring_plus,-0.00025687201397392407,0.00025687201397392407,0.0,0.0,0.0,0.0,4680.0,4680.0,1.0,0.0,149760.0,32.0,0.0,4680.0,0.0,0.0,0.0,0.0,0.0,0.0,median,0.8475205063686533,0.981351379392753,1.0,0.0005194339102027597,-0.3500812812740955,16.0,1.0,0.9450014459069909,0.9450014459069908,consensus_median,consensus_median,msg_drop,0.0,6,0
consensus,20,60,ring_plus,-6.615934702086204e-06,6.615934702086204e-06,0.0,0.0,0.0,0.0,6480.0,6480.0,1.0,0.0,207360.0,32.0,0.0,6480.0,0.0,0.0,0.0,0.0,0.0,0.0,median,0.800548284567372,0.9881547098203891,1.0,2.697664426169475e-05,-0.3212183139232611,11.0,1.0,2.218617553571293,2.218617553571293,consensus_median,consensus_median,msg_drop,0.0,7,0
consensus,20,60,ring_plus,-0.061134390726600735,0.061134390726600735,0.0,0.0,0.0,0.0,4200.0,4200.0,1.0,0.0,134400.0,32.0,0.0,4200.0,0.0,0.0,0.0,0.0,0.0,0.0,median,0.9476347521361681,0.6576378148377107,1.0,0.06170680693486514,-0.2243417913488512,19.0,1.0,0.7964836768628718,0.7964836768628717,consensus_median,consensus_median,msg_drop,0.0,8,0
consensus,20,60,ring_plus,-0.0005079551485993235,0.0005079551485993235,0.0,0.0,0.0,0.0,5280.0,5280.0,1.0,0.0,168960.0,32.0,0.0,5280.0,0.0,0.0,0.0,0.0,0.0,0.0,median,0.8724697640882209,0.9714170647982108,1.0,0.0015473166584628391,-0.2458919862472769,23.0,1.0,0.9413291035084279,0.9413291035084281,consensus_median,consensus_median,msg_drop,0.0,9,0
consensus,20,60,ring_plus,-0.0005806586567501641,0.0005806586567501641,0.0,0.10277777777777777,0.0,0.0,5040.0,4522.0,0.8972222222222223,0.10277777777777775,144704.0,32.0,0.0,4522.0,0.0,0.0,518.0,0.0,0.0,0.0,median,0.877218354760738,0.9474997827832483,1.0,0.0013212712144674652,-0.18177704352054525,14.0,1.0,1.399646125476325,1.3458235410014037,consensus_median,consensus_median,msg_drop,0.1,0,0
consensus,20,60,ring_plus,-0.0013907509926754402,0.0013907509926754402,0.0,0.1037037037037037,0.0,0.0,5400.0,4840.0,0.8962962962962963,0.10370370370370374,154880.0,32.0,0.0,4840.0,0.0,0.0,560.0,0.0,0.0,0.0,median,0.877611968246154,0.9787546530195941,1.0,0.003191656109034238,-0.284680036520982,22.0,1.0,1.320493917398932,1.2572950674741608,consensus_median,consensus_median,msg_drop,0.1,1,0
consensus,20,60,ring_plus,-7.863356091850168e-07,7.863356091850168e-07,0.0,0.10326797385620914,0.0,0.0,6120.0,5488.0,0.8967320261437909,0.10326797385620912,175616.0,32.0,0.0,5488.0,0.0,0.0,632.0,0.0,0.0,0.0,median,0.7741192050810907,0.9963827335404977,1.0,7.824788395289772e-06,-0.304685406377086,13.0,1.0,1.55469612182113,1.5299830364930147,consensus_median,consensus_median,msg_drop,0.1,2,0
consensus,20,60,ring_plus,-3.71304047618345e-05,3.71304047618345e-05,0.0,0.09345238095238095,0.0,0.0,5040.0,4569.0,0.906547619047619,0.09345238095238095,146208.0,32.0,0.0,4569.0,0.0,0.0,471.0,0.0,0.0,0.0,median,0.8135009818411748,0.9964345494037986,1.0,0.00017283468546322648,-0.4374426958408209,17.0,1.0,1.2627284000071304,1.2353733719202542,consensus_median,consensus_median,msg_drop,0.1,3,0
consensus,20,60,ring_plus,-1.8851779350496974e-07,1.8851779350496974e-07,0.0,0.1026595744680851,0.0,0.0,5640.0,5061.0,0.8973404255319148,0.10265957446808516,161952.0,32.0,0.0,5061.0,0.0,0.0,579.0,0.0,0.0,0.0,median,0.7501937510695382,0.9844347067839359,1.0,5.948268339841349e-07,-0.2570986041675292,9.0,1.0,1.3711704029417888,1.3207138697044611,consensus_median,consensus_median,msg_drop,0.1,4,0
consensus,20,60,ring_plus,-0.003285392142064864,0.003285392142064864,0.0,0.09827044025157233,0.0,0.0,6360.0,5735.0,0.9017295597484277,0.09827044025157228,183520.0,32.0,0.0,5735.0,0.0,0.0,625.0,0.0,0.0,0.0,median,0.8979788168556826,0.8427416420450459,1.0,0.004626148783015704,-0.2545421577088117,11.0,1.0,1.6160985120576443,1.583621832579197,consensus_median,consensus_median,msg_drop,0.1,5,0
consensus,20,60,ring_plus,-9.405293134436456e-05,9.405293134436456e-05,0.0,0.09658119658119659,0.0,0.0,4680.0,4228.0,0.9034188034188034,0.09658119658119657,135296.0,32.0,0.0,4228.0,0.0,0.0,452.0,0.0,0.0,0.0,median,0.8347394873888416,0.9688327957522387,1.0,0.0001900541541357785,-0.3500839949254725,12.0,1.0,0.9450014459069909,0.8957994866615863,consensus_median,consensus_median,msg_drop,0.1,6,0
consensus,20,60,ring_plus,-1.1305350124843976e-06,1.1305350124843976e-06,0.0,0.10030864197530864,0.0,0.0,6480.0,5830.0,0.8996913580246914,0.10030864197530864,186560.0,32.0,0.0,5830.0,0.0,0.0,650.0,0.0,0.0,0.0,median,0.7722845156152262,0.9665727718972094,1.0,2.9369159726732456e-06,-0.3212184053465894,10.0,1.0,2.218617553571293,2.1395397467772024,consensus_median,consensus_median,msg_drop,0.1,7,0
consensus,20,60,ring_plus,-0.009517685598201604,0.009517685598201604,0.0,0.10809523809523809,0.0,0.0,4200.0,3746.0,0.8919047619047619,0.10809523809523813,119872.0,32.0,0.0,3746.0,0.0,0.0,454.0,0.0,0.0,0.0,median,0.9196104511294405,0.8508764832876637,1.0,0.012806714803942215,-0.22520206976765794,15.0,1.0,0.7964836768628718,0.7332449500908755,consensus_median,consensus_median,msg_drop,0.1,8,0
consensus,20,60,ring_plus,-0.00026422601052006003,0.00026422601052006003,0.0,0.10340909090909091,0.0,0.0,5280.0,4734.0,0.8965909090909091,0.1034090909090909,151488.0,32.0,0.0,4734.0,0.0,0.0,546.0,0.0,0.0,0.0,median,0.8670135819497886,0.9608604118079441,1.0,0.0007494414033113882,-0.24589604839957818,12.0,1.0,0.9413291035084279,0.9246306127261071,consensus_median,consensus_median,msg_drop,0.1,9,0
consensus,20,60,ring_plus,-1.2944910064070247e-05,1.2944910064070247e-05,0.0,0.29543650793650794,0.0,0.0,5040.0,3551.0,0.7045634920634921,0.2954365079365079,113632.0,32.0,0.0,3551.0,0.0,0.0,1489.0,0.0,0.0,0.0,median,0.8121627148346994,0.985541717804858,1.0,4.203130380890006e-05,-0.18178650541632335,14.0,1.0,1.399646125476325,0.9593085927552825,consensus_median,consensus_median,msg_drop,0.3,0,0
consensus,20,60,ring_plus,-7.651871962903925e-06,7.651871962903925e-06,0.0,0.3042592592592593,0.0,0.0,5400.0,3757.0,0.6957407407407408,0.30425925925925923,120224.0,32.0,0.0,3757.0,0.0,0.0,1643.0,0.0,0.0,0.0,median,0.7973637710059351,0.9713441745988125,1.0,2.0392168492768285e-05,-0.284703088172994,12.0,1.0,1.320493917398932,0.8757031879896017,consensus_median,consensus_median,msg_drop,0.3,1,0
consensus,20,60,ring_plus,-1.4764045898256262e-09,1.4764045898256262e-09,0.0,0.30637254901960786,0.0,0.0,6120.0,4245.0,0.6936274509803921,0.30637254901960786,135840.0,32.0,0.0,4245.0,0.0,0.0,1875.0,0.0,0.0,0.0,median,0.6912366872386456,0.9961457016291895,1.0,2.4087027375302086e-08,-0.30468541945807276,10.0,1.0,1.55469612182113,1.2029979528235235,consensus_median,consensus_median,msg_drop,0.3,2,0
consensus,20,60,ring_plus,-8.705590157650997e-07,8.705590157650997e-07,0.0,0.2871031746031746,0.0,0.0,5040.0,3593.0,0.7128968253968254,0.2871031746031746,114976.0,32.0,0.0,3593.0,0.0,0.0,1447.0,0.0,0.0,0.0,median,0.7556641403621971,0.9976959040174143,1.0,4.649827330357695e-06,-0.4374433001715834,14.0,1.0,1.2627284000071304,0.9577050629098172,consensus_median,consensus_median,msg_drop,0.3,3,0
consensus,20,60,ring_plus,-2.1593002206154153e-07,2.1593002206154153e-07,0.0,0.299822695035461,0.0,0.0,5640.0,3949.0,0.700177304964539,0.299822695035461,126368.0,32.0,0.0,3949.0,0.0,0.0,1691.0,0.0,0.0,0.0,median,0.7635738761753147,0.9891554229097359,1.0,1.1714338381218955e-06,-0.25709860371065874,8.0,1.0,1.3711704029417888,1.0148743174324646,consensus_median,consensus_median,msg_drop,0.3,4,0
consensus,20,60,ring_plus,-5.952042658218733e-06,5.952042658218733e-06,0.0,0.3007861635220126,0.0,0.0,6360.0,4447.0,0.6992138364779874,0.3007861635220126,142304.0,32.0,0.0,4447.0,0.0,0.0,1913.0,0.0,0.0,0.0,median,0.803398855040288,0.9719229589494718,1.0,2.948322471660211e-05,-0.25459681504380194,12.0,1.0,1.6160985120576443,1.2695270368522074,consensus_median,consensus_median,msg_drop,0.3,5,0
consensus,20,60,ring_plus,-6.395568437195296e-06,6.395568437195296e-06,0.0,0.29423076923076924,0.0,0.0,4680.0,3303.0,0.7057692307692308,0.2942307692307692,105696.0,32.0,0.0,3303.0,0.0,0.0,1377.0,0.0,0.0,0.0,median,0.7938780997020908,0.9913063240764312,1.0,2.2141634671752738e-05,-0.350085455881521,12.0,1.0,0.9450014459069909,0.6385712146617054,consensus_median,consensus_median,msg_drop,0.3,6,0
consensus,20,60,ring_plus,-2.0130564103120915e-09,2.0130564103120915e-09,0.0,0.2983024691358025,0.0,0.0,6480.0,4547.0,0.7016975308641975,0.2983024691358025,145504.0,32.0,0.0,4547.0,0.0,0.0,1933.0,0.0,0.0,0.0,median,0.6855736318272535,0.9673179472191653,1.0,1.1663350217575633e-08,-0.3212184241552886,9.0,1.0,2.218617553571293,1.6531050140173542,consensus_median,consensus_median,msg_drop,0.3,7,0
consensus,20,60,ring_plus,-0.0005729905311275313,0.0005729905311275313,0.0,0.31642857142857145,0.0,0.0,4200.0,2871.0,0.6835714285714286,0.3164285714285714,91872.0,32.0,0.0,2871.0,0.0,0.0,1329.0,0.0,0.0,0.0,median,0.8681697738115628,0.9603111674809024,0.9833333333333333,0.0012099081450770456,-0.22535114801877582,16.0,1.0,0.7964836768628718,0.4991524113307339,consensus_median,consensus_median,msg_drop,0.3,8,0
consensus,20,60,ring_plus,-0.00019242345367082608,0.00019242345367082608,0.0,0.29848484848484846,0.0,0.0,5280.0,3704.0,0.7015151515151515,0.29848484848484846,118528.0,32.0,0.0,3704.0,0.0,0.0,1576.0,0.0,0.0,0.0,median,0.855289087231604,0.9469136690904424,1.0,0.00042044802040570726,-0.24589724510885896,11.0,1.0,0.9413291035084279,0.7112043835761201,consensus_median,consensus_median,msg_drop,0.3,9,0
consensus,20,60,ring_plus,-2.752014698322944e-08,2.752014698322944e-08,0.0,0.49484126984126986,0.0,0.0,5040.0,2546.0,0.5051587301587301,0.49484126984126986,81472.0,32.0,0.0,2546.0,0.0,0.0,2494.0,0.0,0.0,0.0,median,0.7233863357496342,0.9965376328995851,1.0,2.1836266831138347e-07,-0.1817867207061553,12.0,1.0,1.399646125476325,0.46572623705989064,consensus_median,consensus_median,msg_drop,0.5,0,0
consensus,20,60,ring_plus,-4.3984667200927004e-07,4.3984667200927004e-07,0.0,0.5125925925925926,0.0,0.0,5400.0,2632.0,0.4874074074074074,0.5125925925925926,84224.0,32.0,0.0,2632.0,0.0,0.0,2768.0,0.0,0.0,0.0,median,0.7605511330278204,0.9851563608572699,1.0,2.097984944809844e-06,-0.2847032083734154,11.0,1.0,1.320493917398932,0.4429876743775902,consensus_median,consensus_median,msg_drop,0.5,1,0
consensus,20,60,ring_plus,-5.188173171417745e-09,5.188173171417745e-09,0.0,0.4980392156862745,0.0,0.0,6120.0,3072.0,0.5019607843137255,0.4980392156862745,98304.0,32.0,0.0,3072.0,0.0,0.0,3048.0,0.0,0.0,0.0,median,0.7004918288520268,0.9985554377275794,1.0,6.106696385195721e-08,-0.30468541939621,12.0,1.0,1.55469612182113,0.6509571682410304,consensus_median,consensus_median,msg_drop,0.5,2,0
consensus,20,60,ring_plus,-8.537043168669868e-07,8.537043168669868e-07,0.0,0.49126984126984125,0.0,0.0,5040.0,2564.0,0.5087301587301587,0.4912698412698413,82048.0,32.0,0.0,2564.0,0.0,0.0,2476.0,0.0,0.0,0.0,median,0.7541070572870596,0.9978961389703334,1.0,4.691928209830826e-06,-0.437443300452495,14.0,1.0,1.2627284000071304,0.4408661274809896,consensus_median,consensus_median,msg_drop,0.5,3,0
consensus,20,60,ring_plus,-7.512617153098925e-08,7.512617153098925e-08,0.0,0.4929078014184397,0.0,0.0,5640.0,2860.0,0.5070921985815603,0.4929078014184397,91520.0,32.0,0.0,2860.0,0.0,0.0,2780.0,0.0,0.0,0.0,median,0.7363808260733878,0.9942739549674967,1.0,3.4161909218970065e-07,-0.25709860605738966,10.0,1.0,1.3711704029417888,0.5340062463253034,consensus_median,consensus_median,msg_drop,0.5,4,0
consensus,20,60,ring_plus,-1.2214139126431316e-07,1.2214139126431316e-07,0.0,0.4982704402515723,0.0,0.0,6360.0,3191.0,0.5017295597484277,0.4982704402515723,102112.0,32.0,0.0,3191.0,0.0,0.0,3169.0,0.0,0.0,0.0,median,0.7434126015322219,0.9972421167117015,1.0,1.0742259331143312e-06,-0.254596912208823,13.0,1.0,1.6160985120576443,0.6971942483963592,consensus_median,consensus_median,msg_drop,0.5,5,0
consensus,20,60,ring_plus,-6.924982295930517e-05,6.924982295930517e-05,0.0,0.49572649572649574,0.0,0.0,4680.0,2360.0,0.5042735042735043,0.49572649572649574,75520.0,32.0,0.0,2360.0,0.0,0.0,2320.0,0.0,0.0,0.0,median,0.8380795239499059,0.9817414657974765,1.0,0.0003823194840501894,-0.3500844083106122,15.0,1.0,0.9450014459069909,0.27277121403268756,consensus_median,consensus_median,msg_drop,0.5,6,0
consensus,20,60,ring_plus,-8.41981673839089e-10,8.41981673839089e-10,0.0,0.49382716049382713,0.0,0.0,6480.0,3280.0,0.5061728395061729,0.49382716049382713,104960.0,32.0,0.0,3280.0,0.0,0.0,3200.0,0.0,0.0,0.0,median,0.6809416608869179,0.994565763765812,1.0,1.0167725015174042e-08,-0.3212184241748065,9.0,1.0,2.218617553571293,0.9086323039632471,consensus_median,consensus_median,msg_drop,0.5,7,0
consensus,20,60,ring_plus,-0.00010180647737198684,0.00010180647737198684,0.0,0.5102380952380953,0.0,0.0,4200.0,2057.0,0.4897619047619048,0.5102380952380952,65824.0,32.0,0.0,2057.0,0.0,0.0,2143.0,0.0,0.0,0.0,median,0.8359672976351978,0.9897416668040278,1.0,0.00026533916049592624,-0.22535900108633836,17.0,1.0,0.7964836768628718,0.16321375206624472,consensus_median,consensus_median,msg_drop,0.5,8,0
consensus,20,60,ring_plus,-0.00037521003209508663,0.00037521003209508663,0.0,0.5085227272727273,0.0,0.0,5280.0,2595.0,0.4914772727272727,0.5085227272727273,83040.0,32.0,0.0,2595.0,0.0,0.0,2685.0,0.0,0.0,0.0,median,0.8596627828043516,0.964507318328386,0.9833333333333333,0.0006968253932738523,-0.24589419866588522,13.0,1.0,0.9413291035084279,0.3273502839712116,consensus_median,consensus_median,msg_drop,0.5,9,0
consensus,20,60,ring_plus,-6.613589523737213e-06,6.613589523737213e-06,0.0,0.7055555555555556,0.0,0.0,5040.0,1484.0,0.29444444444444445,0.7055555555555555,47488.0,32.0,0.0,1484.0,0.0,0.0,3556.0,0.0,0.0,0.0,median,0.8000696465403786,0.9929746141656995,1.0,4.4556021270639504e-05,-0.1817866109383324,17.0,1.0,1.399646125476325,0.046566637152139295,consensus_median,consensus_median,msg_drop,0.7,0,0
consensus,20,60,ring_plus,-3.943438417010761e-05,3.943438417010761e-05,0.0,0.7096296296296296,0.0,0.0,5400.0,1568.0,0.2903703703703704,0.7096296296296296,50176.0,32.0,0.0,1568.0,0.0,0.0,3832.0,0.0,0.0,0.0,median,0.8213819833225044,0.9867552984130726,0.9833333333333333,0.00014028879962200012,-0.2847025584644572,14.0,1.0,1.320493917398932,0.06452021598943526,consensus_median,consensus_median,msg_drop,0.7,1,0
consensus,20,60,ring_plus,-8.908452155435919e-08,8.908452155435919e-08,0.0,0.6962418300653594,0.0,0.0,6120.0,1859.0,0.3037581699346405,0.6962418300653594,59488.0,32.0,0.0,1859.0,0.0,0.0,4261.0,0.0,0.0,0.0,median,0.7448063704274549,0.9912865473958672,0.9833333333333333,5.852348238994102e-07,-0.3046854179979375,9.0,1.0,1.55469612182113,0.14922604732916292,consensus_median,consensus_median,msg_drop,0.7,2,0
consensus,20,60,ring_plus,-3.890468208435291e-05,3.890468208435291e-05,0.0,0.694047619047619,0.0,0.0,5040.0,1542.0,0.305952380952381,0.694047619047619,49344.0,32.0,0.0,1542.0,0.0,0.0,3498.0,0.0,0.0,0.0,median,0.7964181527842761,0.9944659742920335,0.9666666666666667,9.197299863019611e-05,-0.4374426662695322,18.0,1.0,1.2627284000071304,0.041855558823667136,consensus_median,consensus_median,msg_drop,0.7,3,0
consensus,20,60,ring_plus,-9.496779834618323e-07,9.496779834618323e-07,0.0,0.6948581560283688,0.0,0.0,5640.0,1721.0,0.3051418439716312,0.6948581560283689,55072.0,32.0,0.0,1721.0,0.0,0.0,3919.0,0.0,0.0,0.0,median,0.7708753161467081,0.995751472665005,1.0,5.7488311189616834e-06,-0.25709859148152603,12.0,1.0,1.3711704029417888,0.09066820728530764,consensus_median,consensus_median,msg_drop,0.7,4,0
consensus,20,60,ring_plus,-1.0396059612959087e-06,1.0396059612959087e-06,0.0,0.7067610062893082,0.0,0.0,6360.0,1865.0,0.29323899371069184,0.7067610062893082,59680.0,32.0,0.0,1865.0,0.0,0.0,4495.0,0.0,0.0,0.0,median,0.7615653370538568,0.9944922165350627,1.0,4.563629742605662e-06,-0.25459689691774684,15.0,1.0,1.6160985120576443,0.09930048061124386,consensus_median,consensus_median,msg_drop,0.7,5,0
consensus,20,60,ring_plus,-0.0004289570019493967,0.0004289570019493967,0.0,0.701068376068376,0.0,0.0,4680.0,1399.0,0.2989316239316239,0.701068376068376,44768.0,32.0,0.0,1399.0,0.0,0.0,3281.0,0.0,0.0,0.0,median,0.8601837463132764,0.9797615345280604,0.9166666666666666,0.0017603648988167454,-0.3500784131909624,19.0,1.0,0.9450014459069909,0.022828728296464252,consensus_median,consensus_median,msg_drop,0.7,6,0
consensus,20,60,ring_plus,-7.549043244021658e-08,7.549043244021658e-08,0.0,0.691358024691358,0.0,0.0,6480.0,2000.0,0.30864197530864196,0.691358024691358,64000.0,32.0,0.0,2000.0,0.0,0.0,4480.0,0.0,0.0,0.0,median,0.7420860998945956,0.9892687121247352,0.9833333333333333,4.0925767194037394e-07,-0.32121842293066577,9.0,1.0,2.218617553571293,0.1984154580251666,consensus_median,consensus_median,msg_drop,0.7,7,0
consensus,20,60,ring_plus,-0.0007547388103843128,0.0007547388103843128,0.0,0.7014285714285714,0.0,0.0,4200.0,1254.0,0.2985714285714286,0.7014285714285714,40128.0,32.0,0.0,1254.0,0.0,0.0,2946.0,0.0,0.0,0.0,median,0.8563246364182455,0.995530930217079,0.9833333333333333,0.001580598411723105,-0.2253481188807882,26.0,1.0,0.7964836768628718,0.00760520127541535,consensus_median,consensus_median,msg_drop,0.7,8,0
consensus,20,60,ring_plus,-0.00670813392760916,0.00670813392760916,0.0,0.709280303030303,0.0,0.0,5280.0,1535.0,0.29071969696969696,0.709280303030303,49120.0,32.0,0.0,1535.0,0.0,0.0,3745.0,0.0,0.0,0.0,median,0.8942148781285485,0.9690741442927514,1.0,0.01001831972817279,-0.24578864993429334,28.0,1.0,0.9413291035084279,0.02235317116297634,consensus_median,consensus_median,msg_drop,0.7,9,0
consensus,20,60,ring_plus,-10.907203269889466,10.907203269889466,0.0,1.0,0.0,0.0,5040.0,0.0,0.0,1.0,0.0,0.0,0.0,0.0,0.0,0.0,5040.0,0.0,0.0,0.0,median,1.0,0.0,1.0,10.907203269889466,0.0,,0.0,1.399646125476325,0.0,consensus_median,consensus_median,msg_drop,1.0,0,0
consensus,20,60,ring_plus,-17.0821929422516,17.0821929422516,0.0,1.0,0.0,0.0,5400.0,0.0,0.0,1.0,0.0,0.0,0.0,0.0,0.0,0.0,5400.0,0.0,0.0,0.0,median,1.0,0.0,1.0,17.0821929422516,0.0,,0.0,1.320493917398932,0.0,consensus_median,consensus_median,msg_drop,1.0,1,0
consensus,20,60,ring_plus,-18.281125168960774,18.281125168960774,0.0,1.0,0.0,0.0,6120.0,0.0,0.0,1.0,0.0,0.0,0.0,0.0,0.0,0.0,6120.0,0.0,0.0,0.0,median,1.0,0.0,1.0,18.281125168960777,0.0,,0.0,1.55469612182113,0.0,consensus_median,consensus_median,msg_drop,1.0,2,0
consensus,20,60,ring_plus,-26.24659888085402,26.24659888085402,0.0,1.0,0.0,0.0,5040.0,0.0,0.0,1.0,0.0,0.0,0.0,0.0,0.0,0.0,5040.0,0.0,0.0,0.0,median,1.0,0.0,1.0,26.246598880854023,0.0,,0.0,1.2627284000071304,0.0,consensus_median,consensus_median,msg_drop,1.0,3,0
consensus,20,60,ring_plus,-15.425916438569548,15.425916438569548,0.0,1.0,0.0,0.0,5640.0,0.0,0.0,1.0,0.0,0.0,0.0,0.0,0.0,0.0,5640.0,0.0,0.0,0.0,median,1.0,0.0,1.0,15.425916438569546,0.0,,0.0,1.3711704029417888,0.0,consensus_median,consensus_median,msg_drop,1.0,4,0
consensus,20,60,ring_plus,-15.27581485467077,15.27581485467077,0.0,1.0,0.0,0.0,6360.0,0.0,0.0,1.0,0.0,0.0,0.0,0.0,0.0,0.0,6360.0,0.0,0.0,0.0,median,1.0,0.0,1.0,15.275814854670775,0.0,,0.0,1.6160985120576443,0.0,consensus_median,consensus_median,msg_drop,1.0,5,0
consensus,20,60,ring_plus,-21.005133748459695,21.005133748459695,0.0,1.0,0.0,0.0,4680.0,0.0,0.0,1.0,0.0,0.0,0.0,0.0,0.0,0.0,4680.0,0.0,0.0,0.0,median,1.0,0.0,1.0,21.00513374845969,0.0,,0.0,0.9450014459069909,0.0,consensus_median,consensus_median,msg_drop,1.0,6,0
consensus,20,60,ring_plus,-19.273105451330373,19.273105451330373,0.0,1.0,0.0,0.0,6480.0,0.0,0.0,1.0,0.0,0.0,0.0,0.0,0.0,0.0,6480.0,0.0,0.0,0.0,median,1.0,0.0,1.0,19.27310545133037,0.0,,0.0,2.218617553571293,0.0,consensus_median,consensus_median,msg_drop,1.0,7,0
consensus,20,60,ring_plus,-13.521641871657677,13.521641871657677,0.0,1.0,0.0,0.0,4200.0,0.0,0.0,1.0,0.0,0.0,0.0,0.0,0.0,0.0,4200.0,0.0,0.0,0.0,median,1.0,0.0,1.0,13.521641871657673,0.0,,0.0,0.7964836768628718,0.0,consensus_median,consensus_median,msg_drop,1.0,8,0
consensus,20,60,ring_plus,-14.754027129985209,14.754027129985209,0.0,1.0,0.0,0.0,5280.0,0.0,0.0,1.0,0.0,0.0,0.0,0.0,0.0,0.0,5280.0,0.0,0.0,0.0,median,1.0,0.0,1.0,14.75402712998521,0.0,,0.0,0.9413291035084279,0.0,consensus_median,consensus_median,msg_drop,1.0,9,0
consensus,20,60,ring_plus,-0.005482431650517084,0.005482431650517084,0.0,0.0,0.0,0.0,5040.0,5040.0,1.0,0.0,161280.0,32.0,0.0,5040.0,0.0,0.0,0.0,0.0,0.0,0.0,median,0.9153796126179674,0.8893141208430875,1.0,0.009240556291100158,-0.18169534730398246,16.0,1.0,1.399646125476325,1.3996461254763248,consensus_median,consensus_median,latency,0.0,0,0
consensus,20,60,ring_plus,-0.0022524075034309134,0.0022524075034309134,0.0,0.0,0.0,0.0,5400.0,5400.0,1.0,0.0,172800.0,32.0,0.0,5400.0,0.0,0.0,0.0,0.0,0.0,0.0,median,0.8868894533962743,0.948095047355784,1.0,0.004040617335849671,-0.28466567557913613,17.0,1.0,1.320493917398932,1.320493917398932,consensus_median,consensus_median,latency,0.0,1,0
consensus,20,60,ring_plus,-1.0757817627825737e-05,1.0757817627825737e-05,0.0,0.0,0.0,0.0,6120.0,6120.0,1.0,0.0,195840.0,32.0,0.0,6120.0,0.0,0.0,0.0,0.0,0.0,0.0,median,0.8029072662488145,0.9951107096363998,1.0,4.5457540449862186e-05,-0.3046852401857191,14.0,1.0,1.55469612182113,1.5546961218211295,consensus_median,consensus_median,latency,0.0,2,0
consensus,20,60,ring_plus,-0.00018438166122980556,0.00018438166122980556,0.0,0.0,0.0,0.0,5040.0,5040.0,1.0,0.0,161280.0,32.0,0.0,5040.0,0.0,0.0,0.0,0.0,0.0,0.0,median,0.8371772439263904,0.9929626121047088,1.0,0.000744942995449872,-0.4374402416532132,21.0,1.0,1.2627284000071304,1.2627284000071306,consensus_median,consensus_median,latency,0.0,3,0
consensus,20,60,ring_plus,-1.7632338623002975e-06,1.7632338623002975e-06,0.0,0.0,0.0,0.0,5640.0,5640.0,1.0,0.0,180480.0,32.0,0.0,5640.0,0.0,0.0,0.0,0.0,0.0,0.0,median,0.7871303711427364,0.9892653375314289,1.0,7.5488257383975825e-06,-0.25709857792226143,11.0,1.0,1.3711704029417888,1.3711704029417888,consensus_median,consensus_median,latency,0.0,4,0
consensus,20,60,ring_plus,-0.13883186854417218,0.13883186854417218,0.0,0.0,0.0,0.0,6360.0,6360.0,1.0,0.0,203520.0,32.0,0.0,6360.0,0.0,0.0,0.0,0.0,0.0,0.0,median,0.9600207839121924,0.43787725467610616,1.0,0.13883230737275712,-0.25228304976877663,18.0,1.0,1.6160985120576443,1.616098512057644,consensus_median,consensus_median,latency,0.0,5,0
consensus,20,60,ring_plus,-0.00025687201397392407,0.00025687201397392407,0.0,0.0,0.0,0.0,4680.0,4680.0,1.0,0.0,149760.0,32.0,0.0,4680.0,0.0,0.0,0.0,0.0,0.0,0.0,median,0.8475205063686533,0.981351379392753,1.0,0.0005194339102027597,-0.3500812812740955,16.0,1.0,0.9450014459069909,0.9450014459069908,consensus_median,consensus_median,latency,0.0,6,0
consensus,20,60,ring_plus,-6.615934702086204e-06,6.615934702086204e-06,0.0,0.0,0.0,0.0,6480.0,6480.0,1.0,0.0,207360.0,32.0,0.0,6480.0,0.0,0.0,0.0,0.0,0.0,0.0,median,0.800548284567372,0.9881547098203891,1.0,2.697664426169475e-05,-0.3212183139232611,11.0,1.0,2.218617553571293,2.218617553571293,consensus_median,consensus_median,latency,0.0,7,0
consensus,20,60,ring_plus,-0.061134390726600735,0.061134390726600735,0.0,0.0,0.0,0.0,4200.0,4200.0,1.0,0.0,134400.0,32.0,0.0,4200.0,0.0,0.0,0.0,0.0,0.0,0.0,median,0.9476347521361681,0.6576378148377107,1.0,0.06170680693486514,-0.2243417913488512,19.0,1.0,0.7964836768628718,0.7964836768628717,consensus_median,consensus_median,latency,0.0,8,0
consensus,20,60,ring_plus,-0.0005079551485993235,0.0005079551485993235,0.0,0.0,0.0,0.0,5280.0,5280.0,1.0,0.0,168960.0,32.0,0.0,5280.0,0.0,0.0,0.0,0.0,0.0,0.0,median,0.8724697640882209,0.9714170647982108,1.0,0.0015473166584628391,-0.2458919862472769,23.0,1.0,0.9413291035084279,0.9413291035084281,consensus_median,consensus_median,latency,0.0,9,0
consensus,20,60,ring_plus,-0.016578028067496718,0.016578028067496718,0.0,0.0,1.0,1.0,5040.0,4956.0,0.9833333333333333,0.01666666666666672,158592.0,32.0,0.0,4956.0,0.0,0.0,0.0,0.0,0.0,0.0,median,0.9259293136797456,0.7939360594748476,1.0,0.02318082850960229,-0.1815104206970328,19.0,1.0,1.399646125476325,1.3763186900517193,consensus_median,consensus_median,latency,1.0,0,0
consensus,20,60,ring_plus,-0.009972570187613791,0.009972570187613791,0.0,0.0,1.0,1.0,5400.0,5310.0,0.9833333333333333,0.01666666666666672,169920.0,32.0,0.0,5310.0,0.0,0.0,0.0,0.0,0.0,0.0,median,0.9024292289112188,0.9206239660649572,1.0,0.015344911061471714,-0.2845370062010665,23.0,1.0,1.320493917398932,1.2984856854422833,consensus_median,consensus_median,latency,1.0,1,0
consensus,20,60,ring_plus,-0.0002273092236238742,0.0002273092236238742,0.0,0.0,1.0,1.0,6120.0,6018.0,0.9833333333333333,0.01666666666666672,192576.0,32.0,0.0,6018.0,0.0,0.0,0.0,0.0,0.0,0.0,median,0.8405757293798457,0.9906804738136644,1.0,0.0006643961476548803,-0.3046816309956191,19.0,1.0,1.55469612182113,1.528784519790777,consensus_median,consensus_median,latency,1.0,2,0
consensus,20,60,ring_plus,-0.002853354425241969,0.002853354425241969,0.0,0.0,1.0,1.0,5040.0,4956.0,0.9833333333333333,0.01666666666666672,158592.0,32.0,0.0,4956.0,0.0,0.0,0.0,0.0,0.0,0.0,median,0.8739417664684235,0.9840835698728223,1.0,0.007735150206296692,-0.4373957587738129,27.0,1.0,1.2627284000071304,1.2416829266736784,consensus_median,consensus_median,latency,1.0,3,0
consensus,20,60,ring_plus,-4.456506557040735e-05,4.456506557040735e-05,0.0,0.0,1.0,1.0,5640.0,5546.0,0.9833333333333333,0.01666666666666672,177472.0,32.0,0.0,5546.0,0.0,0.0,0.0,0.0,0.0,0.0,median,0.8231174284492176,0.9848303961907988,1.0,0.00013254426974068528,-0.25709786455839967,15.0,1.0,1.3711704029417888,1.348317562892759,consensus_median,consensus_median,latency,1.0,4,0
consensus,20,60,ring_plus,-0.1349818723924856,0.1349818723924856,0.0,0.0,1.0,1.0,6360.0,6254.0,0.9833333333333333,0.01666666666666672,200128.0,32.0,0.0,6254.0,0.0,0.0,0.0,0.0,0.0,0.0,median,0.9499772604951647,0.5200068751199449,1.0,0.13498656259131991,-0.25234721637130475,21.0,1.0,1.6160985120576443,1.5891635368566834,consensus_median,consensus_median,latency,1.0,5,0
consensus,20,60,ring_plus,-0.0010168044960858283,0.0010168044960858283,0.0,0.0,1.0,1.0,4680.0,4602.0,0.9833333333333333,0.01666666666666672,147264.0,32.0,0.0,4602.0,0.0,0.0,0.0,0.0,0.0,0.0,median,0.8646311264862526,0.9782615204425289,1.0,0.0020198928149184423,-0.3500686157327267,21.0,1.0,0.9450014459069909,0.9292514218085409,consensus_median,consensus_median,latency,1.0,6,0
consensus,20,60,ring_plus,-0.0001427245326587982,0.0001427245326587982,0.0,0.0,1.0,1.0,6480.0,6372.0,0.9833333333333333,0.01666666666666672,203904.0,32.0,0.0,6372.0,0.0,0.0,0.0,0.0,0.0,0.0,median,0.8367800763809651,0.9780568416724559,1.0,0.0003992651037977657,-0.3212160454466286,15.0,1.0,2.218617553571293,2.1816405943451045,consensus_median,consensus_median,latency,1.0,7,0
consensus,20,60,ring_plus,-0.10971542821547822,0.10971542821547822,0.0,0.0,1.0,1.0,4200.0,4130.0,0.9833333333333333,0.01666666666666672,132160.0,32.0,0.0,4130.0,0.0,0.0,0.0,0.0,0.0,0.0,median,0.9475186365994066,0.696317136396156,1.0,0.113119385987824,-0.22353210739070326,38.0,1.0,0.7964836768628718,0.7832089489151571,consensus_median,consensus_median,latency,1.0,8,0
consensus,20,60,ring_plus,-0.00859320821553878,0.00859320821553878,0.0,0.0,1.0,1.0,5280.0,5192.0,0.9833333333333333,0.01666666666666672,166144.0,32.0,0.0,5192.0,0.0,0.0,0.0,0.0,0.0,0.0,median,0.9098310330062666,0.9346971599749219,1.0,0.017453866610831537,-0.2457572320294945,33.0,1.0,0.9413291035084279,0.925640285116621,consensus_median,consensus_median,latency,1.0,9,0
consensus,20,60,ring_plus,-0.02547037029542824,0.02547037029542824,0.0,0.0,2.0,2.0,5040.0,4872.0,0.9666666666666667,0.033333333333333326,155904.0,32.0,0.0,4872.0,0.0,0.0,0.0,0.0,0.0,0.0,median,0.9243211827689146,0.7501453738974295,1.0,0.03146422781796302,-0.18136221499323396,20.0,1.0,1.399646125476325,1.352991254627114,consensus_median,consensus_median,latency,2.0,0,0
consensus,20,60,ring_plus,-0.023813626916135595,0.023813626916135595,0.0,0.0,2.0,2.0,5400.0,5220.0,0.9666666666666667,0.033333333333333326,167040.0,32.0,0.0,5220.0,0.0,0.0,0.0,0.0,0.0,0.0,median,0.9094278191934,0.9048227079116341,1.0,0.03341768690007226,-0.28430632192225774,28.0,1.0,1.320493917398932,1.2764774534856342,consensus_median,consensus_median,latency,2.0,1,0
consensus,20,60,ring_plus,-0.00160994901597718,0.00160994901597718,0.0,0.0,2.0,2.0,6120.0,5916.0,0.9666666666666667,0.033333333333333326,189312.0,32.0,0.0,5916.0,0.0,0.0,0.0,0.0,0.0,0.0,median,0.8650711143446858,0.9838927611593635,1.0,0.0037233313961791714,-0.30465858699907983,24.0,1.0,1.55469612182113,1.502872917760425,consensus_median,consensus_median,latency,2.0,2,0
consensus,20,60,ring_plus,-0.01835028874368889,0.01835028874368889,0.0,0.0,2.0,2.0,5040.0,4872.0,0.9666666666666667,0.033333333333333326,155904.0,32.0,0.0,4872.0,0.0,0.0,0.0,0.0,0.0,0.0,median,0.8979123831895244,0.9639798783961054,1.0,0.03787795214486779,-0.43713747653517226,35.0,1.0,1.2627284000071304,1.2206374533402264,consensus_median,consensus_median,latency,2.0,3,0
consensus,20,60,ring_plus,-0.00031017076413633816,0.00031017076413633816,0.0,0.0,2.0,2.0,5640.0,5452.0,0.9666666666666667,0.033333333333333326,174464.0,32.0,0.0,5452.0,0.0,0.0,0.0,0.0,0.0,0.0,median,0.845738446465418,0.9752343805330058,1.0,0.0007346565026468307,-0.2570934377967568,18.0,1.0,1.3711704029417888,1.3254647228437293,consensus_median,consensus_median,latency,2.0,4,0
consensus,20,60,ring_plus,-0.08900696250913222,0.08900696250913222,0.0,0.0,2.0,2.0,6360.0,6148.0,0.9666666666666667,0.033333333333333326,196736.0,32.0,0.0,6148.0,0.0,0.0,0.0,0.0,0.0,0.0,median,0.9341124748818443,0.6174200897009072,1.0,0.08904728891130143,-0.25311346486936065,19.0,1.0,1.6160985120576443,1.5622285616557225,consensus_median,consensus_median,latency,2.0,5,0
consensus,20,60,ring_plus,-0.004216434713297401,0.004216434713297401,0.0,0.0,2.0,2.0,4680.0,4524.0,0.9666666666666667,0.033333333333333326,144768.0,32.0,0.0,4524.0,0.0,0.0,0.0,0.0,0.0,0.0,median,0.8849360480400817,0.9567890877241656,1.0,0.007751266235122866,-0.35001528856243996,25.0,1.0,0.9450014459069909,0.9135013977100911,consensus_median,consensus_median,latency,2.0,6,0
consensus,20,60,ring_plus,-0.0008176771559885889,0.0008176771559885889,0.0,0.0,2.0,2.0,6480.0,6264.0,0.9666666666666667,0.033333333333333326,200448.0,32.0,0.0,6264.0,0.0,0.0,0.0,0.0,0.0,0.0,median,0.8556916600303063,0.964007490922226,1.0,0.0017976539435572763,-0.32120479623623965,18.0,1.0,2.218617553571293,2.144663635118916,consensus_median,consensus_median,latency,2.0,7,0
consensus,20,60,ring_plus,-0.14212561715751593,0.14212561715751593,0.0,0.0,2.0,2.0,4200.0,4060.0,0.9666666666666667,0.033333333333333326,129920.0,32.0,0.0,4060.0,0.0,0.0,0.0,0.0,0.0,0.0,median,0.9438713463339001,0.7449774576353265,1.0,0.14857919952453638,-0.22299193757500266,,0.0,0.7964836768628718,0.7699342209674427,consensus_median,consensus_median,latency,2.0,8,0
consensus,20,60,ring_plus,-0.03972721150463104,0.03972721150463104,0.0,0.0,2.0,2.0,5280.0,5104.0,0.9666666666666667,0.033333333333333326,163328.0,32.0,0.0,5104.0,0.0,0.0,0.0,0.0,0.0,0.0,median,0.9282834788426175,0.8700519159570432,1.0,0.06338808615353154,-0.24523833197467634,43.0,1.0,0.9413291035084279,0.909951466724814,consensus_median,consensus_median,latency,2.0,9,0
consensus,20,60,ring_plus,-0.02360863726624849,0.02360863726624849,0.0,0.0,4.0,4.0,5040.0,4704.0,0.9333333333333333,0.06666666666666665,150528.0,32.0,0.0,4704.0,0.0,0.0,0.0,0.0,0.0,0.0,median,0.9042805692879681,0.8267043325802385,0.9666666666666667,0.02520358502883435,-0.18139324387705363,24.0,1.0,1.399646125476325,1.3063363837779032,consensus_median,consensus_median,latency,4.0,0,0
consensus,20,60,ring_plus,-0.05391351352009724,0.05391351352009724,0.0,0.0,4.0,4.0,5400.0,5040.0,0.9333333333333333,0.06666666666666665,161280.0,32.0,0.0,5040.0,0.0,0.0,0.0,0.0,0.0,0.0,median,0.9108490590246895,0.9254775536267815,1.0,0.06925369503972784,-0.283804657145525,37.0,1.0,1.320493917398932,1.2324609895723369,consensus_median,consensus_median,latency,4.0,1,0
consensus,20,60,ring_plus,-0.007923522654279893,0.007923522654279893,0.0,0.0,4.0,4.0,6120.0,5712.0,0.9333333333333333,0.06666666666666665,182784.0,32.0,0.0,5712.0,0.0,0.0,0.0,0.0,0.0,0.0,median,0.8782393627184463,0.9738833913936339,0.9666666666666667,0.013843723292016672,-0.3045533607717749,29.0,1.0,1.55469612182113,1.4510497136997207,consensus_median,consensus_median,latency,4.0,2,0
consensus,20,60,ring_plus,-0.08493887449630919,0.08493887449630919,0.0,0.0,4.0,4.0,5040.0,4704.0,0.9333333333333333,0.06666666666666665,150528.0,32.0,0.0,4704.0,0.0,0.0,0.0,0.0,0.0,0.0,median,0.9087430301675693,0.9517721876141895,0.9666666666666667,0.12569165460221624,-0.43602766677262844,43.0,1.0,1.2627284000071304,1.1785465066733218,consensus_median,consensus_median,latency,4.0,3,0
consensus,20,60,ring_plus,-0.0018972015791921615,0.0018972015791921615,0.0,0.0,4.0,4.0,5640.0,5264.0,0.9333333333333333,0.06666666666666665,168448.0,32.0,0.0,5264.0,0.0,0.0,0.0,0.0,0.0,0.0,median,0.8594774194264378,0.9652019894905022,0.9333333333333333,0.0034013970433177565,-0.2570669872831726,21.0,1.0,1.3711704029417888,1.2797590427456695,consensus_median,consensus_median,latency,4.0,4,0
consensus,20,60,ring_plus,-0.05795686720846269,0.05795686720846269,0.0,0.0,4.0,4.0,6360.0,5936.0,0.9333333333333333,0.06666666666666665,189952.0,32.0,0.0,5936.0,0.0,0.0,0.0,0.0,0.0,0.0,median,0.910709376027498,0.7776891459548616,1.0,0.0590415192590372,-0.25363096645770505,24.0,1.0,1.6160985120576443,1.5083586112538012,consensus_median,consensus_median,latency,4.0,5,0
consensus,20,60,ring_plus,-0.03275570205621353,0.03275570205621353,0.0,0.0,4.0,4.0,4680.0,4368.0,0.9333333333333333,0.06666666666666665,139776.0,32.0,0.0,4368.0,0.0,0.0,0.0,0.0,0.0,0.0,median,0.9075983842959092,0.9020006148029142,0.9,0.05050769066522367,-0.3495396341067247,32.0,1.0,0.9450014459069909,0.8820013495131913,consensus_median,consensus_median,latency,4.0,6,0
consensus,20,60,ring_plus,-0.006999230347941568,0.006999230347941568,0.0,0.0,4.0,4.0,6480.0,6048.0,0.9333333333333333,0.06666666666666665,193536.0,32.0,0.0,6048.0,0.0,0.0,0.0,0.0,0.0,0.0,median,0.8779479697192156,0.9472100379452466,0.9833333333333333,0.012068492776335017,-0.32110177034970727,25.0,1.0,2.218617553571293,2.07070971666654,consensus_median,consensus_median,latency,4.0,7,0
consensus,20,60,ring_plus,-0.2072532863337884,0.2072532863337884,0.0,0.0,4.0,4.0,4200.0,3920.0,0.9333333333333333,0.06666666666666665,125440.0,32.0,0.0,3920.0,0.0,0.0,0.0,0.0,0.0,0.0,median,0.939353993191074,0.8278708085231837,0.8666666666666667,0.22331722970301457,-0.22190647642206482,,0.0,0.7964836768628718,0.7433847650720136,consensus_median,consensus_median,latency,4.0,8,0
consensus,20,60,ring_plus,-0.1245710935617633,0.1245710935617633,0.0,0.0,4.0,4.0,5280.0,4928.0,0.9333333333333333,0.06666666666666665,157696.0,32.0,0.0,4928.0,0.0,0.0,0.0,0.0,0.0,0.0,median,0.932729270353061,0.8289664288925906,0.9833333333333333,0.15474017732614567,-0.24382426727372408,56.0,1.0,0.9413291035084279,0.8785738299411996,consensus_median,consensus_median,latency,4.0,9,0
consensus,20,60,ring_plus,-0.03413636659422674,0.03413636659422674,0.0,0.0,8.0,8.0,5040.0,4368.0,0.8666666666666667,0.1333333333333333,139776.0,32.0,0.0,4368.0,0.0,0.0,0.0,0.0,0.0,0.0,median,0.890275048373966,0.9370771925364998,0.6333333333333333,0.04340984717430559,-0.1812177817215873,40.0,1.0,1.399646125476325,1.2130266420794815,consensus_median,consensus_median,latency,8.0,0,0
consensus,20,60,ring_plus,-0.18429418957305768,0.18429418957305768,0.0,0.0,8.0,8.0,5400.0,4680.0,0.8666666666666667,0.1333333333333333,149760.0,32.0,0.0,4680.0,0.0,0.0,0.0,0.0,0.0,0.0,median,0.9243080283636664,0.943947633013368,0.75,0.24350636966531183,-0.2816316458779756,,0.0,1.320493917398932,1.1444280617457412,consensus_median,consensus_median,latency,8.0,1,0
consensus,20,60,ring_plus,-0.04003151285849985,0.04003151285849985,0.0,0.0,8.0,8.0,6120.0,5304.0,0.8666666666666667,0.1333333333333333,169728.0,32.0,0.0,5304.0,0.0,0.0,0.0,0.0,0.0,0.0,median,0.8906802282842734,0.9801474737380621,0.8,0.052589291708786935,-0.3040182276017046,43.0,1.0,1.55469612182113,1.3474033055783121,consensus_median,consensus_median,latency,8.0,2,0
consensus,20,60,ring_plus,-0.31041821993124147,0.31041821993124147,0.0,0.0,8.0,8.0,5040.0,4368.0,0.8666666666666667,0.1333333333333333,139776.0,32.0,0.0,4368.0,0.0,0.0,0.0,0.0,0.0,0.0,median,0.9191423339875315,0.97101302633286,0.6166666666666667,0.3970133440906279,-0.43226967768204627,,0.0,1.2627284000071304,1.0943646133395128,consensus_median,consensus_median,latency,8.0,3,0
consensus,20,60,ring_plus,-0.020720184575011742,0.020720184575011742,0.0,0.0,8.0,8.0,5640.0,4888.0,0.8666666666666667,0.1333333333333333,156416.0,32.0,0.0,4888.0,0.0,0.0,0.0,0.0,0.0,0.0,median,0.8829886857612985,0.9705971758584634,0.6666666666666666,0.02859200875404921,-0.25675327089990896,40.0,1.0,1.3711704029417888,1.1883476825495503,consensus_median,consensus_median,latency,8.0,4,0
consensus,20,60,ring_plus,-0.0581551273927607,0.0581551273927607,0.0,0.0,8.0,8.0,6360.0,5512.0,0.8666666666666667,0.1333333333333333,176384.0,32.0,0.0,5512.0,0.0,0.0,0.0,0.0,0.0,0.0,median,0.8977717404771247,0.9345453044396785,0.9166666666666666,0.07079592480909996,-0.25362766212130017,40.0,1.0,1.6160985120576443,1.4006187104499583,consensus_median,consensus_median,latency,8.0,5,0
consensus,20,60,ring_plus,-0.21374552745690703,0.21374552745690703,0.0,0.0,8.0,8.0,4680.0,4056.0,0.8666666666666667,0.1333333333333333,129792.0,32.0,0.0,4056.0,0.0,0.0,0.0,0.0,0.0,0.0,median,0.9128436302347083,0.9065207846205277,0.6,0.2232538665150162,-0.34652313701671317,52.0,1.0,0.9450014459069909,0.819001253119392,consensus_median,consensus_median,latency,8.0,6,0
consensus,20,60,ring_plus,-0.041115747485948234,0.041115747485948234,0.0,0.0,8.0,8.0,6480.0,5616.0,0.8666666666666667,0.1333333333333333,179712.0,32.0,0.0,5616.0,0.0,0.0,0.0,0.0,0.0,0.0,median,0.8913048139379756,0.9619939474546197,0.8666666666666667,0.05855912598781879,-0.3205331617307405,40.0,1.0,2.218617553571293,1.922801879761787,consensus_median,consensus_median,latency,8.0,7,0
consensus,20,60,ring_plus,-0.5466271279238818,0.5466271279238818,0.0,0.0,8.0,8.0,4200.0,3640.0,0.8666666666666667,0.1333333333333333,116480.0,32.0,0.0,3640.0,0.0,0.0,0.0,0.0,0.0,0.0,median,0.9378188633898739,0.84883349019211,0.5833333333333334,0.5794695665182114,-0.2162502457288966,,0.0,0.7964836768628718,0.6902858532811554,consensus_median,consensus_median,latency,8.0,8,0
consensus,20,60,ring_plus,-0.18443229447032716,0.18443229447032716,0.0,0.0,8.0,8.0,5280.0,4576.0,0.8666666666666667,0.1333333333333333,146432.0,32.0,0.0,4576.0,0.0,0.0,0.0,0.0,0.0,0.0,median,0.9247692957692717,0.9235935203956696,0.8666666666666667,0.2195725677630697,-0.24282658059191467,,0.0,0.9413291035084279,0.815818556373971,consensus_median,consensus_median,latency,8.0,9,0
consensus,20,60,ring_plus,-0.005482431650517084,0.005482431650517084,0.0,0.0,0.0,0.0,5040.0,5040.0,1.0,0.0,161280.0,32.0,0.0,5040.0,0.0,0.0,0.0,0.0,0.0,0.0,median,0.9153796126179674,0.8893141208430875,1.0,0.009240556291100158,-0.18169534730398246,16.0,1.0,1.399646125476325,1.3996461254763248,consensus_median,consensus_median,jitter,0.0,0,0
consensus,20,60,ring_plus,-0.0022524075034309134,0.0022524075034309134,0.0,0.0,0.0,0.0,5400.0,5400.0,1.0,0.0,172800.0,32.0,0.0,5400.0,0.0,0.0,0.0,0.0,0.0,0.0,median,0.8868894533962743,0.948095047355784,1.0,0.004040617335849671,-0.28466567557913613,17.0,1.0,1.320493917398932,1.320493917398932,consensus_median,consensus_median,jitter,0.0,1,0
consensus,20,60,ring_plus,-1.0757817627825737e-05,1.0757817627825737e-05,0.0,0.0,0.0,0.0,6120.0,6120.0,1.0,0.0,195840.0,32.0,0.0,6120.0,0.0,0.0,0.0,0.0,0.0,0.0,median,0.8029072662488145,0.9951107096363998,1.0,4.5457540449862186e-05,-0.3046852401857191,14.0,1.0,1.55469612182113,1.5546961218211295,consensus_median,consensus_median,jitter,0.0,2,0
consensus,20,60,ring_plus,-0.00018438166122980556,0.00018438166122980556,0.0,0.0,0.0,0.0,5040.0,5040.0,1.0,0.0,161280.0,32.0,0.0,5040.0,0.0,0.0,0.0,0.0,0.0,0.0,median,0.8371772439263904,0.9929626121047088,1.0,0.000744942995449872,-0.4374402416532132,21.0,1.0,1.2627284000071304,1.2627284000071306,consensus_median,consensus_median,jitter,0.0,3,0
consensus,20,60,ring_plus,-1.7632338623002975e-06,1.7632338623002975e-06,0.0,0.0,0.0,0.0,5640.0,5640.0,1.0,0.0,180480.0,32.0,0.0,5640.0,0.0,0.0,0.0,0.0,0.0,0.0,median,0.7871303711427364,0.9892653375314289,1.0,7.5488257383975825e-06,-0.25709857792226143,11.0,1.0,1.3711704029417888,1.3711704029417888,consensus_median,consensus_median,jitter,0.0,4,0
consensus,20,60,ring_plus,-0.13883186854417218,0.13883186854417218,0.0,0.0,0.0,0.0,6360.0,6360.0,1.0,0.0,203520.0,32.0,0.0,6360.0,0.0,0.0,0.0,0.0,0.0,0.0,median,0.9600207839121924,0.43787725467610616,1.0,0.13883230737275712,-0.25228304976877663,18.0,1.0,1.6160985120576443,1.616098512057644,consensus_median,consensus_median,jitter,0.0,5,0
consensus,20,60,ring_plus,-0.00025687201397392407,0.00025687201397392407,0.0,0.0,0.0,0.0,4680.0,4680.0,1.0,0.0,149760.0,32.0,0.0,4680.0,0.0,0.0,0.0,0.0,0.0,0.0,median,0.8475205063686533,0.981351379392753,1.0,0.0005194339102027597,-0.3500812812740955,16.0,1.0,0.9450014459069909,0.9450014459069908,consensus_median,consensus_median,jitter,0.0,6,0
consensus,20,60,ring_plus,-6.615934702086204e-06,6.615934702086204e-06,0.0,0.0,0.0,0.0,6480.0,6480.0,1.0,0.0,207360.0,32.0,0.0,6480.0,0.0,0.0,0.0,0.0,0.0,0.0,median,0.800548284567372,0.9881547098203891,1.0,2.697664426169475e-05,-0.3212183139232611,11.0,1.0,2.218617553571293,2.218617553571293,consensus_median,consensus_median,jitter,0.0,7,0
consensus,20,60,ring_plus,-0.061134390726600735,0.061134390726600735,0.0,0.0,0.0,0.0,4200.0,4200.0,1.0,0.0,134400.0,32.0,0.0,4200.0,0.0,0.0,0.0,0.0,0.0,0.0,median,0.9476347521361681,0.6576378148377107,1.0,0.06170680693486514,-0.2243417913488512,19.0,1.0,0.7964836768628718,0.7964836768628717,consensus_median,consensus_median,jitter,0.0,8,0
consensus,20,60,ring_plus,-0.0005079551485993235,0.0005079551485993235,0.0,0.0,0.0,0.0,5280.0,5280.0,1.0,0.0,168960.0,32.0,0.0,5280.0,0.0,0.0,0.0,0.0,0.0,0.0,median,0.8724697640882209,0.9714170647982108,1.0,0.0015473166584628391,-0.2458919862472769,23.0,1.0,0.9413291035084279,0.9413291035084281,consensus_median,consensus_median,jitter,0.0,9,0
consensus,20,60,ring_plus,-5.705958932437273e-05,5.705958932437273e-05,0.0,0.0,0.15118956254796623,1.0,5040.0,3909.0,0.7755952380952381,0.22440476190476188,125088.0,32.0,0.0,3909.0,0.0,0.0,0.0,0.0,0.0,0.0,median,0.839939603971892,0.9554126841997174,1.0,0.00014761378385297458,-0.18178577017166908,12.0,1.0,1.399646125476325,1.0763704465732702,consensus_median,consensus_median,jitter,1.0,0,0
consensus,20,60,ring_plus,-8.713672666172736e-05,8.713672666172736e-05,0.0,0.0,0.12987934705464868,1.0,5400.0,4227.0,0.7827777777777778,0.2172222222222222,135264.0,32.0,0.0,4227.0,0.0,0.0,0.0,0.0,0.0,0.0,median,0.8353250033135656,0.966865547913319,1.0,0.0002221972401531516,-0.2847017634254156,13.0,1.0,1.320493917398932,1.0881033908508373,consensus_median,consensus_median,jitter,1.0,1,0
consensus,20,60,ring_plus,-2.0094996810341057e-07,2.0094996810341057e-07,0.0,0.0,0.13507853403141362,1.0,6120.0,4775.0,0.7802287581699346,0.21977124183006536,152800.0,32.0,0.0,4775.0,0.0,0.0,0.0,0.0,0.0,0.0,median,0.7512811456078627,0.9979254280584922,1.0,2.1408447156098667e-06,-0.30468541613351346,13.0,1.0,1.55469612182113,1.3857392944611517,consensus_median,consensus_median,jitter,1.0,2,0
consensus,20,60,ring_plus,-6.328411293186536e-06,6.328411293186536e-06,0.0,0.0,0.14431934493346982,1.0,5040.0,3908.0,0.7753968253968254,0.22460317460317458,125056.0,32.0,0.0,3908.0,0.0,0.0,0.0,0.0,0.0,0.0,median,0.7907491189596249,0.991719671952196,1.0,3.7163024921637185e-05,-0.4374432092073788,14.0,1.0,1.2627284000071304,1.059938318974705,consensus_median,consensus_median,jitter,1.0,3,0
consensus,20,60,ring_plus,-3.4304516887471656e-07,3.4304516887471656e-07,0.0,0.0,0.1401506505364072,1.0,5640.0,4381.0,0.7767730496453901,0.22322695035460993,140192.0,32.0,0.0,4381.0,0.0,0.0,0.0,0.0,0.0,0.0,median,0.7655306900817272,0.9874445781562411,1.0,1.3055319455614249e-06,-0.257098601592073,9.0,1.0,1.3711704029417888,1.1544516236154279,consensus_median,consensus_median,jitter,1.0,4,0
consensus,20,60,ring_plus,-0.00033515222242661203,0.00033515222242661203,0.0,0.0,0.14432989690721648,1.0,6360.0,4947.0,0.7778301886792452,0.22216981132075475,158304.0,32.0,0.0,4947.0,0.0,0.0,0.0,0.0,0.0,0.0,median,0.8595766332420859,0.964766150428456,1.0,0.0008436877675632838,-0.25459132837413906,14.0,1.0,1.6160985120576443,1.4081444392866933,consensus_median,consensus_median,jitter,1.0,5,0
consensus,20,60,ring_plus,-2.4477848633694316e-05,2.4477848633694316e-05,0.0,0.0,0.13503149821966584,1.0,4680.0,3651.0,0.7801282051282051,0.21987179487179487,116832.0,32.0,0.0,3651.0,0.0,0.0,0.0,0.0,0.0,0.0,median,0.8206501777739211,0.9694238200983766,1.0,6.228361583003515e-05,-0.35008515451018435,10.0,1.0,0.9450014459069909,0.7917797700199132,consensus_median,consensus_median,jitter,1.0,6,0
consensus,20,60,ring_plus,-6.87125813233279e-08,6.87125813233279e-08,0.0,0.0,0.1419987983176447,1.0,6480.0,4993.0,0.7705246913580247,0.2294753086419753,159776.0,32.0,0.0,4993.0,0.0,0.0,0.0,0.0,0.0,0.0,median,0.7403220078687367,0.9488045487769329,1.0,3.031241648261781e-07,-0.32121842304362985,9.0,1.0,2.218617553571293,1.8263889181114055,consensus_median,consensus_median,jitter,1.0,7,0
consensus,20,60,ring_plus,-0.010654341107193476,0.010654341107193476,0.0,0.0,0.14563697172392825,1.0,4200.0,3289.0,0.7830952380952381,0.21690476190476193,105248.0,32.0,0.0,3289.0,0.0,0.0,0.0,0.0,0.0,0.0,median,0.9158818845093468,0.9184573651968134,1.0,0.016932463439555887,-0.2251831255091747,23.0,1.0,0.7964836768628718,0.639589034232374,consensus_median,consensus_median,jitter,1.0,8,0
consensus,20,60,ring_plus,-0.00021633109915213474,0.00021633109915213474,0.0,0.0,0.14320685434516525,1.0,5280.0,4085.0,0.7736742424242424,0.22632575757575757,130720.0,32.0,0.0,4085.0,0.0,0.0,0.0,0.0,0.0,0.0,median,0.8582336954226388,0.9640901703413888,1.0,0.0004122451567545279,-0.24589684664810102,12.0,1.0,0.9413291035084279,0.8388196320941144,consensus_median,consensus_median,jitter,1.0,9,0
consensus,20,60,ring_plus,-1.1913508839229977e-05,1.1913508839229977e-05,0.0,0.0,0.2820167160959827,2.0,5040.0,3709.0,0.7359126984126985,0.26408730158730154,118688.0,32.0,0.0,3709.0,0.0,0.0,0.0,0.0,0.0,0.0,median,0.817672758424705,0.9730962505005598,1.0,3.7400222185497364e-05,-0.1817865226063438,11.0,1.0,1.399646125476325,0.9795833541954271,consensus_median,consensus_median,jitter,2.0,0,0
consensus,20,60,ring_plus,-0.00015185177209530958,0.00015185177209530958,0.0,0.0,0.26244119831641494,2.0,5400.0,4039.0,0.7479629629629629,0.25203703703703706,129248.0,32.0,0.0,4039.0,0.0,0.0,0.0,0.0,0.0,0.0,median,0.8494422322304387,0.9536993922470719,1.0,0.00037446022543679045,-0.284700684841325,12.0,1.0,1.320493917398932,1.0569185542436594,consensus_median,consensus_median,jitter,2.0,1,0
consensus,20,60,ring_plus,-1.5592887827349112e-08,1.5592887827349112e-08,0.0,0.0,0.26765799256505574,2.0,6120.0,4573.0,0.7472222222222222,0.25277777777777777,146336.0,32.0,0.0,4573.0,0.0,0.0,0.0,0.0,0.0,0.0,median,0.7212997849513383,0.9976353088613767,1.0,2.767902982689669e-07,-0.30468541922279807,12.0,1.0,1.55469612182113,1.3505066873200782,consensus_median,consensus_median,jitter,2.0,2,0
consensus,20,60,ring_plus,-3.350873182487643e-07,3.350873182487643e-07,0.0,0.0,0.27987254381306426,2.0,5040.0,3766.0,0.7472222222222222,0.25277777777777777,120512.0,32.0,0.0,3766.0,0.0,0.0,0.0,0.0,0.0,0.0,median,0.7454531914431003,0.9971459255922062,1.0,1.8232349233766469e-06,-0.43744330909611173,12.0,1.0,1.2627284000071304,0.9841003705436796,consensus_median,consensus_median,jitter,2.0,3,0
consensus,20,60,ring_plus,-1.430516384877487e-09,1.430516384877487e-09,0.0,0.0,0.2732696897374702,2.0,5640.0,4190.0,0.7429078014184397,0.2570921985815603,134080.0,32.0,0.0,4190.0,0.0,0.0,0.0,0.0,0.0,0.0,median,0.6846148615072186,0.9922072132206056,1.0,8.017528608306008e-09,-0.25709860728565054,9.0,1.0,1.3711704029417888,1.0989716619254317,consensus_median,consensus_median,jitter,2.0,4,0
consensus,20,60,ring_plus,-4.478061595942586e-05,4.478061595942586e-05,0.0,0.0,0.27478813559322035,2.0,6360.0,4720.0,0.7421383647798742,0.25786163522012584,151040.0,32.0,0.0,4720.0,0.0,0.0,0.0,0.0,0.0,0.0,median,0.8289823575972943,0.9746442824929861,1.0,0.00011692689542286109,-0.2545961679009135,12.0,1.0,1.6160985120576443,1.3383270514879193,consensus_median,consensus_median,jitter,2.0,5,0
consensus,20,60,ring_plus,-4.4610323021589676e-06,4.4610323021589676e-06,0.0,0.0,0.2602070155261645,2.0,4680.0,3478.0,0.7431623931623932,0.2568376068376068,111296.0,32.0,0.0,3478.0,0.0,0.0,0.0,0.0,0.0,0.0,median,0.7966846341478853,0.9919282921314007,1.0,1.841696903127725e-05,-0.35008548812378987,11.0,1.0,0.9450014459069909,0.7133994433171775,consensus_median,consensus_median,jitter,2.0,6,0
consensus,20,60,ring_plus,-2.3320118612769006e-08,2.3320118612769006e-08,0.0,0.0,0.28385744234800836,2.0,6480.0,4770.0,0.7361111111111112,0.26388888888888884,152640.0,32.0,0.0,4770.0,0.0,0.0,0.0,0.0,0.0,0.0,median,0.7249241258375833,0.9760955551839477,1.0,1.1848615894658552e-07,-0.32121842380017085,8.0,1.0,2.218617553571293,1.7009418689064388,consensus_median,consensus_median,jitter,2.0,7,0
consensus,20,60,ring_plus,-0.006606746080996949,0.006606746080996949,0.0,0.0,0.28001277139208175,2.0,4200.0,3132.0,0.7457142857142857,0.25428571428571434,100224.0,32.0,0.0,3132.0,0.0,0.0,0.0,0.0,0.0,0.0,median,0.9083902303817813,0.9533809339328565,0.9833333333333333,0.011893208338440146,-0.225250585426278,26.0,1.0,0.7964836768628718,0.5898188793040173,consensus_median,consensus_median,jitter,2.0,8,0
consensus,20,60,ring_plus,-0.000377565200037602,0.000377565200037602,0.0,0.0,0.2736842105263158,2.0,5280.0,3895.0,0.7376893939393939,0.2623106060606061,124640.0,32.0,0.0,3895.0,0.0,0.0,0.0,0.0,0.0,0.0,median,0.8616313858092608,0.9767258196713515,1.0,0.000878826892350506,-0.24589415941308618,16.0,1.0,0.9413291035084279,0.7829936188512837,consensus_median,consensus_median,jitter,2.0,9,0
consensus,20,60,ring_plus,-3.453388720494324e-05,3.453388720494324e-05,0.0,0.0,0.5570712694877505,4.0,5040.0,3592.0,0.7126984126984127,0.2873015873015873,114944.0,32.0,0.0,3592.0,0.0,0.0,0.0,0.0,0.0,0.0,median,0.8290664597574717,0.9586723291021096,1.0,8.021265611082378e-05,-0.1817861456000377,12.0,1.0,1.399646125476325,0.9516302039205694,consensus_median,consensus_median,jitter,4.0,0,0
consensus,20,60,ring_plus,-0.0001946093960784712,0.0001946093960784712,0.0,0.0,0.49328512396694213,4.0,5400.0,3872.0,0.717037037037037,0.28296296296296297,123904.0,32.0,0.0,3872.0,0.0,0.0,0.0,0.0,0.0,0.0,median,0.8448580211943738,0.9773283043761096,1.0,0.00040702016555293124,-0.28469997221425863,14.0,1.0,1.320493917398932,0.9848942410154641,consensus_median,consensus_median,jitter,4.0,1,0
consensus,20,60,ring_plus,-1.348100345900748e-08,1.348100345900748e-08,0.0,0.0,0.49533984996590136,4.0,6120.0,4399.0,0.7187908496732026,0.2812091503267974,140768.0,32.0,0.0,4399.0,0.0,0.0,0.0,0.0,0.0,0.0,median,0.7087952318475077,0.9977879660282514,1.0,1.281614655525747e-07,-0.3046854192579962,12.0,1.0,1.55469612182113,1.2896068638519291,consensus_median,consensus_median,jitter,4.0,2,0
consensus,20,60,ring_plus,-7.723260412178866e-06,7.723260412178866e-06,0.0,0.0,0.5094339622641509,4.0,5040.0,3604.0,0.7150793650793651,0.2849206349206349,115328.0,32.0,0.0,3604.0,0.0,0.0,0.0,0.0,0.0,0.0,median,0.7942689444956917,0.990083685147662,1.0,4.750777147725612e-05,-0.43744318595989345,14.0,1.0,1.2627284000071304,0.9123702372025301,consensus_median,consensus_median,jitter,4.0,3,0
consensus,20,60,ring_plus,-2.665121795293618e-08,2.665121795293618e-08,0.0,0.0,0.5145413870246085,4.0,5640.0,4023.0,0.7132978723404255,0.2867021276595745,128736.0,32.0,0.0,4023.0,0.0,0.0,0.0,0.0,0.0,0.0,median,0.7200428481001035,0.9961483980380175,0.9833333333333333,1.1738157831700157e-07,-0.2570986068653055,9.0,1.0,1.3711704029417888,1.107762453837771,consensus_median,consensus_median,jitter,4.0,4,0
consensus,20,60,ring_plus,-2.919353572740486e-05,2.919353572740486e-05,0.0,0.0,0.5169528841919859,4.0,6360.0,4542.0,0.7141509433962264,0.2858490566037736,145344.0,32.0,0.0,4542.0,0.0,0.0,0.0,0.0,0.0,0.0,median,0.8239580150440737,0.9666890131509818,1.0,7.726788651871384e-05,-0.25459642768558405,11.0,1.0,1.6160985120576443,1.296080075537901,consensus_median,consensus_median,jitter,4.0,5,0
consensus,20,60,ring_plus,-3.370234065945185e-05,3.370234065945185e-05,0.0,0.0,0.5244982290436836,4.0,4680.0,3388.0,0.7239316239316239,0.2760683760683761,108416.0,32.0,0.0,3388.0,0.0,0.0,0.0,0.0,0.0,0.0,median,0.8233720078752523,0.973090485863844,0.9833333333333333,7.407312311921473e-05,-0.3500850007686506,10.0,1.0,0.9450014459069909,0.7013998445987121,consensus_median,consensus_median,jitter,4.0,6,0
consensus,20,60,ring_plus,-6.49716871098562e-09,6.49716871098562e-09,0.0,0.0,0.5364639688379139,4.0,6480.0,4621.0,0.7131172839506172,0.28688271604938276,147872.0,32.0,0.0,4621.0,0.0,0.0,0.0,0.0,0.0,0.0,median,0.7032360957416465,0.9774359245501228,1.0,4.4134109806681954e-08,-0.3212184240805534,9.0,1.0,2.218617553571293,1.6682887771747532,consensus_median,consensus_median,jitter,4.0,7,0
consensus,20,60,ring_plus,-0.0035061429134372805,0.0035061429134372805,0.0,0.0,0.5084005376344086,4.0,4200.0,2976.0,0.7085714285714285,0.2914285714285715,95232.0,32.0,0.0,2976.0,0.0,0.0,0.0,0.0,0.0,0.0,median,0.8992028431297758,0.9569805589081943,1.0,0.0057950623135404255,-0.22530226214573726,22.0,1.0,0.7964836768628718,0.5008897377954299,consensus_median,consensus_median,jitter,4.0,8,0
consensus,20,60,ring_plus,-0.0007063625998098926,0.0007063625998098926,0.0,0.0,0.5367142102482831,4.0,5280.0,3786.0,0.7170454545454545,0.28295454545454546,121152.0,32.0,0.0,3786.0,0.0,0.0,0.0,0.0,0.0,0.0,median,0.8745541980158091,0.9633387958603692,1.0,0.0014140076890171748,-0.24588867945642331,16.0,1.0,0.9413291035084279,0.7745812334867884,consensus_median,consensus_median,jitter,4.0,9,0
consensus,20,60,ring_plus,-6.254026263897241e-05,6.254026263897241e-05,0.0,0.0,1.0217391304347827,8.0,5040.0,3496.0,0.6936507936507936,0.30634920634920637,111872.0,32.0,0.0,3496.0,0.0,0.0,0.0,0.0,0.0,0.0,median,0.8427403676419938,0.9687625148844071,0.9666666666666667,0.00018552910041783323,-0.1817856788271138,13.0,1.0,1.399646125476325,0.9217916332632176,consensus_median,consensus_median,jitter,8.0,0,0
consensus,20,60,ring_plus,-9.1263075216112e-05,9.1263075216112e-05,0.0,0.0,0.9241580482630602,8.0,5400.0,3771.0,0.6983333333333334,0.30166666666666664,120672.0,32.0,0.0,3771.0,0.0,0.0,0.0,0.0,0.0,0.0,median,0.8329818387526443,0.9712543366616423,0.9833333333333333,0.00020582705278497694,-0.28470169465293976,14.0,1.0,1.320493917398932,0.9332284599907973,consensus_median,consensus_median,jitter,8.0,1,0
consensus,20,60,ring_plus,-6.580974385974773e-07,6.580974385974773e-07,0.0,0.0,0.9499650919245985,8.0,6120.0,4297.0,0.7021241830065359,0.2978758169934641,137504.0,32.0,0.0,4297.0,0.0,0.0,0.0,0.0,0.0,0.0,median,0.7662904979020385,0.9973004195671717,1.0,4.7113164352973176e-06,-0.3046854085143889,13.0,1.0,1.55469612182113,1.2178379136347437,consensus_median,consensus_median,jitter,8.0,2,0
consensus,20,60,ring_plus,-1.388804819836071e-06,1.388804819836071e-06,0.0,0.0,0.9669730040206778,8.0,5040.0,3482.0,0.6908730158730159,0.30912698412698414,111424.0,32.0,0.0,3482.0,0.0,0.0,0.0,0.0,0.0,0.0,median,0.7674408483462664,0.9971780171675001,0.9833333333333333,8.632531137835997e-06,-0.4374432915341533,14.0,1.0,1.2627284000071304,0.8933462589818918,consensus_median,consensus_median,jitter,8.0,3,0
consensus,20,60,ring_plus,-5.493583568944485e-07,5.493583568944485e-07,0.0,0.0,1.0125722906713603,8.0,5640.0,3977.0,0.7051418439716312,0.29485815602836885,127264.0,32.0,0.0,3977.0,0.0,0.0,0.0,0.0,0.0,0.0,median,0.7597948551976468,0.9907414355048361,0.9333333333333333,1.8725450893949857e-06,-0.2570985981535198,9.0,1.0,1.3711704029417888,1.0442344154497045,consensus_median,consensus_median,jitter,8.0,4,0
consensus,20,60,ring_plus,-2.0852009137297184e-05,2.0852009137297184e-05,0.0,0.0,1.0224164985429276,8.0,6360.0,4461.0,0.7014150943396227,0.2985849056603773,142752.0,32.0,0.0,4461.0,0.0,0.0,0.0,0.0,0.0,0.0,median,0.809416333952602,0.944594645380983,1.0,4.4969606611397055e-05,-0.2545965667110272,13.0,1.0,1.6160985120576443,1.2583901758155427,consensus_median,consensus_median,jitter,8.0,5,0
consensus,20,60,ring_plus,-3.888646902165297e-06,3.888646902165297e-06,0.0,0.0,1.0057645631067962,8.0,4680.0,3296.0,0.7042735042735043,0.2957264957264957,105472.0,32.0,0.0,3296.0,0.0,0.0,0.0,0.0,0.0,0.0,median,0.7968636159035714,0.9662477261352284,0.9666666666666667,1.2165208167933427e-05,-0.3500854976635465,9.0,1.0,0.9450014459069909,0.6673227452094042,consensus_median,consensus_median,jitter,8.0,6,0
consensus,20,60,ring_plus,-5.1109188843943644e-08,5.1109188843943644e-08,0.0,0.0,0.9971033868092691,8.0,6480.0,4488.0,0.6925925925925925,0.30740740740740746,143616.0,32.0,0.0,4488.0,0.0,0.0,0.0,0.0,0.0,0.0,median,0.7188606648178352,0.977518301711749,0.9666666666666667,1.5287056269672043e-07,-0.3212184233370198,10.0,1.0,2.218617553571293,1.5822889658811676,consensus_median,consensus_median,jitter,8.0,7,0
consensus,20,60,ring_plus,-0.0054670586127712325,0.0054670586127712325,0.0,0.0,0.9880423641954219,8.0,4200.0,2927.0,0.6969047619047619,0.3030952380952381,93664.0,32.0,0.0,2927.0,0.0,0.0,0.0,0.0,0.0,0.0,median,0.9074548257833137,0.9499950058116485,0.9666666666666667,0.009759534895928346,-0.22526958021741506,24.0,1.0,0.7964836768628718,0.4854138107924815,consensus_median,consensus_median,jitter,8.0,8,0
consensus,20,60,ring_plus,-0.0011340011236044686,0.0011340011236044686,0.0,0.0,0.9739130434782609,8.0,5280.0,3680.0,0.696969696969697,0.303030303030303,117760.0,32.0,0.0,3680.0,0.0,0.0,0.0,0.0,0.0,0.0,median,0.8843512914036922,0.9343126579310493,1.0,0.002071887393505847,-0.24588155214769342,13.0,1.0,0.9413291035084279,0.773830655607901,consensus_median,consensus_median,jitter,8.0,9,0
consensus,20,60,ring_plus,-24.321900825968864,24.321900825968864,5.07425600071652,0.0,0.0,0.0,5040.0,5040.0,1.0,0.0,5040.0,1.0,0.0,5040.0,0.0,0.0,0.0,0.0,0.0,0.0,median,1.0,0.0,0.11666666666666667,24.321900815359815,0.2235782926013233,,0.0,1.399646125476325,1.3996461254763248,consensus_median,consensus_median,bandwidth,1.0,0,0
consensus,20,60,ring_plus,-2.0562912661270336e-21,2.0562912661270336e-21,0.21561334160147322,0.0,0.0,0.0,5400.0,5400.0,1.0,0.0,5400.0,1.0,0.0,5400.0,0.0,0.0,0.0,0.0,0.0,0.0,median,0.4252297917631197,0.9996000166480771,0.9833333333333333,3.874769815977566e-18,-0.2847032157041933,7.0,1.0,1.320493917398932,1.320493917398932,consensus_median,consensus_median,bandwidth,1.0,1,0
consensus,20,60,ring_plus,-148.94999999819788,148.94999999819788,1.223161401590039,0.0,0.0,0.0,6120.0,6120.0,1.0,0.0,6120.0,1.0,0.0,6120.0,0.0,0.0,0.0,0.0,0.0,0.0,median,1.0,0.0,0.016666666666666666,148.94999995124562,2.1778145804872855,,0.0,1.55469612182113,1.5546961218211295,consensus_median,consensus_median,bandwidth,1.0,2,0
consensus,20,60,ring_plus,-88.8033057842702,88.8033057842702,2.2154138578918317,0.0,0.0,0.0,5040.0,5040.0,1.0,0.0,5040.0,1.0,0.0,5040.0,0.0,0.0,0.0,0.0,0.0,0.0,median,1.0,0.0,0.45,90.95103303424274,1.042611781723603,,0.0,1.2627284000071304,1.2627284000071306,consensus_median,consensus_median,bandwidth,1.0,3,0
consensus,20,60,ring_plus,-2.0247329813932139e-19,2.0247329813932139e-19,0.39242390881350075,0.0,0.0,0.0,5640.0,5640.0,1.0,0.0,5640.0,1.0,0.0,5640.0,0.0,0.0,0.0,0.0,0.0,0.0,median,0.44612837955167334,0.989316153386994,0.9333333333333333,3.8152804150192866e-16,-0.2570986073094925,13.0,1.0,1.3711704029417888,1.3711704029417888,consensus_median,consensus_median,bandwidth,1.0,4,0
consensus,20,60,ring_plus,-1.7522765928956125e-21,1.7522765928956125e-21,0.20219852635554514,0.0,0.0,0.0,6360.0,6360.0,1.0,0.0,6360.0,1.0,0.0,6360.0,0.0,0.0,0.0,0.0,0.0,0.0,median,0.42510912451641125,0.9996090506023819,0.9833333333333333,3.3018441498381148e-18,-0.25459691424451286,7.0,1.0,1.6160985120576443,1.616098512057644,consensus_median,consensus_median,bandwidth,1.0,5,0
consensus,20,60,ring_plus,-3.417788001289342e-17,3.417788001289342e-17,0.5362240552722058,0.0,0.0,0.0,4680.0,4680.0,1.0,0.0,4680.0,1.0,0.0,4680.0,0.0,0.0,0.0,0.0,0.0,0.0,median,0.48162058068149,0.9653121928572332,0.8833333333333333,6.440268407001281e-14,-0.3500855624743282,18.0,1.0,0.9450014459069909,0.9450014459069908,consensus_median,consensus_median,bandwidth,1.0,6,0
consensus,20,60,ring_plus,-3.0228775618140286e-20,3.0228775618140286e-20,0.3721172409628992,0.0,0.0,0.0,6480.0,6480.0,1.0,0.0,6480.0,1.0,0.0,6480.0,0.0,0.0,0.0,0.0,0.0,0.0,median,0.43632800699948093,0.9953215769983381,0.95,5.696126590927777e-17,-0.3212184241888396,10.0,1.0,2.218617553571293,2.218617553571293,consensus_median,consensus_median,bandwidth,1.0,7,0
consensus,20,60,ring_plus,-126.58636363409269,126.58636363409269,1.9377384875653803,0.0,0.0,0.0,4200.0,4200.0,1.0,0.0,4200.0,1.0,0.0,4200.0,0.0,0.0,0.0,0.0,0.0,0.0,median,1.0,0.0,0.4,126.20454539275893,1.8844120293739168,,0.0,0.7964836768628718,0.7964836768628717,consensus_median,consensus_median,bandwidth,1.0,8,0
consensus,20,60,ring_plus,-121.83264462655018,121.83264462655018,2.0919750152029573,0.0,0.0,0.0,5280.0,5280.0,1.0,0.0,5280.0,1.0,0.0,5280.0,0.0,0.0,0.0,0.0,0.0,0.0,median,1.0,0.0,0.4166666666666667,120.44855367701939,1.7846436249427493,,0.0,0.9413291035084279,0.9413291035084281,consensus_median,consensus_median,bandwidth,1.0,9,0
consensus,20,60,ring_plus,-6.402366577976547e-21,6.402366577976547e-21,0.033602428492920854,0.0,0.0,0.0,5040.0,5040.0,1.0,0.0,10080.0,2.0,0.0,5040.0,0.0,0.0,0.0,0.0,0.0,0.0,median,0.43738190186751474,0.9962102916170199,1.0,1.2064214276562882e-17,-0.18178672116482442,9.0,1.0,1.399646125476325,1.3996461254763248,consensus_median,consensus_median,bandwidth,2.0,0,0
consensus,20,60,ring_plus,-1.010385966767006e-21,1.010385966767006e-21,0.019798179726467097,0.0,0.0,0.0,5400.0,5400.0,1.0,0.0,10800.0,2.0,0.0,5400.0,0.0,0.0,0.0,0.0,0.0,0.0,median,0.42407434523863685,0.9999196526018264,1.0,1.903898546888913e-18,-0.2847032157041933,6.0,1.0,1.320493917398932,1.320493917398932,consensus_median,consensus_median,bandwidth,2.0,1,0
consensus,20,60,ring_plus,-1.6167358187487602e-19,1.6167358187487602e-19,0.033958619039404475,0.0,0.0,0.0,6120.0,6120.0,1.0,0.0,12240.0,2.0,0.0,6120.0,0.0,0.0,0.0,0.0,0.0,0.0,median,0.4532411887916117,0.987346731071606,0.9666666666666667,3.046477189947637e-16,-0.30468541948267963,12.0,1.0,1.55469612182113,1.5546961218211295,consensus_median,consensus_median,bandwidth,2.0,2,0
consensus,20,60,ring_plus,-8.799999999987879,8.799999999987879,0.2137674024979186,0.0,0.0,0.0,5040.0,5040.0,1.0,0.0,10080.0,2.0,0.0,5040.0,0.0,0.0,0.0,0.0,0.0,0.0,median,0.8724042477950664,0.7412120738854704,0.31666666666666665,8.799999999672085,-0.29077664801443576,,0.0,1.2627284000071304,1.2627284000071306,consensus_median,consensus_median,bandwidth,2.0,3,0
consensus,20,60,ring_plus,-11.69967860411421,11.69967860411421,0.17779121201757628,0.0,0.0,0.0,5640.0,5640.0,1.0,0.0,11280.0,2.0,0.0,5640.0,0.0,0.0,0.0,0.0,0.0,0.0,median,0.661447982445435,0.8291875861238404,0.4666666666666667,11.673163449342793,-0.06210396390758897,,0.0,1.3711704029417888,1.3711704029417888,consensus_median,consensus_median,bandwidth,2.0,4,0
consensus,20,60,ring_plus,-1.1298258748863965e-21,1.1298258748863965e-21,0.015979669949512453,0.0,0.0,0.0,6360.0,6360.0,1.0,0.0,12720.0,2.0,0.0,6360.0,0.0,0.0,0.0,0.0,0.0,0.0,median,0.42582479133378154,0.9996801576567208,1.0,2.128985376363646e-18,-0.2545969142445128,7.0,1.0,1.6160985120576443,1.616098512057644,consensus_median,consensus_median,bandwidth,2.0,5,0
consensus,20,60,ring_plus,-6.892992097034125e-19,6.892992097034125e-19,0.04530760780865803,0.0,0.0,0.0,4680.0,4680.0,1.0,0.0,9360.0,2.0,0.0,4680.0,0.0,0.0,0.0,0.0,0.0,0.0,median,0.4679743380980784,0.979178798653074,0.95,1.298872750945423e-15,-0.3500855624743283,14.0,1.0,0.9450014459069909,0.9450014459069908,consensus_median,consensus_median,bandwidth,2.0,6,0
consensus,20,60,ring_plus,-2.9917625639920303e-19,2.9917625639920303e-19,0.04945875502725004,0.0,0.0,0.0,6480.0,6480.0,1.0,0.0,12960.0,2.0,0.0,6480.0,0.0,0.0,0.0,0.0,0.0,0.0,median,0.46029669003940943,0.9834164533120955,0.95,5.637494013564431e-16,-0.32121842418883956,13.0,1.0,2.218617553571293,2.218617553571293,consensus_median,consensus_median,bandwidth,2.0,7,0
consensus,20,60,ring_plus,-8.555142332290474,8.555142332290474,0.22206134383403076,0.0,0.0,0.0,4200.0,4200.0,1.0,0.0,8400.0,2.0,0.0,4200.0,0.0,0.0,0.0,0.0,0.0,0.0,median,0.5968125345145984,0.9746708737285159,0.48333333333333334,8.783172631944728,-0.08277499232278672,,0.0,0.7964836768628718,0.7964836768628717,consensus_median,consensus_median,bandwidth,2.0,8,0
consensus,20,60,ring_plus,-13.229384756395865,13.229384756395865,0.2248783437520337,0.0,0.0,0.0,5280.0,5280.0,1.0,0.0,10560.0,2.0,0.0,5280.0,0.0,0.0,0.0,0.0,0.0,0.0,median,0.6926990030683435,0.8580882084526573,0.4666666666666667,13.383172628369467,-0.025410706226489072,,0.0,0.9413291035084279,0.9413291035084281,consensus_median,consensus_median,bandwidth,2.0,9,0
consensus,20,60,ring_plus,-2.6724489795684554,2.6724489795684554,0.023332047470912165,0.0,0.0,0.0,5040.0,5040.0,1.0,0.0,15120.0,3.0,0.0,5040.0,0.0,0.0,0.0,0.0,0.0,0.0,median,0.6955305511066988,0.8168922066115434,0.25,2.6724489789593577,-0.1372459048386835,,0.0,1.399646125476325,1.3996461254763248,consensus_median,consensus_median,bandwidth,3.0,0,0
consensus,20,60,ring_plus,-1.186009944793817e-21,1.186009944793817e-21,0.005295049240411348,0.0,0.0,0.0,5400.0,5400.0,1.0,0.0,16200.0,3.0,0.0,5400.0,0.0,0.0,0.0,0.0,0.0,0.0,median,0.4258226908234478,0.9997275369309866,1.0,2.2348422921714467e-18,-0.28470321570419327,7.0,1.0,1.320493917398932,1.320493917398932,consensus_median,consensus_median,bandwidth,3.0,1,0
consensus,20,60,ring_plus,-7.717088713922814e-20,7.717088713922814e-20,0.007173915516744164,0.0,0.0,0.0,6120.0,6120.0,1.0,0.0,18360.0,3.0,0.0,6120.0,0.0,0.0,0.0,0.0,0.0,0.0,median,0.45481788011429336,0.9889885923325151,1.0,1.4541608571768163e-16,-0.30468541948267963,11.0,1.0,1.55469612182113,1.5546961218211295,consensus_median,consensus_median,bandwidth,3.0,2,0
consensus,20,60,ring_plus,-1.6163265307063002,1.6163265307063002,0.040780655635923056,0.0,0.0,0.0,5040.0,5040.0,1.0,0.0,15120.0,3.0,0.0,5040.0,0.0,0.0,0.0,0.0,0.0,0.0,median,0.9814805196253978,0.3421104512957023,1.0,1.6163265331568308,-0.41050453916912866,,0.0,1.2627284000071304,1.2627284000071306,consensus_median,consensus_median,bandwidth,3.0,3,0
consensus,20,60,ring_plus,-1.9377551019930566,1.9377551019930566,0.012740673787771512,0.0,0.0,0.0,5640.0,5640.0,1.0,0.0,16920.0,3.0,0.0,5640.0,0.0,0.0,0.0,0.0,0.0,0.0,median,0.7138341824240498,0.8514084030157205,0.26666666666666666,1.9377551007487777,-0.2248026889429415,,0.0,1.3711704029417888,1.3711704029417888,consensus_median,consensus_median,bandwidth,3.0,4,0
consensus,20,60,ring_plus,-1.3711765233317207e-21,1.3711765233317207e-21,0.004343832680598023,0.0,0.0,0.0,6360.0,6360.0,1.0,0.0,19080.0,3.0,0.0,6360.0,0.0,0.0,0.0,0.0,0.0,0.0,median,0.42673994010261335,0.9996047285795597,1.0,2.583755707924351e-18,-0.25459691424451286,7.0,1.0,1.6160985120576443,1.616098512057644,consensus_median,consensus_median,bandwidth,3.0,5,0
consensus,20,60,ring_plus,-2.387755102006135,2.387755102006135,0.017992911280810472,0.0,0.0,0.0,4680.0,4680.0,1.0,0.0,14040.0,3.0,0.0,4680.0,0.0,0.0,0.0,0.0,0.0,0.0,median,0.715435244927523,0.8020213409390883,0.31666666666666665,2.3877551011026146,-0.3102896441075593,,0.0,0.9450014459069909,0.9450014459069908,consensus_median,consensus_median,bandwidth,3.0,6,0
consensus,20,60,ring_plus,-1.7695296932998292e-19,1.7695296932998292e-19,0.008296401591565897,0.0,0.0,0.0,6480.0,6480.0,1.0,0.0,19440.0,3.0,0.0,6480.0,0.0,0.0,0.0,0.0,0.0,0.0,median,0.4633167094864279,0.9840674112098854,0.9833333333333333,3.3343926201657454e-16,-0.32121842418883956,12.0,1.0,2.218617553571293,2.218617553571293,consensus_median,consensus_median,bandwidth,3.0,7,0
consensus,20,60,ring_plus,-6.315824574280942e-21,6.315824574280942e-21,0.0077701998055438115,0.0,0.0,0.0,4200.0,4200.0,1.0,0.0,12600.0,3.0,0.0,4200.0,0.0,0.0,0.0,0.0,0.0,0.0,median,0.4407365548629493,0.9959837043139357,1.0,1.190115180491834e-17,-0.22536069786096127,9.0,1.0,0.7964836768628718,0.7964836768628717,consensus_median,consensus_median,bandwidth,3.0,8,0
consensus,20,60,ring_plus,-2.3785714285015085,2.3785714285015085,0.01337807232726916,0.0,0.0,0.0,5280.0,5280.0,1.0,0.0,15840.0,3.0,0.0,5280.0,0.0,0.0,0.0,0.0,0.0,0.0,median,0.6680218134246279,0.8992654661937786,0.21666666666666667,2.3785714266798896,-0.20625759502472832,,0.0,0.9413291035084279,0.9413291035084281,consensus_median,consensus_median,bandwidth,3.0,9,0
consensus,20,60,ring_plus,-0.5820000000040914,0.5820000000040914,0.0052922595871051584,0.0,0.0,0.0,5040.0,5040.0,1.0,0.0,20160.0,4.0,0.0,5040.0,0.0,0.0,0.0,0.0,0.0,0.0,median,0.9869220654276989,0.21514537787120402,1.0,0.5820000001106626,-0.17208672116475626,,0.0,1.399646125476325,1.3996461254763248,consensus_median,consensus_median,bandwidth,4.0,0,0
consensus,20,60,ring_plus,-0.5980000000651675,0.5980000000651675,0.009565964174471513,0.0,0.0,0.0,5400.0,5400.0,1.0,0.0,21600.0,4.0,0.0,5400.0,0.0,0.0,0.0,0.0,0.0,0.0,median,0.9774495945113731,0.35193419129945347,1.0,0.5980000017630271,-0.2747365490364405,,0.0,1.320493917398932,1.320493917398932,consensus_median,consensus_median,bandwidth,4.0,1,0
consensus,20,60,ring_plus,-1.0223194046394632e-19,1.0223194046394632e-19,0.002101191461275227,0.0,0.0,0.0,6120.0,6120.0,1.0,0.0,24480.0,4.0,0.0,6120.0,0.0,0.0,0.0,0.0,0.0,0.0,median,0.46191854600309307,0.9885166691064039,1.0,1.9263954733412278e-16,-0.3046854194826796,11.0,1.0,1.55469612182113,1.5546961218211295,consensus_median,consensus_median,bandwidth,4.0,2,0
consensus,20,60,ring_plus,-0.6880000001145585,0.6880000001145585,0.004965208916621205,0.0,0.0,0.0,5040.0,5040.0,1.0,0.0,20160.0,4.0,0.0,5040.0,0.0,0.0,0.0,0.0,0.0,0.0,median,0.9711606235032288,0.3942641836796146,1.0,0.688000003099238,-0.4259766480123244,,0.0,1.2627284000071304,1.2627284000071306,consensus_median,consensus_median,bandwidth,4.0,3,0
consensus,20,60,ring_plus,-1.1944207457310198e-21,1.1944207457310198e-21,0.0016040128020425079,0.0,0.0,0.0,5640.0,5640.0,1.0,0.0,22560.0,4.0,0.0,5640.0,0.0,0.0,0.0,0.0,0.0,0.0,median,0.42789732668830954,0.9995306219816602,1.0,2.2506948587423705e-18,-0.25709860730949247,7.0,1.0,1.3711704029417888,1.3711704029417888,consensus_median,consensus_median,bandwidth,4.0,4,0
consensus,20,60,ring_plus,-0.7580000000190463,0.7580000000190463,0.0027256222433985657,0.0,0.0,0.0,6360.0,6360.0,1.0,0.0,25440.0,4.0,0.0,6360.0,0.0,0.0,0.0,0.0,0.0,0.0,median,0.9821604121864077,0.283224683296873,1.0,0.7580000005152844,-0.24196358091086206,,0.0,1.6160985120576443,1.616098512057644,consensus_median,consensus_median,bandwidth,4.0,5,0
consensus,20,60,ring_plus,-0.5200000000223989,0.5200000000223989,0.004086488283134867,0.0,0.0,0.0,4680.0,4680.0,1.0,0.0,18720.0,4.0,0.0,4680.0,0.0,0.0,0.0,0.0,0.0,0.0,median,0.979213826922522,0.29861608493172254,1.0,0.5200000006059464,-0.34141889580728824,,0.0,0.9450014459069909,0.9450014459069908,consensus_median,consensus_median,bandwidth,4.0,6,0
consensus,20,60,ring_plus,-2.3335216458695876e-19,2.3335216458695876e-19,0.002460616419102319,0.0,0.0,0.0,6480.0,6480.0,1.0,0.0,25920.0,4.0,0.0,6480.0,0.0,0.0,0.0,0.0,0.0,0.0,median,0.470811609461246,0.9836278819128452,1.0,4.397143991733844e-16,-0.3212184241888395,12.0,1.0,2.218617553571293,2.218617553571293,consensus_median,consensus_median,bandwidth,4.0,7,0
consensus,20,60,ring_plus,-7.014714116960902e-21,7.014714116960902e-21,0.0015436941057444594,0.0,0.0,0.0,4200.0,4200.0,1.0,0.0,16800.0,4.0,0.0,4200.0,0.0,0.0,0.0,0.0,0.0,0.0,median,0.44386363471205736,0.9960907917399886,1.0,1.321809643460655e-17,-0.22536069786096125,9.0,1.0,0.7964836768628718,0.7964836768628717,consensus_median,consensus_median,bandwidth,4.0,8,0
consensus,20,60,ring_plus,-0.6480000000047428,0.6480000000047428,0.004008082001517313,0.0,0.0,0.0,5280.0,5280.0,1.0,0.0,21120.0,4.0,0.0,5280.0,0.0,0.0,0.0,0.0,0.0,0.0,median,0.9849590298470432,0.22987735958055067,1.0,0.6480000001282799,-0.2351004521663411,,0.0,0.9413291035084279,0.9413291035084281,consensus_median,consensus_median,bandwidth,4.0,9,0
consensus,20,60,ring_plus,-0.02862287468956599,0.02862287468956599,3.563659091735515e-05,0.0,0.0,0.0,5040.0,5040.0,1.0,0.0,40320.0,8.0,0.0,5040.0,0.0,0.0,0.0,0.0,0.0,0.0,median,0.9369922768356118,0.6708736961641903,0.9833333333333333,0.02862384702380476,-0.18130967325333167,15.0,1.0,1.399646125476325,1.3996461254763248,consensus_median,consensus_median,bandwidth,8.0,0,0
consensus,20,60,ring_plus,-0.027757836198264475,0.027757836198264475,5.258688363128872e-05,0.0,0.0,0.0,5400.0,5400.0,1.0,0.0,43200.0,8.0,0.0,5400.0,0.0,0.0,0.0,0.0,0.0,0.0,median,0.9219928734402894,0.7632689874215506,1.0,0.02775915804671068,-0.2842405851008889,17.0,1.0,1.320493917398932,1.320493917398932,consensus_median,consensus_median,bandwidth,8.0,1,0
consensus,20,60,ring_plus,-0.014228374229827402,0.014228374229827402,4.343835857758461e-05,0.0,0.0,0.0,6120.0,6120.0,1.0,0.0,48960.0,8.0,0.0,6120.0,0.0,0.0,0.0,0.0,0.0,0.0,median,0.9111455658971142,0.6780267971805869,1.0,0.01422838797069289,-0.3044482799121824,14.0,1.0,1.55469612182113,1.5546961218211295,consensus_median,consensus_median,bandwidth,8.0,2,0
consensus,20,60,ring_plus,-0.006533538982218073,0.006533538982218073,3.0428911275760547e-05,0.0,0.0,0.0,5040.0,5040.0,1.0,0.0,40320.0,8.0,0.0,5040.0,0.0,0.0,0.0,0.0,0.0,0.0,median,0.8734531573069939,0.9429577363425856,1.0,0.0065509623046111016,-0.43733442236453,22.0,1.0,1.2627284000071304,1.2627284000071306,consensus_median,consensus_median,bandwidth,8.0,3,0
consensus,20,60,ring_plus,-0.00539100355823363,0.00539100355823363,2.5886996706327395e-05,0.0,0.0,0.0,5640.0,5640.0,1.0,0.0,45120.0,8.0,0.0,5640.0,0.0,0.0,0.0,0.0,0.0,0.0,median,0.9106419210117532,0.6281683049356714,1.0,0.005391006112175787,-0.25700875725018857,10.0,1.0,1.3711704029417888,1.3711704029417888,consensus_median,consensus_median,bandwidth,8.0,4,0
consensus,20,60,ring_plus,-0.12851903121079578,0.12851903121079578,1.4948954724998693e-05,0.0,0.0,0.0,6360.0,6360.0,1.0,0.0,50880.0,8.0,0.0,6360.0,0.0,0.0,0.0,0.0,0.0,0.0,median,0.9593094685287934,0.4316902286742009,1.0,0.12851903300661158,-0.2524549303909996,15.0,1.0,1.6160985120576443,1.616098512057644,consensus_median,consensus_median,bandwidth,8.0,5,0
consensus,20,60,ring_plus,-0.006394484667066412,0.006394484667066412,3.539171324051656e-05,0.0,0.0,0.0,4680.0,4680.0,1.0,0.0,37440.0,8.0,0.0,4680.0,0.0,0.0,0.0,0.0,0.0,0.0,median,0.8918324516509264,0.8415089858398299,1.0,0.0063950318725565095,-0.3499789877298772,16.0,1.0,0.9450014459069909,0.9450014459069908,consensus_median,consensus_median,bandwidth,8.0,6,0
consensus,20,60,ring_plus,-0.002242215649526013,0.002242215649526013,2.117566868417508e-05,0.0,0.0,0.0,6480.0,6480.0,1.0,0.0,51840.0,8.0,0.0,6480.0,0.0,0.0,0.0,0.0,0.0,0.0,median,0.87955747167772,0.7655506587135,1.0,0.0022422447428503494,-0.3211810539280141,12.0,1.0,2.218617553571293,2.218617553571293,consensus_median,consensus_median,bandwidth,8.0,7,0
consensus,20,60,ring_plus,-0.07739792960198152,0.07739792960198152,2.7015173494496105e-05,0.0,0.0,0.0,4200.0,4200.0,1.0,0.0,33600.0,8.0,0.0,4200.0,0.0,0.0,0.0,0.0,0.0,0.0,median,0.9522315405553332,0.5916749513480529,1.0,0.07739807880117809,-0.22407073236759492,19.0,1.0,0.7964836768628718,0.7964836768628717,consensus_median,consensus_median,bandwidth,8.0,8,0
consensus,20,60,ring_plus,-0.013696272356113124,0.013696272356113124,3.735513375255827e-05,0.0,0.0,0.0,5280.0,5280.0,1.0,0.0,42240.0,8.0,0.0,5280.0,0.0,0.0,0.0,0.0,0.0,0.0,median,0.9114816862256343,0.8893021671944213,1.0,0.013716403407165642,-0.245672180960485,23.0,1.0,0.9413291035084279,0.9413291035084281,consensus_median,consensus_median,bandwidth,8.0,9,0
consensus,20,60,ring_plus,-0.005482431650517084,0.005482431650517084,0.0,0.0,0.0,0.0,5040.0,5040.0,1.0,0.0,161280.0,32.0,0.0,5040.0,0.0,0.0,0.0,0.0,0.0,0.0,median,0.9153796126179674,0.8893141208430875,1.0,0.009240556291100158,-0.18169534730398246,16.0,1.0,1.399646125476325,1.3996461254763248,consensus_median,consensus_median,bandwidth,0.0,0,0
consensus,20,60,ring_plus,-0.0022524075034309134,0.0022524075034309134,0.0,0.0,0.0,0.0,5400.0,5400.0,1.0,0.0,172800.0,32.0,0.0,5400.0,0.0,0.0,0.0,0.0,0.0,0.0,median,0.8868894533962743,0.948095047355784,1.0,0.004040617335849671,-0.28466567557913613,17.0,1.0,1.320493917398932,1.320493917398932,consensus_median,consensus_median,bandwidth,0.0,1,0
consensus,20,60,ring_plus,-1.0757817627825737e-05,1.0757817627825737e-05,0.0,0.0,0.0,0.0,6120.0,6120.0,1.0,0.0,195840.0,32.0,0.0,6120.0,0.0,0.0,0.0,0.0,0.0,0.0,median,0.8029072662488145,0.9951107096363998,1.0,4.5457540449862186e-05,-0.3046852401857191,14.0,1.0,1.55469612182113,1.5546961218211295,consensus_median,consensus_median,bandwidth,0.0,2,0
consensus,20,60,ring_plus,-0.00018438166122980556,0.00018438166122980556,0.0,0.0,0.0,0.0,5040.0,5040.0,1.0,0.0,161280.0,32.0,0.0,5040.0,0.0,0.0,0.0,0.0,0.0,0.0,median,0.8371772439263904,0.9929626121047088,1.0,0.000744942995449872,-0.4374402416532132,21.0,1.0,1.2627284000071304,1.2627284000071306,consensus_median,consensus_median,bandwidth,0.0,3,0
consensus,20,60,ring_plus,-1.7632338623002975e-06,1.7632338623002975e-06,0.0,0.0,0.0,0.0,5640.0,5640.0,1.0,0.0,180480.0,32.0,0.0,5640.0,0.0,0.0,0.0,0.0,0.0,0.0,median,0.7871303711427364,0.9892653375314289,1.0,7.5488257383975825e-06,-0.25709857792226143,11.0,1.0,1.3711704029417888,1.3711704029417888,consensus_median,consensus_median,bandwidth,0.0,4,0
consensus,20,60,ring_plus,-0.13883186854417218,0.13883186854417218,0.0,0.0,0.0,0.0,6360.0,6360.0,1.0,0.0,203520.0,32.0,0.0,6360.0,0.0,0.0,0.0,0.0,0.0,0.0,median,0.9600207839121924,0.43787725467610616,1.0,0.13883230737275712,-0.25228304976877663,18.0,1.0,1.6160985120576443,1.616098512057644,consensus_median,consensus_median,bandwidth,0.0,5,0
consensus,20,60,ring_plus,-0.00025687201397392407,0.00025687201397392407,0.0,0.0,0.0,0.0,4680.0,4680.0,1.0,0.0,149760.0,32.0,0.0,4680.0,0.0,0.0,0.0,0.0,0.0,0.0,median,0.8475205063686533,0.981351379392753,1.0,0.0005194339102027597,-0.3500812812740955,16.0,1.0,0.9450014459069909,0.9450014459069908,consensus_median,consensus_median,bandwidth,0.0,6,0
consensus,20,60,ring_plus,-6.615934702086204e-06,6.615934702086204e-06,0.0,0.0,0.0,0.0,6480.0,6480.0,1.0,0.0,207360.0,32.0,0.0,6480.0,0.0,0.0,0.0,0.0,0.0,0.0,median,0.800548284567372,0.9881547098203891,1.0,2.697664426169475e-05,-0.3212183139232611,11.0,1.0,2.218617553571293,2.218617553571293,consensus_median,consensus_median,bandwidth,0.0,7,0
consensus,20,60,ring_plus,-0.061134390726600735,0.061134390726600735,0.0,0.0,0.0,0.0,4200.0,4200.0,1.0,0.0,134400.0,32.0,0.0,4200.0,0.0,0.0,0.0,0.0,0.0,0.0,median,0.9476347521361681,0.6576378148377107,1.0,0.06170680693486514,-0.2243417913488512,19.0,1.0,0.7964836768628718,0.7964836768628717,consensus_median,consensus_median,bandwidth,0.0,8,0
consensus,20,60,ring_plus,-0.0005079551485993235,0.0005079551485993235,0.0,0.0,0.0,0.0,5280.0,5280.0,1.0,0.0,168960.0,32.0,0.0,5280.0,0.0,0.0,0.0,0.0,0.0,0.0,median,0.8724697640882209,0.9714170647982108,1.0,0.0015473166584628391,-0.2458919862472769,23.0,1.0,0.9413291035084279,0.9413291035084281,consensus_median,consensus_median,bandwidth,0.0,9,0
consensus,20,60,ring_plus,-0.005482431650517084,0.005482431650517084,0.0,0.0,0.0,0.0,5040.0,5040.0,1.0,0.0,161280.0,32.0,0.0,5040.0,0.0,0.0,0.0,0.0,0.0,0.0,median,0.9153796126179674,0.8893141208430875,1.0,0.009240556291100158,-0.18169534730398246,16.0,1.0,1.399646125476325,1.3996461254763248,consensus_median,consensus_median,spoof,0.0,0,0
consensus,20,60,ring_plus,-0.0022524075034309134,0.0022524075034309134,0.0,0.0,0.0,0.0,5400.0,5400.0,1.0,0.0,172800.0,32.0,0.0,5400.0,0.0,0.0,0.0,0.0,0.0,0.0,median,0.8868894533962743,0.948095047355784,1.0,0.004040617335849671,-0.28466567557913613,17.0,1.0,1.320493917398932,1.320493917398932,consensus_median,consensus_median,spoof,0.0,1,0
consensus,20,60,ring_plus,-1.0757817627825737e-05,1.0757817627825737e-05,0.0,0.0,0.0,0.0,6120.0,6120.0,1.0,0.0,195840.0,32.0,0.0,6120.0,0.0,0.0,0.0,0.0,0.0,0.0,median,0.8029072662488145,0.9951107096363998,1.0,4.5457540449862186e-05,-0.3046852401857191,14.0,1.0,1.55469612182113,1.5546961218211295,consensus_median,consensus_median,spoof,0.0,2,0
consensus,20,60,ring_plus,-0.00018438166122980556,0.00018438166122980556,0.0,0.0,0.0,0.0,5040.0,5040.0,1.0,0.0,161280.0,32.0,0.0,5040.0,0.0,0.0,0.0,0.0,0.0,0.0,median,0.8371772439263904,0.9929626121047088,1.0,0.000744942995449872,-0.4374402416532132,21.0,1.0,1.2627284000071304,1.2627284000071306,consensus_median,consensus_median,spoof,0.0,3,0
consensus,20,60,ring_plus,-1.7632338623002975e-06,1.7632338623002975e-06,0.0,0.0,0.0,0.0,5640.0,5640.0,1.0,0.0,180480.0,32.0,0.0,5640.0,0.0,0.0,0.0,0.0,0.0,0.0,median,0.7871303711427364,0.9892653375314289,1.0,7.5488257383975825e-06,-0.25709857792226143,11.0,1.0,1.3711704029417888,1.3711704029417888,consensus_median,consensus_median,spoof,0.0,4,0
consensus,20,60,ring_plus,-0.13883186854417218,0.13883186854417218,0.0,0.0,0.0,0.0,6360.0,6360.0,1.0,0.0,203520.0,32.0,0.0,6360.0,0.0,0.0,0.0,0.0,0.0,0.0,median,0.9600207839121924,0.43787725467610616,1.0,0.13883230737275712,-0.25228304976877663,18.0,1.0,1.6160985120576443,1.616098512057644,consensus_median,consensus_median,spoof,0.0,5,0
consensus,20,60,ring_plus,-0.00025687201397392407,0.00025687201397392407,0.0,0.0,0.0,0.0,4680.0,4680.0,1.0,0.0,149760.0,32.0,0.0,4680.0,0.0,0.0,0.0,0.0,0.0,0.0,median,0.8475205063686533,0.981351379392753,1.0,0.0005194339102027597,-0.3500812812740955,16.0,1.0,0.9450014459069909,0.9450014459069908,consensus_median,consensus_median,spoof,0.0,6,0
consensus,20,60,ring_plus,-6.615934702086204e-06,6.615934702086204e-06,0.0,0.0,0.0,0.0,6480.0,6480.0,1.0,0.0,207360.0,32.0,0.0,6480.0,0.0,0.0,0.0,0.0,0.0,0.0,median,0.800548284567372,0.9881547098203891,1.0,2.697664426169475e-05,-0.3212183139232611,11.0,1.0,2.218617553571293,2.218617553571293,consensus_median,consensus_median,spoof,0.0,7,0
consensus,20,60,ring_plus,-0.061134390726600735,0.061134390726600735,0.0,0.0,0.0,0.0,4200.0,4200.0,1.0,0.0,134400.0,32.0,0.0,4200.0,0.0,0.0,0.0,0.0,0.0,0.0,median,0.9476347521361681,0.6576378148377107,1.0,0.06170680693486514,-0.2243417913488512,19.0,1.0,0.7964836768628718,0.7964836768628717,consensus_median,consensus_median,spoof,0.0,8,0
consensus,20,60,ring_plus,-0.0005079551485993235,0.0005079551485993235,0.0,0.0,0.0,0.0,5280.0,5280.0,1.0,0.0,168960.0,32.0,0.0,5280.0,0.0,0.0,0.0,0.0,0.0,0.0,median,0.8724697640882209,0.9714170647982108,1.0,0.0015473166584628391,-0.2458919862472769,23.0,1.0,0.9413291035084279,0.9413291035084281,consensus_median,consensus_median,spoof,0.0,9,0
consensus,20,60,ring_plus,-0.010133543899766565,0.010133543899766565,0.10853400727823048,0.0,0.0,0.0,5040.0,5040.0,1.0,0.0,161280.0,32.0,0.0,4527.0,0.0,513.0,0.0,0.0,0.0,0.0,median,0.8955692756211859,0.7743113606654085,0.7833333333333333,0.025491936366070476,-0.181617828766495,14.0,1.0,1.399646125476325,1.3996461254763248,consensus_median,consensus_median,spoof,0.1,0,0
consensus,20,60,ring_plus,-0.0019802942009493224,0.0019802942009493224,0.11015788417355155,0.0,0.0,0.0,5400.0,5400.0,1.0,0.0,172800.0,32.0,0.0,4847.0,0.0,553.0,0.0,0.0,0.0,0.0,median,0.8756391874095258,0.8114371889666755,0.85,0.04839149328081618,-0.2846702108008442,14.0,1.0,1.320493917398932,1.320493917398932,consensus_median,consensus_median,spoof,0.1,1,0
consensus,20,60,ring_plus,-0.01092659970837415,0.01092659970837415,0.09775313815638881,0.0,0.0,0.0,6120.0,6120.0,1.0,0.0,195840.0,32.0,0.0,5488.0,0.0,632.0,0.0,0.0,0.0,0.0,median,0.8360101305856862,0.9171654061018539,0.8166666666666667,0.06308654570124307,-0.30450330948754006,13.0,1.0,1.55469612182113,1.5546961218211295,consensus_median,consensus_median,spoof,0.1,2,0
consensus,20,60,ring_plus,-0.005403036569154158,0.005403036569154158,0.10750458211118491,0.0,0.0,0.0,5040.0,5040.0,1.0,0.0,161280.0,32.0,0.0,4560.0,0.0,480.0,0.0,0.0,0.0,0.0,median,0.9093199988616409,0.6041812144045069,0.7333333333333333,0.022606284721082507,-0.43735326407141445,15.0,1.0,1.2627284000071304,1.2627284000071306,consensus_median,consensus_median,spoof,0.1,3,0
consensus,20,60,ring_plus,-0.13756697096811296,0.13756697096811296,0.0993663710426071,0.0,0.0,0.0,5640.0,5640.0,1.0,0.0,180480.0,32.0,0.0,5064.0,0.0,576.0,0.0,0.0,0.0,0.0,median,0.7423023460099699,0.9671819365299263,0.85,0.030610127496970285,-0.2548058244600239,9.0,1.0,1.3711704029417888,1.3711704029417888,consensus_median,consensus_median,spoof,0.1,4,0
consensus,20,60,ring_plus,-0.0006481247075879393,0.0006481247075879393,0.11272175882089747,0.0,0.0,0.0,6360.0,6360.0,1.0,0.0,203520.0,32.0,0.0,5748.0,0.0,612.0,0.0,0.0,0.0,0.0,median,0.8514575041809579,0.9096346231865994,0.9,0.009188357768947141,-0.25458611216605304,14.0,1.0,1.6160985120576443,1.616098512057644,consensus_median,consensus_median,spoof,0.1,5,0
consensus,20,60,ring_plus,-0.020813029898387632,0.020813029898387632,0.12046986580046423,0.0,0.0,0.0,4680.0,4680.0,1.0,0.0,149760.0,32.0,0.0,4232.0,0.0,448.0,0.0,0.0,0.0,0.0,median,0.8293105127217466,0.8927885154366009,0.7833333333333333,0.08955457210203815,-0.34973867864268837,12.0,1.0,0.9450014459069909,0.9450014459069908,consensus_median,consensus_median,spoof,0.1,6,0
consensus,20,60,ring_plus,-0.0008380799901846865,0.0008380799901846865,0.10702567046544441,0.0,0.0,0.0,6480.0,6480.0,1.0,0.0,207360.0,32.0,0.0,5840.0,0.0,640.0,0.0,0.0,0.0,0.0,median,0.7760359247218794,0.9666056616436614,0.95,0.006969379141494474,-0.3212044561890031,10.0,1.0,2.218617553571293,2.218617553571293,consensus_median,consensus_median,spoof,0.1,7,0
consensus,20,60,ring_plus,-0.011893158648228843,0.011893158648228843,0.09525525050790348,0.0,0.0,0.0,4200.0,4200.0,1.0,0.0,134400.0,32.0,0.0,3754.0,0.0,446.0,0.0,0.0,0.0,0.0,median,0.9158303467618322,0.8652973451475056,0.8333333333333334,0.04667217051759962,-0.22516247855015745,26.0,1.0,0.7964836768628718,0.7964836768628717,consensus_median,consensus_median,spoof,0.1,8,0
consensus,20,60,ring_plus,-0.0008862567573695759,0.0008862567573695759,0.11502209676684237,0.0,0.0,0.0,5280.0,5280.0,1.0,0.0,168960.0,32.0,0.0,4734.0,0.0,546.0,0.0,0.0,0.0,0.0,median,0.9038382181551179,0.7067847923618521,0.85,0.01678749148886994,-0.245885681220464,17.0,1.0,0.9413291035084279,0.9413291035084281,consensus_median,consensus_median,spoof,0.1,9,0
consensus,20,60,ring_plus,-0.07256992729828379,0.07256992729828379,0.30715771530288594,0.0,0.0,0.0,5040.0,5040.0,1.0,0.0,161280.0,32.0,0.0,3527.0,0.0,1513.0,0.0,0.0,0.0,0.0,median,0.9537521798440453,0.34784039916091825,0.6166666666666667,0.06762908847918447,-0.18057722237651974,14.0,1.0,1.399646125476325,1.3996461254763248,consensus_median,consensus_median,spoof,0.3,0,0
consensus,20,60,ring_plus,-0.130648430858537,0.130648430858537,0.30405085875190424,0.0,0.0,0.0,5400.0,5400.0,1.0,0.0,172800.0,32.0,0.0,3807.0,0.0,1593.0,0.0,0.0,0.0,0.0,median,0.8398545915967502,0.8743687429187371,0.7166666666666667,0.12807650002486434,-0.28252574185655105,16.0,1.0,1.320493917398932,1.320493917398932,consensus_median,consensus_median,spoof,0.3,1,0
consensus,20,60,ring_plus,-0.009953103336367402,0.009953103336367402,0.29436869767225915,0.0,0.0,0.0,6120.0,6120.0,1.0,0.0,195840.0,32.0,0.0,4268.0,0.0,1852.0,0.0,0.0,0.0,0.0,median,0.7998787472831177,0.8511097147436809,0.65,0.07161448601356733,-0.3045195344270734,9.0,1.0,1.55469612182113,1.5546961218211295,consensus_median,consensus_median,spoof,0.3,2,0
consensus,20,60,ring_plus,-0.08277338099688952,0.08277338099688952,0.3237639812345054,0.0,0.0,0.0,5040.0,5040.0,1.0,0.0,161280.0,32.0,0.0,3555.0,0.0,1485.0,0.0,0.0,0.0,0.0,median,0.9239850504219155,0.4734341525654332,0.6166666666666667,0.08172725917726527,-0.43606375833095207,10.0,1.0,1.2627284000071304,1.2627284000071306,consensus_median,consensus_median,spoof,0.3,3,0
consensus,20,60,ring_plus,-0.13326792187776618,0.13326792187776618,0.2993622544336298,0.0,0.0,0.0,5640.0,5640.0,1.0,0.0,180480.0,32.0,0.0,3971.0,0.0,1669.0,0.0,0.0,0.0,0.0,median,0.7985794392272443,0.8722845167715538,0.65,0.07816925022188767,-0.2548774752781964,14.0,1.0,1.3711704029417888,1.3711704029417888,consensus_median,consensus_median,spoof,0.3,4,0
consensus,20,60,ring_plus,-0.36692126397455394,0.36692126397455394,0.31221761411298193,0.0,0.0,0.0,6360.0,6360.0,1.0,0.0,203520.0,32.0,0.0,4473.0,0.0,1887.0,0.0,0.0,0.0,0.0,median,0.7544052792287065,0.9357445750815814,0.6333333333333333,0.08534187307604181,-0.24848155984493694,13.0,1.0,1.6160985120576443,1.616098512057644,consensus_median,consensus_median,spoof,0.3,5,0
consensus,20,60,ring_plus,-0.04174011294234552,0.04174011294234552,0.3180617345902776,0.0,0.0,0.0,4680.0,4680.0,1.0,0.0,149760.0,32.0,0.0,3299.0,0.0,1381.0,0.0,0.0,0.0,0.0,median,0.9070972898113671,0.67766902725171,0.6,0.12610639032200757,-0.3493898939252891,16.0,1.0,0.9450014459069909,0.9450014459069908,consensus_median,consensus_median,spoof,0.3,6,0
consensus,20,60,ring_plus,-0.02645602138797598,0.02645602138797598,0.3118143736965373,0.0,0.0,0.0,6480.0,6480.0,1.0,0.0,207360.0,32.0,0.0,4583.0,0.0,1897.0,0.0,0.0,0.0,0.0,median,0.7399289138980146,0.8869313519223292,0.6833333333333333,0.040228077598942,-0.32077749049904003,9.0,1.0,2.218617553571293,2.218617553571293,consensus_median,consensus_median,spoof,0.3,7,0
consensus,20,60,ring_plus,-0.17640369118605023,0.17640369118605023,0.2986730614429861,0.0,0.0,0.0,4200.0,4200.0,1.0,0.0,134400.0,32.0,0.0,2901.0,0.0,1299.0,0.0,0.0,0.0,0.0,median,0.9684126793752429,0.1719982175212107,0.6333333333333333,0.10858969777921752,-0.22242063634119374,7.0,1.0,0.7964836768628718,0.7964836768628717,consensus_median,consensus_median,spoof,0.3,8,0
consensus,20,60,ring_plus,-0.12067565127227292,0.12067565127227292,0.3126718944016607,0.0,0.0,0.0,5280.0,5280.0,1.0,0.0,168960.0,32.0,0.0,3702.0,0.0,1578.0,0.0,0.0,0.0,0.0,median,0.9536488003164479,0.43868378201491076,0.5833333333333334,0.08752564972403597,-0.24388919131188228,11.0,1.0,0.9413291035084279,0.9413291035084281,consensus_median,consensus_median,spoof,0.3,9,0
consensus,20,60,ring_plus,-0.30582131586691524,0.30582131586691524,0.5280487161747526,0.0,0.0,0.0,5040.0,5040.0,1.0,0.0,161280.0,32.0,0.0,2468.0,0.0,2572.0,0.0,0.0,0.0,0.0,median,0.9573879548904114,0.33611459047882464,0.6,0.47105659875160605,-0.17668969923370917,,0.0,1.399646125476325,1.3996461254763248,consensus_median,consensus_median,spoof,0.5,0,0
consensus,20,60,ring_plus,-0.6990473147563078,0.6990473147563078,0.5264694998079024,0.0,0.0,0.0,5400.0,5400.0,1.0,0.0,172800.0,32.0,0.0,2643.0,0.0,2757.0,0.0,0.0,0.0,0.0,median,0.942703134350761,0.46132762979243835,0.5833333333333334,0.33902745416048524,-0.27305242712492156,23.0,1.0,1.320493917398932,1.320493917398932,consensus_median,consensus_median,spoof,0.5,1,0
consensus,20,60,ring_plus,-0.4273355133657136,0.4273355133657136,0.497419775679372,0.0,0.0,0.0,6120.0,6120.0,1.0,0.0,195840.0,32.0,0.0,3014.0,0.0,3106.0,0.0,0.0,0.0,0.0,median,0.954817165021202,0.33650369585167716,0.6,0.2837708139090525,-0.2975631609265843,11.0,1.0,1.55469612182113,1.5546961218211295,consensus_median,consensus_median,spoof,0.5,2,0
consensus,20,60,ring_plus,-0.3689537969992466,0.3689537969992466,0.5280977827589737,0.0,0.0,0.0,5040.0,5040.0,1.0,0.0,161280.0,32.0,0.0,2514.0,0.0,2526.0,0.0,0.0,0.0,0.0,median,0.9326038599567918,0.5239983854238559,0.55,0.45919516611180683,-0.4312940847309129,24.0,1.0,1.2627284000071304,1.2627284000071306,consensus_median,consensus_median,spoof,0.5,3,0
consensus,20,60,ring_plus,-0.16213249627620063,0.16213249627620063,0.5044915627331593,0.0,0.0,0.0,5640.0,5640.0,1.0,0.0,180480.0,32.0,0.0,2826.0,0.0,2814.0,0.0,0.0,0.0,0.0,median,0.8296581947707674,0.7950111665340263,0.6333333333333333,0.29168784226836036,-0.2543963990382225,20.0,1.0,1.3711704029417888,1.3711704029417888,consensus_median,consensus_median,spoof,0.5,4,0
consensus,20,60,ring_plus,-0.2177736560572713,0.2177736560572713,0.5310639686627331,0.0,0.0,0.0,6360.0,6360.0,1.0,0.0,203520.0,32.0,0.0,3167.0,0.0,3193.0,0.0,0.0,0.0,0.0,median,0.9431131002319288,0.45722294261619423,0.6333333333333333,0.3340991776449753,-0.25096735331022496,13.0,1.0,1.6160985120576443,1.616098512057644,consensus_median,consensus_median,spoof,0.5,5,0
consensus,20,60,ring_plus,-0.27921006454996944,0.27921006454996944,0.5573617522107467,0.0,0.0,0.0,4680.0,4680.0,1.0,0.0,149760.0,32.0,0.0,2371.0,0.0,2309.0,0.0,0.0,0.0,0.0,median,0.9575862901546357,0.4241682290434905,0.5166666666666667,0.3666416731605186,-0.34543206139849547,47.0,1.0,0.9450014459069909,0.9450014459069908,consensus_median,consensus_median,spoof,0.5,6,0
consensus,20,60,ring_plus,-0.35470865239386407,0.35470865239386407,0.5187627432612728,0.0,0.0,0.0,6480.0,6480.0,1.0,0.0,207360.0,32.0,0.0,3290.0,0.0,3190.0,0.0,0.0,0.0,0.0,median,0.9546330220345725,0.32837950879764155,0.5833333333333334,0.35459385116797265,-0.3153066133156085,9.0,1.0,2.218617553571293,2.218617553571293,consensus_median,consensus_median,spoof,0.5,7,0
consensus,20,60,ring_plus,-0.3246350665809227,0.3246350665809227,0.5214239836477739,0.0,0.0,0.0,4200.0,4200.0,1.0,0.0,134400.0,32.0,0.0,2076.0,0.0,2124.0,0.0,0.0,0.0,0.0,median,0.9736919468576982,0.28277165282339356,0.5833333333333334,0.452070911267457,-0.21995011341794588,,0.0,0.7964836768628718,0.7964836768628717,consensus_median,consensus_median,spoof,0.5,8,0
consensus,20,60,ring_plus,-0.4536894053514135,0.4536894053514135,0.5313926656609125,0.0,0.0,0.0,5280.0,5280.0,1.0,0.0,168960.0,32.0,0.0,2578.0,0.0,2702.0,0.0,0.0,0.0,0.0,median,0.9404214476483334,0.4284487879926341,0.5333333333333333,0.3883498322731745,-0.2383389620772299,28.0,1.0,0.9413291035084279,0.9413291035084281,consensus_median,consensus_median,spoof,0.5,9,0
consensus,20,60,ring_plus,-1.5404703273077085,1.5404703273077085,1.0775608968936417,0.0,0.0,0.0,5040.0,5040.0,1.0,0.0,161280.0,32.0,0.0,0.0,0.0,5040.0,0.0,0.0,0.0,0.0,median,0.9830291026946286,0.248121735282537,0.55,1.5046272189750016,-0.156112215709696,,0.0,1.399646125476325,1.3996461254763248,consensus_median,consensus_median,spoof,1.0,0,0
consensus,20,60,ring_plus,-1.3608987838763844,1.3608987838763844,1.0779764517063997,0.0,0.0,0.0,5400.0,5400.0,1.0,0.0,172800.0,32.0,0.0,0.0,0.0,5400.0,0.0,0.0,0.0,0.0,median,0.9765375304717174,0.24721771331043696,0.55,1.2076887721356315,-0.2620215693062536,,0.0,1.320493917398932,1.320493917398932,consensus_median,consensus_median,spoof,1.0,1,0
consensus,20,60,ring_plus,-0.6513027932744145,0.6513027932744145,1.0685438045747728,0.0,0.0,0.0,6120.0,6120.0,1.0,0.0,195840.0,32.0,0.0,0.0,0.0,6120.0,0.0,0.0,0.0,0.0,median,0.9895647318082701,0.09257202573757395,0.5,1.0458001253719178,-0.293830372928106,,0.0,1.55469612182113,1.5546961218211295,consensus_median,consensus_median,spoof,1.0,2,0
consensus,20,60,ring_plus,-1.480466693900844,1.480466693900844,1.0714770048898123,0.0,0.0,0.0,5040.0,5040.0,1.0,0.0,161280.0,32.0,0.0,0.0,0.0,5040.0,0.0,0.0,0.0,0.0,median,0.9832063449774843,0.1564113696974514,0.5833333333333334,1.1708668796392148,-0.41276886978255295,,0.0,1.2627284000071304,1.2627284000071306,consensus_median,consensus_median,spoof,1.0,3,0
consensus,20,60,ring_plus,-0.9274085600133208,0.9274085600133208,1.0681175610278517,0.0,0.0,0.0,5640.0,5640.0,1.0,0.0,180480.0,32.0,0.0,0.0,0.0,5640.0,0.0,0.0,0.0,0.0,median,0.9790750253530245,0.24546711635976026,0.5333333333333333,1.229313974592738,-0.24164179797593713,,0.0,1.3711704029417888,1.3711704029417888,consensus_median,consensus_median,spoof,1.0,4,0
consensus,20,60,ring_plus,-0.9283794666798573,0.9283794666798573,1.0597995094790786,0.0,0.0,0.0,6360.0,6360.0,1.0,0.0,203520.0,32.0,0.0,0.0,0.0,6360.0,0.0,0.0,0.0,0.0,median,0.9580132594381445,0.4342452513796661,0.55,0.8549158922137966,-0.2391239231331819,,0.0,1.6160985120576443,1.616098512057644,consensus_median,consensus_median,spoof,1.0,5,0
consensus,20,60,ring_plus,-1.1628740775873,1.1628740775873,1.1181718498137048,0.0,0.0,0.0,4680.0,4680.0,1.0,0.0,149760.0,32.0,0.0,0.0,0.0,4680.0,0.0,0.0,0.0,0.0,median,0.9047973820635085,0.40567379743948595,0.5333333333333333,1.5066525283153342,-0.33070432784787324,,0.0,0.9450014459069909,0.9450014459069908,consensus_median,consensus_median,spoof,1.0,6,0
consensus,20,60,ring_plus,-1.2983051979108295,1.2983051979108295,1.0907638064093221,0.0,0.0,0.0,6480.0,6480.0,1.0,0.0,207360.0,32.0,0.0,0.0,0.0,6480.0,0.0,0.0,0.0,0.0,median,0.9787779519513224,0.22527443228374333,0.5833333333333334,1.2321302896366313,-0.299580004223659,,0.0,2.218617553571293,2.218617553571293,consensus_median,consensus_median,spoof,1.0,7,0
consensus,20,60,ring_plus,-1.276930605757121,1.276930605757121,1.071394822002264,0.0,0.0,0.0,4200.0,4200.0,1.0,0.0,134400.0,32.0,0.0,0.0,0.0,4200.0,0.0,0.0,0.0,0.0,median,0.9376374751087486,0.5591855441999394,0.5833333333333334,1.6137020608249426,-0.20407852109834262,,0.0,0.7964836768628718,0.7964836768628717,consensus_median,consensus_median,spoof,1.0,8,0
consensus,20,60,ring_plus,-1.9411069891824424,1.9411069891824424,1.1048982843144932,0.0,0.0,0.0,5280.0,5280.0,1.0,0.0,168960.0,32.0,0.0,0.0,0.0,5280.0,0.0,0.0,0.0,0.0,median,0.688080786387493,0.9374927931127643,0.45,1.47496218323121,-0.2135486690133795,,0.0,0.9413291035084279,0.9413291035084281,consensus_median,consensus_median,spoof,1.0,9,0
consensus,20,60,ring_plus,-0.005482431650517084,0.005482431650517084,0.0,0.0,0.0,0.0,5040.0,5040.0,1.0,0.0,161280.0,32.0,0.0,5040.0,0.0,0.0,0.0,0.0,0.0,0.0,median,0.9153796126179674,0.8893141208430875,1.0,0.009240556291100158,-0.18169534730398246,16.0,1.0,1.399646125476325,1.3996461254763248,consensus_median,consensus_median,jam,0.0,0,0
consensus,20,60,ring_plus,-0.0022524075034309134,0.0022524075034309134,0.0,0.0,0.0,0.0,5400.0,5400.0,1.0,0.0,172800.0,32.0,0.0,5400.0,0.0,0.0,0.0,0.0,0.0,0.0,median,0.8868894533962743,0.948095047355784,1.0,0.004040617335849671,-0.28466567557913613,17.0,1.0,1.320493917398932,1.320493917398932,consensus_median,consensus_median,jam,0.0,1,0
consensus,20,60,ring_plus,-1.0757817627825737e-05,1.0757817627825737e-05,0.0,0.0,0.0,0.0,6120.0,6120.0,1.0,0.0,195840.0,32.0,0.0,6120.0,0.0,0.0,0.0,0.0,0.0,0.0,median,0.8029072662488145,0.9951107096363998,1.0,4.5457540449862186e-05,-0.3046852401857191,14.0,1.0,1.55469612182113,1.5546961218211295,consensus_median,consensus_median,jam,0.0,2,0
consensus,20,60,ring_plus,-0.00018438166122980556,0.00018438166122980556,0.0,0.0,0.0,0.0,5040.0,5040.0,1.0,0.0,161280.0,32.0,0.0,5040.0,0.0,0.0,0.0,0.0,0.0,0.0,median,0.8371772439263904,0.9929626121047088,1.0,0.000744942995449872,-0.4374402416532132,21.0,1.0,1.2627284000071304,1.2627284000071306,consensus_median,consensus_median,jam,0.0,3,0
consensus,20,60,ring_plus,-1.7632338623002975e-06,1.7632338623002975e-06,0.0,0.0,0.0,0.0,5640.0,5640.0,1.0,0.0,180480.0,32.0,0.0,5640.0,0.0,0.0,0.0,0.0,0.0,0.0,median,0.7871303711427364,0.9892653375314289,1.0,7.5488257383975825e-06,-0.25709857792226143,11.0,1.0,1.3711704029417888,1.3711704029417888,consensus_median,consensus_median,jam,0.0,4,0
consensus,20,60,ring_plus,-0.13883186854417218,0.13883186854417218,0.0,0.0,0.0,0.0,6360.0,6360.0,1.0,0.0,203520.0,32.0,0.0,6360.0,0.0,0.0,0.0,0.0,0.0,0.0,median,0.9600207839121924,0.43787725467610616,1.0,0.13883230737275712,-0.25228304976877663,18.0,1.0,1.6160985120576443,1.616098512057644,consensus_median,consensus_median,jam,0.0,5,0
consensus,20,60,ring_plus,-0.00025687201397392407,0.00025687201397392407,0.0,0.0,0.0,0.0,4680.0,4680.0,1.0,0.0,149760.0,32.0,0.0,4680.0,0.0,0.0,0.0,0.0,0.0,0.0,median,0.8475205063686533,0.981351379392753,1.0,0.0005194339102027597,-0.3500812812740955,16.0,1.0,0.9450014459069909,0.9450014459069908,consensus_median,consensus_median,jam,0.0,6,0
consensus,20,60,ring_plus,-6.615934702086204e-06,6.615934702086204e-06,0.0,0.0,0.0,0.0,6480.0,6480.0,1.0,0.0,207360.0,32.0,0.0,6480.0,0.0,0.0,0.0,0.0,0.0,0.0,median,0.800548284567372,0.9881547098203891,1.0,2.697664426169475e-05,-0.3212183139232611,11.0,1.0,2.218617553571293,2.218617553571293,consensus_median,consensus_median,jam,0.0,7,0
consensus,20,60,ring_plus,-0.061134390726600735,0.061134390726600735,0.0,0.0,0.0,0.0,4200.0,4200.0,1.0,0.0,134400.0,32.0,0.0,4200.0,0.0,0.0,0.0,0.0,0.0,0.0,median,0.9476347521361681,0.6576378148377107,1.0,0.06170680693486514,-0.2243417913488512,19.0,1.0,0.7964836768628718,0.7964836768628717,consensus_median,consensus_median,jam,0.0,8,0
consensus,20,60,ring_plus,-0.0005079551485993235,0.0005079551485993235,0.0,0.0,0.0,0.0,5280.0,5280.0,1.0,0.0,168960.0,32.0,0.0,5280.0,0.0,0.0,0.0,0.0,0.0,0.0,median,0.8724697640882209,0.9714170647982108,1.0,0.0015473166584628391,-0.2458919862472769,23.0,1.0,0.9413291035084279,0.9413291035084281,consensus_median,consensus_median,jam,0.0,9,0
consensus,20,60,ring_plus,-0.09050639003747596,0.09050639003747596,0.0,0.10714285714285714,0.0,0.0,5040.0,4500.0,0.8928571428571429,0.1071428571428571,144000.0,32.0,0.0,4500.0,0.0,0.0,0.0,540.0,0.0,0.0,median,0.9523274966686538,0.7542496708812406,1.0,0.09693935760269819,-0.18027828133086649,48.0,1.0,1.399646125476325,1.355753295277519,consensus_median,consensus_median,jam,0.1,0,0
consensus,20,60,ring_plus,-0.6189740509865631,0.6189740509865631,0.0,0.1,0.0,0.0,5400.0,4860.0,0.9,0.09999999999999998,155520.0,32.0,0.0,4860.0,0.0,0.0,0.0,540.0,0.0,0.0,median,0.9750637740847292,0.4893452941955304,1.0,0.6281984948689026,-0.2743869815210838,,0.0,1.320493917398932,1.3067220124547165,consensus_median,consensus_median,jam,0.1,1,0
consensus,20,60,ring_plus,-0.38097580778374307,0.38097580778374307,0.0,0.06862745098039216,0.0,0.0,6120.0,5700.0,0.9313725490196079,0.06862745098039214,182400.0,32.0,0.0,5700.0,0.0,0.0,0.0,420.0,0.0,0.0,median,0.9702624884541426,0.45686293316537907,1.0,0.3815159222481203,-0.29833582268628384,,0.0,1.55469612182113,0.8699785139899355,consensus_median,consensus_median,jam,0.1,2,0
consensus,20,60,ring_plus,-5.061845370714179,5.061845370714179,0.0,0.15476190476190477,0.0,0.0,5040.0,4260.0,0.8452380952380952,0.15476190476190477,136320.0,32.0,0.0,4260.0,0.0,0.0,0.0,780.0,0.0,0.0,median,0.9852291762473936,0.602443638780415,1.0,5.06827157843526,-0.35307922516899726,,0.0,1.2627284000071304,1.2594924649021235,consensus_median,consensus_median,jam,0.1,3,0
consensus,20,60,ring_plus,-1.8366065881227713,1.8366065881227713,0.0,0.09574468085106383,0.0,0.0,5640.0,5100.0,0.9042553191489362,0.0957446808510638,163200.0,32.0,0.0,5100.0,0.0,0.0,0.0,540.0,0.0,0.0,median,0.9671197894461598,0.4453489673431965,0.5166666666666667,1.8363498016109132,-0.22648849750744626,,0.0,1.3711704029417888,1.3555111922818643,consensus_median,consensus_median,jam,0.1,4,0
consensus,20,60,ring_plus,-6.492810368169299,6.492810368169299,0.0,0.0660377358490566,0.0,0.0,6360.0,5940.0,0.9339622641509434,0.06603773584905659,190080.0,32.0,0.0,5940.0,0.0,0.0,0.0,420.0,0.0,0.0,median,0.9830861255996933,0.4873825558356444,0.45,6.49276396627533,-0.14638340810835782,,0.0,1.6160985120576443,1.1665296618373981,consensus_median,consensus_median,jam,0.1,5,0
consensus,20,60,ring_plus,-5.084723040439122,5.084723040439122,0.0,0.10256410256410256,0.0,0.0,4680.0,4200.0,0.8974358974358975,0.10256410256410253,134400.0,32.0,0.0,4200.0,0.0,0.0,0.0,480.0,0.0,0.0,median,0.9772164485055438,0.3863443768830125,0.45,5.079779654282739,-0.2653401784670095,,0.0,0.9450014459069909,0.9269296061447677,consensus_median,consensus_median,jam,0.1,6,0
consensus,20,60,ring_plus,-0.9550893987461916,0.9550893987461916,0.0,0.14814814814814814,0.0,0.0,6480.0,5520.0,0.8518518518518519,0.14814814814814814,176640.0,32.0,0.0,5520.0,0.0,0.0,0.0,960.0,0.0,0.0,median,0.9773419188016808,0.4580665053694375,1.0,0.9569195839174216,-0.3053002675430697,,0.0,2.218617553571293,2.2131131029340265,consensus_median,consensus_median,jam,0.1,7,0
consensus,20,60,ring_plus,-3.1738823965952645,3.1738823965952645,0.0,0.12857142857142856,0.0,0.0,4200.0,3660.0,0.8714285714285714,0.12857142857142856,117120.0,32.0,0.0,3660.0,0.0,0.0,0.0,540.0,0.0,0.0,median,0.9927803818601875,0.3487301028310812,1.0,3.184253452252207,-0.17246265791770685,,0.0,0.7964836768628718,0.7756455591018226,consensus_median,consensus_median,jam,0.1,8,0
consensus,20,60,ring_plus,-1.6565035236575945,1.6565035236575945,0.0,0.10227272727272728,0.0,0.0,5280.0,4740.0,0.8977272727272727,0.10227272727272729,151680.0,32.0,0.0,4740.0,0.0,0.0,0.0,540.0,0.0,0.0,median,0.9871936770989348,0.3425068917276758,1.0,1.6652044152198389,-0.2182920601054602,,0.0,0.9413291035084279,0.8042031991139494,consensus_median,consensus_median,jam,0.1,9,0
consensus,20,60,ring_plus,-2.1940997322510327,2.1940997322510327,0.0,0.25,0.0,0.0,5040.0,3780.0,0.75,0.25,120960.0,32.0,0.0,3780.0,0.0,0.0,0.0,1260.0,0.0,0.0,median,0.9834770336261484,0.4477801316681048,0.7,2.1940503477462237,-0.14521839229397385,,0.0,1.399646125476325,0.7328759072995557,consensus_median,consensus_median,jam,0.25,0,0
consensus,20,60,ring_plus,-1.6129240970129182,1.6129240970129182,0.0,0.2777777777777778,0.0,0.0,5400.0,3900.0,0.7222222222222222,0.2777777777777778,124800.0,32.0,0.0,3900.0,0.0,0.0,0.0,1500.0,0.0,0.0,median,0.9872112233130793,0.28688450175061686,1.0,1.6129306203525315,-0.25782114742064466,,0.0,1.320493917398932,0.70949080031589,consensus_median,consensus_median,jam,0.25,1,0
consensus,20,60,ring_plus,-4.611569753659953,4.611569753659953,0.0,0.21568627450980393,0.0,0.0,6120.0,4800.0,0.7843137254901961,0.21568627450980393,153600.0,32.0,0.0,4800.0,0.0,0.0,0.0,1320.0,0.0,0.0,median,0.9882275468907655,0.33600171786559263,0.7166666666666667,4.611495551518974,-0.227825923588347,,0.0,1.55469612182113,0.8590938956011059,consensus_median,consensus_median,jam,0.25,2,0
consensus,20,60,ring_plus,-12.641763306692724,12.641763306692724,0.0,0.30952380952380953,0.0,0.0,5040.0,3480.0,0.6904761904761905,0.30952380952380953,111360.0,32.0,0.0,3480.0,0.0,0.0,0.0,1560.0,0.0,0.0,median,0.9945348693850983,0.5013147398823251,1.0,12.658577547591372,-0.22674725956935493,,0.0,1.2627284000071304,0.7034053746014614,consensus_median,consensus_median,jam,0.25,3,0
consensus,20,60,ring_plus,-3.136717726485527,3.136717726485527,0.0,0.24468085106382978,0.0,0.0,5640.0,4260.0,0.7553191489361702,0.24468085106382975,136320.0,32.0,0.0,4260.0,0.0,0.0,0.0,1380.0,0.0,0.0,median,0.9932981915820208,0.23236421176454092,1.0,3.1372491446915496,-0.2048199785347337,,0.0,1.3711704029417888,0.6932116477645714,consensus_median,consensus_median,jam,0.25,4,0
consensus,20,60,ring_plus,-7.850933947170329,7.850933947170329,0.0,0.20754716981132076,0.0,0.0,6360.0,5040.0,0.7924528301886793,0.2075471698113207,161280.0,32.0,0.0,5040.0,0.0,0.0,0.0,1320.0,0.0,0.0,median,0.9888157502916486,0.40858010881171614,0.45,7.850902938698691,-0.12374801512500735,,0.0,1.6160985120576443,8.788681123263577e-16,consensus_median,consensus_median,jam,0.25,5,0
consensus,20,60,ring_plus,-6.247072639748238,6.247072639748238,0.0,0.23076923076923078,0.0,0.0,4680.0,3600.0,0.7692307692307693,0.23076923076923073,115200.0,32.0,0.0,3600.0,0.0,0.0,0.0,1080.0,0.0,0.0,median,0.9893952227487778,0.3213273491664054,0.65,6.2456279302505004,-0.24596768514519088,,0.0,0.9450014459069909,0.6516227104008937,consensus_median,consensus_median,jam,0.25,6,0
consensus,20,60,ring_plus,-5.331264187298364,5.331264187298364,0.0,0.2962962962962963,0.0,0.0,6480.0,4560.0,0.7037037037037037,0.2962962962962963,145920.0,32.0,0.0,4560.0,0.0,0.0,0.0,1920.0,0.0,0.0,median,0.9914888684997644,0.4195939047135453,0.9333333333333333,5.331465538378275,-0.2323640210672001,,0.0,2.218617553571293,1.6234402002584751,consensus_median,consensus_median,jam,0.25,7,0
consensus,20,60,ring_plus,-4.908525923030533,4.908525923030533,0.0,0.3142857142857143,0.0,0.0,4200.0,2880.0,0.6857142857142857,0.3142857142857143,92160.0,32.0,0.0,2880.0,0.0,0.0,0.0,1320.0,0.0,0.0,median,0.9868206323534581,0.38224408118624664,0.5,4.9082127745394635,-0.14355193247711906,,0.0,0.7964836768628718,0.48285695744342,consensus_median,consensus_median,jam,0.25,8,0
consensus,20,60,ring_plus,-2.2990415752711875,2.2990415752711875,0.0,0.20454545454545456,0.0,0.0,5280.0,4200.0,0.7954545454545454,0.20454545454545459,134400.0,32.0,0.0,4200.0,0.0,0.0,0.0,1080.0,0.0,0.0,median,0.9900699581773508,0.2892480613724179,1.0,2.2991714338501605,-0.20758309257856702,,0.0,0.9413291035084279,0.5410467703440894,consensus_median,consensus_median,jam,0.25,9,0
consensus,20,60,ring_plus,-7.3166061614723965,7.3166061614723965,0.0,0.5238095238095238,0.0,0.0,5040.0,2400.0,0.47619047619047616,0.5238095238095238,76800.0,32.0,0.0,2400.0,0.0,0.0,0.0,2640.0,0.0,0.0,median,0.9985083748514855,0.20788414206350536,1.0,7.316635414906923,-0.059843285140284495,,0.0,1.399646125476325,2.0101208904909568e-16,consensus_median,consensus_median,jam,0.5,0,0
consensus,20,60,ring_plus,-5.074791556280657,5.074791556280657,0.0,0.5222222222222223,0.0,0.0,5400.0,2580.0,0.4777777777777778,0.5222222222222221,82560.0,32.0,0.0,2580.0,0.0,0.0,0.0,2820.0,0.0,0.0,median,0.9937714843938261,0.3065758421761374,1.0,5.080411030942812,-0.20012335643284906,,0.0,1.320493917398932,-2.0216336746729997e-16,consensus_median,consensus_median,jam,0.5,1,0
consensus,20,60,ring_plus,-9.50759620087932,9.50759620087932,0.0,0.46078431372549017,0.0,0.0,6120.0,3300.0,0.5392156862745098,0.4607843137254902,105600.0,32.0,0.0,3300.0,0.0,0.0,0.0,2820.0,0.0,0.0,median,0.9964465422587409,0.3283641931119262,1.0,9.509128855231213,-0.14622548280135755,,0.0,1.55469612182113,7.185689075917253e-16,consensus_median,consensus_median,jam,0.5,2,0
consensus,20,60,ring_plus,-14.990721698076058,14.990721698076058,0.0,0.5833333333333334,0.0,0.0,5040.0,2100.0,0.4166666666666667,0.5833333333333333,67200.0,32.0,0.0,2100.0,0.0,0.0,0.0,2940.0,0.0,0.0,median,0.9833088424078943,0.685061860924608,0.38333333333333336,14.990528332673312,-0.18759795304629936,,0.0,1.2627284000071304,-2.3898125381316e-16,consensus_median,consensus_median,jam,0.5,3,0
consensus,20,60,ring_plus,-10.154215530539464,10.154215530539464,0.0,0.48936170212765956,0.0,0.0,5640.0,2880.0,0.5106382978723404,0.4893617021276596,92160.0,32.0,0.0,2880.0,0.0,0.0,0.0,2760.0,0.0,0.0,median,0.9908526151951057,0.3290231124459212,0.31666666666666665,10.15394922105484,-0.0878616818005014,,0.0,1.3711704029417888,9.22679146182269e-17,consensus_median,consensus_median,jam,0.5,4,0
consensus,20,60,ring_plus,-10.886270927569077,10.886270927569077,0.0,0.42452830188679247,0.0,0.0,6360.0,3660.0,0.5754716981132075,0.42452830188679247,117120.0,32.0,0.0,3660.0,0.0,0.0,0.0,2700.0,0.0,0.0,median,0.9990009822547795,0.13889179033632604,1.0,10.886270927757051,-0.07315906545169489,,0.0,1.6160985120576443,5.533258796772204e-16,consensus_median,consensus_median,jam,0.5,5,0
consensus,20,60,ring_plus,-9.42176363397393,9.42176363397393,0.0,0.5256410256410257,0.0,0.0,4680.0,2220.0,0.47435897435897434,0.5256410256410257,71040.0,32.0,0.0,2220.0,0.0,0.0,0.0,2460.0,0.0,0.0,median,0.9937294562889403,0.23600315464246813,0.6166666666666667,9.41860293425043,-0.19305616857476277,,0.0,0.9450014459069909,3.928730535098917e-17,consensus_median,consensus_median,jam,0.5,6,0
consensus,20,60,ring_plus,-8.035105902773118,8.035105902773118,0.0,0.49074074074074076,0.0,0.0,6480.0,3300.0,0.5092592592592593,0.4907407407407407,105600.0,32.0,0.0,3300.0,0.0,0.0,0.0,3180.0,0.0,0.0,median,0.9746630019267543,0.5383381070821474,0.3333333333333333,8.033314258935137,-0.18729999247595425,,0.0,2.218617553571293,4.442157626793808e-16,consensus_median,consensus_median,jam,0.5,7,0
consensus,20,60,ring_plus,-8.285951168589268,8.285951168589268,0.0,0.5285714285714286,0.0,0.0,4200.0,1980.0,0.4714285714285714,0.5285714285714286,63360.0,32.0,0.0,1980.0,0.0,0.0,0.0,2220.0,0.0,0.0,median,0.9985734854430921,0.1552574033929417,1.0,8.289111995152016,-0.08726151171780681,,0.0,0.7964836768628718,7.218723564701772e-17,consensus_median,consensus_median,jam,0.5,8,0
consensus,20,60,ring_plus,-3.8408431243900507,3.8408431243900507,0.0,0.4772727272727273,0.0,0.0,5280.0,2760.0,0.5227272727272727,0.4772727272727273,88320.0,32.0,0.0,2760.0,0.0,0.0,0.0,2520.0,0.0,0.0,median,0.9935384118420993,0.27051792878291814,1.0,3.8461631636590585,-0.18188640009325263,,0.0,0.9413291035084279,4.227176087568643e-16,consensus_median,consensus_median,jam,0.5,9,0
consensus,20,60,ring_plus,-8.769295752318204,8.769295752318204,0.0,0.7619047619047619,0.0,0.0,5040.0,1200.0,0.23809523809523808,0.7619047619047619,38400.0,32.0,0.0,1200.0,0.0,0.0,0.0,3840.0,0.0,0.0,median,0.9993159319190749,0.15877460167017787,1.0,8.769302208328133,-0.03563179195952104,,0.0,1.399646125476325,-2.470145101219242e-16,consensus_median,consensus_median,jam,0.75,0,0
consensus,20,60,ring_plus,-10.407862207075269,10.407862207075269,0.0,0.7555555555555555,0.0,0.0,5400.0,1320.0,0.24444444444444444,0.7555555555555555,42240.0,32.0,0.0,1320.0,0.0,0.0,0.0,4080.0,0.0,0.0,median,0.9910769326367111,0.35690199218949514,0.65,10.407862206897125,-0.11123884558627216,,0.0,1.320493917398932,-2.73585982193477e-16,consensus_median,consensus_median,jam,0.75,1,0
consensus,20,60,ring_plus,-14.738991549301268,14.738991549301268,0.0,0.7352941176470589,0.0,0.0,6120.0,1620.0,0.2647058823529412,0.7352941176470589,51840.0,32.0,0.0,1620.0,0.0,0.0,0.0,4500.0,0.0,0.0,median,0.9834312778153467,0.5347891033429271,0.15,14.738467266152151,-0.05903556032765843,,0.0,1.55469612182113,-1.0293380571099687e-17,consensus_median,consensus_median,jam,0.75,2,0
consensus,20,60,ring_plus,-21.74264957422334,21.74264957422334,0.0,0.7738095238095238,0.0,0.0,5040.0,1140.0,0.2261904761904762,0.7738095238095238,36480.0,32.0,0.0,1140.0,0.0,0.0,0.0,3900.0,0.0,0.0,median,0.9992110634020959,0.2815086577710839,1.0,21.75235297124297,-0.07506582177717801,,0.0,1.2627284000071304,-4.3411469630379086e-16,consensus_median,consensus_median,jam,0.75,3,0
consensus,20,60,ring_plus,-15.015426202932087,15.015426202932087,0.0,0.723404255319149,0.0,0.0,5640.0,1560.0,0.2765957446808511,0.7234042553191489,49920.0,32.0,0.0,1560.0,0.0,0.0,0.0,4080.0,0.0,0.0,median,0.9892892705349382,0.7994210134210593,0.08333333333333333,15.015426172143753,-0.006841503927291015,,0.0,1.3711704029417888,-1.6685486281983725e-16,consensus_median,consensus_median,jam,0.75,4,0
consensus,20,60,ring_plus,-13.253536273175158,13.253536273175158,0.0,0.7169811320754716,0.0,0.0,6360.0,1800.0,0.2830188679245283,0.7169811320754718,57600.0,32.0,0.0,1800.0,0.0,0.0,0.0,4560.0,0.0,0.0,median,0.9761642965094575,0.6203790120311482,0.08333333333333333,13.253422375786565,-0.03370464302492688,,0.0,1.6160985120576443,3.4135284035789766e-16,consensus_median,consensus_median,jam,0.75,5,0
consensus,20,60,ring_plus,-14.69782612940863,14.69782612940863,0.0,0.8076923076923077,0.0,0.0,4680.0,900.0,0.19230769230769232,0.8076923076923077,28800.0,32.0,0.0,900.0,0.0,0.0,0.0,3780.0,0.0,0.0,median,0.9991820964603066,0.0939953612620521,1.0,14.697827739456706,-0.10512179365085107,,0.0,0.9450014459069909,-3.5551152606263237e-16,consensus_median,consensus_median,jam,0.75,6,0
consensus,20,60,ring_plus,-16.230397675022118,16.230397675022118,0.0,0.7222222222222222,0.0,0.0,6480.0,1800.0,0.2777777777777778,0.7222222222222222,57600.0,32.0,0.0,1800.0,0.0,0.0,0.0,4680.0,0.0,0.0,median,0.9728254962138945,0.7097589573824723,0.1,16.229376023033236,-0.05071179627180425,,0.0,2.218617553571293,-7.007142901653366e-16,consensus_median,consensus_median,jam,0.75,7,0
consensus,20,60,ring_plus,-12.881312907886615,12.881312907886615,0.0,0.7571428571428571,0.0,0.0,4200.0,1020.0,0.24285714285714285,0.7571428571428571,32640.0,32.0,0.0,1020.0,0.0,0.0,0.0,3180.0,0.0,0.0,median,0.999827545107433,0.2024912946624049,1.0,12.881316893800344,-0.010672149396184357,,0.0,0.7964836768628718,-1.3346272666746056e-17,consensus_median,consensus_median,jam,0.75,8,0
consensus,20,60,ring_plus,-9.908242893739814,9.908242893739814,0.0,0.75,0.0,0.0,5280.0,1320.0,0.25,0.75,42240.0,32.0,0.0,1320.0,0.0,0.0,0.0,3960.0,0.0,0.0,median,0.998708531561429,0.1578402410999168,1.0,9.908243427478167,-0.08076307060408991,,0.0,0.9413291035084279,-5.307638482904972e-16,consensus_median,consensus_median,jam,0.75,9,0
consensus,20,60,ring_plus,-0.005482431650517084,0.005482431650517084,0.0,0.0,0.0,0.0,5040.0,5040.0,1.0,0.0,161280.0,32.0,0.0,5040.0,0.0,0.0,0.0,0.0,0.0,0.0,median,0.9153796126179674,0.8893141208430875,1.0,0.009240556291100158,-0.18169534730398246,16.0,1.0,1.399646125476325,1.3996461254763248,consensus_median,consensus_median,partition,0.0,0,0
consensus,20,60,ring_plus,-0.0022524075034309134,0.0022524075034309134,0.0,0.0,0.0,0.0,5400.0,5400.0,1.0,0.0,172800.0,32.0,0.0,5400.0,0.0,0.0,0.0,0.0,0.0,0.0,median,0.8868894533962743,0.948095047355784,1.0,0.004040617335849671,-0.28466567557913613,17.0,1.0,1.320493917398932,1.320493917398932,consensus_median,consensus_median,partition,0.0,1,0
consensus,20,60,ring_plus,-1.0757817627825737e-05,1.0757817627825737e-05,0.0,0.0,0.0,0.0,6120.0,6120.0,1.0,0.0,195840.0,32.0,0.0,6120.0,0.0,0.0,0.0,0.0,0.0,0.0,median,0.8029072662488145,0.9951107096363998,1.0,4.5457540449862186e-05,-0.3046852401857191,14.0,1.0,1.55469612182113,1.5546961218211295,consensus_median,consensus_median,partition,0.0,2,0
consensus,20,60,ring_plus,-0.00018438166122980556,0.00018438166122980556,0.0,0.0,0.0,0.0,5040.0,5040.0,1.0,0.0,161280.0,32.0,0.0,5040.0,0.0,0.0,0.0,0.0,0.0,0.0,median,0.8371772439263904,0.9929626121047088,1.0,0.000744942995449872,-0.4374402416532132,21.0,1.0,1.2627284000071304,1.2627284000071306,consensus_median,consensus_median,partition,0.0,3,0
consensus,20,60,ring_plus,-1.7632338623002975e-06,1.7632338623002975e-06,0.0,0.0,0.0,0.0,5640.0,5640.0,1.0,0.0,180480.0,32.0,0.0,5640.0,0.0,0.0,0.0,0.0,0.0,0.0,median,0.7871303711427364,0.9892653375314289,1.0,7.5488257383975825e-06,-0.25709857792226143,11.0,1.0,1.3711704029417888,1.3711704029417888,consensus_median,consensus_median,partition,0.0,4,0
consensus,20,60,ring_plus,-0.13883186854417218,0.13883186854417218,0.0,0.0,0.0,0.0,6360.0,6360.0,1.0,0.0,203520.0,32.0,0.0,6360.0,0.0,0.0,0.0,0.0,0.0,0.0,median,0.9600207839121924,0.43787725467610616,1.0,0.13883230737275712,-0.25228304976877663,18.0,1.0,1.6160985120576443,1.616098512057644,consensus_median,consensus_median,partition,0.0,5,0
consensus,20,60,ring_plus,-0.00025687201397392407,0.00025687201397392407,0.0,0.0,0.0,0.0,4680.0,4680.0,1.0,0.0,149760.0,32.0,0.0,4680.0,0.0,0.0,0.0,0.0,0.0,0.0,median,0.8475205063686533,0.981351379392753,1.0,0.0005194339102027597,-0.3500812812740955,16.0,1.0,0.9450014459069909,0.9450014459069908,consensus_median,consensus_median,partition,0.0,6,0
consensus,20,60,ring_plus,-6.615934702086204e-06,6.615934702086204e-06,0.0,0.0,0.0,0.0,6480.0,6480.0,1.0,0.0,207360.0,32.0,0.0,6480.0,0.0,0.0,0.0,0.0,0.0,0.0,median,0.800548284567372,0.9881547098203891,1.0,2.697664426169475e-05,-0.3212183139232611,11.0,1.0,2.218617553571293,2.218617553571293,consensus_median,consensus_median,partition,0.0,7,0
consensus,20,60,ring_plus,-0.061134390726600735,0.061134390726600735,0.0,0.0,0.0,0.0,4200.0,4200.0,1.0,0.0,134400.0,32.0,0.0,4200.0,0.0,0.0,0.0,0.0,0.0,0.0,median,0.9476347521361681,0.6576378148377107,1.0,0.06170680693486514,-0.2243417913488512,19.0,1.0,0.7964836768628718,0.7964836768628717,consensus_median,consensus_median,partition,0.0,8,0
consensus,20,60,ring_plus,-0.0005079551485993235,0.0005079551485993235,0.0,0.0,0.0,0.0,5280.0,5280.0,1.0,0.0,168960.0,32.0,0.0,5280.0,0.0,0.0,0.0,0.0,0.0,0.0,median,0.8724697640882209,0.9714170647982108,1.0,0.0015473166584628391,-0.2458919862472769,23.0,1.0,0.9413291035084279,0.9413291035084281,consensus_median,consensus_median,partition,0.0,9,0
consensus,20,60,ring_plus,-0.09050639003747596,0.09050639003747596,0.0,0.0,0.0,0.0,5040.0,4500.0,0.8928571428571429,0.1071428571428571,144000.0,32.0,0.0,4500.0,0.0,0.0,0.0,0.0,0.0,0.0,median,0.9523274966686538,0.7542496708812406,1.0,0.09693935760269819,-0.18027828133086649,48.0,1.0,1.399646125476325,1.355753295277519,consensus_median,consensus_median,partition,0.1,0,0
consensus,20,60,ring_plus,-0.6189740509865631,0.6189740509865631,0.0,0.0,0.0,0.0,5400.0,4860.0,0.9,0.09999999999999998,155520.0,32.0,0.0,4860.0,0.0,0.0,0.0,0.0,0.0,0.0,median,0.9750637740847292,0.4893452941955304,1.0,0.6281984948689026,-0.2743869815210838,,0.0,1.320493917398932,1.3067220124547165,consensus_median,consensus_median,partition,0.1,1,0
consensus,20,60,ring_plus,-0.38097580778374307,0.38097580778374307,0.0,0.0,0.0,0.0,6120.0,5700.0,0.9313725490196079,0.06862745098039214,182400.0,32.0,0.0,5700.0,0.0,0.0,0.0,0.0,0.0,0.0,median,0.9702624884541426,0.45686293316537907,1.0,0.3815159222481203,-0.29833582268628384,,0.0,1.55469612182113,0.8699785139899355,consensus_median,consensus_median,partition,0.1,2,0
consensus,20,60,ring_plus,-5.061845370714179,5.061845370714179,0.0,0.0,0.0,0.0,5040.0,4260.0,0.8452380952380952,0.15476190476190477,136320.0,32.0,0.0,4260.0,0.0,0.0,0.0,0.0,0.0,0.0,median,0.9852291762473936,0.602443638780415,1.0,5.06827157843526,-0.35307922516899726,,0.0,1.2627284000071304,1.2594924649021235,consensus_median,consensus_median,partition,0.1,3,0
consensus,20,60,ring_plus,-1.8366065881227713,1.8366065881227713,0.0,0.0,0.0,0.0,5640.0,5100.0,0.9042553191489362,0.0957446808510638,163200.0,32.0,0.0,5100.0,0.0,0.0,0.0,0.0,0.0,0.0,median,0.9671197894461598,0.4453489673431965,0.5166666666666667,1.8363498016109132,-0.22648849750744626,,0.0,1.3711704029417888,1.3555111922818643,consensus_median,consensus_median,partition,0.1,4,0
consensus,20,60,ring_plus,-6.492810368169299,6.492810368169299,0.0,0.0,0.0,0.0,6360.0,5940.0,0.9339622641509434,0.06603773584905659,190080.0,32.0,0.0,5940.0,0.0,0.0,0.0,0.0,0.0,0.0,median,0.9830861255996933,0.4873825558356444,0.45,6.49276396627533,-0.14638340810835782,,0.0,1.6160985120576443,1.1665296618373981,consensus_median,consensus_median,partition,0.1,5,0
consensus,20,60,ring_plus,-5.084723040439122,5.084723040439122,0.0,0.0,0.0,0.0,4680.0,4200.0,0.8974358974358975,0.10256410256410253,134400.0,32.0,0.0,4200.0,0.0,0.0,0.0,0.0,0.0,0.0,median,0.9772164485055438,0.3863443768830125,0.45,5.079779654282739,-0.2653401784670095,,0.0,0.9450014459069909,0.9269296061447677,consensus_median,consensus_median,partition,0.1,6,0
consensus,20,60,ring_plus,-0.9550893987461916,0.9550893987461916,0.0,0.0,0.0,0.0,6480.0,5520.0,0.8518518518518519,0.14814814814814814,176640.0,32.0,0.0,5520.0,0.0,0.0,0.0,0.0,0.0,0.0,median,0.9773419188016808,0.4580665053694375,1.0,0.9569195839174216,-0.3053002675430697,,0.0,2.218617553571293,2.2131131029340265,consensus_median,consensus_median,partition,0.1,7,0
consensus,20,60,ring_plus,-3.1738823965952645,3.1738823965952645,0.0,0.0,0.0,0.0,4200.0,3660.0,0.8714285714285714,0.12857142857142856,117120.0,32.0,0.0,3660.0,0.0,0.0,0.0,0.0,0.0,0.0,median,0.9927803818601875,0.3487301028310812,1.0,3.184253452252207,-0.17246265791770685,,0.0,0.7964836768628718,0.7756455591018226,consensus_median,consensus_median,partition,0.1,8,0
consensus,20,60,ring_plus,-1.6565035236575945,1.6565035236575945,0.0,0.0,0.0,0.0,5280.0,4740.0,0.8977272727272727,0.10227272727272729,151680.0,32.0,0.0,4740.0,0.0,0.0,0.0,0.0,0.0,0.0,median,0.9871936770989348,0.3425068917276758,1.0,1.6652044152198389,-0.2182920601054602,,0.0,0.9413291035084279,0.8042031991139494,consensus_median,consensus_median,partition,0.1,9,0
consensus,20,60,ring_plus,-2.1940997322510327,2.1940997322510327,0.0,0.0,0.0,0.0,5040.0,3780.0,0.75,0.25,120960.0,32.0,0.0,3780.0,0.0,0.0,0.0,0.0,0.0,0.0,median,0.9834770336261484,0.4477801316681048,0.7,2.1940503477462237,-0.14521839229397385,,0.0,1.399646125476325,0.7328759072995557,consensus_median,consensus_median,partition,0.25,0,0
consensus,20,60,ring_plus,-1.6129240970129182,1.6129240970129182,0.0,0.0,0.0,0.0,5400.0,3900.0,0.7222222222222222,0.2777777777777778,124800.0,32.0,0.0,3900.0,0.0,0.0,0.0,0.0,0.0,0.0,median,0.9872112233130793,0.28688450175061686,1.0,1.6129306203525315,-0.25782114742064466,,0.0,1.320493917398932,0.70949080031589,consensus_median,consensus_median,partition,0.25,1,0
consensus,20,60,ring_plus,-4.611569753659953,4.611569753659953,0.0,0.0,0.0,0.0,6120.0,4800.0,0.7843137254901961,0.21568627450980393,153600.0,32.0,0.0,4800.0,0.0,0.0,0.0,0.0,0.0,0.0,median,0.9882275468907655,0.33600171786559263,0.7166666666666667,4.611495551518974,-0.227825923588347,,0.0,1.55469612182113,0.8590938956011059,consensus_median,consensus_median,partition,0.25,2,0
consensus,20,60,ring_plus,-12.641763306692724,12.641763306692724,0.0,0.0,0.0,0.0,5040.0,3480.0,0.6904761904761905,0.30952380952380953,111360.0,32.0,0.0,3480.0,0.0,0.0,0.0,0.0,0.0,0.0,median,0.9945348693850983,0.5013147398823251,1.0,12.658577547591372,-0.22674725956935493,,0.0,1.2627284000071304,0.7034053746014614,consensus_median,consensus_median,partition,0.25,3,0
consensus,20,60,ring_plus,-3.136717726485527,3.136717726485527,0.0,0.0,0.0,0.0,5640.0,4260.0,0.7553191489361702,0.24468085106382975,136320.0,32.0,0.0,4260.0,0.0,0.0,0.0,0.0,0.0,0.0,median,0.9932981915820208,0.23236421176454092,1.0,3.1372491446915496,-0.2048199785347337,,0.0,1.3711704029417888,0.6932116477645714,consensus_median,consensus_median,partition,0.25,4,0
consensus,20,60,ring_plus,-7.850933947170329,7.850933947170329,0.0,0.0,0.0,0.0,6360.0,5040.0,0.7924528301886793,0.2075471698113207,161280.0,32.0,0.0,5040.0,0.0,0.0,0.0,0.0,0.0,0.0,median,0.9888157502916486,0.40858010881171614,0.45,7.850902938698691,-0.12374801512500735,,0.0,1.6160985120576443,8.788681123263577e-16,consensus_median,consensus_median,partition,0.25,5,0
consensus,20,60,ring_plus,-6.247072639748238,6.247072639748238,0.0,0.0,0.0,0.0,4680.0,3600.0,0.7692307692307693,0.23076923076923073,115200.0,32.0,0.0,3600.0,0.0,0.0,0.0,0.0,0.0,0.0,median,0.9893952227487778,0.3213273491664054,0.65,6.2456279302505004,-0.24596768514519088,,0.0,0.9450014459069909,0.6516227104008937,consensus_median,consensus_median,partition,0.25,6,0
consensus,20,60,ring_plus,-5.331264187298364,5.331264187298364,0.0,0.0,0.0,0.0,6480.0,4560.0,0.7037037037037037,0.2962962962962963,145920.0,32.0,0.0,4560.0,0.0,0.0,0.0,0.0,0.0,0.0,median,0.9914888684997644,0.4195939047135453,0.9333333333333333,5.331465538378275,-0.2323640210672001,,0.0,2.218617553571293,1.6234402002584751,consensus_median,consensus_median,partition,0.25,7,0
consensus,20,60,ring_plus,-4.908525923030533,4.908525923030533,0.0,0.0,0.0,0.0,4200.0,2880.0,0.6857142857142857,0.3142857142857143,92160.0,32.0,0.0,2880.0,0.0,0.0,0.0,0.0,0.0,0.0,median,0.9868206323534581,0.38224408118624664,0.5,4.9082127745394635,-0.14355193247711906,,0.0,0.7964836768628718,0.48285695744342,consensus_median,consensus_median,partition,0.25,8,0
consensus,20,60,ring_plus,-2.2990415752711875,2.2990415752711875,0.0,0.0,0.0,0.0,5280.0,4200.0,0.7954545454545454,0.20454545454545459,134400.0,32.0,0.0,4200.0,0.0,0.0,0.0,0.0,0.0,0.0,median,0.9900699581773508,0.2892480613724179,1.0,2.2991714338501605,-0.20758309257856702,,0.0,0.9413291035084279,0.5410467703440894,consensus_median,consensus_median,partition,0.25,9,0
consensus,20,60,ring_plus,-7.3166061614723965,7.3166061614723965,0.0,0.0,0.0,0.0,5040.0,2400.0,0.47619047619047616,0.5238095238095238,76800.0,32.0,0.0,2400.0,0.0,0.0,0.0,0.0,0.0,0.0,median,0.9985083748514855,0.20788414206350536,1.0,7.316635414906923,-0.059843285140284495,,0.0,1.399646125476325,2.0101208904909568e-16,consensus_median,consensus_median,partition,0.5,0,0
consensus,20,60,ring_plus,-5.074791556280657,5.074791556280657,0.0,0.0,0.0,0.0,5400.0,2580.0,0.4777777777777778,0.5222222222222221,82560.0,32.0,0.0,2580.0,0.0,0.0,0.0,0.0,0.0,0.0,median,0.9937714843938261,0.3065758421761374,1.0,5.080411030942812,-0.20012335643284906,,0.0,1.320493917398932,-2.0216336746729997e-16,consensus_median,consensus_median,partition,0.5,1,0
consensus,20,60,ring_plus,-9.50759620087932,9.50759620087932,0.0,0.0,0.0,0.0,6120.0,3300.0,0.5392156862745098,0.4607843137254902,105600.0,32.0,0.0,3300.0,0.0,0.0,0.0,0.0,0.0,0.0,median,0.9964465422587409,0.3283641931119262,1.0,9.509128855231213,-0.14622548280135755,,0.0,1.55469612182113,7.185689075917253e-16,consensus_median,consensus_median,partition,0.5,2,0
consensus,20,60,ring_plus,-14.990721698076058,14.990721698076058,0.0,0.0,0.0,0.0,5040.0,2100.0,0.4166666666666667,0.5833333333333333,67200.0,32.0,0.0,2100.0,0.0,0.0,0.0,0.0,0.0,0.0,median,0.9833088424078943,0.685061860924608,0.38333333333333336,14.990528332673312,-0.18759795304629936,,0.0,1.2627284000071304,-2.3898125381316e-16,consensus_median,consensus_median,partition,0.5,3,0
consensus,20,60,ring_plus,-10.154215530539464,10.154215530539464,0.0,0.0,0.0,0.0,5640.0,2880.0,0.5106382978723404,0.4893617021276596,92160.0,32.0,0.0,2880.0,0.0,0.0,0.0,0.0,0.0,0.0,median,0.9908526151951057,0.3290231124459212,0.31666666666666665,10.15394922105484,-0.0878616818005014,,0.0,1.3711704029417888,9.22679146182269e-17,consensus_median,consensus_median,partition,0.5,4,0
consensus,20,60,ring_plus,-10.886270927569077,10.886270927569077,0.0,0.0,0.0,0.0,6360.0,3660.0,0.5754716981132075,0.42452830188679247,117120.0,32.0,0.0,3660.0,0.0,0.0,0.0,0.0,0.0,0.0,median,0.9990009822547795,0.13889179033632604,1.0,10.886270927757051,-0.07315906545169489,,0.0,1.6160985120576443,5.533258796772204e-16,consensus_median,consensus_median,partition,0.5,5,0
consensus,20,60,ring_plus,-9.42176363397393,9.42176363397393,0.0,0.0,0.0,0.0,4680.0,2220.0,0.47435897435897434,0.5256410256410257,71040.0,32.0,0.0,2220.0,0.0,0.0,0.0,0.0,0.0,0.0,median,0.9937294562889403,0.23600315464246813,0.6166666666666667,9.41860293425043,-0.19305616857476277,,0.0,0.9450014459069909,3.928730535098917e-17,consensus_median,consensus_median,partition,0.5,6,0
consensus,20,60,ring_plus,-8.035105902773118,8.035105902773118,0.0,0.0,0.0,0.0,6480.0,3300.0,0.5092592592592593,0.4907407407407407,105600.0,32.0,0.0,3300.0,0.0,0.0,0.0,0.0,0.0,0.0,median,0.9746630019267543,0.5383381070821474,0.3333333333333333,8.033314258935137,-0.18729999247595425,,0.0,2.218617553571293,4.442157626793808e-16,consensus_median,consensus_median,partition,0.5,7,0
consensus,20,60,ring_plus,-8.285951168589268,8.285951168589268,0.0,0.0,0.0,0.0,4200.0,1980.0,0.4714285714285714,0.5285714285714286,63360.0,32.0,0.0,1980.0,0.0,0.0,0.0,0.0,0.0,0.0,median,0.9985734854430921,0.1552574033929417,1.0,8.289111995152016,-0.08726151171780681,,0.0,0.7964836768628718,7.218723564701772e-17,consensus_median,consensus_median,partition,0.5,8,0
consensus,20,60,ring_plus,-3.8408431243900507,3.8408431243900507,0.0,0.0,0.0,0.0,5280.0,2760.0,0.5227272727272727,0.4772727272727273,88320.0,32.0,0.0,2760.0,0.0,0.0,0.0,0.0,0.0,0.0,median,0.9935384118420993,0.27051792878291814,1.0,3.8461631636590585,-0.18188640009325263,,0.0,0.9413291035084279,4.227176087568643e-16,consensus_median,consensus_median,partition,0.5,9,0
consensus,20,60,ring_plus,-0.005482431650517084,0.005482431650517084,0.0,0.0,0.0,0.0,5040.0,5040.0,1.0,0.0,161280.0,32.0,0.0,5040.0,0.0,0.0,0.0,0.0,0.0,0.0,median,0.9153796126179674,0.8893141208430875,1.0,0.009240556291100158,-0.18169534730398246,16.0,1.0,1.399646125476325,1.3996461254763248,consensus_median,consensus_median,crash,0.0,0,0
consensus,20,60,ring_plus,-0.0022524075034309134,0.0022524075034309134,0.0,0.0,0.0,0.0,5400.0,5400.0,1.0,0.0,172800.0,32.0,0.0,5400.0,0.0,0.0,0.0,0.0,0.0,0.0,median,0.8868894533962743,0.948095047355784,1.0,0.004040617335849671,-0.28466567557913613,17.0,1.0,1.320493917398932,1.320493917398932,consensus_median,consensus_median,crash,0.0,1,0
consensus,20,60,ring_plus,-1.0757817627825737e-05,1.0757817627825737e-05,0.0,0.0,0.0,0.0,6120.0,6120.0,1.0,0.0,195840.0,32.0,0.0,6120.0,0.0,0.0,0.0,0.0,0.0,0.0,median,0.8029072662488145,0.9951107096363998,1.0,4.5457540449862186e-05,-0.3046852401857191,14.0,1.0,1.55469612182113,1.5546961218211295,consensus_median,consensus_median,crash,0.0,2,0
consensus,20,60,ring_plus,-0.00018438166122980556,0.00018438166122980556,0.0,0.0,0.0,0.0,5040.0,5040.0,1.0,0.0,161280.0,32.0,0.0,5040.0,0.0,0.0,0.0,0.0,0.0,0.0,median,0.8371772439263904,0.9929626121047088,1.0,0.000744942995449872,-0.4374402416532132,21.0,1.0,1.2627284000071304,1.2627284000071306,consensus_median,consensus_median,crash,0.0,3,0
consensus,20,60,ring_plus,-1.7632338623002975e-06,1.7632338623002975e-06,0.0,0.0,0.0,0.0,5640.0,5640.0,1.0,0.0,180480.0,32.0,0.0,5640.0,0.0,0.0,0.0,0.0,0.0,0.0,median,0.7871303711427364,0.9892653375314289,1.0,7.5488257383975825e-06,-0.25709857792226143,11.0,1.0,1.3711704029417888,1.3711704029417888,consensus_median,consensus_median,crash,0.0,4,0
consensus,20,60,ring_plus,-0.13883186854417218,0.13883186854417218,0.0,0.0,0.0,0.0,6360.0,6360.0,1.0,0.0,203520.0,32.0,0.0,6360.0,0.0,0.0,0.0,0.0,0.0,0.0,median,0.9600207839121924,0.43787725467610616,1.0,0.13883230737275712,-0.25228304976877663,18.0,1.0,1.6160985120576443,1.616098512057644,consensus_median,consensus_median,crash,0.0,5,0
consensus,20,60,ring_plus,-0.00025687201397392407,0.00025687201397392407,0.0,0.0,0.0,0.0,4680.0,4680.0,1.0,0.0,149760.0,32.0,0.0,4680.0,0.0,0.0,0.0,0.0,0.0,0.0,median,0.8475205063686533,0.981351379392753,1.0,0.0005194339102027597,-0.3500812812740955,16.0,1.0,0.9450014459069909,0.9450014459069908,consensus_median,consensus_median,crash,0.0,6,0
consensus,20,60,ring_plus,-6.615934702086204e-06,6.615934702086204e-06,0.0,0.0,0.0,0.0,6480.0,6480.0,1.0,0.0,207360.0,32.0,0.0,6480.0,0.0,0.0,0.0,0.0,0.0,0.0,median,0.800548284567372,0.9881547098203891,1.0,2.697664426169475e-05,-0.3212183139232611,11.0,1.0,2.218617553571293,2.218617553571293,consensus_median,consensus_median,crash,0.0,7,0
consensus,20,60,ring_plus,-0.061134390726600735,0.061134390726600735,0.0,0.0,0.0,0.0,4200.0,4200.0,1.0,0.0,134400.0,32.0,0.0,4200.0,0.0,0.0,0.0,0.0,0.0,0.0,median,0.9476347521361681,0.6576378148377107,1.0,0.06170680693486514,-0.2243417913488512,19.0,1.0,0.7964836768628718,0.7964836768628717,consensus_median,consensus_median,crash,0.0,8,0
consensus,20,60,ring_plus,-0.0005079551485993235,0.0005079551485993235,0.0,0.0,0.0,0.0,5280.0,5280.0,1.0,0.0,168960.0,32.0,0.0,5280.0,0.0,0.0,0.0,0.0,0.0,0.0,median,0.8724697640882209,0.9714170647982108,1.0,0.0015473166584628391,-0.2458919862472769,23.0,1.0,0.9413291035084279,0.9413291035084281,consensus_median,consensus_median,crash,0.0,9,0
consensus,20,60,ring_plus,-0.004021407022052187,0.004021407022052187,0.0,0.0,0.0008462026655383964,4.0,4880.0,4727.0,0.9686475409836065,0.0313524590163935,151264.0,32.0,0.0,4727.0,0.0,0.0,0.0,0.0,0.0,0.0,median,0.9077025137900369,0.9269147934292623,1.0,0.006188382300436695,-0.18171969771445687,23.0,1.0,1.399646125476325,0.8631151107104003,consensus_median,consensus_median,crash,0.01,0,0
consensus,20,60,ring_plus,-0.0003170910800785889,0.0003170910800785889,0.0,0.0,0.0038969473912102187,5.0,4995.0,4619.0,0.9247247247247248,0.07527527527527522,147808.0,32.0,0.0,4619.0,0.0,0.0,0.0,0.0,0.0,0.0,median,0.8542941605929187,0.976268633055245,1.0,0.0006709902043507701,-0.28469793085285866,16.0,1.0,1.320493917398932,0.262611092618669,consensus_median,consensus_median,crash,0.01,1,0
consensus,20,60,ring_plus,-9.566748389350111e-06,9.566748389350111e-06,0.0,0.0,0.001223348479552604,4.0,5915.0,5722.0,0.9673710904480135,0.032628909551986496,183104.0,32.0,0.0,5722.0,0.0,0.0,0.0,0.0,0.0,0.0,median,0.8003963425599644,0.9939478331582792,1.0,3.658318637937478e-05,-0.304685260036873,14.0,1.0,1.55469612182113,0.7250238181320788,consensus_median,consensus_median,crash,0.01,2,0
consensus,20,60,ring_plus,-0.00017374092955205507,0.00017374092955205507,0.0,0.0,0.003360215053763441,4.0,4735.0,4464.0,0.942766631467793,0.05723336853220695,142848.0,32.0,0.0,4464.0,0.0,0.0,0.0,0.0,0.0,0.0,median,0.8248591491071201,0.9895511395550824,1.0,0.0004158643935518963,-0.4374404189987411,24.0,1.0,1.2627284000071304,0.344906779347078,consensus_median,consensus_median,crash,0.01,3,0
consensus,20,60,ring_plus,-1.804272304344449e-06,1.804272304344449e-06,0.0,0.0,0.0011627906976744186,4.0,5390.0,5160.0,0.9573283858998145,0.042671614100185495,165120.0,32.0,0.0,5160.0,0.0,0.0,0.0,0.0,0.0,0.0,median,0.7874216280579046,0.9775351237054035,1.0,8.75742379959751e-06,-0.2570985772382874,11.0,1.0,1.3711704029417888,0.7084380415199241,consensus_median,consensus_median,crash,0.01,4,0
consensus,20,60,ring_plus,-0.08060627730020786,0.08060627730020786,0.0,0.0,0.0,0.0,6201.0,6042.0,0.9743589743589743,0.02564102564102566,193344.0,32.0,0.0,6042.0,0.0,0.0,0.0,0.0,0.0,0.0,median,0.951814606056899,0.5759359585112123,1.0,0.09720971032592933,-0.25325347628950934,18.0,1.0,1.6160985120576443,0.8349842312297834,consensus_median,consensus_median,crash,0.01,5,0
consensus,20,60,ring_plus,-0.0003049923199161975,0.0003049923199161975,0.0,0.0,0.0,0.0,4550.0,4420.0,0.9714285714285714,0.02857142857142858,141440.0,32.0,0.0,4420.0,0.0,0.0,0.0,0.0,0.0,0.0,median,0.8482297172387983,0.9740806252508883,1.0,0.0005227337586865302,-0.35008047926899627,15.0,1.0,0.9450014459069909,0.36225055426434666,consensus_median,consensus_median,crash,0.01,6,0
consensus,20,60,ring_plus,-5.118348369015543e-06,5.118348369015543e-06,0.0,0.0,0.0037326697476004265,5.0,6035.0,5626.0,0.9322286661143331,0.06777133388566692,180032.0,32.0,0.0,5626.0,0.0,0.0,0.0,0.0,0.0,0.0,median,0.798383475404305,0.9847386075546001,1.0,2.4195923820722765e-05,-0.3212183388830334,13.0,1.0,2.218617553571293,0.5018159078461537,consensus_median,consensus_median,crash,0.01,7,0
consensus,20,60,ring_plus,-0.018798228300109084,0.018798228300109084,0.0,0.0,0.0007643312101910828,3.0,4060.0,3925.0,0.9667487684729064,0.03325123152709364,125600.0,32.0,0.0,3925.0,0.0,0.0,0.0,0.0,0.0,0.0,median,0.929191823356302,0.827550602941253,0.9833333333333333,0.023891499288261137,-0.22504739405595944,19.0,1.0,0.7964836768628718,0.35204298586935395,consensus_median,consensus_median,crash,0.01,8,0
consensus,20,60,ring_plus,-0.0019464414075939626,0.0019464414075939626,0.0,0.0,0.004378889144964277,5.0,4783.0,4339.0,0.9071712314447,0.09282876855529998,138848.0,32.0,0.0,4339.0,0.0,0.0,0.0,0.0,0.0,0.0,median,0.8972629463762206,0.9145663200537594,1.0,0.003877353913069642,-0.24586801147629359,13.0,1.0,0.9413291035084279,0.13241046283921254,consensus_median,consensus_median,crash,0.01,9,0
consensus,20,60,ring_plus,-4.8074162712307845e-06,4.8074162712307845e-06,0.0,0.0,0.029180040852057193,5.0,4125.0,3427.0,0.8307878787878787,0.16921212121212126,109664.0,32.0,0.0,3427.0,0.0,0.0,0.0,0.0,0.0,0.0,median,0.7824691385468207,0.9732101287989874,1.0,9.677502980827961e-06,-0.1817866410412199,13.0,1.0,1.399646125476325,0.011896850000534835,consensus_median,consensus_median,crash,0.05,0,0
consensus,20,60,ring_plus,-0.003981061382617293,0.003981061382617293,0.0,0.0,0.02207377287249492,5.0,4304.0,3443.0,0.799953531598513,0.200046468401487,110176.0,32.0,0.0,3443.0,0.0,0.0,0.0,0.0,0.0,0.0,median,0.8923945961294025,0.9746455911586941,1.0,0.009811870707016081,-0.2846368646811497,26.0,1.0,1.320493917398932,0.02200823195664881,consensus_median,consensus_median,crash,0.05,1,0
consensus,20,60,ring_plus,-3.3636293437755553e-06,3.3636293437755553e-06,0.0,0.0,0.03689567430025445,5.0,4858.0,3930.0,0.8089748867846851,0.1910251132153149,125760.0,32.0,0.0,3930.0,0.0,0.0,0.0,0.0,0.0,0.0,median,0.7744950469644377,0.9957137093871253,1.0,1.6975287453411567e-05,-0.30468536342219044,17.0,1.0,1.55469612182113,0.02591160203035214,consensus_median,consensus_median,crash,0.05,2,0
consensus,20,60,ring_plus,-3.098152321433312e-05,3.098152321433312e-05,0.0,0.0,0.030141287284144426,5.0,3997.0,3185.0,0.7968476357267951,0.20315236427320493,101920.0,32.0,0.0,3185.0,0.0,0.0,0.0,0.0,0.0,0.0,median,0.7990266912843492,0.990472094699935,1.0,0.0001842194208037662,-0.43744279832218,21.0,1.0,1.2627284000071304,-1.8573464065978913e-16,consensus_median,consensus_median,crash,0.05,3,0
consensus,20,60,ring_plus,-4.328827678301925e-06,4.328827678301925e-06,0.0,0.0,0.033490011750881316,7.0,4366.0,3404.0,0.7796610169491526,0.22033898305084743,108928.0,32.0,0.0,3404.0,0.0,0.0,0.0,0.0,0.0,0.0,median,0.7800427939365739,0.9842959416531669,1.0,6.050117518290496e-06,-0.25709853516236447,11.0,1.0,1.3711704029417888,-1.052145290176337e-16,consensus_median,consensus_median,crash,0.05,4,0
consensus,20,60,ring_plus,-0.0004547551009362355,0.0004547551009362355,0.0,0.0,0.028263473053892214,5.0,5139.0,4175.0,0.8124148667055847,0.18758513329441528,133600.0,32.0,0.0,4175.0,0.0,0.0,0.0,0.0,0.0,0.0,median,0.8455755780890895,0.9093763724366766,0.9833333333333333,0.0006329244219648974,-0.2545893349928306,17.0,1.0,1.6160985120576443,0.0544584614413881,consensus_median,consensus_median,crash,0.05,5,0
consensus,20,60,ring_plus,-0.00122723268223587,0.00122723268223587,0.0,0.0,0.0420863309352518,5.0,3555.0,2780.0,0.7819971870604782,0.21800281293952184,88960.0,32.0,0.0,2780.0,0.0,0.0,0.0,0.0,0.0,0.0,median,0.8668745363906362,0.9908628051797108,0.9833333333333333,0.0024858915972055594,-0.35006510859629103,24.0,1.0,0.9450014459069909,0.03933805987706032,consensus_median,consensus_median,crash,0.05,6,0
consensus,20,60,ring_plus,-4.3228934453548175e-07,4.3228934453548175e-07,0.0,0.0,0.02838740458015267,5.0,5220.0,4192.0,0.8030651340996169,0.19693486590038312,134144.0,32.0,0.0,4192.0,0.0,0.0,0.0,0.0,0.0,0.0,median,0.7379215566836779,0.994183831404093,1.0,1.3358748654941952e-06,-0.3212184169840172,16.0,1.0,2.218617553571293,0.04487420564324698,consensus_median,consensus_median,crash,0.05,7,0
consensus,20,60,ring_plus,-0.006476683957086232,0.006476683957086232,0.0,0.0,0.03711870635795663,5.0,3364.0,2721.0,0.808858501783591,0.19114149821640902,87072.0,32.0,0.0,2721.0,0.0,0.0,0.0,0.0,0.0,0.0,median,0.9072625327616706,0.9618310763402746,1.0,0.012118179916137048,-0.2252527531283431,28.0,1.0,0.7964836768628718,0.05813715647770101,consensus_median,consensus_median,crash,0.05,8,0
consensus,20,60,ring_plus,-0.0017809811938267481,0.0017809811938267481,0.0,0.0,0.06147397834439399,10.0,3860.0,2863.0,0.7417098445595854,0.25829015544041456,91616.0,32.0,0.0,2863.0,0.0,0.0,0.0,0.0,0.0,0.0,median,0.8706077418666694,0.969092739756863,1.0,0.0027549078852873144,-0.24587076914652303,21.0,1.0,0.9413291035084279,0.003010506751730874,consensus_median,consensus_median,crash,0.05,9,0
consensus,20,60,ring_plus,-7.758151147955909e-05,7.758151147955909e-05,0.0,0.0,0.13606911447084233,7.0,3318.0,2315.0,0.6977094635322484,0.3022905364677516,74080.0,32.0,0.0,2315.0,0.0,0.0,0.0,0.0,0.0,0.0,median,0.8308958815268428,0.9900594423108003,1.0,0.0002089820044766605,-0.1817854281396331,17.0,1.0,1.399646125476325,0.006974796178107668,consensus_median,consensus_median,crash,0.1,0,0
consensus,20,60,ring_plus,-0.00024090063262353087,0.00024090063262353087,0.0,0.0,0.10699111626110468,5.0,3605.0,2589.0,0.7181692094313453,0.2818307905686547,82848.0,32.0,0.0,2589.0,0.0,0.0,0.0,0.0,0.0,0.0,median,0.8154850324294447,0.9825579758206354,0.9666666666666667,0.0003315341560827815,-0.2846992006936496,19.0,1.0,1.320493917398932,0.02200823195664871,consensus_median,consensus_median,crash,0.1,1,0
consensus,20,60,ring_plus,-0.00011771849076747352,0.00011771849076747352,0.0,0.0,0.15926071569012976,10.0,3862.0,2543.0,0.6584671154842051,0.3415328845157949,81376.0,32.0,0.0,2543.0,0.0,0.0,0.0,0.0,0.0,0.0,median,0.8265246185200859,0.9971201173798689,1.0,0.00034061760551196233,-0.30468345750783343,19.0,1.0,1.55469612182113,-2.0865475636884856e-16,consensus_median,consensus_median,crash,0.1,2,0
consensus,20,60,ring_plus,-0.0005193460784925604,0.0005193460784925604,0.0,0.0,0.11743772241992882,5.0,3310.0,2248.0,0.679154078549849,0.320845921450151,71936.0,32.0,0.0,2248.0,0.0,0.0,0.0,0.0,0.0,0.0,median,0.8488146026435099,0.9910158738146265,1.0,0.0025275830253394817,-0.43743465891292554,27.0,1.0,1.2627284000071304,0.010185226820401677,consensus_median,consensus_median,crash,0.1,3,0
consensus,20,60,ring_plus,-0.0004396099362607673,0.0004396099362607673,0.0,0.0,0.13993584603047313,10.0,3635.0,2494.0,0.6861072902338377,0.31389270976616235,79808.0,32.0,0.0,2494.0,0.0,0.0,0.0,0.0,0.0,0.0,median,0.844752855079293,0.985333146747373,1.0,0.0007473239738847366,-0.2570912804772214,20.0,1.0,1.3711704029417888,-1.6911080128972881e-16,consensus_median,consensus_median,crash,0.1,4,0
consensus,20,60,ring_plus,-0.00024022107299151237,0.00024022107299151237,0.0,0.0,0.10440513354144988,5.0,4230.0,2883.0,0.6815602836879433,0.3184397163120567,92256.0,32.0,0.0,2883.0,0.0,0.0,0.0,0.0,0.0,0.0,median,0.8413136857518916,0.971872616424404,1.0,0.0004916582193781955,-0.25459291055996297,17.0,1.0,1.6160985120576443,-1.797607971426218e-16,consensus_median,consensus_median,crash,0.1,5,0
consensus,20,60,ring_plus,-0.0012699328775242914,0.0012699328775242914,0.0,0.0,0.15641646489104116,5.0,3018.0,2065.0,0.6842279655400928,0.3157720344599072,66080.0,32.0,0.0,2065.0,0.0,0.0,0.0,0.0,0.0,0.0,median,0.8645433517634317,0.990016424297383,1.0,0.003630317139686663,-0.3500643969263695,30.0,1.0,0.9450014459069909,-1.8389193186841433e-16,consensus_median,consensus_median,crash,0.1,6,0
consensus,20,60,ring_plus,-2.510172773038412e-05,2.510172773038412e-05,0.0,0.0,0.13367235742826009,6.0,4113.0,2753.0,0.6693411135424264,0.3306588864575736,88096.0,32.0,0.0,2753.0,0.0,0.0,0.0,0.0,0.0,0.0,median,0.7973594853804675,0.9911861563094838,1.0,9.556978776429136e-05,-0.32121800582671073,19.0,1.0,2.218617553571293,0.010052703036984058,consensus_median,consensus_median,crash,0.1,7,0
consensus,20,60,ring_plus,-0.0438353078111845,0.0438353078111845,0.0,0.0,0.13084603258013663,5.0,2772.0,1903.0,0.6865079365079365,0.3134920634920635,60896.0,32.0,0.0,1903.0,0.0,0.0,0.0,0.0,0.0,0.0,median,0.9351324052493467,0.8805437910654826,1.0,0.06377563722809071,-0.22463010939744157,36.0,1.0,0.7964836768628718,0.016479909536109654,consensus_median,consensus_median,crash,0.1,8,0
consensus,20,60,ring_plus,-0.00783007941833252,0.00783007941833252,0.0,0.0,0.15473977695167287,7.0,3260.0,2152.0,0.660122699386503,0.33987730061349697,68864.0,32.0,0.0,2152.0,0.0,0.0,0.0,0.0,0.0,0.0,median,0.9035456526113715,0.9218482626870896,0.9666666666666667,0.011634793285909313,-0.24576995084278122,23.0,1.0,0.9413291035084279,-2.4535964053121496e-16,consensus_median,consensus_median,crash,0.1,9,0
consensus,20,60,ring_plus,-0.010930558885334698,0.010930558885334698,0.0,0.0,0.5358004827031375,10.0,2319.0,1243.0,0.5360068995256576,0.4639931004743424,39776.0,32.0,0.0,1243.0,0.0,0.0,0.0,0.0,0.0,0.0,median,0.9087226254745037,0.984891833564047,1.0,0.03237209626773623,-0.18160454518340222,41.0,1.0,1.399646125476325,-1.1875190474389153e-16,consensus_median,consensus_median,crash,0.2,0,0
consensus,20,60,ring_plus,-0.014637882311228326,0.014637882311228326,0.0,0.0,0.3836477987421384,8.0,2594.0,1431.0,0.5516576715497301,0.4483423284502699,45792.0,32.0,0.0,1431.0,0.0,0.0,0.0,0.0,0.0,0.0,median,0.8921487880072525,0.9811545829358049,1.0,0.020380194629619288,-0.2844592509990062,33.0,1.0,1.320493917398932,0.022008231956648725,consensus_median,consensus_median,crash,0.2,1,0
consensus,20,60,ring_plus,-0.004872642907224496,0.004872642907224496,0.0,0.0,0.489375,14.0,2895.0,1600.0,0.5526770293609672,0.4473229706390328,51200.0,32.0,0.0,1600.0,0.0,0.0,0.0,0.0,0.0,0.0,median,0.8846466182032497,0.9872502289508823,0.9666666666666667,0.013346260679580607,-0.30460420876755917,30.0,1.0,1.55469612182113,-1.6752884402798957e-16,consensus_median,consensus_median,crash,0.2,2,0
consensus,20,60,ring_plus,-0.018149865116003038,0.018149865116003038,0.0,0.0,0.4091266719118804,8.0,2383.0,1271.0,0.5333613092740244,0.46663869072597564,40672.0,32.0,0.0,1271.0,0.0,0.0,0.0,0.0,0.0,0.0,median,0.8859669220520253,0.9841274094972831,1.0,0.029104205979552867,-0.43714081692896684,33.0,1.0,1.2627284000071304,-1.529520245905024e-16,consensus_median,consensus_median,crash,0.2,3,0
consensus,20,60,ring_plus,-0.0008633914847423855,0.0008633914847423855,0.0,0.0,0.5542774982027319,10.0,2513.0,1391.0,0.5535216872264226,0.4464783127735774,44512.0,32.0,0.0,1391.0,0.0,0.0,0.0,0.0,0.0,0.0,median,0.8526621501128782,0.9883628869392619,1.0,0.0015872327682907963,-0.25708421745141347,25.0,1.0,1.3711704029417888,-1.4493572421411855e-16,consensus_median,consensus_median,crash,0.2,4,0
consensus,20,60,ring_plus,-0.002833354839623042,0.002833354839623042,0.0,0.0,0.4123059229442208,10.0,3063.0,1739.0,0.5677440417890957,0.43225595821090435,55648.0,32.0,0.0,1739.0,0.0,0.0,0.0,0.0,0.0,0.0,median,0.8610660393486909,0.982940447882792,1.0,0.0044123756983688025,-0.25454969166385244,28.0,1.0,1.6160985120576443,-1.9666269803684734e-16,consensus_median,consensus_median,crash,0.2,5,0
consensus,20,60,ring_plus,-0.05982813671078125,0.05982813671078125,0.0,0.0,0.5869565217391305,11.0,1942.0,1012.0,0.5211122554067971,0.47888774459320294,32384.0,32.0,0.0,1012.0,0.0,0.0,0.0,0.0,0.0,0.0,median,0.9198724630798709,0.983892274907696,0.95,0.10716839486169673,-0.3490884268624819,49.0,1.0,0.9450014459069909,-9.863018147534157e-17,consensus_median,consensus_median,crash,0.2,6,0
consensus,20,60,ring_plus,-0.005436693391302295,0.005436693391302295,0.0,0.0,0.6028131279303416,10.0,2736.0,1493.0,0.5456871345029239,0.45431286549707606,47776.0,32.0,0.0,1493.0,0.0,0.0,0.0,0.0,0.0,0.0,median,0.8781118235519904,0.990488289360889,1.0,0.012336809127979992,-0.3211278126323178,29.0,1.0,2.218617553571293,-2.445755923899845e-16,consensus_median,consensus_median,crash,0.2,7,0
consensus,20,60,ring_plus,-0.20753422731781276,0.20753422731781276,0.0,0.0,0.5734732824427481,10.0,1840.0,1048.0,0.5695652173913044,0.4304347826086956,33536.0,32.0,0.0,1048.0,0.0,0.0,0.0,0.0,0.0,0.0,median,0.9482071886682775,0.8971593338056574,0.95,0.2794189009810952,-0.22190179407233102,,0.0,0.7964836768628718,-1.7399770028167544e-16,consensus_median,consensus_median,crash,0.2,8,0
consensus,20,60,ring_plus,-0.03315394128636979,0.03315394128636979,0.0,0.0,0.5549658832448825,10.0,2329.0,1319.0,0.566337483898669,0.433662516101331,42208.0,32.0,0.0,1319.0,0.0,0.0,0.0,0.0,0.0,0.0,median,0.9159986356018694,0.9032210747474962,0.9666666666666667,0.03752574287373989,-0.24534788647831396,32.0,1.0,0.9413291035084279,-1.841936275651847e-16,consensus_median,consensus_median,crash,0.2,9,0
consensus,20,60,ring_plus,-0.005482431650517084,0.005482431650517084,0.0,0.0,0.0,0.0,5040.0,5040.0,1.0,0.0,161280.0,32.0,0.0,5040.0,0.0,0.0,0.0,0.0,0.0,0.0,median,0.9153796126179674,0.8893141208430875,1.0,0.009240556291100158,-0.18169534730398246,16.0,1.0,1.399646125476325,1.3996461254763248,consensus_median,consensus_median,sensor_noise,0.0,0,0
consensus,20,60,ring_plus,-0.0022524075034309134,0.0022524075034309134,0.0,0.0,0.0,0.0,5400.0,5400.0,1.0,0.0,172800.0,32.0,0.0,5400.0,0.0,0.0,0.0,0.0,0.0,0.0,median,0.8868894533962743,0.948095047355784,1.0,0.004040617335849671,-0.28466567557913613,17.0,1.0,1.320493917398932,1.320493917398932,consensus_median,consensus_median,sensor_noise,0.0,1,0
consensus,20,60,ring_plus,-1.0757817627825737e-05,1.0757817627825737e-05,0.0,0.0,0.0,0.0,6120.0,6120.0,1.0,0.0,195840.0,32.0,0.0,6120.0,0.0,0.0,0.0,0.0,0.0,0.0,median,0.8029072662488145,0.9951107096363998,1.0,4.5457540449862186e-05,-0.3046852401857191,14.0,1.0,1.55469612182113,1.5546961218211295,consensus_median,consensus_median,sensor_noise,0.0,2,0
consensus,20,60,ring_plus,-0.00018438166122980556,0.00018438166122980556,0.0,0.0,0.0,0.0,5040.0,5040.0,1.0,0.0,161280.0,32.0,0.0,5040.0,0.0,0.0,0.0,0.0,0.0,0.0,median,0.8371772439263904,0.9929626121047088,1.0,0.000744942995449872,-0.4374402416532132,21.0,1.0,1.2627284000071304,1.2627284000071306,consensus_median,consensus_median,sensor_noise,0.0,3,0
consensus,20,60,ring_plus,-1.7632338623002975e-06,1.7632338623002975e-06,0.0,0.0,0.0,0.0,5640.0,5640.0,1.0,0.0,180480.0,32.0,0.0,5640.0,0.0,0.0,0.0,0.0,0.0,0.0,median,0.7871303711427364,0.9892653375314289,1.0,7.5488257383975825e-06,-0.25709857792226143,11.0,1.0,1.3711704029417888,1.3711704029417888,consensus_median,consensus_median,sensor_noise,0.0,4,0
consensus,20,60,ring_plus,-0.13883186854417218,0.13883186854417218,0.0,0.0,0.0,0.0,6360.0,6360.0,1.0,0.0,203520.0,32.0,0.0,6360.0,0.0,0.0,0.0,0.0,0.0,0.0,median,0.9600207839121924,0.43787725467610616,1.0,0.13883230737275712,-0.25228304976877663,18.0,1.0,1.6160985120576443,1.616098512057644,consensus_median,consensus_median,sensor_noise,0.0,5,0
consensus,20,60,ring_plus,-0.00025687201397392407,0.00025687201397392407,0.0,0.0,0.0,0.0,4680.0,4680.0,1.0,0.0,149760.0,32.0,0.0,4680.0,0.0,0.0,0.0,0.0,0.0,0.0,median,0.8475205063686533,0.981351379392753,1.0,0.0005194339102027597,-0.3500812812740955,16.0,1.0,0.9450014459069909,0.9450014459069908,consensus_median,consensus_median,sensor_noise,0.0,6,0
consensus,20,60,ring_plus,-6.615934702086204e-06,6.615934702086204e-06,0.0,0.0,0.0,0.0,6480.0,6480.0,1.0,0.0,207360.0,32.0,0.0,6480.0,0.0,0.0,0.0,0.0,0.0,0.0,median,0.800548284567372,0.9881547098203891,1.0,2.697664426169475e-05,-0.3212183139232611,11.0,1.0,2.218617553571293,2.218617553571293,consensus_median,consensus_median,sensor_noise,0.0,7,0
consensus,20,60,ring_plus,-0.061134390726600735,0.061134390726600735,0.0,0.0,0.0,0.0,4200.0,4200.0,1.0,0.0,134400.0,32.0,0.0,4200.0,0.0,0.0,0.0,0.0,0.0,0.0,median,0.9476347521361681,0.6576378148377107,1.0,0.06170680693486514,-0.2243417913488512,19.0,1.0,0.7964836768628718,0.7964836768628717,consensus_median,consensus_median,sensor_noise,0.0,8,0
consensus,20,60,ring_plus,-0.0005079551485993235,0.0005079551485993235,0.0,0.0,0.0,0.0,5280.0,5280.0,1.0,0.0,168960.0,32.0,0.0,5280.0,0.0,0.0,0.0,0.0,0.0,0.0,median,0.8724697640882209,0.9714170647982108,1.0,0.0015473166584628391,-0.2458919862472769,23.0,1.0,0.9413291035084279,0.9413291035084281,consensus_median,consensus_median,sensor_noise,0.0,9,0
consensus,20,60,ring_plus,-0.006470612631363651,0.006470612631363651,0.0,0.0,0.0,0.0,5040.0,5040.0,1.0,0.0,161280.0,32.0,0.0,5040.0,0.0,0.0,0.0,0.0,0.0,0.0,median,0.8410742038754924,0.8918119221115614,0.7,0.010146617069165335,-0.18167887762096838,13.0,1.0,1.399646125476325,1.3996461254763248,consensus_median,consensus_median,sensor_noise,0.1,0,0
consensus,20,60,ring_plus,-0.004113534378465066,0.004113534378465066,0.0,0.0,0.0,0.0,5400.0,5400.0,1.0,0.0,172800.0,32.0,0.0,5400.0,0.0,0.0,0.0,0.0,0.0,0.0,median,0.849993709775978,0.9424250623480768,0.7333333333333333,0.005632061302967694,-0.2846346567978855,15.0,1.0,1.320493917398932,1.320493917398932,consensus_median,consensus_median,sensor_noise,0.1,1,0
consensus,20,60,ring_plus,-0.005975734340157111,0.005975734340157111,0.0,0.0,0.0,0.0,6120.0,6120.0,1.0,0.0,195840.0,32.0,0.0,6120.0,0.0,0.0,0.0,0.0,0.0,0.0,median,0.7532708350490843,0.9267198692726374,0.5833333333333334,0.007935530252707918,-0.3045858239103436,12.0,1.0,1.55469612182113,1.5546961218211295,consensus_median,consensus_median,sensor_noise,0.1,2,0
consensus,20,60,ring_plus,-0.005330791103424783,0.005330791103424783,0.0,0.0,0.0,0.0,5040.0,5040.0,1.0,0.0,161280.0,32.0,0.0,5040.0,0.0,0.0,0.0,0.0,0.0,0.0,median,0.8670934899375619,0.8736836493523693,0.8,0.006133306325467643,-0.4373544681625099,18.0,1.0,1.2627284000071304,1.2627284000071306,consensus_median,consensus_median,sensor_noise,0.1,3,0
consensus,20,60,ring_plus,-0.007879622947505532,0.007879622947505532,0.0,0.0,0.0,0.0,5640.0,5640.0,1.0,0.0,180480.0,32.0,0.0,5640.0,0.0,0.0,0.0,0.0,0.0,0.0,median,0.8429504945873781,0.8558986187266628,0.6166666666666667,0.005613529079570588,-0.25696728026036736,10.0,1.0,1.3711704029417888,1.3711704029417888,consensus_median,consensus_median,sensor_noise,0.1,4,0
consensus,20,60,ring_plus,-0.004566311659761057,0.004566311659761057,0.0,0.0,0.0,0.0,6360.0,6360.0,1.0,0.0,203520.0,32.0,0.0,6360.0,0.0,0.0,0.0,0.0,0.0,0.0,median,0.8266902442708215,0.805133791784453,0.6166666666666667,0.006197041454197497,-0.2545208090501835,11.0,1.0,1.6160985120576443,1.616098512057644,consensus_median,consensus_median,sensor_noise,0.1,5,0
consensus,20,60,ring_plus,-0.006594623912424088,0.006594623912424088,0.0,0.0,0.0,0.0,4680.0,4680.0,1.0,0.0,149760.0,32.0,0.0,4680.0,0.0,0.0,0.0,0.0,0.0,0.0,median,0.8161358303581272,0.9601931492056204,0.7166666666666667,0.007793224607712096,-0.3499756520757878,14.0,1.0,0.9450014459069909,0.9450014459069908,consensus_median,consensus_median,sensor_noise,0.1,6,0
consensus,20,60,ring_plus,-0.0028320233925326057,0.0028320233925326057,0.0,0.0,0.0,0.0,6480.0,6480.0,1.0,0.0,207360.0,32.0,0.0,6480.0,0.0,0.0,0.0,0.0,0.0,0.0,median,0.7417322349097144,0.9136874637461643,0.6666666666666666,0.006357749092877667,-0.32117122379896407,10.0,1.0,2.218617553571293,2.218617553571293,consensus_median,consensus_median,sensor_noise,0.1,7,0
consensus,20,60,ring_plus,-0.007271436821260481,0.007271436821260481,0.0,0.0,0.0,0.0,4200.0,4200.0,1.0,0.0,134400.0,32.0,0.0,4200.0,0.0,0.0,0.0,0.0,0.0,0.0,median,0.8996959714026886,0.8207886599372956,0.7,0.006455010262366309,-0.22523950724727362,14.0,1.0,0.7964836768628718,0.7964836768628717,consensus_median,consensus_median,sensor_noise,0.1,8,0
consensus,20,60,ring_plus,-0.0061891440156035425,0.0061891440156035425,0.0,0.0,0.0,0.0,5280.0,5280.0,1.0,0.0,168960.0,32.0,0.0,5280.0,0.0,0.0,0.0,0.0,0.0,0.0,median,0.8925137625080147,0.7969678912336686,0.7333333333333333,0.007760701068853207,-0.24579729976616013,14.0,1.0,0.9413291035084279,0.9413291035084281,consensus_median,consensus_median,sensor_noise,0.1,9,0
consensus,20,60,ring_plus,-0.058341734952288296,0.058341734952288296,0.0,0.0,0.0,0.0,5040.0,5040.0,1.0,0.0,161280.0,32.0,0.0,5040.0,0.0,0.0,0.0,0.0,0.0,0.0,median,0.9583041613864755,0.38365893611226687,0.65,0.09162760626246162,-0.18081435891561962,16.0,1.0,1.399646125476325,1.3996461254763248,consensus_median,consensus_median,sensor_noise,0.3,0,0
consensus,20,60,ring_plus,-0.03703418504816819,0.03703418504816819,0.0,0.0,0.0,0.0,5400.0,5400.0,1.0,0.0,172800.0,32.0,0.0,5400.0,0.0,0.0,0.0,0.0,0.0,0.0,median,0.9039778056954471,0.8274690676905789,0.5666666666666667,0.05026611923565666,-0.2840859792867239,24.0,1.0,1.320493917398932,1.320493917398932,consensus_median,consensus_median,sensor_noise,0.3,1,0
consensus,20,60,ring_plus,-0.05379813119467039,0.05379813119467039,0.0,0.0,0.0,0.0,6120.0,6120.0,1.0,0.0,195840.0,32.0,0.0,6120.0,0.0,0.0,0.0,0.0,0.0,0.0,median,0.8378798413594484,0.7604521049296473,0.5333333333333333,0.071439206332343,-0.30378878396276837,11.0,1.0,1.55469612182113,1.5546961218211295,consensus_median,consensus_median,sensor_noise,0.3,2,0
consensus,20,60,ring_plus,-0.04794027649692582,0.04794027649692582,0.0,0.0,0.0,0.0,5040.0,5040.0,1.0,0.0,161280.0,32.0,0.0,5040.0,0.0,0.0,0.0,0.0,0.0,0.0,median,0.9190290335443547,0.6966782570920307,0.6666666666666666,0.054559108974242425,-0.4366443100726183,16.0,1.0,1.2627284000071304,1.2627284000071306,consensus_median,consensus_median,sensor_noise,0.3,3,0
consensus,20,60,ring_plus,-0.07107009810671554,0.07107009810671554,0.0,0.0,0.0,0.0,5640.0,5640.0,1.0,0.0,180480.0,32.0,0.0,5640.0,0.0,0.0,0.0,0.0,0.0,0.0,median,0.9069457016369499,0.6653598995096301,0.5833333333333334,0.05058985991255984,-0.2559141056743805,11.0,1.0,1.3711704029417888,1.3711704029417888,consensus_median,consensus_median,sensor_noise,0.3,4,0
consensus,20,60,ring_plus,-0.04109497620978201,0.04109497620978201,0.0,0.0,0.0,0.0,6360.0,6360.0,1.0,0.0,203520.0,32.0,0.0,6360.0,0.0,0.0,0.0,0.0,0.0,0.0,median,0.8949069571936414,0.5997470956046347,0.5833333333333334,0.05587155717462142,-0.25391199797434977,12.0,1.0,1.6160985120576443,1.616098512057644,consensus_median,consensus_median,sensor_noise,0.3,5,0
consensus,20,60,ring_plus,-0.05949481788713062,0.05949481788713062,0.0,0.0,0.0,0.0,4680.0,4680.0,1.0,0.0,149760.0,32.0,0.0,4680.0,0.0,0.0,0.0,0.0,0.0,0.0,median,0.8737177159397665,0.8049428564317049,0.6333333333333333,0.06927721314272774,-0.34909398217620935,14.0,1.0,0.9450014459069909,0.9450014459069908,consensus_median,consensus_median,sensor_noise,0.3,6,0
consensus,20,60,ring_plus,-0.025489420739584073,0.025489420739584073,0.0,0.0,0.0,0.0,6480.0,6480.0,1.0,0.0,207360.0,32.0,0.0,6480.0,0.0,0.0,0.0,0.0,0.0,0.0,median,0.8286615780958809,0.689789661364708,0.6166666666666667,0.057220755022454835,-0.3207936005098465,9.0,1.0,2.218617553571293,2.218617553571293,consensus_median,consensus_median,sensor_noise,0.3,7,0
consensus,20,60,ring_plus,-0.06870314926834895,0.06870314926834895,0.0,0.0,0.0,0.0,4200.0,4200.0,1.0,0.0,134400.0,32.0,0.0,4200.0,0.0,0.0,0.0,0.0,0.0,0.0,median,0.8583380266541202,0.8003827565540741,0.5666666666666667,0.05703027115082638,-0.22421564537315544,14.0,1.0,0.7964836768628718,0.7964836768628717,consensus_median,consensus_median,sensor_noise,0.3,8,0
consensus,20,60,ring_plus,-0.0535571254728299,0.0535571254728299,0.0,0.0,0.0,0.0,5280.0,5280.0,1.0,0.0,168960.0,32.0,0.0,5280.0,0.0,0.0,0.0,0.0,0.0,0.0,median,0.94210395987155,0.5317566878079034,0.6333333333333333,0.06685695209869107,-0.24500783340853968,15.0,1.0,0.9413291035084279,0.9413291035084281,consensus_median,consensus_median,sensor_noise,0.3,9,0
consensus,20,60,ring_plus,-0.16207834937894613,0.16207834937894613,0.0,0.0,0.0,0.0,5040.0,5040.0,1.0,0.0,161280.0,32.0,0.0,5040.0,0.0,0.0,0.0,0.0,0.0,0.0,median,0.9717912037531765,0.30046108301707974,0.6166666666666667,0.2545749631854171,-0.17908541534184202,30.0,1.0,1.399646125476325,1.3996461254763248,consensus_median,consensus_median,sensor_noise,0.5,0,0
consensus,20,60,ring_plus,-0.1028846851136255,0.1028846851136255,0.0,0.0,0.0,0.0,5400.0,5400.0,1.0,0.0,172800.0,32.0,0.0,5400.0,0.0,0.0,0.0,0.0,0.0,0.0,median,0.9283407220177895,0.741957273674019,0.5333333333333333,0.13952186944185888,-0.2829884709522995,31.0,1.0,1.320493917398932,1.320493917398932,consensus_median,consensus_median,sensor_noise,0.5,1,0
consensus,20,60,ring_plus,-0.14944503999451192,0.14944503999451192,0.0,0.0,0.0,0.0,6120.0,6120.0,1.0,0.0,195840.0,32.0,0.0,6120.0,0.0,0.0,0.0,0.0,0.0,0.0,median,0.6684346684861073,0.9805824326590179,0.5166666666666667,0.1984506376953762,-0.3021946688161043,12.0,1.0,1.55469612182113,1.5546961218211295,consensus_median,consensus_median,sensor_noise,0.5,2,0
consensus,20,60,ring_plus,-0.1331651513884996,0.1331651513884996,0.0,0.0,0.0,0.0,5040.0,5040.0,1.0,0.0,161280.0,32.0,0.0,5040.0,0.0,0.0,0.0,0.0,0.0,0.0,median,0.9393993742356234,0.6147409100660424,0.65,0.15146237986031705,-0.4352238954910919,17.0,1.0,1.2627284000071304,1.2627284000071306,consensus_median,consensus_median,sensor_noise,0.5,3,0
consensus,20,60,ring_plus,-0.19755497243225906,0.19755497243225906,0.0,0.0,0.0,0.0,5640.0,5640.0,1.0,0.0,180480.0,32.0,0.0,5640.0,0.0,0.0,0.0,0.0,0.0,0.0,median,0.9352971913255942,0.5118569300098644,0.5333333333333333,0.14059510143707357,-0.25380602443562145,18.0,1.0,1.3711704029417888,1.3711704029417888,consensus_median,consensus_median,sensor_noise,0.5,4,0
consensus,20,60,ring_plus,-0.11415137988055005,0.11415137988055005,0.0,0.0,0.0,0.0,6360.0,6360.0,1.0,0.0,203520.0,32.0,0.0,6360.0,0.0,0.0,0.0,0.0,0.0,0.0,median,0.922758677098892,0.5148745140674245,0.5666666666666667,0.1552515371340733,-0.2526943912465037,13.0,1.0,1.6160985120576443,1.616098512057644,consensus_median,consensus_median,sensor_noise,0.5,5,0
consensus,20,60,ring_plus,-0.16522601510274604,0.16522601510274604,0.0,0.0,0.0,0.0,4680.0,4680.0,1.0,0.0,149760.0,32.0,0.0,4680.0,0.0,0.0,0.0,0.0,0.0,0.0,median,0.9047022795955437,0.7026276521991424,0.6666666666666666,0.1919324068941223,-0.3473317955559491,16.0,1.0,0.9450014459069909,0.9450014459069908,consensus_median,consensus_median,sensor_noise,0.5,6,0
consensus,20,60,ring_plus,-0.07080444144601389,0.07080444144601389,0.0,0.0,0.0,0.0,6480.0,6480.0,1.0,0.0,207360.0,32.0,0.0,6480.0,0.0,0.0,0.0,0.0,0.0,0.0,median,0.8722269985344989,0.562588483997752,0.5833333333333334,0.15894693893329323,-0.32003835016473936,9.0,1.0,2.218617553571293,2.218617553571293,consensus_median,consensus_median,sensor_noise,0.5,7,0
consensus,20,60,ring_plus,-0.19282528042111646,0.19282528042111646,0.0,0.0,0.0,0.0,4200.0,4200.0,1.0,0.0,134400.0,32.0,0.0,4200.0,0.0,0.0,0.0,0.0,0.0,0.0,median,0.8893839281711478,0.7064487215720625,0.4666666666666667,0.15834183841514096,-0.22214694318727596,14.0,1.0,0.7964836768628718,0.7964836768628717,consensus_median,consensus_median,sensor_noise,0.5,8,0
consensus,20,60,ring_plus,-0.14773680860782404,0.14773680860782404,0.0,0.0,0.0,0.0,5280.0,5280.0,1.0,0.0,168960.0,32.0,0.0,5280.0,0.0,0.0,0.0,0.0,0.0,0.0,median,0.9650872356632558,0.3410628575119232,0.6,0.18427208062407086,-0.24343817202295645,18.0,1.0,0.9413291035084279,0.9413291035084281,consensus_median,consensus_median,sensor_noise,0.5,9,0
consensus,20,60,ring_plus,-0.6483589739482888,0.6483589739482888,0.0,0.0,0.0,0.0,5040.0,5040.0,1.0,0.0,161280.0,32.0,0.0,5040.0,0.0,0.0,0.0,0.0,0.0,0.0,median,0.9856520413320364,0.16912032956249656,0.6166666666666667,1.0184359515758772,-0.1709807382656863,,0.0,1.399646125476325,1.3996461254763248,consensus_median,consensus_median,sensor_noise,1.0,0,0
consensus,20,60,ring_plus,-0.41157750788509856,0.41157750788509856,0.0,0.0,0.0,0.0,5400.0,5400.0,1.0,0.0,172800.0,32.0,0.0,5400.0,0.0,0.0,0.0,0.0,0.0,0.0,median,0.9550920687998876,0.6076800004819207,0.5333333333333333,0.5577794345078653,-0.277843590572775,,0.0,1.320493917398932,1.320493917398932,consensus_median,consensus_median,sensor_noise,1.0,1,0
consensus,20,60,ring_plus,-0.5977874108906871,0.5977874108906871,0.0,0.0,0.0,0.0,6120.0,6120.0,1.0,0.0,195840.0,32.0,0.0,6120.0,0.0,0.0,0.0,0.0,0.0,0.0,median,0.7410900722851959,0.8993337730720502,0.5166666666666667,0.7938091430049733,-0.2947222959678348,,0.0,1.55469612182113,1.5546961218211295,consensus_median,consensus_median,sensor_noise,1.0,2,0
consensus,20,60,ring_plus,-0.5326503243267539,0.5326503243267539,0.0,0.0,0.0,0.0,5040.0,5040.0,1.0,0.0,161280.0,32.0,0.0,5040.0,0.0,0.0,0.0,0.0,0.0,0.0,median,0.8233538842213105,0.9443156977866457,0.6,0.6054639410110162,-0.42856580927545446,,0.0,1.2627284000071304,1.2627284000071306,consensus_median,consensus_median,sensor_noise,1.0,3,0
consensus,20,60,ring_plus,-0.7907343603177699,0.7907343603177699,0.0,0.0,0.0,0.0,5640.0,5640.0,1.0,0.0,180480.0,32.0,0.0,5640.0,0.0,0.0,0.0,0.0,0.0,0.0,median,0.9682847873209645,0.2533562513533967,0.5333333333333333,0.5625878152628752,-0.24391970130419632,,0.0,1.3711704029417888,1.3711704029417888,consensus_median,consensus_median,sensor_noise,1.0,4,0
consensus,20,60,ring_plus,-0.4566058967497343,0.4566058967497343,0.0,0.0,0.0,0.0,6360.0,6360.0,1.0,0.0,203520.0,32.0,0.0,6360.0,0.0,0.0,0.0,0.0,0.0,0.0,median,0.955550983163177,0.37746320177051695,0.5166666666666667,0.6211472245865378,-0.2469868159653506,,0.0,1.6160985120576443,1.616098512057644,consensus_median,consensus_median,sensor_noise,1.0,5,0
consensus,20,60,ring_plus,-0.6609515079269433,0.6609515079269433,0.0,0.0,0.0,0.0,4680.0,4680.0,1.0,0.0,149760.0,32.0,0.0,4680.0,0.0,0.0,0.0,0.0,0.0,0.0,median,0.9403041159185281,0.6005827650276828,0.6166666666666667,0.7668097241960705,-0.33906970400887926,,0.0,0.9450014459069909,0.9450014459069908,consensus_median,consensus_median,sensor_noise,1.0,6,0
consensus,20,60,ring_plus,-0.28321887938393675,0.28321887938393675,0.0,0.0,0.0,0.0,6480.0,6480.0,1.0,0.0,207360.0,32.0,0.0,6480.0,0.0,0.0,0.0,0.0,0.0,0.0,median,0.7324117797254955,0.8580960328853461,0.55,0.6357881846789043,-0.3164981095324407,,0.0,2.218617553571293,2.218617553571293,consensus_median,consensus_median,sensor_noise,1.0,7,0
consensus,20,60,ring_plus,-0.776140069451226,0.776140069451226,0.0,0.0,0.0,0.0,4200.0,4200.0,1.0,0.0,134400.0,32.0,0.0,4200.0,0.0,0.0,0.0,0.0,0.0,0.0,median,0.9300610010070612,0.6030990986699638,0.45,0.6332857678146506,-0.21242503003677413,,0.0,0.7964836768628718,0.7964836768628717,consensus_median,consensus_median,sensor_noise,1.0,8,0
consensus,20,60,ring_plus,-0.5886459657637211,0.5886459657637211,0.0,0.0,0.0,0.0,5280.0,5280.0,1.0,0.0,168960.0,32.0,0.0,5280.0,0.0,0.0,0.0,0.0,0.0,0.0,median,0.9865042589751802,0.1188801965401527,0.5333333333333333,0.7340361656121507,-0.23608968607035805,,0.0,0.9413291035084279,0.9413291035084281,consensus_median,consensus_median,sensor_noise,1.0,9,0
consensus,20,60,ring_plus,-0.005482431650517084,0.005482431650517084,0.0,0.0,0.0,0.0,5040.0,5040.0,1.0,0.0,161280.0,32.0,0.0,5040.0,0.0,0.0,0.0,0.0,0.0,0.0,median,0.9153796126179674,0.8893141208430875,1.0,0.009240556291100158,-0.18169534730398246,16.0,1.0,1.399646125476325,1.3996461254763248,consensus_median,consensus_median,byzantine,0.0,0,0
consensus,20,60,ring_plus,-0.0022524075034309134,0.0022524075034309134,0.0,0.0,0.0,0.0,5400.0,5400.0,1.0,0.0,172800.0,32.0,0.0,5400.0,0.0,0.0,0.0,0.0,0.0,0.0,median,0.8868894533962743,0.948095047355784,1.0,0.004040617335849671,-0.28466567557913613,17.0,1.0,1.320493917398932,1.320493917398932,consensus_median,consensus_median,byzantine,0.0,1,0
consensus,20,60,ring_plus,-1.0757817627825737e-05,1.0757817627825737e-05,0.0,0.0,0.0,0.0,6120.0,6120.0,1.0,0.0,195840.0,32.0,0.0,6120.0,0.0,0.0,0.0,0.0,0.0,0.0,median,0.8029072662488145,0.9951107096363998,1.0,4.5457540449862186e-05,-0.3046852401857191,14.0,1.0,1.55469612182113,1.5546961218211295,consensus_median,consensus_median,byzantine,0.0,2,0
consensus,20,60,ring_plus,-0.00018438166122980556,0.00018438166122980556,0.0,0.0,0.0,0.0,5040.0,5040.0,1.0,0.0,161280.0,32.0,0.0,5040.0,0.0,0.0,0.0,0.0,0.0,0.0,median,0.8371772439263904,0.9929626121047088,1.0,0.000744942995449872,-0.4374402416532132,21.0,1.0,1.2627284000071304,1.2627284000071306,consensus_median,consensus_median,byzantine,0.0,3,0
consensus,20,60,ring_plus,-1.7632338623002975e-06,1.7632338623002975e-06,0.0,0.0,0.0,0.0,5640.0,5640.0,1.0,0.0,180480.0,32.0,0.0,5640.0,0.0,0.0,0.0,0.0,0.0,0.0,median,0.7871303711427364,0.9892653375314289,1.0,7.5488257383975825e-06,-0.25709857792226143,11.0,1.0,1.3711704029417888,1.3711704029417888,consensus_median,consensus_median,byzantine,0.0,4,0
consensus,20,60,ring_plus,-0.13883186854417218,0.13883186854417218,0.0,0.0,0.0,0.0,6360.0,6360.0,1.0,0.0,203520.0,32.0,0.0,6360.0,0.0,0.0,0.0,0.0,0.0,0.0,median,0.9600207839121924,0.43787725467610616,1.0,0.13883230737275712,-0.25228304976877663,18.0,1.0,1.6160985120576443,1.616098512057644,consensus_median,consensus_median,byzantine,0.0,5,0
consensus,20,60,ring_plus,-0.00025687201397392407,0.00025687201397392407,0.0,0.0,0.0,0.0,4680.0,4680.0,1.0,0.0,149760.0,32.0,0.0,4680.0,0.0,0.0,0.0,0.0,0.0,0.0,median,0.8475205063686533,0.981351379392753,1.0,0.0005194339102027597,-0.3500812812740955,16.0,1.0,0.9450014459069909,0.9450014459069908,consensus_median,consensus_median,byzantine,0.0,6,0
consensus,20,60,ring_plus,-6.615934702086204e-06,6.615934702086204e-06,0.0,0.0,0.0,0.0,6480.0,6480.0,1.0,0.0,207360.0,32.0,0.0,6480.0,0.0,0.0,0.0,0.0,0.0,0.0,median,0.800548284567372,0.9881547098203891,1.0,2.697664426169475e-05,-0.3212183139232611,11.0,1.0,2.218617553571293,2.218617553571293,consensus_median,consensus_median,byzantine,0.0,7,0
consensus,20,60,ring_plus,-0.061134390726600735,0.061134390726600735,0.0,0.0,0.0,0.0,4200.0,4200.0,1.0,0.0,134400.0,32.0,0.0,4200.0,0.0,0.0,0.0,0.0,0.0,0.0,median,0.9476347521361681,0.6576378148377107,1.0,0.06170680693486514,-0.2243417913488512,19.0,1.0,0.7964836768628718,0.7964836768628717,consensus_median,consensus_median,byzantine,0.0,8,0
consensus,20,60,ring_plus,-0.0005079551485993235,0.0005079551485993235,0.0,0.0,0.0,0.0,5280.0,5280.0,1.0,0.0,168960.0,32.0,0.0,5280.0,0.0,0.0,0.0,0.0,0.0,0.0,median,0.8724697640882209,0.9714170647982108,1.0,0.0015473166584628391,-0.2458919862472769,23.0,1.0,0.9413291035084279,0.9413291035084281,consensus_median,consensus_median,byzantine,0.0,9,0
consensus,20,60,ring_plus,-0.00021911735156364412,0.00021911735156364412,0.0,0.0,0.0,0.0,5040.0,5040.0,1.0,0.0,161280.0,32.0,0.0,5040.0,0.0,0.0,0.0,0.0,0.0,0.0,median,0.8593626960808955,0.9281110948372274,1.0,0.0003951576232591577,-0.18178306920896503,12.0,1.0,1.399646125476325,1.3996461254763248,consensus_median,consensus_median,byzantine,0.1,0,0
consensus,20,60,ring_plus,-0.01241919005486582,0.01241919005486582,0.0,0.0,0.0,0.0,5400.0,5400.0,1.0,0.0,172800.0,32.0,0.0,5400.0,0.0,0.0,0.0,0.0,0.0,0.0,median,0.9187486990787774,0.3549485152859333,0.7666666666666667,0.04327062945768318,-0.2844962292032788,9.0,1.0,1.320493917398932,1.320493917398932,consensus_median,consensus_median,byzantine,0.1,1,0
consensus,20,60,ring_plus,-0.1570502516119502,0.1570502516119502,0.0,0.0,0.0,0.0,6120.0,6120.0,1.0,0.0,195840.0,32.0,0.0,6120.0,0.0,0.0,0.0,0.0,0.0,0.0,median,0.9315534605951967,0.2760028612157529,0.5833333333333334,0.5033423150271203,-0.30206791528914706,20.0,1.0,1.55469612182113,1.5546961218211295,consensus_median,consensus_median,byzantine,0.1,2,0
consensus,20,60,ring_plus,-1.1289692660067007e-06,1.1289692660067007e-06,0.0,0.0,0.0,0.0,5040.0,5040.0,1.0,0.0,161280.0,32.0,0.0,5040.0,0.0,0.0,0.0,0.0,0.0,0.0,median,0.7590933469431357,0.9954371670445762,1.0,4.875784873436276e-06,-0.4374432958647459,13.0,1.0,1.2627284000071304,1.2627284000071306,consensus_median,consensus_median,byzantine,0.1,3,0
consensus,20,60,ring_plus,-7.0534254437463e-06,7.0534254437463e-06,0.0,0.0,0.0,0.0,5640.0,5640.0,1.0,0.0,180480.0,32.0,0.0,5640.0,0.0,0.0,0.0,0.0,0.0,0.0,median,0.8067613415019517,0.9935477409975206,1.0,3.5584452878465046e-05,-0.2570984897524017,14.0,1.0,1.3711704029417888,1.3711704029417888,consensus_median,consensus_median,byzantine,0.1,4,0
consensus,20,60,ring_plus,-0.10447725536376554,0.10447725536376554,0.0,0.0,0.0,0.0,6360.0,6360.0,1.0,0.0,203520.0,32.0,0.0,6360.0,0.0,0.0,0.0,0.0,0.0,0.0,median,0.9549471561375402,0.5709417301370351,0.8666666666666667,0.11180120358324375,-0.2528556266551168,39.0,1.0,1.6160985120576443,1.616098512057644,consensus_median,consensus_median,byzantine,0.1,5,0
consensus,20,60,ring_plus,-0.010720603947504506,0.010720603947504506,0.0,0.0,0.0,0.0,4680.0,4680.0,1.0,0.0,149760.0,32.0,0.0,4680.0,0.0,0.0,0.0,0.0,0.0,0.0,median,0.9118897532820328,0.9206441016740639,1.0,0.016890221898127816,-0.34990688574186984,20.0,1.0,0.9450014459069909,0.9450014459069908,consensus_median,consensus_median,byzantine,0.1,6,0
consensus,20,60,ring_plus,-0.01913587415419836,0.01913587415419836,0.0,0.0,0.0,0.0,6480.0,6480.0,1.0,0.0,207360.0,32.0,0.0,6480.0,0.0,0.0,0.0,0.0,0.0,0.0,median,0.8112621336939897,0.8111183060269778,0.7,0.06289166686764294,-0.3208994929529361,11.0,1.0,2.218617553571293,2.218617553571293,consensus_median,consensus_median,byzantine,0.1,7,0
consensus,20,60,ring_plus,-0.001399043809008692,0.001399043809008692,0.0,0.0,0.0,0.0,4200.0,4200.0,1.0,0.0,134400.0,32.0,0.0,4200.0,0.0,0.0,0.0,0.0,0.0,0.0,median,0.8910971144317763,0.9449896446609996,1.0,0.002353076210100408,-0.22533738046414442,13.0,1.0,0.7964836768628718,0.7964836768628717,consensus_median,consensus_median,byzantine,0.1,8,0
consensus,20,60,ring_plus,-0.0016521450486090758,0.0016521450486090758,0.0,0.0,0.0,0.0,5280.0,5280.0,1.0,0.0,168960.0,32.0,0.0,5280.0,0.0,0.0,0.0,0.0,0.0,0.0,median,0.8734488429278032,0.9726662408247841,1.0,0.0026824204974098043,-0.24587291641561,21.0,1.0,0.9413291035084279,0.9413291035084281,consensus_median,consensus_median,byzantine,0.1,9,0
consensus,20,60,ring_plus,-0.3626075171919752,0.3626075171919752,0.0,0.0,0.0,0.0,5040.0,5040.0,1.0,0.0,161280.0,32.0,0.0,5040.0,0.0,0.0,0.0,0.0,0.0,0.0,median,0.9289762645817139,0.2993728954587498,0.5833333333333334,0.9734260215084368,-0.17574326254495815,25.0,1.0,1.399646125476325,1.3996461254763248,consensus_median,consensus_median,byzantine,0.25,0,0
consensus,20,60,ring_plus,-0.0714287355170254,0.0714287355170254,0.0,0.0,0.0,0.0,5400.0,5400.0,1.0,0.0,172800.0,32.0,0.0,5400.0,0.0,0.0,0.0,0.0,0.0,0.0,median,0.943234241293425,0.4396757906751383,0.65,1.323894074422816,-0.2835127367789096,43.0,1.0,1.320493917398932,1.320493917398932,consensus_median,consensus_median,byzantine,0.25,1,0
consensus,20,60,ring_plus,-0.04455727545252162,0.04455727545252162,0.0,0.0,0.0,0.0,6120.0,6120.0,1.0,0.0,195840.0,32.0,0.0,6120.0,0.0,0.0,0.0,0.0,0.0,0.0,median,0.8919009401641589,0.4431268259618829,0.6,0.40125955099879823,-0.30394279822513753,11.0,1.0,1.55469612182113,1.5546961218211295,consensus_median,consensus_median,byzantine,0.25,2,0
consensus,20,60,ring_plus,-1.2535833440773407,1.2535833440773407,0.0,0.0,0.0,0.0,5040.0,5040.0,1.0,0.0,161280.0,32.0,0.0,5040.0,0.0,0.0,0.0,0.0,0.0,0.0,median,0.9004717147207296,0.48316908486478705,0.6333333333333333,0.5829209659677478,-0.416550258946278,17.0,1.0,1.2627284000071304,1.2627284000071306,consensus_median,consensus_median,byzantine,0.25,3,0
consensus,20,60,ring_plus,-0.2989915605026876,0.2989915605026876,0.0,0.0,0.0,0.0,5640.0,5640.0,1.0,0.0,180480.0,32.0,0.0,5640.0,0.0,0.0,0.0,0.0,0.0,0.0,median,0.9426239778419427,0.4785525521759053,0.65,0.14193665995329913,-0.25211541463444764,20.0,1.0,1.3711704029417888,1.3711704029417888,consensus_median,consensus_median,byzantine,0.25,4,0
consensus,20,60,ring_plus,-0.008126080358715185,0.008126080358715185,0.0,0.0,0.0,0.0,6360.0,6360.0,1.0,0.0,203520.0,32.0,0.0,6360.0,0.0,0.0,0.0,0.0,0.0,0.0,median,0.9508440128780287,0.17124047332068915,0.5166666666666667,1.6674177222687678,-0.25446147957186754,20.0,1.0,1.6160985120576443,1.616098512057644,consensus_median,consensus_median,byzantine,0.25,5,0
consensus,20,60,ring_plus,-0.26269772628950266,0.26269772628950266,0.0,0.0,0.0,0.0,4680.0,4680.0,1.0,0.0,149760.0,32.0,0.0,4680.0,0.0,0.0,0.0,0.0,0.0,0.0,median,0.9344280799205362,0.532141628704821,0.6333333333333333,0.5604481791925026,-0.34570726703616983,36.0,1.0,0.9450014459069909,0.9450014459069908,consensus_median,consensus_median,byzantine,0.25,6,0
consensus,20,60,ring_plus,-0.10459550378735782,0.10459550378735782,0.0,0.0,0.0,0.0,6480.0,6480.0,1.0,0.0,207360.0,32.0,0.0,6480.0,0.0,0.0,0.0,0.0,0.0,0.0,median,0.8322161127987329,0.6928051617896736,0.6166666666666667,0.7868608324460228,-0.3194751657923836,15.0,1.0,2.218617553571293,2.218617553571293,consensus_median,consensus_median,byzantine,0.25,7,0
consensus,20,60,ring_plus,-0.14740999657294684,0.14740999657294684,0.0,0.0,0.0,0.0,4200.0,4200.0,1.0,0.0,134400.0,32.0,0.0,4200.0,0.0,0.0,0.0,0.0,0.0,0.0,median,0.9458211502631091,0.4048989633494995,0.5666666666666667,0.6902490049403175,-0.22290386458474554,43.0,1.0,0.7964836768628718,0.7964836768628717,consensus_median,consensus_median,byzantine,0.25,8,0
consensus,20,60,ring_plus,-0.5665681662765673,0.5665681662765673,0.0,0.0,0.0,0.0,5280.0,5280.0,1.0,0.0,168960.0,32.0,0.0,5280.0,0.0,0.0,0.0,0.0,0.0,0.0,median,0.9881179064026571,0.039315831161925274,0.6166666666666667,0.9332890470459242,-0.23645764939514402,,0.0,0.9413291035084279,0.9413291035084281,consensus_median,consensus_median,byzantine,0.25,9,0
consensus,20,60,ring_plus,-2.86451409433269,2.86451409433269,0.0,0.0,0.0,0.0,5040.0,5040.0,1.0,0.0,161280.0,32.0,0.0,5040.0,0.0,0.0,0.0,0.0,0.0,0.0,median,0.9833613025399152,0.19046765598853432,0.4666666666666667,2.2504584000157215,-0.1340448195926129,,0.0,1.399646125476325,1.3996461254763248,consensus_median,consensus_median,byzantine,0.5,0,0
consensus,20,60,ring_plus,-3.1443217775977397,3.1443217775977397,0.0,0.0,0.0,0.0,5400.0,5400.0,1.0,0.0,172800.0,32.0,0.0,5400.0,0.0,0.0,0.0,0.0,0.0,0.0,median,0.9353219638779984,0.4866913438248269,0.5,1.8425474174063383,-0.23229785274423095,,0.0,1.320493917398932,1.320493917398932,consensus_median,consensus_median,byzantine,0.5,1,0
consensus,20,60,ring_plus,-1.509590369053794,1.509590369053794,0.0,0.0,0.0,0.0,6120.0,6120.0,1.0,0.0,195840.0,32.0,0.0,6120.0,0.0,0.0,0.0,0.0,0.0,0.0,median,0.9060271413568903,0.3489830344493865,0.55,1.6614421471723044,-0.2795255799984497,19.0,1.0,1.55469612182113,1.5546961218211295,consensus_median,consensus_median,byzantine,0.5,2,0
consensus,20,60,ring_plus,-3.490869726404883,3.490869726404883,0.0,0.0,0.0,0.0,5040.0,5040.0,1.0,0.0,161280.0,32.0,0.0,5040.0,0.0,0.0,0.0,0.0,0.0,0.0,median,0.8382238845390568,0.8428151664057615,0.55,3.7840957395183152,-0.37926215257415224,,0.0,1.2627284000071304,1.2627284000071306,consensus_median,consensus_median,byzantine,0.5,3,0
consensus,20,60,ring_plus,-5.09879455304926,5.09879455304926,0.0,0.0,0.0,0.0,5640.0,5640.0,1.0,0.0,180480.0,32.0,0.0,5640.0,0.0,0.0,0.0,0.0,0.0,0.0,median,0.9480054844915711,0.2789683320118016,0.5666666666666667,2.294013290031042,-0.1721186980920048,33.0,1.0,1.3711704029417888,1.3711704029417888,consensus_median,consensus_median,byzantine,0.5,4,0
consensus,20,60,ring_plus,-2.98899111434961,2.98899111434961,0.0,0.0,0.0,0.0,6360.0,6360.0,1.0,0.0,203520.0,32.0,0.0,6360.0,0.0,0.0,0.0,0.0,0.0,0.0,median,0.8130450707457544,0.7201450812957264,0.6,1.8630886482686118,-0.20478039567201928,,0.0,1.6160985120576443,1.616098512057644,consensus_median,consensus_median,byzantine,0.5,5,0
consensus,20,60,ring_plus,-0.39932171986504045,0.39932171986504045,0.0,0.0,0.0,0.0,4680.0,4680.0,1.0,0.0,149760.0,32.0,0.0,4680.0,0.0,0.0,0.0,0.0,0.0,0.0,median,0.9932767784386151,0.02068775265727263,0.6333333333333333,3.400543707521576,-0.3434302004765776,,0.0,0.9450014459069909,0.9450014459069908,consensus_median,consensus_median,byzantine,0.5,6,0
consensus,20,60,ring_plus,-1.3674903263651146,1.3674903263651146,0.0,0.0,0.0,0.0,6480.0,6480.0,1.0,0.0,207360.0,32.0,0.0,6480.0,0.0,0.0,0.0,0.0,0.0,0.0,median,0.977671486384765,0.21067310726454924,0.5666666666666667,1.7359398142394316,-0.2984269187494211,,0.0,2.218617553571293,2.218617553571293,consensus_median,consensus_median,byzantine,0.5,7,0
consensus,20,60,ring_plus,-1.1667697605026566,1.1667697605026566,0.0,0.0,0.0,0.0,4200.0,4200.0,1.0,0.0,134400.0,32.0,0.0,4200.0,0.0,0.0,0.0,0.0,0.0,0.0,median,0.9281125564520546,0.3327847375581786,0.55,3.1772294521499056,-0.2059145351859171,,0.0,0.7964836768628718,0.7964836768628717,consensus_median,consensus_median,byzantine,0.5,8,0
consensus,20,60,ring_plus,-2.7901120580438254,2.7901120580438254,0.0,0.0,0.0,0.0,5280.0,5280.0,1.0,0.0,168960.0,32.0,0.0,5280.0,0.0,0.0,0.0,0.0,0.0,0.0,median,0.9842153465226925,0.15775346275566204,0.5666666666666667,2.348265066457236,-0.1993985845323564,,0.0,0.9413291035084279,0.9413291035084281,consensus_median,consensus_median,byzantine,0.5,9,0
