benchmark,n_agents,steps,topology,return,final_disagreement,comm_mse,comm_zero_frac,comm_age_mean,comm_age_peak,sent_msgs,delivered_real_msgs,delivery_rate,loss_rate,delivered_bits,bits_per_delivered,status_none,status_delivered,status_replayed,status_spoofed,status_dropped,status_jammed,status_partitioned,status_stale,algo,lyap_rho,lyap_rho_r2,lyap_monotone_frac,lyap_ultimate_bound,lyap_mean_drift,time_to_eps,converged,nominal_lambda2,eff_lambda2,task,task_name,family,value,seed,episode
consensus,20,60,ring_plus,-2.7282340889208936e-08,2.7282340889208936e-08,0.0,0.0,0.0,0.0,5040.0,5040.0,1.0,0.0,161280.0,32.0,0.0,5040.0,0.0,0.0,0.0,0.0,0.0,0.0,mean,0.7358942085436929,0.9925317583695167,1.0,1.863792706410515e-07,-0.18178672071011878,9.0,1.0,1.399646125476325,1.3996461254763248,consensus_mean,consensus_mean,msg_drop,0.0,0,0
consensus,20,60,ring_plus,-2.540133107053268e-07,2.540133107053268e-07,0.0,0.0,0.0,0.0,5400.0,5400.0,1.0,0.0,172800.0,32.0,0.0,5400.0,0.0,0.0,0.0,0.0,0.0,0.0,mean,0.7510183855869336,0.998411949153818,1.0,1.799818348342342e-06,-0.28470321147063804,12.0,1.0,1.320493917398932,1.320493917398932,consensus_mean,consensus_mean,msg_drop,0.0,1,0
consensus,20,60,ring_plus,-8.168897270614256e-10,8.168897270614256e-10,0.0,0.0,0.0,0.0,6120.0,6120.0,1.0,0.0,195840.0,32.0,0.0,6120.0,0.0,0.0,0.0,0.0,0.0,0.0,mean,0.6822838278176631,0.9973996316268622,1.0,1.0277110011726397e-08,-0.30468541946906474,9.0,1.0,1.55469612182113,1.5546961218211295,consensus_mean,consensus_mean,msg_drop,0.0,2,0
consensus,20,60,ring_plus,-1.44849267107655e-08,1.44849267107655e-08,0.0,0.0,0.0,0.0,5040.0,5040.0,1.0,0.0,161280.0,32.0,0.0,5040.0,0.0,0.0,0.0,0.0,0.0,0.0,mean,0.7101630463123513,0.9985650726029233,1.0,1.5671518029164446e-07,-0.43744331443948486,11.0,1.0,1.2627284000071304,1.2627284000071306,consensus_mean,consensus_mean,msg_drop,0.0,3,0
consensus,20,60,ring_plus,-9.276754692133524e-08,9.276754692133524e-08,0.0,0.0,0.0,0.0,5640.0,5640.0,1.0,0.0,180480.0,32.0,0.0,5640.0,0.0,0.0,0.0,0.0,0.0,0.0,mean,0.7473228203439312,0.9943839413436558,1.0,5.841762267377446e-07,-0.2570986057633667,9.0,1.0,1.3711704029417888,1.3711704029417888,consensus_mean,consensus_mean,msg_drop,0.0,4,0
consensus,20,60,ring_plus,-2.3477787254070522e-08,2.3477787254070522e-08,0.0,0.0,0.0,0.0,6360.0,6360.0,1.0,0.0,203520.0,32.0,0.0,6360.0,0.0,0.0,0.0,0.0,0.0,0.0,mean,0.7191687973344563,0.9968099910770064,1.0,1.8721703839698926e-07,-0.25459691385321637,11.0,1.0,1.6160985120576443,1.616098512057644,consensus_mean,consensus_mean,msg_drop,0.0,5,0
consensus,20,60,ring_plus,-5.570206765237664e-07,5.570206765237664e-07,0.0,0.0,0.0,0.0,4680.0,4680.0,1.0,0.0,149760.0,32.0,0.0,4680.0,0.0,0.0,0.0,0.0,0.0,0.0,mean,0.7682219554941994,0.9874776436152543,1.0,2.6186758839223734e-06,-0.35008555319065043,9.0,1.0,0.9450014459069909,0.9450014459069908,consensus_mean,consensus_mean,msg_drop,0.0,6,0
consensus,20,60,ring_plus,-1.7240977534037544e-11,1.7240977534037544e-11,0.0,0.0,0.0,0.0,6480.0,6480.0,1.0,0.0,207360.0,32.0,0.0,6480.0,0.0,0.0,0.0,0.0,0.0,0.0,mean,0.6407059489560791,0.9952688870731727,1.0,2.826947437737647e-10,-0.32121842418855234,7.0,1.0,2.218617553571293,2.218617553571293,consensus_mean,consensus_mean,msg_drop,0.0,7,0
consensus,20,60,ring_plus,-4.581667026258216e-05,4.581667026258216e-05,0.0,0.0,0.0,0.0,4200.0,4200.0,1.0,0.0,134400.0,32.0,0.0,4200.0,0.0,0.0,0.0,0.0,0.0,0.0,mean,0.8317451493013875,0.9913815833731552,1.0,0.0001402144553736957,-0.2253599342497902,15.0,1.0,0.7964836768628718,0.7964836768628717,consensus_mean,consensus_mean,msg_drop,0.0,8,0
consensus,20,60,ring_plus,-1.842855635986362e-05,1.842855635986362e-05,0.0,0.0,0.0,0.0,5280.0,5280.0,1.0,0.0,168960.0,32.0,0.0,5280.0,0.0,0.0,0.0,0.0,0.0,0.0,mean,0.8215139615751635,0.9869105412873541,1.0,5.994455747389067e-05,-0.2459001450238141,12.0,1.0,0.9413291035084279,0.9413291035084281,consensus_mean,consensus_mean,msg_drop,0.0,9,0
consensus,20,60,ring_plus,-4.513610988183262e-08,4.513610988183262e-08,0.0,0.10277777777777777,0.0,0.0,5040.0,4522.0,0.8972222222222223,0.10277777777777775,144704.0,32.0,0.0,4522.0,0.0,0.0,518.0,0.0,0.0,0.0,mean,0.7416764636717462,0.993286698053061,1.0,2.8992996029217424e-07,-0.1817867204125559,9.0,1.0,1.399646125476325,1.3458235410014037,consensus_mean,consensus_mean,msg_drop,0.1,0,0
consensus,20,60,ring_plus,-2.935243875203763e-07,2.935243875203763e-07,0.0,0.1037037037037037,0.0,0.0,5400.0,4840.0,0.8962962962962963,0.10370370370370374,154880.0,32.0,0.0,4840.0,0.0,0.0,560.0,0.0,0.0,0.0,mean,0.7527233697114167,0.9983671539483283,1.0,1.961491200981427e-06,-0.28470321081212013,12.0,1.0,1.320493917398932,1.2572950674741608,consensus_mean,consensus_mean,msg_drop,0.1,1,0
consensus,20,60,ring_plus,-1.38266335490184e-09,1.38266335490184e-09,0.0,0.10326797385620914,0.0,0.0,6120.0,5488.0,0.8967320261437909,0.10326797385620912,175616.0,32.0,0.0,5488.0,0.0,0.0,632.0,0.0,0.0,0.0,mean,0.6895625995479159,0.9969070581752959,1.0,1.6324823474642686e-08,-0.30468541945963523,9.0,1.0,1.55469612182113,1.5299830364930147,consensus_mean,consensus_mean,msg_drop,0.1,2,0
consensus,20,60,ring_plus,-1.1821040488624546e-08,1.1821040488624546e-08,0.0,0.09345238095238095,0.0,0.0,5040.0,4569.0,0.906547619047619,0.09345238095238095,146208.0,32.0,0.0,4569.0,0.0,0.0,471.0,0.0,0.0,0.0,mean,0.7087587618421656,0.9982193098684851,1.0,1.3401215085068118e-07,-0.4374433144838829,11.0,1.0,1.2627284000071304,1.2353733719202542,consensus_mean,consensus_mean,msg_drop,0.1,3,0
consensus,20,60,ring_plus,-8.314095607859033e-08,8.314095607859033e-08,0.0,0.1026595744680851,0.0,0.0,5640.0,5061.0,0.8973404255319148,0.10265957446808516,161952.0,32.0,0.0,5061.0,0.0,0.0,579.0,0.0,0.0,0.0,mean,0.7454101973637842,0.9940149137650327,1.0,5.160774760867209e-07,-0.25709860592380984,9.0,1.0,1.3711704029417888,1.3207138697044611,consensus_mean,consensus_mean,msg_drop,0.1,4,0
consensus,20,60,ring_plus,-2.5031823764426193e-08,2.5031823764426193e-08,0.0,0.09827044025157233,0.0,0.0,6360.0,5735.0,0.9017295597484277,0.09827044025157228,183520.0,32.0,0.0,5735.0,0.0,0.0,625.0,0.0,0.0,0.0,mean,0.7214077426850946,0.9977236440820078,1.0,2.2594673674820427e-07,-0.2545969138273158,11.0,1.0,1.6160985120576443,1.583621832579197,consensus_mean,consensus_mean,msg_drop,0.1,5,0
consensus,20,60,ring_plus,-2.9391012621234507e-07,2.9391012621234507e-07,0.0,0.09658119658119659,0.0,0.0,4680.0,4228.0,0.9034188034188034,0.09658119658119657,135296.0,32.0,0.0,4228.0,0.0,0.0,452.0,0.0,0.0,0.0,mean,0.7597935471773395,0.9860865398704144,1.0,1.4633441230210559e-06,-0.3500855575758261,9.0,1.0,0.9450014459069909,0.8957994866615863,consensus_mean,consensus_mean,msg_drop,0.1,6,0
consensus,20,60,ring_plus,-1.8339908811046975e-11,1.8339908811046975e-11,0.0,0.10030864197530864,0.0,0.0,6480.0,5830.0,0.8996913580246914,0.10030864197530864,186560.0,32.0,0.0,5830.0,0.0,0.0,650.0,0.0,0.0,0.0,mean,0.6395741585834958,0.9947869929707855,1.0,2.6415044155466746e-10,-0.32121842418853397,7.0,1.0,2.218617553571293,2.1395397467772024,consensus_mean,consensus_mean,msg_drop,0.1,7,0
consensus,20,60,ring_plus,-5.098333354116395e-05,5.098333354116395e-05,0.0,0.10809523809523809,0.0,0.0,4200.0,3746.0,0.8919047619047619,0.10809523809523813,119872.0,32.0,0.0,3746.0,0.0,0.0,454.0,0.0,0.0,0.0,mean,0.8344459246066827,0.9890163551291355,1.0,0.0001572054404604005,-0.22535984813873552,14.0,1.0,0.7964836768628718,0.7332449500908755,consensus_mean,consensus_mean,msg_drop,0.1,8,0
consensus,20,60,ring_plus,-1.751586276185804e-05,1.751586276185804e-05,0.0,0.10340909090909091,0.0,0.0,5280.0,4734.0,0.8965909090909091,0.1034090909090909,151488.0,32.0,0.0,4734.0,0.0,0.0,546.0,0.0,0.0,0.0,mean,0.8211384491059877,0.9851450157512172,1.0,5.399467739632542e-05,-0.24590016023537412,11.0,1.0,0.9413291035084279,0.9246306127261071,consensus_mean,consensus_mean,msg_drop,0.1,9,0
consensus,20,60,ring_plus,-5.217228397962394e-08,5.217228397962394e-08,0.0,0.29543650793650794,0.0,0.0,5040.0,3551.0,0.7045634920634921,0.2954365079365079,113632.0,32.0,0.0,3551.0,0.0,0.0,1489.0,0.0,0.0,0.0,mean,0.7409225007932936,0.9933811799926648,1.0,3.4038495183589134e-07,-0.18178672029528634,9.0,1.0,1.399646125476325,0.9593085927552825,consensus_mean,consensus_mean,msg_drop,0.3,0,0
consensus,20,60,ring_plus,-3.6397876352134335e-07,3.6397876352134335e-07,0.0,0.3042592592592593,0.0,0.0,5400.0,3757.0,0.6957407407407408,0.30425925925925923,120224.0,32.0,0.0,3757.0,0.0,0.0,1643.0,0.0,0.0,0.0,mean,0.7563651627768142,0.9961313915562205,1.0,2.216437094015797e-06,-0.28470320963788065,12.0,1.0,1.320493917398932,0.8757031879896017,consensus_mean,consensus_mean,msg_drop,0.3,1,0
consensus,20,60,ring_plus,-1.5263814563990468e-09,1.5263814563990468e-09,0.0,0.30637254901960786,0.0,0.0,6120.0,4245.0,0.6936274509803921,0.30637254901960786,135840.0,32.0,0.0,4245.0,0.0,0.0,1875.0,0.0,0.0,0.0,mean,0.69043968558887,0.9976133134436996,1.0,1.888094177850842e-08,-0.30468541945723987,9.0,1.0,1.55469612182113,1.2029979528235235,consensus_mean,consensus_mean,msg_drop,0.3,2,0
consensus,20,60,ring_plus,-5.990223661391156e-08,5.990223661391156e-08,0.0,0.2871031746031746,0.0,0.0,5040.0,3593.0,0.7128968253968254,0.2871031746031746,114976.0,32.0,0.0,3593.0,0.0,0.0,1447.0,0.0,0.0,0.0,mean,0.7280429522744922,0.9982935055827792,1.0,4.879644527023647e-07,-0.4374433136825298,11.0,1.0,1.2627284000071304,0.9577050629098172,consensus_mean,consensus_mean,msg_drop,0.3,3,0
consensus,20,60,ring_plus,-3.401068839014355e-08,3.401068839014355e-08,0.0,0.299822695035461,0.0,0.0,5640.0,3949.0,0.700177304964539,0.299822695035461,126368.0,32.0,0.0,3949.0,0.0,0.0,1691.0,0.0,0.0,0.0,mean,0.7366642808162929,0.9941260914265615,1.0,2.368840739846945e-07,-0.2570986067426476,8.0,1.0,1.3711704029417888,1.0148743174324646,consensus_mean,consensus_mean,msg_drop,0.3,4,0
consensus,20,60,ring_plus,-5.466031034651938e-09,5.466031034651938e-09,0.0,0.3007861635220126,0.0,0.0,6360.0,4447.0,0.6992138364779874,0.3007861635220126,142304.0,32.0,0.0,4447.0,0.0,0.0,1913.0,0.0,0.0,0.0,mean,0.6974629029828682,0.9971574318432822,1.0,5.1424912494118944e-08,-0.2545969141534123,12.0,1.0,1.6160985120576443,1.2695270368522074,consensus_mean,consensus_mean,msg_drop,0.3,5,0
consensus,20,60,ring_plus,-9.106544605713481e-07,9.106544605713481e-07,0.0,0.29423076923076924,0.0,0.0,4680.0,3303.0,0.7057692307692308,0.2942307692307692,105696.0,32.0,0.0,3303.0,0.0,0.0,1377.0,0.0,0.0,0.0,mean,0.77266176982511,0.989698210104975,1.0,4.3657450128157255e-06,-0.3500855472967539,10.0,1.0,0.9450014459069909,0.6385712146617054,consensus_mean,consensus_mean,msg_drop,0.3,6,0
consensus,20,60,ring_plus,-8.08592881048036e-11,8.08592881048036e-11,0.0,0.2983024691358025,0.0,0.0,6480.0,4547.0,0.7016975308641975,0.2983024691358025,145504.0,32.0,0.0,4547.0,0.0,0.0,1933.0,0.0,0.0,0.0,mean,0.6571890727497925,0.9951416518064683,1.0,1.1818397106940427e-09,-0.3212184241874919,8.0,1.0,2.218617553571293,1.6531050140173542,consensus_mean,consensus_mean,msg_drop,0.3,7,0
consensus,20,60,ring_plus,-5.735078878360695e-05,5.735078878360695e-05,0.0,0.31642857142857145,0.0,0.0,4200.0,2871.0,0.6835714285714286,0.3164285714285714,91872.0,32.0,0.0,2871.0,0.0,0.0,1329.0,0.0,0.0,0.0,mean,0.8321858869982275,0.9873997304942903,1.0,0.00017364900442042613,-0.22535974201448153,15.0,1.0,0.7964836768628718,0.4991524113307339,consensus_mean,consensus_mean,msg_drop,0.3,8,0
consensus,20,60,ring_plus,-1.9397431585148744e-05,1.9397431585148744e-05,0.0,0.29848484848484846,0.0,0.0,5280.0,3704.0,0.7015151515151515,0.29848484848484846,118528.0,32.0,0.0,3704.0,0.0,0.0,1576.0,0.0,0.0,0.0,mean,0.8201345857820557,0.9839662278654784,1.0,5.824369190226113e-05,-0.24590012887589371,11.0,1.0,0.9413291035084279,0.7112043835761201,consensus_mean,consensus_mean,msg_drop,0.3,9,0
consensus,20,60,ring_plus,-1.889277445078099e-08,1.889277445078099e-08,0.0,0.49484126984126986,0.0,0.0,5040.0,2546.0,0.5051587301587301,0.49484126984126986,81472.0,32.0,0.0,2546.0,0.0,0.0,2494.0,0.0,0.0,0.0,mean,0.7193026185588939,0.9944832643382131,1.0,1.3632995264927478e-07,-0.18178672084994488,11.0,1.0,1.399646125476325,0.46572623705989064,consensus_mean,consensus_mean,msg_drop,0.5,0,0
consensus,20,60,ring_plus,-4.586601263883119e-07,4.586601263883119e-07,0.0,0.5125925925925926,0.0,0.0,5400.0,2632.0,0.4874074074074074,0.5125925925925926,84224.0,32.0,0.0,2632.0,0.0,0.0,2768.0,0.0,0.0,0.0,mean,0.75959247889839,0.9845217395628377,1.0,2.0712832553533316e-06,-0.2847032080598578,10.0,1.0,1.320493917398932,0.4429876743775902,consensus_mean,consensus_mean,msg_drop,0.5,1,0
consensus,20,60,ring_plus,-6.6584728433883885e-09,6.6584728433883885e-09,0.0,0.4980392156862745,0.0,0.0,6120.0,3072.0,0.5019607843137255,0.4980392156862745,98304.0,32.0,0.0,3072.0,0.0,0.0,3048.0,0.0,0.0,0.0,mean,0.7051443032456446,0.9973430575906063,1.0,5.334178236315016e-08,-0.30468541937170496,9.0,1.0,1.55469612182113,0.6509571682410304,consensus_mean,consensus_mean,msg_drop,0.5,2,0
consensus,20,60,ring_plus,-2.4591041672052496e-07,2.4591041672052496e-07,0.0,0.49126984126984125,0.0,0.0,5040.0,2564.0,0.5087301587301587,0.4912698412698413,82048.0,32.0,0.0,2564.0,0.0,0.0,2476.0,0.0,0.0,0.0,mean,0.7402382442204283,0.9984912506830843,1.0,1.7340582425281259e-06,-0.43744331058239344,13.0,1.0,1.2627284000071304,0.4408661274809896,consensus_mean,consensus_mean,msg_drop,0.5,3,0
consensus,20,60,ring_plus,-1.1100722593869272e-07,1.1100722593869272e-07,0.0,0.4929078014184397,0.0,0.0,5640.0,2860.0,0.5070921985815603,0.4929078014184397,91520.0,32.0,0.0,2860.0,0.0,0.0,2780.0,0.0,0.0,0.0,mean,0.7447585308208057,0.9949579347528184,1.0,6.284111974592643e-07,-0.2570986054593721,11.0,1.0,1.3711704029417888,0.5340062463253034,consensus_mean,consensus_mean,msg_drop,0.5,4,0
consensus,20,60,ring_plus,-1.0191287700603793e-07,1.0191287700603793e-07,0.0,0.4982704402515723,0.0,0.0,6360.0,3191.0,0.5017295597484277,0.4982704402515723,102112.0,32.0,0.0,3191.0,0.0,0.0,3169.0,0.0,0.0,0.0,mean,0.736713846844107,0.9963542239888995,1.0,6.617358587505715e-07,-0.2545969125459649,13.0,1.0,1.6160985120576443,0.6971942483963592,consensus_mean,consensus_mean,msg_drop,0.5,5,0
consensus,20,60,ring_plus,-2.611674999098844e-05,2.611674999098844e-05,0.0,0.49572649572649574,0.0,0.0,4680.0,2360.0,0.5042735042735043,0.49572649572649574,75520.0,32.0,0.0,2360.0,0.0,0.0,2320.0,0.0,0.0,0.0,mean,0.8232013494331685,0.9820578915102163,0.9833333333333333,0.00015760189998465266,-0.35008512719516177,13.0,1.0,0.9450014459069909,0.27277121403268756,consensus_mean,consensus_mean,msg_drop,0.5,6,0
consensus,20,60,ring_plus,-8.246598644554382e-10,8.246598644554382e-10,0.0,0.49382716049382713,0.0,0.0,6480.0,3280.0,0.5061728395061729,0.49382716049382713,104960.0,32.0,0.0,3280.0,0.0,0.0,3200.0,0.0,0.0,0.0,mean,0.6832458133064021,0.9958362119733613,1.0,9.274710171841623e-09,-0.3212184241750952,8.0,1.0,2.218617553571293,0.9086323039632471,consensus_mean,consensus_mean,msg_drop,0.5,7,0
consensus,20,60,ring_plus,-7.071922197025373e-06,7.071922197025373e-06,0.0,0.5102380952380953,0.0,0.0,4200.0,2057.0,0.4897619047619048,0.5102380952380952,65824.0,32.0,0.0,2057.0,0.0,0.0,2143.0,0.0,0.0,0.0,mean,0.7988398136065021,0.9970455134080116,1.0,2.8863265692870508e-05,-0.2253605799955913,15.0,1.0,0.7964836768628718,0.16321375206624472,consensus_mean,consensus_mean,msg_drop,0.5,8,0
consensus,20,60,ring_plus,-8.387855272291853e-05,8.387855272291853e-05,0.0,0.5085227272727273,0.0,0.0,5280.0,2595.0,0.4914772727272727,0.5085227272727273,83040.0,32.0,0.0,2595.0,0.0,0.0,2685.0,0.0,0.0,0.0,mean,0.836643246105142,0.9809700332771331,0.9833333333333333,0.00018698914296575881,-0.2458990541905414,13.0,1.0,0.9413291035084279,0.3273502839712116,consensus_mean,consensus_mean,msg_drop,0.5,9,0
consensus,20,60,ring_plus,-6.161978898717307e-06,6.161978898717307e-06,0.0,0.7055555555555556,0.0,0.0,5040.0,1484.0,0.29444444444444445,0.7055555555555555,47488.0,32.0,0.0,1484.0,0.0,0.0,3556.0,0.0,0.0,0.0,mean,0.7994540210213739,0.9920528676512991,0.9833333333333333,3.866663890246946e-05,-0.18178661846517616,16.0,1.0,1.399646125476325,0.046566637152139295,consensus_mean,consensus_mean,msg_drop,0.7,0,0
consensus,20,60,ring_plus,-4.6334681713581555e-05,4.6334681713581555e-05,0.0,0.7096296296296296,0.0,0.0,5400.0,1568.0,0.2903703703703704,0.7096296296296296,50176.0,32.0,0.0,1568.0,0.0,0.0,3832.0,0.0,0.0,0.0,mean,0.822903209580443,0.9833016831922587,0.9833333333333333,0.00014295161189502358,-0.2847024434594981,14.0,1.0,1.320493917398932,0.06452021598943526,consensus_mean,consensus_mean,msg_drop,0.7,1,0
consensus,20,60,ring_plus,-1.9846772590164363e-07,1.9846772590164363e-07,0.0,0.6962418300653594,0.0,0.0,6120.0,1859.0,0.3037581699346405,0.6962418300653594,59488.0,32.0,0.0,1859.0,0.0,0.0,4261.0,0.0,0.0,0.0,mean,0.7557098401069701,0.9919996710286328,0.9833333333333333,1.2879353850369956e-06,-0.30468541617488404,10.0,1.0,1.55469612182113,0.14922604732916292,consensus_mean,consensus_mean,msg_drop,0.7,2,0
consensus,20,60,ring_plus,-3.3649853733271926e-05,3.3649853733271926e-05,0.0,0.694047619047619,0.0,0.0,5040.0,1542.0,0.305952380952381,0.694047619047619,49344.0,32.0,0.0,1542.0,0.0,0.0,3498.0,0.0,0.0,0.0,mean,0.795519675970763,0.9946827497245545,0.9833333333333333,8.449885326851375e-05,-0.43744275385000475,18.0,1.0,1.2627284000071304,0.041855558823667136,consensus_mean,consensus_mean,msg_drop,0.7,3,0
consensus,20,60,ring_plus,-1.5626608546082914e-06,1.5626608546082914e-06,0.0,0.6948581560283688,0.0,0.0,5640.0,1721.0,0.3051418439716312,0.6948581560283689,55072.0,32.0,0.0,1721.0,0.0,0.0,3919.0,0.0,0.0,0.0,mean,0.7778808165480011,0.9955003101151927,1.0,8.479401725955102e-06,-0.25709858126514484,12.0,1.0,1.3711704029417888,0.09066820728530764,consensus_mean,consensus_mean,msg_drop,0.7,4,0
consensus,20,60,ring_plus,-1.1664450097961204e-06,1.1664450097961204e-06,0.0,0.7067610062893082,0.0,0.0,6360.0,1865.0,0.29323899371069184,0.7067610062893082,59680.0,32.0,0.0,1865.0,0.0,0.0,4495.0,0.0,0.0,0.0,mean,0.7622145699132062,0.9939546496916646,1.0,4.645646581722227e-06,-0.2545968948037627,15.0,1.0,1.6160985120576443,0.09930048061124386,consensus_mean,consensus_mean,msg_drop,0.7,5,0
consensus,20,60,ring_plus,-0.00026769164957057476,0.00026769164957057476,0.0,0.701068376068376,0.0,0.0,4680.0,1399.0,0.2989316239316239,0.701068376068376,44768.0,32.0,0.0,1399.0,0.0,0.0,3281.0,0.0,0.0,0.0,mean,0.8534395091736185,0.977934759997953,0.95,0.0011684814130040288,-0.35008110094683537,16.0,1.0,0.9450014459069909,0.022828728296464252,consensus_mean,consensus_mean,msg_drop,0.7,6,0
consensus,20,60,ring_plus,-4.1124650136107005e-08,4.1124650136107005e-08,0.0,0.691358024691358,0.0,0.0,6480.0,2000.0,0.30864197530864196,0.691358024691358,64000.0,32.0,0.0,2000.0,0.0,0.0,4480.0,0.0,0.0,0.0,mean,0.7335870504365688,0.9903065733681221,0.9833333333333333,2.1834569718744238e-07,-0.3212184235034287,9.0,1.0,2.218617553571293,0.1984154580251666,consensus_mean,consensus_mean,msg_drop,0.7,7,0
consensus,20,60,ring_plus,-0.0009349476596982265,0.0009349476596982265,0.0,0.7014285714285714,0.0,0.0,4200.0,1254.0,0.2985714285714286,0.7014285714285714,40128.0,32.0,0.0,1254.0,0.0,0.0,2946.0,0.0,0.0,0.0,mean,0.8589967698423615,0.9945123833823011,1.0,0.0017951659635840498,-0.22534511539996632,25.0,1.0,0.7964836768628718,0.00760520127541535,consensus_mean,consensus_mean,msg_drop,0.7,8,0
consensus,20,60,ring_plus,-0.004596041449035057,0.004596041449035057,0.0,0.709280303030303,0.0,0.0,5280.0,1535.0,0.29071969696969696,0.709280303030303,49120.0,32.0,0.0,1535.0,0.0,0.0,3745.0,0.0,0.0,0.0,mean,0.8899028806590747,0.9737703948761488,0.9833333333333333,0.0075046155015940546,-0.2458238514756029,27.0,1.0,0.9413291035084279,0.02235317116297634,consensus_mean,consensus_mean,msg_drop,0.7,9,0
consensus,20,60,ring_plus,-10.907203269889466,10.907203269889466,0.0,1.0,0.0,0.0,5040.0,0.0,0.0,1.0,0.0,0.0,0.0,0.0,0.0,0.0,5040.0,0.0,0.0,0.0,mean,1.0,0.0,1.0,10.907203269889466,0.0,,0.0,1.399646125476325,0.0,consensus_mean,consensus_mean,msg_drop,1.0,0,0
consensus,20,60,ring_plus,-17.0821929422516,17.0821929422516,0.0,1.0,0.0,0.0,5400.0,0.0,0.0,1.0,0.0,0.0,0.0,0.0,0.0,0.0,5400.0,0.0,0.0,0.0,mean,1.0,0.0,1.0,17.0821929422516,0.0,,0.0,1.320493917398932,0.0,consensus_mean,consensus_mean,msg_drop,1.0,1,0
consensus,20,60,ring_plus,-18.281125168960774,18.281125168960774,0.0,1.0,0.0,0.0,6120.0,0.0,0.0,1.0,0.0,0.0,0.0,0.0,0.0,0.0,6120.0,0.0,0.0,0.0,mean,1.0,0.0,1.0,18.281125168960777,0.0,,0.0,1.55469612182113,0.0,consensus_mean,consensus_mean,msg_drop,1.0,2,0
consensus,20,60,ring_plus,-26.24659888085402,26.24659888085402,0.0,1.0,0.0,0.0,5040.0,0.0,0.0,1.0,0.0,0.0,0.0,0.0,0.0,0.0,5040.0,0.0,0.0,0.0,mean,1.0,0.0,1.0,26.246598880854023,0.0,,0.0,1.2627284000071304,0.0,consensus_mean,consensus_mean,msg_drop,1.0,3,0
consensus,20,60,ring_plus,-15.425916438569548,15.425916438569548,0.0,1.0,0.0,0.0,5640.0,0.0,0.0,1.0,0.0,0.0,0.0,0.0,0.0,0.0,5640.0,0.0,0.0,0.0,mean,1.0,0.0,1.0,15.425916438569546,0.0,,0.0,1.3711704029417888,0.0,consensus_mean,consensus_mean,msg_drop,1.0,4,0
consensus,20,60,ring_plus,-15.27581485467077,15.27581485467077,0.0,1.0,0.0,0.0,6360.0,0.0,0.0,1.0,0.0,0.0,0.0,0.0,0.0,0.0,6360.0,0.0,0.0,0.0,mean,1.0,0.0,1.0,15.275814854670775,0.0,,0.0,1.6160985120576443,0.0,consensus_mean,consensus_mean,msg_drop,1.0,5,0
consensus,20,60,ring_plus,-21.005133748459695,21.005133748459695,0.0,1.0,0.0,0.0,4680.0,0.0,0.0,1.0,0.0,0.0,0.0,0.0,0.0,0.0,4680.0,0.0,0.0,0.0,mean,1.0,0.0,1.0,21.00513374845969,0.0,,0.0,0.9450014459069909,0.0,consensus_mean,consensus_mean,msg_drop,1.0,6,0
consensus,20,60,ring_plus,-19.273105451330373,19.273105451330373,0.0,1.0,0.0,0.0,6480.0,0.0,0.0,1.0,0.0,0.0,0.0,0.0,0.0,0.0,6480.0,0.0,0.0,0.0,mean,1.0,0.0,1.0,19.27310545133037,0.0,,0.0,2.218617553571293,0.0,consensus_mean,consensus_mean,msg_drop,1.0,7,0
consensus,20,60,ring_plus,-13.521641871657677,13.521641871657677,0.0,1.0,0.0,0.0,4200.0,0.0,0.0,1.0,0.0,0.0,0.0,0.0,0.0,0.0,4200.0,0.0,0.0,0.0,mean,1.0,0.0,1.0,13.521641871657673,0.0,,0.0,0.7964836768628718,0.0,consensus_mean,consensus_mean,msg_drop,1.0,8,0
consensus,20,60,ring_plus,-14.754027129985209,14.754027129985209,0.0,1.0,0.0,0.0,5280.0,0.0,0.0,1.0,0.0,0.0,0.0,0.0,0.0,0.0,5280.0,0.0,0.0,0.0,mean,1.0,0.0,1.0,14.75402712998521,0.0,,0.0,0.9413291035084279,0.0,consensus_mean,consensus_mean,msg_drop,1.0,9,0
consensus,20,60,ring_plus,-2.7282340889208936e-08,2.7282340889208936e-08,0.0,0.0,0.0,0.0,5040.0,5040.0,1.0,0.0,161280.0,32.0,0.0,5040.0,0.0,0.0,0.0,0.0,0.0,0.0,mean,0.7358942085436929,0.9925317583695167,1.0,1.863792706410515e-07,-0.18178672071011878,9.0,1.0,1.399646125476325,1.3996461254763248,consensus_mean,consensus_mean,latency,0.0,0,0
consensus,20,60,ring_plus,-2.540133107053268e-07,2.540133107053268e-07,0.0,0.0,0.0,0.0,5400.0,5400.0,1.0,0.0,172800.0,32.0,0.0,5400.0,0.0,0.0,0.0,0.0,0.0,0.0,mean,0.7510183855869336,0.998411949153818,1.0,1.799818348342342e-06,-0.28470321147063804,12.0,1.0,1.320493917398932,1.320493917398932,consensus_mean,consensus_mean,latency,0.0,1,0
consensus,20,60,ring_plus,-8.168897270614256e-10,8.168897270614256e-10,0.0,0.0,0.0,0.0,6120.0,6120.0,1.0,0.0,195840.0,32.0,0.0,6120.0,0.0,0.0,0.0,0.0,0.0,0.0,mean,0.6822838278176631,0.9973996316268622,1.0,1.0277110011726397e-08,-0.30468541946906474,9.0,1.0,1.55469612182113,1.5546961218211295,consensus_mean,consensus_mean,latency,0.0,2,0
consensus,20,60,ring_plus,-1.44849267107655e-08,1.44849267107655e-08,0.0,0.0,0.0,0.0,5040.0,5040.0,1.0,0.0,161280.0,32.0,0.0,5040.0,0.0,0.0,0.0,0.0,0.0,0.0,mean,0.7101630463123513,0.9985650726029233,1.0,1.5671518029164446e-07,-0.43744331443948486,11.0,1.0,1.2627284000071304,1.2627284000071306,consensus_mean,consensus_mean,latency,0.0,3,0
consensus,20,60,ring_plus,-9.276754692133524e-08,9.276754692133524e-08,0.0,0.0,0.0,0.0,5640.0,5640.0,1.0,0.0,180480.0,32.0,0.0,5640.0,0.0,0.0,0.0,0.0,0.0,0.0,mean,0.7473228203439312,0.9943839413436558,1.0,5.841762267377446e-07,-0.2570986057633667,9.0,1.0,1.3711704029417888,1.3711704029417888,consensus_mean,consensus_mean,latency,0.0,4,0
consensus,20,60,ring_plus,-2.3477787254070522e-08,2.3477787254070522e-08,0.0,0.0,0.0,0.0,6360.0,6360.0,1.0,0.0,203520.0,32.0,0.0,6360.0,0.0,0.0,0.0,0.0,0.0,0.0,mean,0.7191687973344563,0.9968099910770064,1.0,1.8721703839698926e-07,-0.25459691385321637,11.0,1.0,1.6160985120576443,1.616098512057644,consensus_mean,consensus_mean,latency,0.0,5,0
consensus,20,60,ring_plus,-5.570206765237664e-07,5.570206765237664e-07,0.0,0.0,0.0,0.0,4680.0,4680.0,1.0,0.0,149760.0,32.0,0.0,4680.0,0.0,0.0,0.0,0.0,0.0,0.0,mean,0.7682219554941994,0.9874776436152543,1.0,2.6186758839223734e-06,-0.35008555319065043,9.0,1.0,0.9450014459069909,0.9450014459069908,consensus_mean,consensus_mean,latency,0.0,6,0
consensus,20,60,ring_plus,-1.7240977534037544e-11,1.7240977534037544e-11,0.0,0.0,0.0,0.0,6480.0,6480.0,1.0,0.0,207360.0,32.0,0.0,6480.0,0.0,0.0,0.0,0.0,0.0,0.0,mean,0.6407059489560791,0.9952688870731727,1.0,2.826947437737647e-10,-0.32121842418855234,7.0,1.0,2.218617553571293,2.218617553571293,consensus_mean,consensus_mean,latency,0.0,7,0
consensus,20,60,ring_plus,-4.581667026258216e-05,4.581667026258216e-05,0.0,0.0,0.0,0.0,4200.0,4200.0,1.0,0.0,134400.0,32.0,0.0,4200.0,0.0,0.0,0.0,0.0,0.0,0.0,mean,0.8317451493013875,0.9913815833731552,1.0,0.0001402144553736957,-0.2253599342497902,15.0,1.0,0.7964836768628718,0.7964836768628717,consensus_mean,consensus_mean,latency,0.0,8,0
consensus,20,60,ring_plus,-1.842855635986362e-05,1.842855635986362e-05,0.0,0.0,0.0,0.0,5280.0,5280.0,1.0,0.0,168960.0,32.0,0.0,5280.0,0.0,0.0,0.0,0.0,0.0,0.0,mean,0.8215139615751635,0.9869105412873541,1.0,5.994455747389067e-05,-0.2459001450238141,12.0,1.0,0.9413291035084279,0.9413291035084281,consensus_mean,consensus_mean,latency,0.0,9,0
consensus,20,60,ring_plus,-1.0137360015667692e-06,1.0137360015667692e-06,0.0,0.0,1.0,1.0,5040.0,4956.0,0.9833333333333333,0.01666666666666672,158592.0,32.0,0.0,4956.0,0.0,0.0,0.0,0.0,0.0,0.0,mean,0.7759622598325775,0.9883504977560759,1.0,4.411317761564027e-06,-0.18178670426922441,12.0,1.0,1.399646125476325,1.3763186900517193,consensus_mean,consensus_mean,latency,1.0,0,0
consensus,20,60,ring_plus,-9.882899281014616e-06,9.882899281014616e-06,0.0,0.0,1.0,1.0,5400.0,5310.0,0.9833333333333333,0.01666666666666672,169920.0,32.0,0.0,5310.0,0.0,0.0,0.0,0.0,0.0,0.0,mean,0.7946285411152696,0.9969509257832891,1.0,4.372285765422309e-05,-0.2847030509892053,16.0,1.0,1.320493917398932,1.2984856854422833,consensus_mean,consensus_mean,latency,1.0,1,0
consensus,20,60,ring_plus,-5.5647329572012544e-08,5.5647329572012544e-08,0.0,0.0,1.0,1.0,6120.0,6018.0,0.9833333333333333,0.01666666666666672,192576.0,32.0,0.0,6018.0,0.0,0.0,0.0,0.0,0.0,0.0,mean,0.7274473636818721,0.9963694497178432,1.0,4.0926906760774425e-07,-0.3046854185552241,11.0,1.0,1.55469612182113,1.528784519790777,consensus_mean,consensus_mean,latency,1.0,2,0
consensus,20,60,ring_plus,-8.748704052957971e-07,8.748704052957971e-07,0.0,0.0,1.0,1.0,5040.0,4956.0,0.9833333333333333,0.01666666666666672,158592.0,32.0,0.0,4956.0,0.0,0.0,0.0,0.0,0.0,0.0,mean,0.7562710669549401,0.9975929904510995,1.0,5.519760737252708e-06,-0.4374433000997268,14.0,1.0,1.2627284000071304,1.2416829266736784,consensus_mean,consensus_mean,latency,1.0,3,0
consensus,20,60,ring_plus,-3.121351361625658e-06,3.121351361625658e-06,0.0,0.0,1.0,1.0,5640.0,5546.0,0.9833333333333333,0.01666666666666672,177472.0,32.0,0.0,5546.0,0.0,0.0,0.0,0.0,0.0,0.0,mean,0.7874111884373761,0.9905873080850512,1.0,1.2767905851011104e-05,-0.2570985552869698,12.0,1.0,1.3711704029417888,1.348317562892759,consensus_mean,consensus_mean,latency,1.0,4,0
consensus,20,60,ring_plus,-1.0346873310276367e-06,1.0346873310276367e-06,0.0,0.0,1.0,1.0,6360.0,6254.0,0.9833333333333333,0.01666666666666672,200128.0,32.0,0.0,6254.0,0.0,0.0,0.0,0.0,0.0,0.0,mean,0.7614217993506175,0.9961276205504823,1.0,5.170448820561929e-06,-0.254596896999724,15.0,1.0,1.6160985120576443,1.5891635368566834,consensus_mean,consensus_mean,latency,1.0,5,0
consensus,20,60,ring_plus,-1.2810950575081442e-05,1.2810950575081442e-05,0.0,0.0,1.0,1.0,4680.0,4602.0,0.9833333333333333,0.01666666666666672,147264.0,32.0,0.0,4602.0,0.0,0.0,0.0,0.0,0.0,0.0,mean,0.8033244020317535,0.9806908821410482,1.0,4.146254585898779e-05,-0.3500853489584853,12.0,1.0,0.9450014459069909,0.9292514218085409,consensus_mean,consensus_mean,latency,1.0,6,0
consensus,20,60,ring_plus,-1.3903034213702536e-09,1.3903034213702536e-09,0.0,0.0,1.0,1.0,6480.0,6372.0,0.9833333333333333,0.01666666666666672,203904.0,32.0,0.0,6372.0,0.0,0.0,0.0,0.0,0.0,0.0,mean,0.6846302971873204,0.993889413052663,1.0,1.3540856450393255e-08,-0.3212184241656679,9.0,1.0,2.218617553571293,2.1816405943451045,consensus_mean,consensus_mean,latency,1.0,7,0
consensus,20,60,ring_plus,-0.0005463624220836513,0.0005463624220836513,0.0,0.0,1.0,1.0,4200.0,4130.0,0.9833333333333333,0.01666666666666672,132160.0,32.0,0.0,4130.0,0.0,0.0,0.0,0.0,0.0,0.0,mean,0.862333754412236,0.9817322761351802,1.0,0.0012577898386205884,-0.22535159182059322,20.0,1.0,0.7964836768628718,0.7832089489151571,consensus_mean,consensus_mean,latency,1.0,8,0
consensus,20,60,ring_plus,-0.0002432536808504483,0.0002432536808504483,0.0,0.0,1.0,1.0,5280.0,5192.0,0.9833333333333333,0.01666666666666672,166144.0,32.0,0.0,5192.0,0.0,0.0,0.0,0.0,0.0,0.0,mean,0.8528733257352225,0.9742962381896887,1.0,0.0005868507313048259,-0.24589639793840595,16.0,1.0,0.9413291035084279,0.925640285116621,consensus_mean,consensus_mean,latency,1.0,9,0
consensus,20,60,ring_plus,-1.1769572440057477e-05,1.1769572440057477e-05,0.0,0.0,2.0,2.0,5040.0,4872.0,0.9666666666666667,0.033333333333333326,155904.0,32.0,0.0,4872.0,0.0,0.0,0.0,0.0,0.0,0.0,mean,0.8033753580258549,0.9842632010658263,1.0,3.842161133049257e-05,-0.18178652500528378,14.0,1.0,1.399646125476325,1.352991254627114,consensus_mean,consensus_mean,latency,2.0,0,0
consensus,20,60,ring_plus,-0.00011733032622825664,0.00011733032622825664,0.0,0.0,2.0,2.0,5400.0,5220.0,0.9666666666666667,0.033333333333333326,167040.0,32.0,0.0,5220.0,0.0,0.0,0.0,0.0,0.0,0.0,mean,0.8253405731100776,0.9949661397852556,1.0,0.00038249920189410404,-0.2847012601987562,20.0,1.0,1.320493917398932,1.2764774534856342,consensus_mean,consensus_mean,latency,2.0,1,0
consensus,20,60,ring_plus,-1.1387727910867225e-06,1.1387727910867225e-06,0.0,0.0,2.0,2.0,6120.0,5916.0,0.9666666666666667,0.033333333333333326,189312.0,32.0,0.0,5916.0,0.0,0.0,0.0,0.0,0.0,0.0,mean,0.7615251962145457,0.9953376881592841,1.0,5.877999373519446e-06,-0.304685400503133,14.0,1.0,1.55469612182113,1.502872917760425,consensus_mean,consensus_mean,latency,2.0,2,0
consensus,20,60,ring_plus,-1.5485720665511088e-05,1.5485720665511088e-05,0.0,0.0,2.0,2.0,5040.0,4872.0,0.9666666666666667,0.033333333333333326,155904.0,32.0,0.0,4872.0,0.0,0.0,0.0,0.0,0.0,0.0,mean,0.7901901220732787,0.996404336669145,1.0,6.783723334837697e-05,-0.4374430565855559,17.0,1.0,1.2627284000071304,1.2206374533402264,consensus_mean,consensus_mean,latency,2.0,3,0
consensus,20,60,ring_plus,-3.355226553523985e-05,3.355226553523985e-05,0.0,0.0,2.0,2.0,5640.0,5452.0,0.9666666666666667,0.033333333333333326,174464.0,32.0,0.0,5452.0,0.0,0.0,0.0,0.0,0.0,0.0,mean,0.8148231576262209,0.9863261755869164,1.0,0.00010465931622119855,-0.25709804810506687,15.0,1.0,1.3711704029417888,1.3254647228437293,consensus_mean,consensus_mean,latency,2.0,4,0
consensus,20,60,ring_plus,-1.4083825461535143e-05,1.4083825461535143e-05,0.0,0.0,2.0,2.0,6360.0,6148.0,0.9666666666666667,0.033333333333333326,196736.0,32.0,0.0,6148.0,0.0,0.0,0.0,0.0,0.0,0.0,mean,0.7921965566381121,0.9959057094889843,1.0,5.255528300141102e-05,-0.25459667951408854,18.0,1.0,1.6160985120576443,1.5622285616557225,consensus_mean,consensus_mean,latency,2.0,5,0
consensus,20,60,ring_plus,-0.0001016567540722547,0.0001016567540722547,0.0,0.0,2.0,2.0,4680.0,4524.0,0.9666666666666667,0.033333333333333326,144768.0,32.0,0.0,4524.0,0.0,0.0,0.0,0.0,0.0,0.0,mean,0.8262297879111488,0.9744516168629519,1.0,0.00026198944017645964,-0.35008386819509363,15.0,1.0,0.9450014459069909,0.9135013977100911,consensus_mean,consensus_mean,latency,2.0,6,0
consensus,20,60,ring_plus,-3.603460661104979e-08,3.603460661104979e-08,0.0,0.0,2.0,2.0,6480.0,6264.0,0.9666666666666667,0.033333333333333326,200448.0,32.0,0.0,6264.0,0.0,0.0,0.0,0.0,0.0,0.0,mean,0.7189165465944354,0.9926556216730839,1.0,2.491871844298382e-07,-0.32121842358826286,11.0,1.0,2.218617553571293,2.144663635118916,consensus_mean,consensus_mean,latency,2.0,7,0
consensus,20,60,ring_plus,-0.0026442020889930157,0.0026442020889930157,0.0,0.0,2.0,2.0,4200.0,4060.0,0.9666666666666667,0.033333333333333326,129920.0,32.0,0.0,4060.0,0.0,0.0,0.0,0.0,0.0,0.0,mean,0.8809313503143218,0.9703160345248739,1.0,0.005122502794309078,-0.22531662782614476,25.0,1.0,0.7964836768628718,0.7699342209674427,consensus_mean,consensus_mean,latency,2.0,8,0
consensus,20,60,ring_plus,-0.0012657354742537578,0.0012657354742537578,0.0,0.0,2.0,2.0,5280.0,5104.0,0.9666666666666667,0.033333333333333326,163328.0,32.0,0.0,5104.0,0.0,0.0,0.0,0.0,0.0,0.0,mean,0.8724116124548136,0.9592677690646214,1.0,0.002546787310304804,-0.24587935657518256,20.0,1.0,0.9413291035084279,0.909951466724814,consensus_mean,consensus_mean,latency,2.0,9,0
consensus,20,60,ring_plus,-0.0002484621869869986,0.0002484621869869986,0.0,0.0,4.0,4.0,5040.0,4704.0,0.9333333333333333,0.06666666666666665,150528.0,32.0,0.0,4704.0,0.0,0.0,0.0,0.0,0.0,0.0,mean,0.8364850570382196,0.982780212859487,0.95,0.0005957150458571657,-0.18178258012837467,20.0,1.0,1.399646125476325,1.3063363837779032,consensus_mean,consensus_mean,latency,4.0,0,0
consensus,20,60,ring_plus,-0.0024347973631989117,0.0024347973631989117,0.0,0.0,4.0,4.0,5400.0,5040.0,0.9333333333333333,0.06666666666666665,161280.0,32.0,0.0,5040.0,0.0,0.0,0.0,0.0,0.0,0.0,mean,0.8637438191816795,0.9901953882240827,1.0,0.005555317928371984,-0.28466263574813994,28.0,1.0,1.320493917398932,1.2324609895723369,consensus_mean,consensus_mean,latency,4.0,1,0
consensus,20,60,ring_plus,-5.904595006915626e-05,5.904595006915626e-05,0.0,0.0,4.0,4.0,6120.0,5712.0,0.9333333333333333,0.06666666666666665,182784.0,32.0,0.0,5712.0,0.0,0.0,0.0,0.0,0.0,0.0,mean,0.807533800934053,0.993681800714389,1.0,0.00020132959960858317,-0.30468443538351164,19.0,1.0,1.55469612182113,1.4510497136997207,consensus_mean,consensus_mean,latency,4.0,2,0
consensus,20,60,ring_plus,-0.0005741861315120135,0.0005741861315120135,0.0,0.0,4.0,4.0,5040.0,4704.0,0.9333333333333333,0.06666666666666665,150528.0,32.0,0.0,4704.0,0.0,0.0,0.0,0.0,0.0,0.0,mean,0.8342394815788883,0.9941477578745591,1.0,0.0016237049122846236,-0.43743374491204184,23.0,1.0,1.2627284000071304,1.1785465066733218,consensus_mean,consensus_mean,latency,4.0,3,0
consensus,20,60,ring_plus,-0.0006445167292828754,0.0006445167292828754,0.0,0.0,4.0,4.0,5640.0,5264.0,0.9333333333333333,0.06666666666666665,168448.0,32.0,0.0,5264.0,0.0,0.0,0.0,0.0,0.0,0.0,mean,0.8476642725943326,0.981172484131173,0.95,0.001477502674754952,-0.2570878653640044,22.0,1.0,1.3711704029417888,1.2797590427456695,consensus_mean,consensus_mean,latency,4.0,4,0
consensus,20,60,ring_plus,-0.00039419911936741854,0.00039419911936741854,0.0,0.0,4.0,4.0,6360.0,5936.0,0.9333333333333333,0.06666666666666665,189952.0,32.0,0.0,5936.0,0.0,0.0,0.0,0.0,0.0,0.0,mean,0.8337734648791834,0.9958162580038045,1.0,0.0010604995609344657,-0.25459034425919014,25.0,1.0,1.6160985120576443,1.5083586112538012,consensus_mean,consensus_mean,latency,4.0,5,0
consensus,20,60,ring_plus,-0.0013064872742546802,0.0013064872742546802,0.0,0.0,4.0,4.0,4680.0,4368.0,0.9333333333333333,0.06666666666666665,139776.0,32.0,0.0,4368.0,0.0,0.0,0.0,0.0,0.0,0.0,mean,0.8526407067116197,0.9704335477897481,0.9833333333333333,0.0026309643524072613,-0.350063787686424,22.0,1.0,0.9450014459069909,0.8820013495131913,consensus_mean,consensus_mean,latency,4.0,6,0
consensus,20,60,ring_plus,-3.0973809689556456e-06,3.0973809689556456e-06,0.0,0.0,4.0,4.0,6480.0,6048.0,0.9333333333333333,0.06666666666666665,193536.0,32.0,0.0,6048.0,0.0,0.0,0.0,0.0,0.0,0.0,mean,0.767698367977024,0.9917092240733532,1.0,1.4772164275552905e-05,-0.3212183725658235,15.0,1.0,2.218617553571293,2.07070971666654,consensus_mean,consensus_mean,latency,4.0,7,0
consensus,20,60,ring_plus,-0.01710184233281024,0.01710184233281024,0.0,0.0,4.0,4.0,4200.0,3920.0,0.9333333333333333,0.06666666666666665,125440.0,32.0,0.0,3920.0,0.0,0.0,0.0,0.0,0.0,0.0,mean,0.8999709463023177,0.9564810148084404,0.9333333333333333,0.0273538536191907,-0.22507566715541444,35.0,1.0,0.7964836768628718,0.7433847650720136,consensus_mean,consensus_mean,latency,4.0,8,0
consensus,20,60,ring_plus,-0.008986094079755435,0.008986094079755435,0.0,0.0,4.0,4.0,5280.0,4928.0,0.9333333333333333,0.06666666666666665,157696.0,32.0,0.0,4928.0,0.0,0.0,0.0,0.0,0.0,0.0,mean,0.8934445811362236,0.9338582995743812,0.9833333333333333,0.014766710230973071,-0.24575068393175756,28.0,1.0,0.9413291035084279,0.8785738299411996,consensus_mean,consensus_mean,latency,4.0,9,0
consensus,20,60,ring_plus,-0.026199963310417258,0.026199963310417258,0.0,0.0,8.0,8.0,5040.0,4368.0,0.8666666666666667,0.1333333333333333,139776.0,32.0,0.0,4368.0,0.0,0.0,0.0,0.0,0.0,0.0,mean,0.8867317817363095,0.9274002580681087,0.6166666666666667,0.030922878544812977,-0.1813500551096508,32.0,1.0,1.399646125476325,1.2130266420794815,consensus_mean,consensus_mean,latency,8.0,0,0
consensus,20,60,ring_plus,-0.04519420046210868,0.04519420046210868,0.0,0.0,8.0,8.0,5400.0,4680.0,0.8666666666666667,0.1333333333333333,149760.0,32.0,0.0,4680.0,0.0,0.0,0.0,0.0,0.0,0.0,mean,0.9012880639506544,0.9802752959291671,1.0,0.07627946711507998,-0.28394997902982483,45.0,1.0,1.320493917398932,1.1444280617457412,consensus_mean,consensus_mean,latency,8.0,1,0
consensus,20,60,ring_plus,-0.010512598568910434,0.010512598568910434,0.0,0.0,8.0,8.0,6120.0,5304.0,0.8666666666666667,0.1333333333333333,169728.0,32.0,0.0,5304.0,0.0,0.0,0.0,0.0,0.0,0.0,mean,0.8626149188642304,0.9777676713217173,0.7166666666666667,0.013251480617444751,-0.30451020950653107,31.0,1.0,1.55469612182113,1.3474033055783121,consensus_mean,consensus_mean,latency,8.0,2,0
consensus,20,60,ring_plus,-0.025045810258573033,0.025045810258573033,0.0,0.0,8.0,8.0,5040.0,4368.0,0.8666666666666667,0.1333333333333333,139776.0,32.0,0.0,4368.0,0.0,0.0,0.0,0.0,0.0,0.0,mean,0.8835935036710338,0.9853092222786759,0.8666666666666667,0.04946585319797658,-0.4370258845099241,39.0,1.0,1.2627284000071304,1.0943646133395128,consensus_mean,consensus_mean,latency,8.0,3,0
consensus,20,60,ring_plus,-0.023845364943087616,0.023845364943087616,0.0,0.0,8.0,8.0,5640.0,4888.0,0.8666666666666667,0.1333333333333333,156416.0,32.0,0.0,4888.0,0.0,0.0,0.0,0.0,0.0,0.0,mean,0.887951596266945,0.9464520595066752,0.65,0.03710600219020103,-0.25670118456044105,40.0,1.0,1.3711704029417888,1.1883476825495503,consensus_mean,consensus_mean,latency,8.0,4,0
consensus,20,60,ring_plus,-0.013787613214610014,0.013787613214610014,0.0,0.0,8.0,8.0,6360.0,5512.0,0.8666666666666667,0.1333333333333333,176384.0,32.0,0.0,5512.0,0.0,0.0,0.0,0.0,0.0,0.0,mean,0.8810969636773099,0.9926849115963667,1.0,0.025738352979964612,-0.254367120690936,40.0,1.0,1.6160985120576443,1.4006187104499583,consensus_mean,consensus_mean,latency,8.0,5,0
consensus,20,60,ring_plus,-0.04502623756538771,0.04502623756538771,0.0,0.0,8.0,8.0,4680.0,4056.0,0.8666666666666667,0.1333333333333333,129792.0,32.0,0.0,4056.0,0.0,0.0,0.0,0.0,0.0,0.0,mean,0.8854878778958682,0.9457544338495394,0.6166666666666667,0.052938551270941374,-0.3493351251815718,32.0,1.0,0.9450014459069909,0.819001253119392,consensus_mean,consensus_mean,latency,8.0,6,0
consensus,20,60,ring_plus,-0.004017591766373824,0.004017591766373824,0.0,0.0,8.0,8.0,6480.0,5616.0,0.8666666666666667,0.1333333333333333,179712.0,32.0,0.0,5616.0,0.0,0.0,0.0,0.0,0.0,0.0,mean,0.8397359070306497,0.9583298461627816,0.6666666666666666,0.004897478496027475,-0.3211514643260667,23.0,1.0,2.218617553571293,1.922801879761787,consensus_mean,consensus_mean,latency,8.0,7,0
consensus,20,60,ring_plus,-0.15217925251670728,0.15217925251670728,0.0,0.0,8.0,8.0,4200.0,3640.0,0.8666666666666667,0.1333333333333333,116480.0,32.0,0.0,3640.0,0.0,0.0,0.0,0.0,0.0,0.0,mean,0.919182149050765,0.9205136705388544,0.6,0.18536075409369457,-0.2228243769856828,,0.0,0.7964836768628718,0.6902858532811554,consensus_mean,consensus_mean,latency,8.0,8,0
consensus,20,60,ring_plus,-0.058364929624201325,0.058364929624201325,0.0,0.0,8.0,8.0,5280.0,4576.0,0.8666666666666667,0.1333333333333333,146432.0,32.0,0.0,4576.0,0.0,0.0,0.0,0.0,0.0,0.0,mean,0.910330334387429,0.9177916154484502,0.8166666666666667,0.08206552687760536,-0.2449277033393501,44.0,1.0,0.9413291035084279,0.815818556373971,consensus_mean,consensus_mean,latency,8.0,9,0
consensus,20,60,ring_plus,-2.7282340889208936e-08,2.7282340889208936e-08,0.0,0.0,0.0,0.0,5040.0,5040.0,1.0,0.0,161280.0,32.0,0.0,5040.0,0.0,0.0,0.0,0.0,0.0,0.0,mean,0.7358942085436929,0.9925317583695167,1.0,1.863792706410515e-07,-0.18178672071011878,9.0,1.0,1.399646125476325,1.3996461254763248,consensus_mean,consensus_mean,jitter,0.0,0,0
consensus,20,60,ring_plus,-2.540133107053268e-07,2.540133107053268e-07,0.0,0.0,0.0,0.0,5400.0,5400.0,1.0,0.0,172800.0,32.0,0.0,5400.0,0.0,0.0,0.0,0.0,0.0,0.0,mean,0.7510183855869336,0.998411949153818,1.0,1.799818348342342e-06,-0.28470321147063804,12.0,1.0,1.320493917398932,1.320493917398932,consensus_mean,consensus_mean,jitter,0.0,1,0
consensus,20,60,ring_plus,-8.168897270614256e-10,8.168897270614256e-10,0.0,0.0,0.0,0.0,6120.0,6120.0,1.0,0.0,195840.0,32.0,0.0,6120.0,0.0,0.0,0.0,0.0,0.0,0.0,mean,0.6822838278176631,0.9973996316268622,1.0,1.0277110011726397e-08,-0.30468541946906474,9.0,1.0,1.55469612182113,1.5546961218211295,consensus_mean,consensus_mean,jitter,0.0,2,0
consensus,20,60,ring_plus,-1.44849267107655e-08,1.44849267107655e-08,0.0,0.0,0.0,0.0,5040.0,5040.0,1.0,0.0,161280.0,32.0,0.0,5040.0,0.0,0.0,0.0,0.0,0.0,0.0,mean,0.7101630463123513,0.9985650726029233,1.0,1.5671518029164446e-07,-0.43744331443948486,11.0,1.0,1.2627284000071304,1.2627284000071306,consensus_mean,consensus_mean,jitter,0.0,3,0
consensus,20,60,ring_plus,-9.276754692133524e-08,9.276754692133524e-08,0.0,0.0,0.0,0.0,5640.0,5640.0,1.0,0.0,180480.0,32.0,0.0,5640.0,0.0,0.0,0.0,0.0,0.0,0.0,mean,0.7473228203439312,0.9943839413436558,1.0,5.841762267377446e-07,-0.2570986057633667,9.0,1.0,1.3711704029417888,1.3711704029417888,consensus_mean,consensus_mean,jitter,0.0,4,0
consensus,20,60,ring_plus,-2.3477787254070522e-08,2.3477787254070522e-08,0.0,0.0,0.0,0.0,6360.0,6360.0,1.0,0.0,203520.0,32.0,0.0,6360.0,0.0,0.0,0.0,0.0,0.0,0.0,mean,0.7191687973344563,0.9968099910770064,1.0,1.8721703839698926e-07,-0.25459691385321637,11.0,1.0,1.6160985120576443,1.616098512057644,consensus_mean,consensus_mean,jitter,0.0,5,0
consensus,20,60,ring_plus,-5.570206765237664e-07,5.570206765237664e-07,0.0,0.0,0.0,0.0,4680.0,4680.0,1.0,0.0,149760.0,32.0,0.0,4680.0,0.0,0.0,0.0,0.0,0.0,0.0,mean,0.7682219554941994,0.9874776436152543,1.0,2.6186758839223734e-06,-0.35008555319065043,9.0,1.0,0.9450014459069909,0.9450014459069908,consensus_mean,consensus_mean,jitter,0.0,6,0
consensus,20,60,ring_plus,-1.7240977534037544e-11,1.7240977534037544e-11,0.0,0.0,0.0,0.0,6480.0,6480.0,1.0,0.0,207360.0,32.0,0.0,6480.0,0.0,0.0,0.0,0.0,0.0,0.0,mean,0.6407059489560791,0.9952688870731727,1.0,2.826947437737647e-10,-0.32121842418855234,7.0,1.0,2.218617553571293,2.218617553571293,consensus_mean,consensus_mean,jitter,0.0,7,0
consensus,20,60,ring_plus,-4.581667026258216e-05,4.581667026258216e-05,0.0,0.0,0.0,0.0,4200.0,4200.0,1.0,0.0,134400.0,32.0,0.0,4200.0,0.0,0.0,0.0,0.0,0.0,0.0,mean,0.8317451493013875,0.9913815833731552,1.0,0.0001402144553736957,-0.2253599342497902,15.0,1.0,0.7964836768628718,0.7964836768628717,consensus_mean,consensus_mean,jitter,0.0,8,0
consensus,20,60,ring_plus,-1.842855635986362e-05,1.842855635986362e-05,0.0,0.0,0.0,0.0,5280.0,5280.0,1.0,0.0,168960.0,32.0,0.0,5280.0,0.0,0.0,0.0,0.0,0.0,0.0,mean,0.8215139615751635,0.9869105412873541,1.0,5.994455747389067e-05,-0.2459001450238141,12.0,1.0,0.9413291035084279,0.9413291035084281,consensus_mean,consensus_mean,jitter,0.0,9,0
consensus,20,60,ring_plus,-4.57202260763553e-08,4.57202260763553e-08,0.0,0.0,0.15118956254796623,1.0,5040.0,3909.0,0.7755952380952381,0.22440476190476188,125088.0,32.0,0.0,3909.0,0.0,0.0,0.0,0.0,0.0,0.0,mean,0.7409791742251646,0.9882231988012452,1.0,3.2387512738316855e-07,-0.1817867204028207,10.0,1.0,1.399646125476325,1.0763704465732702,consensus_mean,consensus_mean,jitter,1.0,0,0
consensus,20,60,ring_plus,-3.290444702775364e-07,3.290444702775364e-07,0.0,0.0,0.12987934705464868,1.0,5400.0,4227.0,0.7827777777777778,0.2172222222222222,135264.0,32.0,0.0,4227.0,0.0,0.0,0.0,0.0,0.0,0.0,mean,0.7548644175645784,0.9981191492729605,1.0,2.260916162883248e-06,-0.2847032102201188,13.0,1.0,1.320493917398932,1.0881033908508373,consensus_mean,consensus_mean,jitter,1.0,1,0
consensus,20,60,ring_plus,-1.5618129968814473e-09,1.5618129968814473e-09,0.0,0.0,0.13507853403141362,1.0,6120.0,4775.0,0.7802287581699346,0.21977124183006536,152800.0,32.0,0.0,4775.0,0.0,0.0,0.0,0.0,0.0,0.0,mean,0.6884666310566683,0.996121024241659,1.0,1.712174383977638e-08,-0.3046854194566493,9.0,1.0,1.55469612182113,1.3857392944611517,consensus_mean,consensus_mean,jitter,1.0,2,0
consensus,20,60,ring_plus,-1.2299421351535558e-08,1.2299421351535558e-08,0.0,0.0,0.14431934493346982,1.0,5040.0,3908.0,0.7753968253968254,0.22460317460317458,125056.0,32.0,0.0,3908.0,0.0,0.0,0.0,0.0,0.0,0.0,mean,0.7084543722372084,0.9978026590653625,1.0,1.3708648670565953e-07,-0.43744331447591,11.0,1.0,1.2627284000071304,1.059938318974705,consensus_mean,consensus_mean,jitter,1.0,3,0
consensus,20,60,ring_plus,-7.371449216935662e-08,7.371449216935662e-08,0.0,0.0,0.1401506505364072,1.0,5640.0,4381.0,0.7767730496453901,0.22322695035460993,140192.0,32.0,0.0,4381.0,0.0,0.0,0.0,0.0,0.0,0.0,mean,0.7402751923420539,0.9942686893909191,1.0,4.248048990657454e-07,-0.2570986060809176,10.0,1.0,1.3711704029417888,1.1544516236154279,consensus_mean,consensus_mean,jitter,1.0,4,0
consensus,20,60,ring_plus,-7.218929761413463e-08,7.218929761413463e-08,0.0,0.0,0.14432989690721648,1.0,6360.0,4947.0,0.7778301886792452,0.22216981132075475,158304.0,32.0,0.0,4947.0,0.0,0.0,0.0,0.0,0.0,0.0,mean,0.730605700990858,0.9968031510337324,1.0,5.070564747776651e-07,-0.25459691304135784,13.0,1.0,1.6160985120576443,1.4081444392866933,consensus_mean,consensus_mean,jitter,1.0,5,0
consensus,20,60,ring_plus,-5.411098133396663e-07,5.411098133396663e-07,0.0,0.0,0.13503149821966584,1.0,4680.0,3651.0,0.7801282051282051,0.21987179487179487,116832.0,32.0,0.0,3651.0,0.0,0.0,0.0,0.0,0.0,0.0,mean,0.7643750175241102,0.9823347255823206,1.0,2.036627968729009e-06,-0.35008555345583137,9.0,1.0,0.9450014459069909,0.7917797700199132,consensus_mean,consensus_mean,jitter,1.0,6,0
consensus,20,60,ring_plus,-2.7924036527172967e-11,2.7924036527172967e-11,0.0,0.0,0.1419987983176447,1.0,6480.0,4993.0,0.7705246913580247,0.2294753086419753,159776.0,32.0,0.0,4993.0,0.0,0.0,0.0,0.0,0.0,0.0,mean,0.644117785378839,0.9977403311358527,1.0,5.430035944190278e-10,-0.3212184241883742,8.0,1.0,2.218617553571293,1.8263889181114055,consensus_mean,consensus_mean,jitter,1.0,7,0
consensus,20,60,ring_plus,-0.00010839568016807587,0.00010839568016807587,0.0,0.0,0.14563697172392825,1.0,4200.0,3289.0,0.7830952380952381,0.21690476190476193,105248.0,32.0,0.0,3289.0,0.0,0.0,0.0,0.0,0.0,0.0,mean,0.8441194800385323,0.9897750129433641,1.0,0.0003327627490137442,-0.22535889126629183,17.0,1.0,0.7964836768628718,0.639589034232374,consensus_mean,consensus_mean,jitter,1.0,8,0
consensus,20,60,ring_plus,-2.2725067905752842e-05,2.2725067905752842e-05,0.0,0.0,0.14320685434516525,1.0,5280.0,4085.0,0.7736742424242424,0.22632575757575757,130720.0,32.0,0.0,4085.0,0.0,0.0,0.0,0.0,0.0,0.0,mean,0.8255019191861511,0.9857115886305919,1.0,7.083814635063912e-05,-0.24590007341528833,12.0,1.0,0.9413291035084279,0.8388196320941144,consensus_mean,consensus_mean,jitter,1.0,9,0
consensus,20,60,ring_plus,-1.4679108864327174e-07,1.4679108864327174e-07,0.0,0.0,0.2820167160959827,2.0,5040.0,3709.0,0.7359126984126985,0.26408730158730154,118688.0,32.0,0.0,3709.0,0.0,0.0,0.0,0.0,0.0,0.0,mean,0.7563015812764927,0.989826004438715,1.0,9.430219536492867e-07,-0.1817867187183063,10.0,1.0,1.399646125476325,0.9795833541954271,consensus_mean,consensus_mean,jitter,2.0,0,0
consensus,20,60,ring_plus,-9.78109685464903e-07,9.78109685464903e-07,0.0,0.0,0.26244119831641494,2.0,5400.0,4039.0,0.7479629629629629,0.25203703703703706,129248.0,32.0,0.0,4039.0,0.0,0.0,0.0,0.0,0.0,0.0,mean,0.7713030684685337,0.9964586977592158,1.0,5.755808629684977e-06,-0.2847031994023652,13.0,1.0,1.320493917398932,1.0569185542436594,consensus_mean,consensus_mean,jitter,2.0,1,0
consensus,20,60,ring_plus,-6.138018337991655e-09,6.138018337991655e-09,0.0,0.0,0.26765799256505574,2.0,6120.0,4573.0,0.7472222222222222,0.25277777777777777,146336.0,32.0,0.0,4573.0,0.0,0.0,0.0,0.0,0.0,0.0,mean,0.7103769257656786,0.996711966806554,1.0,7.100789588023746e-08,-0.3046854193803793,9.0,1.0,1.55469612182113,1.3505066873200782,consensus_mean,consensus_mean,jitter,2.0,2,0
consensus,20,60,ring_plus,-3.871865308621165e-08,3.871865308621165e-08,0.0,0.0,0.27987254381306426,2.0,5040.0,3766.0,0.7472222222222222,0.25277777777777777,120512.0,32.0,0.0,3766.0,0.0,0.0,0.0,0.0,0.0,0.0,mean,0.7269353625657937,0.9970930232285,1.0,3.742778716643199e-07,-0.4374433140355894,10.0,1.0,1.2627284000071304,0.9841003705436796,consensus_mean,consensus_mean,jitter,2.0,3,0
consensus,20,60,ring_plus,-4.904373068604152e-07,4.904373068604152e-07,0.0,0.0,0.2732696897374702,2.0,5640.0,4190.0,0.7429078014184397,0.2570921985815603,134080.0,32.0,0.0,4190.0,0.0,0.0,0.0,0.0,0.0,0.0,mean,0.7639404712496063,0.9942333717000043,1.0,2.2073022011409017e-06,-0.2570985991355374,11.0,1.0,1.3711704029417888,1.0989716619254317,consensus_mean,consensus_mean,jitter,2.0,4,0
consensus,20,60,ring_plus,-6.558240539847106e-08,6.558240539847106e-08,0.0,0.0,0.27478813559322035,2.0,6360.0,4720.0,0.7421383647798742,0.25786163522012584,151040.0,32.0,0.0,4720.0,0.0,0.0,0.0,0.0,0.0,0.0,mean,0.7292454948084949,0.9973014683118312,1.0,4.780176682076245e-07,-0.25459691315147276,13.0,1.0,1.6160985120576443,1.3383270514879193,consensus_mean,consensus_mean,jitter,2.0,5,0
consensus,20,60,ring_plus,-5.659026591348446e-07,5.659026591348446e-07,0.0,0.0,0.2602070155261645,2.0,4680.0,3478.0,0.7431623931623932,0.2568376068376068,111296.0,32.0,0.0,3478.0,0.0,0.0,0.0,0.0,0.0,0.0,mean,0.7683318062364907,0.9842679143098959,1.0,2.3330692287716694e-06,-0.35008555304261724,9.0,1.0,0.9450014459069909,0.7133994433171775,consensus_mean,consensus_mean,jitter,2.0,6,0
consensus,20,60,ring_plus,-7.304065074562843e-10,7.304065074562843e-10,0.0,0.0,0.28385744234800836,2.0,6480.0,4770.0,0.7361111111111112,0.26388888888888884,152640.0,32.0,0.0,4770.0,0.0,0.0,0.0,0.0,0.0,0.0,mean,0.6889332155737924,0.9934413027755489,1.0,8.616321867189771e-09,-0.3212184241766661,7.0,1.0,2.218617553571293,1.7009418689064388,consensus_mean,consensus_mean,jitter,2.0,7,0
consensus,20,60,ring_plus,-0.00013265169414921263,0.00013265169414921263,0.0,0.0,0.28001277139208175,2.0,4200.0,3132.0,0.7457142857142857,0.25428571428571434,100224.0,32.0,0.0,3132.0,0.0,0.0,0.0,0.0,0.0,0.0,mean,0.8468076746419146,0.9904012518331566,1.0,0.00040118801300922225,-0.22535848699939215,17.0,1.0,0.7964836768628718,0.5898188793040173,consensus_mean,consensus_mean,jitter,2.0,8,0
consensus,20,60,ring_plus,-3.712405493202927e-05,3.712405493202927e-05,0.0,0.0,0.2736842105263158,2.0,5280.0,3895.0,0.7376893939393939,0.2623106060606061,124640.0,32.0,0.0,3895.0,0.0,0.0,0.0,0.0,0.0,0.0,mean,0.8297420591557763,0.9856448157981311,1.0,0.00011290379227965799,-0.2458998334321713,13.0,1.0,0.9413291035084279,0.7829936188512837,consensus_mean,consensus_mean,jitter,2.0,9,0
consensus,20,60,ring_plus,-7.586647428986197e-07,7.586647428986197e-07,0.0,0.0,0.5570712694877505,4.0,5040.0,3592.0,0.7126984126984127,0.2873015873015873,114944.0,32.0,0.0,3592.0,0.0,0.0,0.0,0.0,0.0,0.0,mean,0.7730341093275304,0.989271065723563,1.0,3.436929559187742e-06,-0.18178670852041204,11.0,1.0,1.399646125476325,0.9516302039205694,consensus_mean,consensus_mean,jitter,4.0,0,0
consensus,20,60,ring_plus,-2.174953888878969e-06,2.174953888878969e-06,0.0,0.0,0.49328512396694213,4.0,5400.0,3872.0,0.717037037037037,0.28296296296296297,123904.0,32.0,0.0,3872.0,0.0,0.0,0.0,0.0,0.0,0.0,mean,0.7772707528561199,0.9960927564227238,1.0,8.762403520380033e-06,-0.2847031794549618,13.0,1.0,1.320493917398932,0.9848942410154641,consensus_mean,consensus_mean,jitter,4.0,1,0
consensus,20,60,ring_plus,-1.4928289299054514e-08,1.4928289299054514e-08,0.0,0.0,0.49533984996590136,4.0,6120.0,4399.0,0.7187908496732026,0.2812091503267974,140768.0,32.0,0.0,4399.0,0.0,0.0,0.0,0.0,0.0,0.0,mean,0.7175517464193584,0.9963215567163607,1.0,1.146965025073613e-07,-0.30468541923387477,9.0,1.0,1.55469612182113,1.2896068638519291,consensus_mean,consensus_mean,jitter,4.0,2,0
consensus,20,60,ring_plus,-1.519422357959626e-07,1.519422357959626e-07,0.0,0.0,0.5094339622641509,4.0,5040.0,3604.0,0.7150793650793651,0.2849206349206349,115328.0,32.0,0.0,3604.0,0.0,0.0,0.0,0.0,0.0,0.0,mean,0.7427573554684364,0.9976695724951091,1.0,1.5167887600696864e-06,-0.43744331214852966,12.0,1.0,1.2627284000071304,0.9123702372025301,consensus_mean,consensus_mean,jitter,4.0,3,0
consensus,20,60,ring_plus,-8.644637478898647e-07,8.644637478898647e-07,0.0,0.0,0.5145413870246085,4.0,5640.0,4023.0,0.7132978723404255,0.2867021276595745,128736.0,32.0,0.0,4023.0,0.0,0.0,0.0,0.0,0.0,0.0,mean,0.768971852641314,0.9946718484560227,1.0,3.822900543867691e-06,-0.2570985929017633,12.0,1.0,1.3711704029417888,1.107762453837771,consensus_mean,consensus_mean,jitter,4.0,4,0
consensus,20,60,ring_plus,-3.104255118240062e-07,3.104255118240062e-07,0.0,0.0,0.5169528841919859,4.0,6360.0,4542.0,0.7141509433962264,0.2858490566037736,145344.0,32.0,0.0,4542.0,0.0,0.0,0.0,0.0,0.0,0.0,mean,0.752277954746966,0.997247722614699,1.0,2.01240955951295e-06,-0.2545969090707543,13.0,1.0,1.6160985120576443,1.296080075537901,consensus_mean,consensus_mean,jitter,4.0,5,0
consensus,20,60,ring_plus,-7.940457478221077e-06,7.940457478221077e-06,0.0,0.0,0.5244982290436836,4.0,4680.0,3388.0,0.7239316239316239,0.2760683760683761,108416.0,32.0,0.0,3388.0,0.0,0.0,0.0,0.0,0.0,0.0,mean,0.8034759196840793,0.9748821218962734,1.0,2.2426706663751822e-05,-0.3500854301333703,10.0,1.0,0.9450014459069909,0.7013998445987121,consensus_mean,consensus_mean,jitter,4.0,6,0
consensus,20,60,ring_plus,-1.2645439934729327e-09,1.2645439934729327e-09,0.0,0.0,0.5364639688379139,4.0,6480.0,4621.0,0.7131172839506172,0.28688271604938276,147872.0,32.0,0.0,4621.0,0.0,0.0,0.0,0.0,0.0,0.0,mean,0.6881891779585381,0.9938102476481182,1.0,1.3657664585534727e-08,-0.32121842416776386,9.0,1.0,2.218617553571293,1.6682887771747532,consensus_mean,consensus_mean,jitter,4.0,7,0
consensus,20,60,ring_plus,-0.0002266773838596907,0.0002266773838596907,0.0,0.0,0.5084005376344086,4.0,4200.0,2976.0,0.7085714285714285,0.2914285714285715,95232.0,32.0,0.0,2976.0,0.0,0.0,0.0,0.0,0.0,0.0,mean,0.8548202827549002,0.988732808676991,1.0,0.0005582068572412604,-0.22535691990456358,18.0,1.0,0.7964836768628718,0.5008897377954299,consensus_mean,consensus_mean,jitter,4.0,8,0
consensus,20,60,ring_plus,-0.00010043257664989922,0.00010043257664989922,0.0,0.0,0.5367142102482831,4.0,5280.0,3786.0,0.7170454545454545,0.28295454545454546,121152.0,32.0,0.0,3786.0,0.0,0.0,0.0,0.0,0.0,0.0,mean,0.8444431587804272,0.9815347257993882,1.0,0.0002467626723776164,-0.24589877829014264,14.0,1.0,0.9413291035084279,0.7745812334867884,consensus_mean,consensus_mean,jitter,4.0,9,0
consensus,20,60,ring_plus,-1.7523861303952555e-06,1.7523861303952555e-06,0.0,0.0,1.0217391304347827,8.0,5040.0,3496.0,0.6936507936507936,0.30634920634920637,111872.0,32.0,0.0,3496.0,0.0,0.0,0.0,0.0,0.0,0.0,mean,0.7854759351181139,0.9861158587907476,0.9833333333333333,8.381809378471325e-06,-0.18178669195838892,12.0,1.0,1.399646125476325,0.9217916332632176,consensus_mean,consensus_mean,jitter,8.0,0,0
consensus,20,60,ring_plus,-5.646773779095906e-06,5.646773779095906e-06,0.0,0.0,0.9241580482630602,8.0,5400.0,3771.0,0.6983333333333334,0.30166666666666664,120672.0,32.0,0.0,3771.0,0.0,0.0,0.0,0.0,0.0,0.0,mean,0.7900031779201763,0.9922447798703522,1.0,1.8473635832111907e-05,-0.284703121591297,12.0,1.0,1.320493917398932,0.9332284599907973,consensus_mean,consensus_mean,jitter,8.0,1,0
consensus,20,60,ring_plus,-6.115003593150525e-08,6.115003593150525e-08,0.0,0.0,0.9499650919245985,8.0,6120.0,4297.0,0.7021241830065359,0.2978758169934641,137504.0,32.0,0.0,4297.0,0.0,0.0,0.0,0.0,0.0,0.0,mean,0.731118567203181,0.9971797183084388,1.0,4.0901688914517375e-07,-0.30468541846351227,12.0,1.0,1.55469612182113,1.2178379136347437,consensus_mean,consensus_mean,jitter,8.0,2,0
consensus,20,60,ring_plus,-1.6275174320146304e-06,1.6275174320146304e-06,0.0,0.0,0.9669730040206778,8.0,5040.0,3482.0,0.6908730158730159,0.30912698412698414,111424.0,32.0,0.0,3482.0,0.0,0.0,0.0,0.0,0.0,0.0,mean,0.774691887851958,0.9958608994961934,0.9833333333333333,1.0588964715670429e-05,-0.4374432875556098,13.0,1.0,1.2627284000071304,0.8933462589818918,consensus_mean,consensus_mean,jitter,8.0,3,0
consensus,20,60,ring_plus,-3.2783253049721574e-06,3.2783253049721574e-06,0.0,0.0,1.0125722906713603,8.0,5640.0,3977.0,0.7051418439716312,0.29485815602836885,127264.0,32.0,0.0,3977.0,0.0,0.0,0.0,0.0,0.0,0.0,mean,0.7886905389568797,0.9951768168975407,0.9833333333333333,1.6191624223730497e-05,-0.25709855267073745,13.0,1.0,1.3711704029417888,1.0442344154497045,consensus_mean,consensus_mean,jitter,8.0,4,0
consensus,20,60,ring_plus,-3.000772034345303e-07,3.000772034345303e-07,0.0,0.0,1.0224164985429276,8.0,6360.0,4461.0,0.7014150943396227,0.2985849056603773,142752.0,32.0,0.0,4461.0,0.0,0.0,0.0,0.0,0.0,0.0,mean,0.7499120438014663,0.9991053589334435,1.0,2.242869521678988e-06,-0.2545969092432261,14.0,1.0,1.6160985120576443,1.2583901758155427,consensus_mean,consensus_mean,jitter,8.0,5,0
consensus,20,60,ring_plus,-2.202623774340661e-06,2.202623774340661e-06,0.0,0.0,1.0057645631067962,8.0,4680.0,3296.0,0.7042735042735043,0.2957264957264957,105472.0,32.0,0.0,3296.0,0.0,0.0,0.0,0.0,0.0,0.0,mean,0.7854142071356986,0.9831687719826653,0.9666666666666667,8.940555374890246e-06,-0.3500855257639319,11.0,1.0,0.9450014459069909,0.6673227452094042,consensus_mean,consensus_mean,jitter,8.0,6,0
consensus,20,60,ring_plus,-3.420250487993588e-09,3.420250487993588e-09,0.0,0.0,0.9971033868092691,8.0,6480.0,4488.0,0.6925925925925925,0.30740740740740746,143616.0,32.0,0.0,4488.0,0.0,0.0,0.0,0.0,0.0,0.0,mean,0.6950988975637549,0.9944676488331178,0.9666666666666667,2.6669905833908552e-08,-0.3212184241318354,9.0,1.0,2.218617553571293,1.5822889658811676,consensus_mean,consensus_mean,jitter,8.0,7,0
consensus,20,60,ring_plus,-0.000686355196148423,0.000686355196148423,0.0,0.0,0.9880423641954219,8.0,4200.0,2927.0,0.6969047619047619,0.3030952380952381,93664.0,32.0,0.0,2927.0,0.0,0.0,0.0,0.0,0.0,0.0,mean,0.8731267317757846,0.9827855303522522,0.9833333333333333,0.0016243870692770033,-0.22534925860769212,20.0,1.0,0.7964836768628718,0.4854138107924815,consensus_mean,consensus_mean,jitter,8.0,8,0
consensus,20,60,ring_plus,-0.00022728238285032296,0.00022728238285032296,0.0,0.0,0.9739130434782609,8.0,5280.0,3680.0,0.696969696969697,0.303030303030303,117760.0,32.0,0.0,3680.0,0.0,0.0,0.0,0.0,0.0,0.0,mean,0.8594129977068451,0.9713851506147326,1.0,0.0005392574738821207,-0.24589666412670594,13.0,1.0,0.9413291035084279,0.773830655607901,consensus_mean,consensus_mean,jitter,8.0,9,0
consensus,20,60,ring_plus,-34.80591836670708,34.80591836670708,3.905020905648789,0.0,0.0,0.0,5040.0,5040.0,1.0,0.0,5040.0,1.0,0.0,5040.0,0.0,0.0,0.0,0.0,0.0,0.0,mean,1.0,0.0,0.06666666666666667,34.8059183500365,0.3983119182802936,,0.0,1.399646125476325,1.3996461254763248,consensus_mean,consensus_mean,bandwidth,1.0,0,0
consensus,20,60,ring_plus,-5.493230534696456e-21,5.493230534696456e-21,0.3178351454922186,0.0,0.0,0.0,5400.0,5400.0,1.0,0.0,5400.0,1.0,0.0,5400.0,0.0,0.0,0.0,0.0,0.0,0.0,mean,0.4295126278454474,0.998346530253028,0.9833333333333333,1.0351094872667391e-17,-0.2847032157041933,8.0,1.0,1.320493917398932,1.320493917398932,consensus_mean,consensus_mean,bandwidth,1.0,1,0
consensus,20,60,ring_plus,-3.7161603499476614e-18,3.7161603499476614e-18,0.8012120752609913,0.0,0.0,0.0,6120.0,6120.0,1.0,0.0,6120.0,1.0,0.0,6120.0,0.0,0.0,0.0,0.0,0.0,0.0,mean,0.47095806293064524,0.9726628850212676,0.9,7.00250279079244e-15,-0.30468541948267963,16.0,1.0,1.55469612182113,1.5546961218211295,consensus_mean,consensus_mean,bandwidth,1.0,2,0
consensus,20,60,ring_plus,-32.45199999970574,32.45199999970574,3.420706898672325,0.0,0.0,0.0,5040.0,5040.0,1.0,0.0,5040.0,1.0,0.0,5040.0,0.0,0.0,0.0,0.0,0.0,0.0,mean,1.0,0.0,0.1,32.45199999203923,0.10342335198086203,,0.0,1.2627284000071304,1.2627284000071306,consensus_mean,consensus_mean,bandwidth,1.0,3,0
consensus,20,60,ring_plus,-39.266887755239914,39.266887755239914,2.1913254135170224,0.0,0.0,0.0,5640.0,5640.0,1.0,0.0,5640.0,1.0,0.0,5640.0,0.0,0.0,0.0,0.0,0.0,0.0,mean,1.0,0.0,0.9,39.26688775883198,0.3973495219445061,,0.0,1.3711704029417888,1.3711704029417888,consensus_mean,consensus_mean,bandwidth,1.0,4,0
consensus,20,60,ring_plus,-8.127420851727663e-21,8.127420851727663e-21,0.31221033150817457,0.0,0.0,0.0,6360.0,6360.0,1.0,0.0,6360.0,1.0,0.0,6360.0,0.0,0.0,0.0,0.0,0.0,0.0,mean,0.4323789326447971,0.997557693359055,0.9833333333333333,1.5314855205577424e-17,-0.25459691424451286,9.0,1.0,1.6160985120576443,1.616098512057644,consensus_mean,consensus_mean,bandwidth,1.0,5,0
consensus,20,60,ring_plus,-5.008517906904047e-18,5.008517906904047e-18,0.6659714523011758,0.0,0.0,0.0,4680.0,4680.0,1.0,0.0,4680.0,1.0,0.0,4680.0,0.0,0.0,0.0,0.0,0.0,0.0,mean,0.4754393456222099,0.9687871340478267,0.9166666666666666,9.43774250556218e-15,-0.3500855624743282,16.0,1.0,0.9450014459069909,0.9450014459069908,consensus_mean,consensus_mean,bandwidth,1.0,6,0
consensus,20,60,ring_plus,-42.25072448669358,42.25072448669358,3.759977412654725,0.0,0.0,0.0,6480.0,6480.0,1.0,0.0,6480.0,1.0,0.0,6480.0,0.0,0.0,0.0,0.0,0.0,0.0,mean,0.7845815268703541,0.767565709459997,0.05,42.25072440586614,0.3829603172560534,,0.0,2.218617553571293,2.218617553571293,consensus_mean,consensus_mean,bandwidth,1.0,7,0
consensus,20,60,ring_plus,-75.70799999872607,75.70799999872607,2.613485945952444,0.0,0.0,0.0,4200.0,4200.0,1.0,0.0,4200.0,1.0,0.0,4200.0,0.0,0.0,0.0,0.0,0.0,0.0,mean,1.0,0.0,0.03333333333333333,75.70799996553556,1.0364393021178064,,0.0,0.7964836768628718,0.7964836768628717,consensus_mean,consensus_mean,bandwidth,1.0,8,0
consensus,20,60,ring_plus,-54.92999999749097,54.92999999749097,3.4395587033156696,0.0,0.0,0.0,5280.0,5280.0,1.0,0.0,5280.0,1.0,0.0,5280.0,0.0,0.0,0.0,0.0,0.0,0.0,mean,1.0,0.0,0.03333333333333333,54.929999932121355,0.6695995477917626,,0.0,0.9413291035084279,0.9413291035084281,consensus_mean,consensus_mean,bandwidth,1.0,9,0
consensus,20,60,ring_plus,-3.867324262973092,3.867324262973092,0.4163954436646226,0.0,0.0,0.0,5040.0,5040.0,1.0,0.0,10080.0,2.0,0.0,5040.0,0.0,0.0,0.0,0.0,0.0,0.0,mean,0.628743275287222,0.9085593278953198,0.18333333333333332,3.8673242612676924,-0.11733131678193957,,0.0,1.399646125476325,1.3996461254763248,consensus_mean,consensus_mean,bandwidth,2.0,0,0
consensus,20,60,ring_plus,-4.422244328891347e-21,4.422244328891347e-21,0.035036026942287135,0.0,0.0,0.0,5400.0,5400.0,1.0,0.0,10800.0,2.0,0.0,5400.0,0.0,0.0,0.0,0.0,0.0,0.0,mean,0.43224027019650296,0.9983148360450314,1.0,8.333006870993365e-18,-0.2847032157041933,8.0,1.0,1.320493917398932,1.320493917398932,consensus_mean,consensus_mean,bandwidth,2.0,1,0
consensus,20,60,ring_plus,-2.516024911332296e-18,2.516024911332296e-18,0.08989674192993742,0.0,0.0,0.0,6120.0,6120.0,1.0,0.0,12240.0,2.0,0.0,6120.0,0.0,0.0,0.0,0.0,0.0,0.0,mean,0.4836902822173588,0.9688768390690194,0.95,4.741042082631519e-15,-0.3046854194826796,15.0,1.0,1.55469612182113,1.5546961218211295,consensus_mean,consensus_mean,bandwidth,2.0,2,0
consensus,20,60,ring_plus,-3.605777777794307,3.605777777794307,0.3653963324959333,0.0,0.0,0.0,5040.0,5040.0,1.0,0.0,10080.0,2.0,0.0,5040.0,0.0,0.0,0.0,0.0,0.0,0.0,mean,0.9917821836857487,0.19763795014179852,1.0,3.6057777782249634,-0.3773470183843285,,0.0,1.2627284000071304,1.2627284000071306,consensus_mean,consensus_mean,bandwidth,2.0,3,0
consensus,20,60,ring_plus,-4.362987528337917,4.362987528337917,0.22993612992100584,0.0,0.0,0.0,5640.0,5640.0,1.0,0.0,11280.0,2.0,0.0,5640.0,0.0,0.0,0.0,0.0,0.0,0.0,mean,0.5557910981305711,0.9208758917647669,0.4,4.362987528161956,-0.18438214850386048,,0.0,1.3711704029417888,1.3711704029417888,consensus_mean,consensus_mean,bandwidth,2.0,4,0
consensus,20,60,ring_plus,-6.042048802188988e-21,6.042048802188988e-21,0.031400196302795974,0.0,0.0,0.0,6360.0,6360.0,1.0,0.0,12720.0,2.0,0.0,6360.0,0.0,0.0,0.0,0.0,0.0,0.0,mean,0.4359928331741174,0.9974021990657125,1.0,1.138527853142209e-17,-0.25459691424451286,9.0,1.0,1.6160985120576443,1.616098512057644,consensus_mean,consensus_mean,bandwidth,2.0,5,0
consensus,20,60,ring_plus,-6.3642222214065995,6.3642222214065995,0.2790184843469414,0.0,0.0,0.0,4680.0,4680.0,1.0,0.0,9360.0,2.0,0.0,4680.0,0.0,0.0,0.0,0.0,0.0,0.0,mean,0.625784596555902,0.9044182840406997,0.1,6.364222200156614,-0.2440151921175516,,0.0,0.9450014459069909,0.9450014459069908,consensus_mean,consensus_mean,bandwidth,2.0,6,0
consensus,20,60,ring_plus,-1.2091828004644706e-18,1.2091828004644706e-18,0.0938883009481123,0.0,0.0,0.0,6480.0,6480.0,1.0,0.0,12960.0,2.0,0.0,6480.0,0.0,0.0,0.0,0.0,0.0,0.0,mean,0.4807419614916628,0.9715210895995097,0.9333333333333333,2.278509334682486e-15,-0.3212184241888395,15.0,1.0,2.218617553571293,2.218617553571293,consensus_mean,consensus_mean,bandwidth,2.0,7,0
consensus,20,60,ring_plus,-8.41199999986311,8.41199999986311,0.27820152679150345,0.0,0.0,0.0,4200.0,4200.0,1.0,0.0,8400.0,2.0,0.0,4200.0,0.0,0.0,0.0,0.0,0.0,0.0,mean,0.6765922004475612,0.7996570126431881,0.16666666666666666,8.411999996296638,-0.08516069786324279,,0.0,0.7964836768628718,0.7964836768628717,consensus_mean,consensus_mean,bandwidth,2.0,8,0
consensus,20,60,ring_plus,-6.1033333327784085,6.1033333327784085,0.3696649563362373,0.0,0.0,0.0,5280.0,5280.0,1.0,0.0,10560.0,2.0,0.0,5280.0,0.0,0.0,0.0,0.0,0.0,0.0,mean,0.5768125917637298,0.9604795224512976,0.11666666666666667,6.103333318320562,-0.1441782299534467,,0.0,0.9413291035084279,0.9413291035084281,consensus_mean,consensus_mean,bandwidth,2.0,9,0
consensus,20,60,ring_plus,-0.7103248646376198,0.7103248646376198,0.07398681566223672,0.0,0.0,0.0,5040.0,5040.0,1.0,0.0,15120.0,3.0,0.0,5040.0,0.0,0.0,0.0,0.0,0.0,0.0,mean,0.8035591504073029,0.7529693288382666,0.45,0.7103248645825652,-0.1699479734208641,,0.0,1.399646125476325,1.3996461254763248,consensus_mean,consensus_mean,bandwidth,3.0,0,0
consensus,20,60,ring_plus,-6.257033920252324e-21,6.257033920252324e-21,0.007431422060227073,0.0,0.0,0.0,5400.0,5400.0,1.0,0.0,16200.0,3.0,0.0,5400.0,0.0,0.0,0.0,0.0,0.0,0.0,mean,0.43623050493576127,0.9974918882387233,1.0,1.179036834792613e-17,-0.2847032157041933,9.0,1.0,1.320493917398932,1.320493917398932,consensus_mean,consensus_mean,bandwidth,3.0,1,0
consensus,20,60,ring_plus,-1.020145129557567e-18,1.020145129557567e-18,0.01383932454508936,0.0,0.0,0.0,6120.0,6120.0,1.0,0.0,18360.0,3.0,0.0,6120.0,0.0,0.0,0.0,0.0,0.0,0.0,mean,0.4871575690085886,0.9715966716916633,1.0,1.9222985919112904e-15,-0.3046854194826795,14.0,1.0,1.55469612182113,1.5546961218211295,consensus_mean,consensus_mean,bandwidth,3.0,2,0
consensus,20,60,ring_plus,-1.196180095872679e-20,1.196180095872679e-20,0.008205344871932174,0.0,0.0,0.0,5040.0,5040.0,1.0,0.0,15120.0,3.0,0.0,5040.0,0.0,0.0,0.0,0.0,0.0,0.0,mean,0.4375405348474321,0.9969958400280268,1.0,2.2540073447858872e-17,-0.4374433146809003,9.0,1.0,1.2627284000071304,1.2627284000071306,consensus_mean,consensus_mean,bandwidth,3.0,3,0
consensus,20,60,ring_plus,-4.774338484935399e-21,4.774338484935399e-21,0.007964677461500836,0.0,0.0,0.0,5640.0,5640.0,1.0,0.0,16920.0,3.0,0.0,5640.0,0.0,0.0,0.0,0.0,0.0,0.0,mean,0.4388099317147878,0.9970961830406884,1.0,8.996468655032947e-18,-0.25709860730949247,8.0,1.0,1.3711704029417888,1.3711704029417888,consensus_mean,consensus_mean,bandwidth,3.0,4,0
consensus,20,60,ring_plus,-7.707407291712647e-21,7.707407291712647e-21,0.00675034378196911,0.0,0.0,0.0,6360.0,6360.0,1.0,0.0,19080.0,3.0,0.0,6360.0,0.0,0.0,0.0,0.0,0.0,0.0,mean,0.43941060710136826,0.9970163561914439,1.0,1.452335995293234e-17,-0.25459691424451286,9.0,1.0,1.6160985120576443,1.616098512057644,consensus_mean,consensus_mean,bandwidth,3.0,5,0
consensus,20,60,ring_plus,-6.2375989518140066e-21,6.2375989518140066e-21,0.009372742027339754,0.0,0.0,0.0,4680.0,4680.0,1.0,0.0,14040.0,3.0,0.0,4680.0,0.0,0.0,0.0,0.0,0.0,0.0,mean,0.4374220008783006,0.9974950644293534,1.0,1.1753736849486307e-17,-0.35008556247432826,8.0,1.0,0.9450014459069909,0.9450014459069908,consensus_mean,consensus_mean,bandwidth,3.0,6,0
consensus,20,60,ring_plus,-3.584123218025126e-20,3.584123218025126e-20,0.013344744653071472,0.0,0.0,0.0,6480.0,6480.0,1.0,0.0,19440.0,3.0,0.0,6480.0,0.0,0.0,0.0,0.0,0.0,0.0,mean,0.4575231953286141,0.9905764709272131,1.0,6.753702040101666e-17,-0.32121842418883956,10.0,1.0,2.218617553571293,2.218617553571293,consensus_mean,consensus_mean,bandwidth,3.0,7,0
consensus,20,60,ring_plus,-1.5450612244859188,1.5450612244859188,0.050007352889542465,0.0,0.0,0.0,4200.0,4200.0,1.0,0.0,12600.0,3.0,0.0,4200.0,0.0,0.0,0.0,0.0,0.0,0.0,mean,0.7962590057343839,0.7112821071396088,0.38333333333333336,1.5450612243849422,-0.19960967745286265,,0.0,0.7964836768628718,0.7964836768628717,consensus_mean,consensus_mean,bandwidth,3.0,8,0
consensus,20,60,ring_plus,-1.4690204080746874,1.4690204080746874,0.07195309870371908,0.0,0.0,0.0,5280.0,5280.0,1.0,0.0,15840.0,3.0,0.0,5280.0,0.0,0.0,0.0,0.0,0.0,0.0,mean,0.5482808283658316,0.9741098559837239,0.21666666666666667,1.469020405766946,-0.22141677869850876,,0.0,0.9413291035084279,0.9413291035084281,consensus_mean,consensus_mean,bandwidth,3.0,9,0
consensus,20,60,ring_plus,-4.5467325463632576e-21,4.5467325463632576e-21,0.0020448160907967105,0.0,0.0,0.0,5040.0,5040.0,1.0,0.0,20160.0,4.0,0.0,5040.0,0.0,0.0,0.0,0.0,0.0,0.0,mean,0.44256456551883616,0.9964763927399796,1.0,8.567586967744917e-18,-0.18178672116482444,9.0,1.0,1.399646125476325,1.3996461254763248,consensus_mean,consensus_mean,bandwidth,4.0,0,0
consensus,20,60,ring_plus,-0.23961809526211322,0.23961809526211322,0.01670006947750155,0.0,0.0,0.0,5400.0,5400.0,1.0,0.0,21600.0,4.0,0.0,5400.0,0.0,0.0,0.0,0.0,0.0,0.0,mean,0.9680504552096396,0.36234305502836406,1.0,0.23961809588787267,-0.28070958078315805,,0.0,1.320493917398932,1.320493917398932,consensus_mean,consensus_mean,bandwidth,4.0,1,0
consensus,20,60,ring_plus,-1.2644802144845558e-18,1.2644802144845558e-18,0.003356699783509037,0.0,0.0,0.0,6120.0,6120.0,1.0,0.0,24480.0,4.0,0.0,6120.0,0.0,0.0,0.0,0.0,0.0,0.0,mean,0.49590246515436437,0.9720779681913787,1.0,2.3827084749870302e-15,-0.3046854194826795,11.0,1.0,1.55469612182113,1.5546961218211295,consensus_mean,consensus_mean,bandwidth,4.0,2,0
consensus,20,60,ring_plus,-0.20191722226461312,0.20191722226461312,0.01449733698616426,0.0,0.0,0.0,5040.0,5040.0,1.0,0.0,20160.0,4.0,0.0,5040.0,0.0,0.0,0.0,0.0,0.0,0.0,mean,0.9620925243821247,0.38373121874906924,1.0,0.20191722336905374,-0.4340780276431568,12.0,1.0,1.2627284000071304,1.2627284000071306,consensus_mean,consensus_mean,bandwidth,4.0,3,0
consensus,20,60,ring_plus,-4.7390099315437574e-21,4.7390099315437574e-21,0.001840898155961038,0.0,0.0,0.0,5640.0,5640.0,1.0,0.0,22560.0,4.0,0.0,5640.0,0.0,0.0,0.0,0.0,0.0,0.0,mean,0.4399715760653494,0.9970853395507007,1.0,8.929895944776844e-18,-0.25709860730949247,8.0,1.0,1.3711704029417888,1.3711704029417888,consensus_mean,consensus_mean,bandwidth,4.0,4,0
consensus,20,60,ring_plus,-0.17210789118096842,0.17210789118096842,0.017195332533212836,0.0,0.0,0.0,6360.0,6360.0,1.0,0.0,25440.0,4.0,0.0,6360.0,0.0,0.0,0.0,0.0,0.0,0.0,mean,0.965257776552838,0.3739539113824778,1.0,0.17210789181943834,-0.2517284493914967,,0.0,1.6160985120576443,1.616098512057644,consensus_mean,consensus_mean,bandwidth,4.0,5,0
consensus,20,60,ring_plus,-7.784027892446223e-21,7.784027892446223e-21,0.0020610932820989297,0.0,0.0,0.0,4680.0,4680.0,1.0,0.0,18720.0,4.0,0.0,4680.0,0.0,0.0,0.0,0.0,0.0,0.0,mean,0.4407496352961222,0.9968482368552302,1.0,1.4667743669669403e-17,-0.35008556247432826,9.0,1.0,0.9450014459069909,0.9450014459069908,consensus_mean,consensus_mean,bandwidth,4.0,6,0
consensus,20,60,ring_plus,-3.735154047349362e-18,3.735154047349362e-18,0.004839568112440734,0.0,0.0,0.0,6480.0,6480.0,1.0,0.0,25920.0,4.0,0.0,6480.0,0.0,0.0,0.0,0.0,0.0,0.0,mean,0.5136623468973133,0.9598729498795187,0.9666666666666667,7.0382936944229636e-15,-0.32121842418883956,7.0,1.0,2.218617553571293,2.218617553571293,consensus_mean,consensus_mean,bandwidth,4.0,7,0
consensus,20,60,ring_plus,-0.3364800000167967,0.3364800000167967,0.01080998581207204,0.0,0.0,0.0,4200.0,4200.0,1.0,0.0,16800.0,4.0,0.0,4200.0,0.0,0.0,0.0,0.0,0.0,0.0,mean,0.979174080054906,0.29209256083851753,1.0,0.3364800004543966,-0.21975269786068138,,0.0,0.7964836768628718,0.7964836768628717,consensus_mean,consensus_mean,bandwidth,4.0,8,0
consensus,20,60,ring_plus,-0.3433133333230115,0.3433133333230115,0.012028083260369605,0.0,0.0,0.0,5280.0,5280.0,1.0,0.0,21120.0,4.0,0.0,5280.0,0.0,0.0,0.0,0.0,0.0,0.0,mean,0.6903330792038632,0.8608145830065843,0.38333333333333336,0.34331333305407297,-0.24017856327770326,,0.0,0.9413291035084279,0.9413291035084281,consensus_mean,consensus_mean,bandwidth,4.0,9,0
consensus,20,60,ring_plus,-0.0009490282711600888,0.0009490282711600888,4.984717528687639e-05,0.0,0.0,0.0,5040.0,5040.0,1.0,0.0,40320.0,8.0,0.0,5040.0,0.0,0.0,0.0,0.0,0.0,0.0,mean,0.8901454209014585,0.6451085267543759,1.0,0.0009490291156550337,-0.18177090402697174,9.0,1.0,1.399646125476325,1.3996461254763248,consensus_mean,consensus_mean,bandwidth,8.0,0,0
consensus,20,60,ring_plus,-0.0009603873805787988,0.0009603873805787988,4.691559538338249e-05,0.0,0.0,0.0,5400.0,5400.0,1.0,0.0,43200.0,8.0,0.0,5400.0,0.0,0.0,0.0,0.0,0.0,0.0,mean,0.8609789580899595,0.7935976267080436,1.0,0.0009604060382538941,-0.2846872092478503,12.0,1.0,1.320493917398932,1.320493917398932,consensus_mean,consensus_mean,bandwidth,8.0,1,0
consensus,20,60,ring_plus,-1.3536510550279687e-17,1.3536510550279687e-17,1.804081645186329e-05,0.0,0.0,0.0,6120.0,6120.0,1.0,0.0,48960.0,8.0,0.0,6120.0,0.0,0.0,0.0,0.0,0.0,0.0,mean,0.5336814909536295,0.9714322389530904,1.0,2.5507365253290913e-14,-0.3046854194826796,9.0,1.0,1.55469612182113,1.5546961218211295,consensus_mean,consensus_mean,bandwidth,8.0,2,0
consensus,20,60,ring_plus,-0.0006986756976651797,0.0006986756976651797,5.002616187899422e-05,0.0,0.0,0.0,5040.0,5040.0,1.0,0.0,40320.0,8.0,0.0,5040.0,0.0,0.0,0.0,0.0,0.0,0.0,mean,0.8560317985854995,0.7488252160086619,1.0,0.000698680602216208,-0.43743167008593925,11.0,1.0,1.2627284000071304,1.2627284000071306,consensus_mean,consensus_mean,bandwidth,8.0,3,0
consensus,20,60,ring_plus,-3.805312300415277e-16,3.805312300415277e-16,2.0318290285873014e-05,0.0,0.0,0.0,5640.0,5640.0,1.0,0.0,45120.0,8.0,0.0,5640.0,0.0,0.0,0.0,0.0,0.0,0.0,mean,0.5707949217378153,0.9478673487964799,1.0,7.170495577344637e-13,-0.25709860730949247,9.0,1.0,1.3711704029417888,1.3711704029417888,consensus_mean,consensus_mean,bandwidth,8.0,4,0
consensus,20,60,ring_plus,-0.0008859707964392955,0.0008859707964392955,4.819340462958314e-05,0.0,0.0,0.0,6360.0,6360.0,1.0,0.0,50880.0,8.0,0.0,6360.0,0.0,0.0,0.0,0.0,0.0,0.0,mean,0.8684063958646014,0.7155148693766653,1.0,0.0008859732567780937,-0.2545821480645722,11.0,1.0,1.6160985120576443,1.616098512057644,consensus_mean,consensus_mean,bandwidth,8.0,5,0
consensus,20,60,ring_plus,-0.0008808613954144393,0.0008808613954144393,3.8891240873977384e-05,0.0,0.0,0.0,4680.0,4680.0,1.0,0.0,37440.0,8.0,0.0,4680.0,0.0,0.0,0.0,0.0,0.0,0.0,mean,0.8718903133741414,0.7311369559371148,1.0,0.0008808662984118213,-0.3500708814510713,9.0,1.0,0.9450014459069909,0.9450014459069908,consensus_mean,consensus_mean,bandwidth,8.0,6,0
consensus,20,60,ring_plus,-4.1902914713536847e-19,4.1902914713536847e-19,1.5559458464500787e-05,0.0,0.0,0.0,6480.0,6480.0,1.0,0.0,51840.0,8.0,0.0,6480.0,0.0,0.0,0.0,0.0,0.0,0.0,mean,0.5007269663090034,0.9856552353924278,1.0,7.895926577257449e-16,-0.32121842418883956,7.0,1.0,2.218617553571293,2.218617553571293,consensus_mean,consensus_mean,bandwidth,8.0,7,0
consensus,20,60,ring_plus,-0.0038241716066705965,0.0038241716066705965,4.33570859435008e-05,0.0,0.0,0.0,4200.0,4200.0,1.0,0.0,33600.0,8.0,0.0,4200.0,0.0,0.0,0.0,0.0,0.0,0.0,mean,0.8901545972659461,0.8458856673509784,1.0,0.0038246762747379467,-0.22529696166751678,15.0,1.0,0.7964836768628718,0.7964836768628717,consensus_mean,consensus_mean,bandwidth,8.0,8,0
consensus,20,60,ring_plus,-0.002904863848853206,0.002904863848853206,4.922452263601019e-05,0.0,0.0,0.0,5280.0,5280.0,1.0,0.0,42240.0,8.0,0.0,5280.0,0.0,0.0,0.0,0.0,0.0,0.0,mean,0.8920099894266597,0.7995514421758382,1.0,0.0029051734622463007,-0.24585203776893927,12.0,1.0,0.9413291035084279,0.9413291035084281,consensus_mean,consensus_mean,bandwidth,8.0,9,0
consensus,20,60,ring_plus,-2.7282340889208936e-08,2.7282340889208936e-08,0.0,0.0,0.0,0.0,5040.0,5040.0,1.0,0.0,161280.0,32.0,0.0,5040.0,0.0,0.0,0.0,0.0,0.0,0.0,mean,0.7358942085436929,0.9925317583695167,1.0,1.863792706410515e-07,-0.18178672071011878,9.0,1.0,1.399646125476325,1.3996461254763248,consensus_mean,consensus_mean,bandwidth,0.0,0,0
consensus,20,60,ring_plus,-2.540133107053268e-07,2.540133107053268e-07,0.0,0.0,0.0,0.0,5400.0,5400.0,1.0,0.0,172800.0,32.0,0.0,5400.0,0.0,0.0,0.0,0.0,0.0,0.0,mean,0.7510183855869336,0.998411949153818,1.0,1.799818348342342e-06,-0.28470321147063804,12.0,1.0,1.320493917398932,1.320493917398932,consensus_mean,consensus_mean,bandwidth,0.0,1,0
consensus,20,60,ring_plus,-8.168897270614256e-10,8.168897270614256e-10,0.0,0.0,0.0,0.0,6120.0,6120.0,1.0,0.0,195840.0,32.0,0.0,6120.0,0.0,0.0,0.0,0.0,0.0,0.0,mean,0.6822838278176631,0.9973996316268622,1.0,1.0277110011726397e-08,-0.30468541946906474,9.0,1.0,1.55469612182113,1.5546961218211295,consensus_mean,consensus_mean,bandwidth,0.0,2,0
consensus,20,60,ring_plus,-1.44849267107655e-08,1.44849267107655e-08,0.0,0.0,0.0,0.0,5040.0,5040.0,1.0,0.0,161280.0,32.0,0.0,5040.0,0.0,0.0,0.0,0.0,0.0,0.0,mean,0.7101630463123513,0.9985650726029233,1.0,1.5671518029164446e-07,-0.43744331443948486,11.0,1.0,1.2627284000071304,1.2627284000071306,consensus_mean,consensus_mean,bandwidth,0.0,3,0
consensus,20,60,ring_plus,-9.276754692133524e-08,9.276754692133524e-08,0.0,0.0,0.0,0.0,5640.0,5640.0,1.0,0.0,180480.0,32.0,0.0,5640.0,0.0,0.0,0.0,0.0,0.0,0.0,mean,0.7473228203439312,0.9943839413436558,1.0,5.841762267377446e-07,-0.2570986057633667,9.0,1.0,1.3711704029417888,1.3711704029417888,consensus_mean,consensus_mean,bandwidth,0.0,4,0
consensus,20,60,ring_plus,-2.3477787254070522e-08,2.3477787254070522e-08,0.0,0.0,0.0,0.0,6360.0,6360.0,1.0,0.0,203520.0,32.0,0.0,6360.0,0.0,0.0,0.0,0.0,0.0,0.0,mean,0.7191687973344563,0.9968099910770064,1.0,1.8721703839698926e-07,-0.25459691385321637,11.0,1.0,1.6160985120576443,1.616098512057644,consensus_mean,consensus_mean,bandwidth,0.0,5,0
consensus,20,60,ring_plus,-5.570206765237664e-07,5.570206765237664e-07,0.0,0.0,0.0,0.0,4680.0,4680.0,1.0,0.0,149760.0,32.0,0.0,4680.0,0.0,0.0,0.0,0.0,0.0,0.0,mean,0.7682219554941994,0.9874776436152543,1.0,2.6186758839223734e-06,-0.35008555319065043,9.0,1.0,0.9450014459069909,0.9450014459069908,consensus_mean,consensus_mean,bandwidth,0.0,6,0
consensus,20,60,ring_plus,-1.7240977534037544e-11,1.7240977534037544e-11,0.0,0.0,0.0,0.0,6480.0,6480.0,1.0,0.0,207360.0,32.0,0.0,6480.0,0.0,0.0,0.0,0.0,0.0,0.0,mean,0.6407059489560791,0.9952688870731727,1.0,2.826947437737647e-10,-0.32121842418855234,7.0,1.0,2.218617553571293,2.218617553571293,consensus_mean,consensus_mean,bandwidth,0.0,7,0
consensus,20,60,ring_plus,-4.581667026258216e-05,4.581667026258216e-05,0.0,0.0,0.0,0.0,4200.0,4200.0,1.0,0.0,134400.0,32.0,0.0,4200.0,0.0,0.0,0.0,0.0,0.0,0.0,mean,0.8317451493013875,0.9913815833731552,1.0,0.0001402144553736957,-0.2253599342497902,15.0,1.0,0.7964836768628718,0.7964836768628717,consensus_mean,consensus_mean,bandwidth,0.0,8,0
consensus,20,60,ring_plus,-1.842855635986362e-05,1.842855635986362e-05,0.0,0.0,0.0,0.0,5280.0,5280.0,1.0,0.0,168960.0,32.0,0.0,5280.0,0.0,0.0,0.0,0.0,0.0,0.0,mean,0.8215139615751635,0.9869105412873541,1.0,5.994455747389067e-05,-0.2459001450238141,12.0,1.0,0.9413291035084279,0.9413291035084281,consensus_mean,consensus_mean,bandwidth,0.0,9,0
consensus,20,60,ring_plus,-2.7282340889208936e-08,2.7282340889208936e-08,0.0,0.0,0.0,0.0,5040.0,5040.0,1.0,0.0,161280.0,32.0,0.0,5040.0,0.0,0.0,0.0,0.0,0.0,0.0,mean,0.7358942085436929,0.9925317583695167,1.0,1.863792706410515e-07,-0.18178672071011878,9.0,1.0,1.399646125476325,1.3996461254763248,consensus_mean,consensus_mean,spoof,0.0,0,0
consensus,20,60,ring_plus,-2.540133107053268e-07,2.540133107053268e-07,0.0,0.0,0.0,0.0,5400.0,5400.0,1.0,0.0,172800.0,32.0,0.0,5400.0,0.0,0.0,0.0,0.0,0.0,0.0,mean,0.7510183855869336,0.998411949153818,1.0,1.799818348342342e-06,-0.28470321147063804,12.0,1.0,1.320493917398932,1.320493917398932,consensus_mean,consensus_mean,spoof,0.0,1,0
consensus,20,60,ring_plus,-8.168897270614256e-10,8.168897270614256e-10,0.0,0.0,0.0,0.0,6120.0,6120.0,1.0,0.0,195840.0,32.0,0.0,6120.0,0.0,0.0,0.0,0.0,0.0,0.0,mean,0.6822838278176631,0.9973996316268622,1.0,1.0277110011726397e-08,-0.30468541946906474,9.0,1.0,1.55469612182113,1.5546961218211295,consensus_mean,consensus_mean,spoof,0.0,2,0
consensus,20,60,ring_plus,-1.44849267107655e-08,1.44849267107655e-08,0.0,0.0,0.0,0.0,5040.0,5040.0,1.0,0.0,161280.0,32.0,0.0,5040.0,0.0,0.0,0.0,0.0,0.0,0.0,mean,0.7101630463123513,0.9985650726029233,1.0,1.5671518029164446e-07,-0.43744331443948486,11.0,1.0,1.2627284000071304,1.2627284000071306,consensus_mean,consensus_mean,spoof,0.0,3,0
consensus,20,60,ring_plus,-9.276754692133524e-08,9.276754692133524e-08,0.0,0.0,0.0,0.0,5640.0,5640.0,1.0,0.0,180480.0,32.0,0.0,5640.0,0.0,0.0,0.0,0.0,0.0,0.0,mean,0.7473228203439312,0.9943839413436558,1.0,5.841762267377446e-07,-0.2570986057633667,9.0,1.0,1.3711704029417888,1.3711704029417888,consensus_mean,consensus_mean,spoof,0.0,4,0
consensus,20,60,ring_plus,-2.3477787254070522e-08,2.3477787254070522e-08,0.0,0.0,0.0,0.0,6360.0,6360.0,1.0,0.0,203520.0,32.0,0.0,6360.0,0.0,0.0,0.0,0.0,0.0,0.0,mean,0.7191687973344563,0.9968099910770064,1.0,1.8721703839698926e-07,-0.25459691385321637,11.0,1.0,1.6160985120576443,1.616098512057644,consensus_mean,consensus_mean,spoof,0.0,5,0
consensus,20,60,ring_plus,-5.570206765237664e-07,5.570206765237664e-07,0.0,0.0,0.0,0.0,4680.0,4680.0,1.0,0.0,149760.0,32.0,0.0,4680.0,0.0,0.0,0.0,0.0,0.0,0.0,mean,0.7682219554941994,0.9874776436152543,1.0,2.6186758839223734e-06,-0.35008555319065043,9.0,1.0,0.9450014459069909,0.9450014459069908,consensus_mean,consensus_mean,spoof,0.0,6,0
consensus,20,60,ring_plus,-1.7240977534037544e-11,1.7240977534037544e-11,0.0,0.0,0.0,0.0,6480.0,6480.0,1.0,0.0,207360.0,32.0,0.0,6480.0,0.0,0.0,0.0,0.0,0.0,0.0,mean,0.6407059489560791,0.9952688870731727,1.0,2.826947437737647e-10,-0.32121842418855234,7.0,1.0,2.218617553571293,2.218617553571293,consensus_mean,consensus_mean,spoof,0.0,7,0
consensus,20,60,ring_plus,-4.581667026258216e-05,4.581667026258216e-05,0.0,0.0,0.0,0.0,4200.0,4200.0,1.0,0.0,134400.0,32.0,0.0,4200.0,0.0,0.0,0.0,0.0,0.0,0.0,mean,0.8317451493013875,0.9913815833731552,1.0,0.0001402144553736957,-0.2253599342497902,15.0,1.0,0.7964836768628718,0.7964836768628717,consensus_mean,consensus_mean,spoof,0.0,8,0
consensus,20,60,ring_plus,-1.842855635986362e-05,1.842855635986362e-05,0.0,0.0,0.0,0.0,5280.0,5280.0,1.0,0.0,168960.0,32.0,0.0,5280.0,0.0,0.0,0.0,0.0,0.0,0.0,mean,0.8215139615751635,0.9869105412873541,1.0,5.994455747389067e-05,-0.2459001450238141,12.0,1.0,0.9413291035084279,0.9413291035084281,consensus_mean,consensus_mean,spoof,0.0,9,0
consensus,20,60,ring_plus,-0.10157216328770938,0.10157216328770938,0.10891198706682552,0.0,0.0,0.0,5040.0,5040.0,1.0,0.0,161280.0,32.0,0.0,4527.0,0.0,513.0,0.0,0.0,0.0,0.0,mean,0.9312685483934047,0.4550671483955474,0.6,0.12567257780156263,-0.18009385177669598,11.0,1.0,1.399646125476325,1.3996461254763248,consensus_mean,consensus_mean,spoof,0.1,0,0
consensus,20,60,ring_plus,-0.04428318407077613,0.04428318407077613,0.10674204233651245,0.0,0.0,0.0,5400.0,5400.0,1.0,0.0,172800.0,32.0,0.0,4847.0,0.0,553.0,0.0,0.0,0.0,0.0,mean,0.9514290025213411,0.44304604158034366,0.7166666666666667,0.10019434222401842,-0.28396516263634713,14.0,1.0,1.320493917398932,1.320493917398932,consensus_mean,consensus_mean,spoof,0.1,1,0
consensus,20,60,ring_plus,-0.050705547201566274,0.050705547201566274,0.0977523653856127,0.0,0.0,0.0,6120.0,6120.0,1.0,0.0,195840.0,32.0,0.0,5488.0,0.0,632.0,0.0,0.0,0.0,0.0,mean,0.9158615685341384,0.41519645334343536,0.6333333333333333,0.14205084240182278,-0.3038403270293201,8.0,1.0,1.55469612182113,1.5546961218211295,consensus_mean,consensus_mean,spoof,0.1,2,0
consensus,20,60,ring_plus,-0.06607685089452923,0.06607685089452923,0.10108763342079975,0.0,0.0,0.0,5040.0,5040.0,1.0,0.0,161280.0,32.0,0.0,4560.0,0.0,480.0,0.0,0.0,0.0,0.0,mean,0.823007909360149,0.8506498938499422,0.6,0.09055745691242006,-0.4363420338326581,11.0,1.0,1.2627284000071304,1.2627284000071306,consensus_mean,consensus_mean,spoof,0.1,3,0
consensus,20,60,ring_plus,-0.2277629859404426,0.2277629859404426,0.09960188379108664,0.0,0.0,0.0,5640.0,5640.0,1.0,0.0,180480.0,32.0,0.0,5064.0,0.0,576.0,0.0,0.0,0.0,0.0,mean,0.8454221874181763,0.7528604511113708,0.55,0.1465113263880941,-0.2533025575438184,12.0,1.0,1.3711704029417888,1.3711704029417888,consensus_mean,consensus_mean,spoof,0.1,4,0
consensus,20,60,ring_plus,-0.0449075143432695,0.0449075143432695,0.10134952718656602,0.0,0.0,0.0,6360.0,6360.0,1.0,0.0,203520.0,32.0,0.0,5748.0,0.0,612.0,0.0,0.0,0.0,0.0,mean,0.9321901249230728,0.5376189609339435,0.65,0.09135476851123221,-0.253848455672125,14.0,1.0,1.6160985120576443,1.616098512057644,consensus_mean,consensus_mean,spoof,0.1,5,0
consensus,20,60,ring_plus,-0.09365014536719568,0.09365014536719568,0.12094602119653806,0.0,0.0,0.0,4680.0,4680.0,1.0,0.0,149760.0,32.0,0.0,4232.0,0.0,448.0,0.0,0.0,0.0,0.0,mean,0.9229390037363686,0.5776836863224066,0.55,0.21961912239791628,-0.34852472671820833,11.0,1.0,0.9450014459069909,0.9450014459069908,consensus_mean,consensus_mean,spoof,0.1,6,0
consensus,20,60,ring_plus,-0.0706440813161692,0.0706440813161692,0.10752132896954308,0.0,0.0,0.0,6480.0,6480.0,1.0,0.0,207360.0,32.0,0.0,5840.0,0.0,640.0,0.0,0.0,0.0,0.0,mean,0.9443784660211252,0.39894985138559713,0.6,0.08917747564443852,-0.32004102283357005,9.0,1.0,2.218617553571293,2.218617553571293,consensus_mean,consensus_mean,spoof,0.1,7,0
consensus,20,60,ring_plus,-0.09717481961312706,0.09717481961312706,0.09560818146636353,0.0,0.0,0.0,4200.0,4200.0,1.0,0.0,134400.0,32.0,0.0,3754.0,0.0,446.0,0.0,0.0,0.0,0.0,mean,0.9118861392121019,0.8336047004836517,0.6333333333333333,0.14117064480810795,-0.2237411175340758,29.0,1.0,0.7964836768628718,0.7964836768628717,consensus_mean,consensus_mean,spoof,0.1,8,0
consensus,20,60,ring_plus,-0.036695165306302145,0.036695165306302145,0.1148856680261544,0.0,0.0,0.0,5280.0,5280.0,1.0,0.0,168960.0,32.0,0.0,4734.0,0.0,546.0,0.0,0.0,0.0,0.0,mean,0.9615138598387087,0.38883546859573015,0.5666666666666667,0.11554057501985032,-0.24528886607798178,17.0,1.0,0.9413291035084279,0.9413291035084281,consensus_mean,consensus_mean,spoof,0.1,9,0
consensus,20,60,ring_plus,-0.2124921577652233,0.2124921577652233,0.3097151640118005,0.0,0.0,0.0,5040.0,5040.0,1.0,0.0,161280.0,32.0,0.0,3527.0,0.0,1513.0,0.0,0.0,0.0,0.0,mean,0.974713398832279,0.2879885307783425,0.5333333333333333,0.1969291420371644,-0.17824518520207072,,0.0,1.399646125476325,1.3996461254763248,consensus_mean,consensus_mean,spoof,0.3,0,0
consensus,20,60,ring_plus,-0.22445529340613984,0.22445529340613984,0.30061552532751135,0.0,0.0,0.0,5400.0,5400.0,1.0,0.0,172800.0,32.0,0.0,3807.0,0.0,1593.0,0.0,0.0,0.0,0.0,mean,0.9499638036348752,0.39319061811240974,0.6333333333333333,0.28079038204843615,-0.2809622941474243,,0.0,1.320493917398932,1.320493917398932,consensus_mean,consensus_mean,spoof,0.3,1,0
consensus,20,60,ring_plus,-0.1889962483802851,0.1889962483802851,0.29524966602082514,0.0,0.0,0.0,6120.0,6120.0,1.0,0.0,195840.0,32.0,0.0,4268.0,0.0,1852.0,0.0,0.0,0.0,0.0,mean,0.964766708909806,0.30955995529629876,0.5833333333333334,0.23070494036385816,-0.30153548200967484,19.0,1.0,1.55469612182113,1.5546961218211295,consensus_mean,consensus_mean,spoof,0.3,2,0
consensus,20,60,ring_plus,-0.2336316327486604,0.2336316327486604,0.3211944126007993,0.0,0.0,0.0,5040.0,5040.0,1.0,0.0,161280.0,32.0,0.0,3555.0,0.0,1485.0,0.0,0.0,0.0,0.0,mean,0.955898887943134,0.37197671555325096,0.5833333333333334,0.22769100228136407,-0.43354945413508933,9.0,1.0,1.2627284000071304,1.2627284000071306,consensus_mean,consensus_mean,spoof,0.3,3,0
consensus,20,60,ring_plus,-0.13926169406902308,0.13926169406902308,0.30029601438162323,0.0,0.0,0.0,5640.0,5640.0,1.0,0.0,180480.0,32.0,0.0,3971.0,0.0,1669.0,0.0,0.0,0.0,0.0,mean,0.9780183323510759,0.2263843222738613,0.5333333333333333,0.22996742987878882,-0.2547775790750087,6.0,1.0,1.3711704029417888,1.3711704029417888,consensus_mean,consensus_mean,spoof,0.3,4,0
consensus,20,60,ring_plus,-0.34924753842665335,0.34924753842665335,0.30703530850840977,0.0,0.0,0.0,6360.0,6360.0,1.0,0.0,203520.0,32.0,0.0,4473.0,0.0,1887.0,0.0,0.0,0.0,0.0,mean,0.945829811602794,0.4729660686809525,0.6,0.28544207203004707,-0.24877612193740192,23.0,1.0,1.6160985120576443,1.616098512057644,consensus_mean,consensus_mean,spoof,0.3,5,0
consensus,20,60,ring_plus,-0.6902771870185667,0.6902771870185667,0.3232398361870056,0.0,0.0,0.0,4680.0,4680.0,1.0,0.0,149760.0,32.0,0.0,3299.0,0.0,1381.0,0.0,0.0,0.0,0.0,mean,0.9662631015311289,0.30255117453139313,0.5666666666666667,0.39014181811289256,-0.3385809426906855,9.0,1.0,0.9450014459069909,0.9450014459069908,consensus_mean,consensus_mean,spoof,0.3,6,0
consensus,20,60,ring_plus,-0.17600057316706155,0.17600057316706155,0.31116904888469166,0.0,0.0,0.0,6480.0,6480.0,1.0,0.0,207360.0,32.0,0.0,4583.0,0.0,1897.0,0.0,0.0,0.0,0.0,mean,0.8612224044470718,0.7042403590151056,0.5666666666666667,0.19063768084097224,-0.31828508130272176,11.0,1.0,2.218617553571293,2.218617553571293,consensus_mean,consensus_mean,spoof,0.3,7,0
consensus,20,60,ring_plus,-0.568309651583089,0.568309651583089,0.30345006338589076,0.0,0.0,0.0,4200.0,4200.0,1.0,0.0,134400.0,32.0,0.0,2901.0,0.0,1299.0,0.0,0.0,0.0,0.0,mean,0.9413046526744469,0.41275457595617804,0.5,0.42658120666824934,-0.21588887033457646,33.0,1.0,0.7964836768628718,0.7964836768628717,consensus_mean,consensus_mean,spoof,0.3,8,0
consensus,20,60,ring_plus,-0.26806808500267987,0.26806808500267987,0.3137837247504999,0.0,0.0,0.0,5280.0,5280.0,1.0,0.0,168960.0,32.0,0.0,3702.0,0.0,1578.0,0.0,0.0,0.0,0.0,mean,0.8862024051157097,0.5599276578929633,0.5166666666666667,0.29043367892009636,-0.24143265074970882,,0.0,0.9413291035084279,0.9413291035084281,consensus_mean,consensus_mean,spoof,0.3,9,0
consensus,20,60,ring_plus,-0.41711237011964075,0.41711237011964075,0.5294883187866312,0.0,0.0,0.0,5040.0,5040.0,1.0,0.0,161280.0,32.0,0.0,2468.0,0.0,2572.0,0.0,0.0,0.0,0.0,mean,0.5514184838832266,0.9957205439074928,0.5333333333333333,0.5453555501749077,-0.17483484832949703,,0.0,1.399646125476325,1.3996461254763248,consensus_mean,consensus_mean,spoof,0.5,0,0
consensus,20,60,ring_plus,-0.6217651433594544,0.6217651433594544,0.5283599293345967,0.0,0.0,0.0,5400.0,5400.0,1.0,0.0,172800.0,32.0,0.0,2643.0,0.0,2757.0,0.0,0.0,0.0,0.0,mean,0.9743221073847532,0.33623354250496895,0.6166666666666667,0.45558483804622235,-0.27434046331486905,,0.0,1.320493917398932,1.320493917398932,consensus_mean,consensus_mean,spoof,0.5,1,0
consensus,20,60,ring_plus,-0.6485710666820315,0.6485710666820315,0.5012992700796526,0.0,0.0,0.0,6120.0,6120.0,1.0,0.0,195840.0,32.0,0.0,3014.0,0.0,3106.0,0.0,0.0,0.0,0.0,mean,0.9664824107803169,0.26733410863740137,0.5666666666666667,0.486418265372337,-0.29387590170464567,44.0,1.0,1.55469612182113,1.5546961218211295,consensus_mean,consensus_mean,spoof,0.5,2,0
consensus,20,60,ring_plus,-0.6753072106942141,0.6753072106942141,0.5323236789580758,0.0,0.0,0.0,5040.0,5040.0,1.0,0.0,161280.0,32.0,0.0,2514.0,0.0,2526.0,0.0,0.0,0.0,0.0,mean,0.9680473217786534,0.4042883254122417,0.5833333333333334,0.4854704291520949,-0.4261881945026634,46.0,1.0,1.2627284000071304,1.2627284000071306,consensus_mean,consensus_mean,spoof,0.5,3,0
consensus,20,60,ring_plus,-0.42531917104758243,0.42531917104758243,0.5082855602913782,0.0,0.0,0.0,5640.0,5640.0,1.0,0.0,180480.0,32.0,0.0,2826.0,0.0,2814.0,0.0,0.0,0.0,0.0,mean,0.8782011117843211,0.663712297153053,0.5333333333333333,0.4103935772447038,-0.25000995445869945,23.0,1.0,1.3711704029417888,1.3711704029417888,consensus_mean,consensus_mean,spoof,0.5,4,0
consensus,20,60,ring_plus,-0.4556839299790345,0.4556839299790345,0.5330439241184016,0.0,0.0,0.0,6360.0,6360.0,1.0,0.0,203520.0,32.0,0.0,3167.0,0.0,3193.0,0.0,0.0,0.0,0.0,mean,0.9368713147710678,0.4622599110455484,0.5166666666666667,0.46376347218943353,-0.2470021820781956,,0.0,1.6160985120576443,1.616098512057644,consensus_mean,consensus_mean,spoof,0.5,5,0
consensus,20,60,ring_plus,-0.3567121737518141,0.3567121737518141,0.5579402146149031,0.0,0.0,0.0,4680.0,4680.0,1.0,0.0,149760.0,32.0,0.0,2371.0,0.0,2309.0,0.0,0.0,0.0,0.0,mean,0.9086773332136964,0.5602270335153356,0.5333333333333333,0.699807991777858,-0.3441403595784647,,0.0,0.9450014459069909,0.9450014459069908,consensus_mean,consensus_mean,spoof,0.5,6,0
consensus,20,60,ring_plus,-0.4256841089466529,0.4256841089466529,0.5234041270283265,0.0,0.0,0.0,6480.0,6480.0,1.0,0.0,207360.0,32.0,0.0,3290.0,0.0,3190.0,0.0,0.0,0.0,0.0,mean,0.8166924159309921,0.6903316001802402,0.5166666666666667,0.4552623050224734,-0.3141236890397286,16.0,1.0,2.218617553571293,2.218617553571293,consensus_mean,consensus_mean,spoof,0.5,7,0
consensus,20,60,ring_plus,-0.6651826947506683,0.6651826947506683,0.5238805013110319,0.0,0.0,0.0,4200.0,4200.0,1.0,0.0,134400.0,32.0,0.0,2076.0,0.0,2124.0,0.0,0.0,0.0,0.0,mean,0.9758400420220193,0.24555372650731566,0.5833333333333334,0.5726644742018934,-0.2142743196151168,,0.0,0.7964836768628718,0.7964836768628717,consensus_mean,consensus_mean,spoof,0.5,8,0
consensus,20,60,ring_plus,-0.4991882599732303,0.4991882599732303,0.5342133016728653,0.0,0.0,0.0,5280.0,5280.0,1.0,0.0,168960.0,32.0,0.0,2578.0,0.0,2702.0,0.0,0.0,0.0,0.0,mean,0.9255138595451231,0.5252878937772918,0.5666666666666667,0.5059484144833248,-0.23758064783353297,,0.0,0.9413291035084279,0.9413291035084281,consensus_mean,consensus_mean,spoof,0.5,9,0
consensus,20,60,ring_plus,-1.36387198535011,1.36387198535011,1.0636999173135229,0.0,0.0,0.0,5040.0,5040.0,1.0,0.0,161280.0,32.0,0.0,0.0,0.0,5040.0,0.0,0.0,0.0,0.0,mean,0.9853759935046121,0.12695875381137822,0.5333333333333333,1.1551020987383882,-0.15905552140898932,,0.0,1.399646125476325,1.3996461254763248,consensus_mean,consensus_mean,spoof,1.0,0,0
consensus,20,60,ring_plus,-1.016905536975753,1.016905536975753,1.0648959385276244,0.0,0.0,0.0,5400.0,5400.0,1.0,0.0,172800.0,32.0,0.0,0.0,0.0,5400.0,0.0,0.0,0.0,0.0,mean,0.8621874128249408,0.5905283403775411,0.5,0.9391582362375921,-0.2677547900879308,,0.0,1.320493917398932,1.320493917398932,consensus_mean,consensus_mean,spoof,1.0,1,0
consensus,20,60,ring_plus,-0.7227497136956252,0.7227497136956252,1.0503240144706811,0.0,0.0,0.0,6120.0,6120.0,1.0,0.0,195840.0,32.0,0.0,0.0,0.0,6120.0,0.0,0.0,0.0,0.0,mean,0.9883161484563846,0.08905085465447315,0.6,0.8663743678899837,-0.2926395909210858,,0.0,1.55469612182113,1.5546961218211295,consensus_mean,consensus_mean,spoof,1.0,2,0
consensus,20,60,ring_plus,-1.1550583286043208,1.1550583286043208,1.0572096350037785,0.0,0.0,0.0,5040.0,5040.0,1.0,0.0,161280.0,32.0,0.0,0.0,0.0,5040.0,0.0,0.0,0.0,0.0,mean,0.8651771446443276,0.6517495247239317,0.55,1.004518041727583,-0.41819234253749493,,0.0,1.2627284000071304,1.2627284000071306,consensus_mean,consensus_mean,spoof,1.0,3,0
consensus,20,60,ring_plus,-0.7945292658461839,0.7945292658461839,1.0545365684152657,0.0,0.0,0.0,5640.0,5640.0,1.0,0.0,180480.0,32.0,0.0,0.0,0.0,5640.0,0.0,0.0,0.0,0.0,mean,0.9852930201888327,0.16431117339578705,0.55,0.9874716781622195,-0.2438564528787227,,0.0,1.3711704029417888,1.3711704029417888,consensus_mean,consensus_mean,spoof,1.0,4,0
consensus,20,60,ring_plus,-0.8197534095888716,0.8197534095888716,1.0516427464251563,0.0,0.0,0.0,6360.0,6360.0,1.0,0.0,203520.0,32.0,0.0,0.0,0.0,6360.0,0.0,0.0,0.0,0.0,mean,0.9744161079549902,0.29218292810338997,0.55,0.6460832489377769,-0.24093435741803168,,0.0,1.6160985120576443,1.616098512057644,consensus_mean,consensus_mean,spoof,1.0,5,0
consensus,20,60,ring_plus,-0.8143959012632952,0.8143959012632952,1.0985478328214637,0.0,0.0,0.0,4680.0,4680.0,1.0,0.0,149760.0,32.0,0.0,0.0,0.0,4680.0,0.0,0.0,0.0,0.0,mean,0.8907556766534622,0.4495939002971666,0.5333333333333333,1.2451120398803814,-0.3365122974532733,,0.0,0.9450014459069909,0.9450014459069908,consensus_mean,consensus_mean,spoof,1.0,6,0
consensus,20,60,ring_plus,-1.1483295175488848,1.1483295175488848,1.0767745036789431,0.0,0.0,0.0,6480.0,6480.0,1.0,0.0,207360.0,32.0,0.0,0.0,0.0,6480.0,0.0,0.0,0.0,0.0,mean,0.9211228703592658,0.42972191001863724,0.48333333333333334,0.9355262264571255,-0.30207959889635816,,0.0,2.218617553571293,2.218617553571293,consensus_mean,consensus_mean,spoof,1.0,7,0
consensus,20,60,ring_plus,-0.8402066739983735,0.8402066739983735,1.049371525771498,0.0,0.0,0.0,4200.0,4200.0,1.0,0.0,134400.0,32.0,0.0,0.0,0.0,4200.0,0.0,0.0,0.0,0.0,mean,0.9743548057240499,0.31891210426528493,0.5,0.991426619762568,-0.21135725329432173,,0.0,0.7964836768628718,0.7964836768628717,consensus_mean,consensus_mean,spoof,1.0,8,0
consensus,20,60,ring_plus,-1.3576989705436133,1.3576989705436133,1.095662332618813,0.0,0.0,0.0,5280.0,5280.0,1.0,0.0,168960.0,32.0,0.0,0.0,0.0,5280.0,0.0,0.0,0.0,0.0,mean,0.9767306322986955,0.15326422024124242,0.5166666666666667,1.2490177184899556,-0.22327213599069334,,0.0,0.9413291035084279,0.9413291035084281,consensus_mean,consensus_mean,spoof,1.0,9,0
consensus,20,60,ring_plus,-2.7282340889208936e-08,2.7282340889208936e-08,0.0,0.0,0.0,0.0,5040.0,5040.0,1.0,0.0,161280.0,32.0,0.0,5040.0,0.0,0.0,0.0,0.0,0.0,0.0,mean,0.7358942085436929,0.9925317583695167,1.0,1.863792706410515e-07,-0.18178672071011878,9.0,1.0,1.399646125476325,1.3996461254763248,consensus_mean,consensus_mean,jam,0.0,0,0
consensus,20,60,ring_plus,-2.540133107053268e-07,2.540133107053268e-07,0.0,0.0,0.0,0.0,5400.0,5400.0,1.0,0.0,172800.0,32.0,0.0,5400.0,0.0,0.0,0.0,0.0,0.0,0.0,mean,0.7510183855869336,0.998411949153818,1.0,1.799818348342342e-06,-0.28470321147063804,12.0,1.0,1.320493917398932,1.320493917398932,consensus_mean,consensus_mean,jam,0.0,1,0
consensus,20,60,ring_plus,-8.168897270614256e-10,8.168897270614256e-10,0.0,0.0,0.0,0.0,6120.0,6120.0,1.0,0.0,195840.0,32.0,0.0,6120.0,0.0,0.0,0.0,0.0,0.0,0.0,mean,0.6822838278176631,0.9973996316268622,1.0,1.0277110011726397e-08,-0.30468541946906474,9.0,1.0,1.55469612182113,1.5546961218211295,consensus_mean,consensus_mean,jam,0.0,2,0
consensus,20,60,ring_plus,-1.44849267107655e-08,1.44849267107655e-08,0.0,0.0,0.0,0.0,5040.0,5040.0,1.0,0.0,161280.0,32.0,0.0,5040.0,0.0,0.0,0.0,0.0,0.0,0.0,mean,0.7101630463123513,0.9985650726029233,1.0,1.5671518029164446e-07,-0.43744331443948486,11.0,1.0,1.2627284000071304,1.2627284000071306,consensus_mean,consensus_mean,jam,0.0,3,0
consensus,20,60,ring_plus,-9.276754692133524e-08,9.276754692133524e-08,0.0,0.0,0.0,0.0,5640.0,5640.0,1.0,0.0,180480.0,32.0,0.0,5640.0,0.0,0.0,0.0,0.0,0.0,0.0,mean,0.7473228203439312,0.9943839413436558,1.0,5.841762267377446e-07,-0.2570986057633667,9.0,1.0,1.3711704029417888,1.3711704029417888,consensus_mean,consensus_mean,jam,0.0,4,0
consensus,20,60,ring_plus,-2.3477787254070522e-08,2.3477787254070522e-08,0.0,0.0,0.0,0.0,6360.0,6360.0,1.0,0.0,203520.0,32.0,0.0,6360.0,0.0,0.0,0.0,0.0,0.0,0.0,mean,0.7191687973344563,0.9968099910770064,1.0,1.8721703839698926e-07,-0.25459691385321637,11.0,1.0,1.6160985120576443,1.616098512057644,consensus_mean,consensus_mean,jam,0.0,5,0
consensus,20,60,ring_plus,-5.570206765237664e-07,5.570206765237664e-07,0.0,0.0,0.0,0.0,4680.0,4680.0,1.0,0.0,149760.0,32.0,0.0,4680.0,0.0,0.0,0.0,0.0,0.0,0.0,mean,0.7682219554941994,0.9874776436152543,1.0,2.6186758839223734e-06,-0.35008555319065043,9.0,1.0,0.9450014459069909,0.9450014459069908,consensus_mean,consensus_mean,jam,0.0,6,0
consensus,20,60,ring_plus,-1.7240977534037544e-11,1.7240977534037544e-11,0.0,0.0,0.0,0.0,6480.0,6480.0,1.0,0.0,207360.0,32.0,0.0,6480.0,0.0,0.0,0.0,0.0,0.0,0.0,mean,0.6407059489560791,0.9952688870731727,1.0,2.826947437737647e-10,-0.32121842418855234,7.0,1.0,2.218617553571293,2.218617553571293,consensus_mean,consensus_mean,jam,0.0,7,0
consensus,20,60,ring_plus,-4.581667026258216e-05,4.581667026258216e-05,0.0,0.0,0.0,0.0,4200.0,4200.0,1.0,0.0,134400.0,32.0,0.0,4200.0,0.0,0.0,0.0,0.0,0.0,0.0,mean,0.8317451493013875,0.9913815833731552,1.0,0.0001402144553736957,-0.2253599342497902,15.0,1.0,0.7964836768628718,0.7964836768628717,consensus_mean,consensus_mean,jam,0.0,8,0
consensus,20,60,ring_plus,-1.842855635986362e-05,1.842855635986362e-05,0.0,0.0,0.0,0.0,5280.0,5280.0,1.0,0.0,168960.0,32.0,0.0,5280.0,0.0,0.0,0.0,0.0,0.0,0.0,mean,0.8215139615751635,0.9869105412873541,1.0,5.994455747389067e-05,-0.2459001450238141,12.0,1.0,0.9413291035084279,0.9413291035084281,consensus_mean,consensus_mean,jam,0.0,9,0
consensus,20,60,ring_plus,-0.10483826515435675,0.10483826515435675,0.0,0.10714285714285714,0.0,0.0,5040.0,4500.0,0.8928571428571429,0.1071428571428571,144000.0,32.0,0.0,4500.0,0.0,0.0,0.0,540.0,0.0,0.0,mean,0.965213878977596,0.4286256079368258,1.0,0.10539237592808516,-0.18003941674558516,36.0,1.0,1.399646125476325,1.355753295277519,consensus_mean,consensus_mean,jam,0.1,0,0
consensus,20,60,ring_plus,-0.19017073234285103,0.19017073234285103,0.0,0.1,0.0,0.0,5400.0,4860.0,0.9,0.09999999999999998,155520.0,32.0,0.0,4860.0,0.0,0.0,0.0,540.0,0.0,0.0,mean,0.951387217173519,0.8161988242940392,1.0,0.21505171491139988,-0.28153370349847917,,0.0,1.320493917398932,1.3067220124547165,consensus_mean,consensus_mean,jam,0.1,1,0
consensus,20,60,ring_plus,-0.13042471517504417,0.13042471517504417,0.0,0.06862745098039216,0.0,0.0,6120.0,5700.0,0.9313725490196079,0.06862745098039214,182400.0,32.0,0.0,5700.0,0.0,0.0,0.0,420.0,0.0,0.0,mean,0.959083808942184,0.5613974779569357,1.0,0.139948363190232,-0.30251167422976216,36.0,1.0,1.55469612182113,0.8699785139899355,consensus_mean,consensus_mean,jam,0.1,2,0
consensus,20,60,ring_plus,-1.2462214574802932,1.2462214574802932,0.0,0.15476190476190477,0.0,0.0,5040.0,4260.0,0.8452380952380952,0.15476190476190477,136320.0,32.0,0.0,4260.0,0.0,0.0,0.0,780.0,0.0,0.0,mean,0.9593141870931537,0.7996827371043627,0.9333333333333333,1.2463802312103895,-0.41667295705622875,,0.0,1.2627284000071304,1.2594924649021235,consensus_mean,consensus_mean,jam,0.1,3,0
consensus,20,60,ring_plus,-1.5765466766447283,1.5765466766447283,0.0,0.09574468085106383,0.0,0.0,5640.0,5100.0,0.9042553191489362,0.0957446808510638,163200.0,32.0,0.0,5100.0,0.0,0.0,0.0,540.0,0.0,0.0,mean,0.9829077226068738,0.3456282823825949,0.8,1.573037465711912,-0.23082282936541365,,0.0,1.3711704029417888,1.3555111922818643,consensus_mean,consensus_mean,jam,0.1,4,0
consensus,20,60,ring_plus,-1.2227347451288961,1.2227347451288961,0.0,0.0660377358490566,0.0,0.0,6360.0,5940.0,0.9339622641509434,0.06603773584905659,190080.0,32.0,0.0,5940.0,0.0,0.0,0.0,420.0,0.0,0.0,mean,0.9677356450740888,0.969625037099838,1.0,1.4491965423091446,-0.2342180018256979,,0.0,1.6160985120576443,1.1665296618373981,consensus_mean,consensus_mean,jam,0.1,5,0
consensus,20,60,ring_plus,-5.399493729497927,5.399493729497927,0.0,0.10256410256410256,0.0,0.0,4680.0,4200.0,0.8974358974358975,0.10256410256410253,134400.0,32.0,0.0,4200.0,0.0,0.0,0.0,480.0,0.0,0.0,mean,0.9063115236632294,0.6711304397144864,0.18333333333333332,5.395485500302452,-0.26009400031602947,,0.0,0.9450014459069909,0.9269296061447677,consensus_mean,consensus_mean,jam,0.1,6,0
consensus,20,60,ring_plus,-0.41539336597857773,0.41539336597857773,0.0,0.14814814814814814,0.0,0.0,6480.0,5520.0,0.8518518518518519,0.14814814814814814,176640.0,32.0,0.0,5520.0,0.0,0.0,0.0,960.0,0.0,0.0,mean,0.9574703910915542,0.636897226024354,0.8333333333333334,0.41304168724211326,-0.31429520142252987,,0.0,2.218617553571293,2.2131131029340265,consensus_mean,consensus_mean,jam,0.1,7,0
consensus,20,60,ring_plus,-1.01931638181703,1.01931638181703,0.0,0.12857142857142856,0.0,0.0,4200.0,3660.0,0.8714285714285714,0.12857142857142856,117120.0,32.0,0.0,3660.0,0.0,0.0,0.0,540.0,0.0,0.0,mean,0.9700010167135863,0.9173526432791055,1.0,1.0713566175064926,-0.20837209149734412,,0.0,0.7964836768628718,0.7756455591018226,consensus_mean,consensus_mean,jam,0.1,8,0
consensus,20,60,ring_plus,-0.7304240371772934,0.7304240371772934,0.0,0.10227272727272728,0.0,0.0,5280.0,4740.0,0.8977272727272727,0.10227272727272729,151680.0,32.0,0.0,4740.0,0.0,0.0,0.0,540.0,0.0,0.0,mean,0.9731894520453132,0.7297355040600093,1.0,0.766109087943255,-0.2337267182134653,,0.0,0.9413291035084279,0.8042031991139494,consensus_mean,consensus_mean,jam,0.1,9,0
consensus,20,60,ring_plus,-2.4751722137014722,2.4751722137014722,0.0,0.25,0.0,0.0,5040.0,3780.0,0.75,0.25,120960.0,32.0,0.0,3780.0,0.0,0.0,0.0,1260.0,0.0,0.0,mean,0.952445740057481,0.520153802121293,0.31666666666666665,2.4660094057434554,-0.14053385093646653,,0.0,1.399646125476325,0.7328759072995557,consensus_mean,consensus_mean,jam,0.25,0,0
consensus,20,60,ring_plus,-1.7047686303065608,1.7047686303065608,0.0,0.2777777777777778,0.0,0.0,5400.0,3900.0,0.7222222222222222,0.2777777777777778,124800.0,32.0,0.0,3900.0,0.0,0.0,0.0,1500.0,0.0,0.0,mean,0.9866427108295925,0.3211656605332832,1.0,1.7087340326874385,-0.2562904051990839,,0.0,1.320493917398932,0.70949080031589,consensus_mean,consensus_mean,jam,0.25,1,0
consensus,20,60,ring_plus,-5.51956237193113,5.51956237193113,0.0,0.21568627450980393,0.0,0.0,6120.0,4800.0,0.7843137254901961,0.21568627450980393,153600.0,32.0,0.0,4800.0,0.0,0.0,0.0,1320.0,0.0,0.0,mean,0.9056152517244755,0.6768384246432237,0.16666666666666666,5.508619515802219,-0.21269271328382738,,0.0,1.55469612182113,0.8590938956011059,consensus_mean,consensus_mean,jam,0.25,2,0
consensus,20,60,ring_plus,-14.425717771071945,14.425717771071945,0.0,0.30952380952380953,0.0,0.0,5040.0,3480.0,0.6904761904761905,0.30952380952380953,111360.0,32.0,0.0,3480.0,0.0,0.0,0.0,1560.0,0.0,0.0,mean,0.9712489777461386,0.6237358367826882,0.25,14.405038871237409,-0.19701468516303458,,0.0,1.2627284000071304,0.7034053746014614,consensus_mean,consensus_mean,jam,0.25,3,0
consensus,20,60,ring_plus,-3.489440253225625,3.489440253225625,0.0,0.24468085106382978,0.0,0.0,5640.0,4260.0,0.7553191489361702,0.24468085106382975,136320.0,32.0,0.0,4260.0,0.0,0.0,0.0,1380.0,0.0,0.0,mean,0.8980576971935584,0.6514498000828908,0.18333333333333332,3.4803793594357955,-0.198941269755732,,0.0,1.3711704029417888,0.6932116477645714,consensus_mean,consensus_mean,jam,0.25,4,0
consensus,20,60,ring_plus,-5.883856256049275,5.883856256049275,0.0,0.20754716981132076,0.0,0.0,6360.0,5040.0,0.7924528301886793,0.2075471698113207,161280.0,32.0,0.0,5040.0,0.0,0.0,0.0,1320.0,0.0,0.0,mean,0.9928090217824024,0.5690950952765121,1.0,5.9076403181322545,-0.15653264331035827,,0.0,1.6160985120576443,8.788681123263577e-16,consensus_mean,consensus_mean,jam,0.25,5,0
consensus,20,60,ring_plus,-7.531943458176928,7.531943458176928,0.0,0.23076923076923078,0.0,0.0,4680.0,3600.0,0.7692307692307693,0.23076923076923073,115200.0,32.0,0.0,3600.0,0.0,0.0,0.0,1080.0,0.0,0.0,mean,0.9064533027549818,0.6957500130569352,0.21666666666666667,7.531927528332862,-0.2245531715047128,,0.0,0.9450014459069909,0.6516227104008937,consensus_mean,consensus_mean,jam,0.25,6,0
consensus,20,60,ring_plus,-6.132211193467272,6.132211193467272,0.0,0.2962962962962963,0.0,0.0,6480.0,4560.0,0.7037037037037037,0.2962962962962963,145920.0,32.0,0.0,4560.0,0.0,0.0,0.0,1920.0,0.0,0.0,mean,0.8624728247450355,0.7401469808768315,0.7166666666666667,6.132570356262218,-0.21901490429771828,,0.0,2.218617553571293,1.6234402002584751,consensus_mean,consensus_mean,jam,0.25,7,0
consensus,20,60,ring_plus,-3.905434465810149,3.905434465810149,0.0,0.3142857142857143,0.0,0.0,4200.0,2880.0,0.6857142857142857,0.3142857142857143,92160.0,32.0,0.0,2880.0,0.0,0.0,0.0,1320.0,0.0,0.0,mean,0.9905260920751633,0.47423829555511776,0.8333333333333334,3.9000992657549554,-0.1602701234307921,,0.0,0.7964836768628718,0.48285695744342,consensus_mean,consensus_mean,jam,0.25,8,0
consensus,20,60,ring_plus,-2.9050954514055327,2.9050954514055327,0.0,0.20454545454545456,0.0,0.0,5280.0,4200.0,0.7954545454545454,0.20454545454545459,134400.0,32.0,0.0,4200.0,0.0,0.0,0.0,1080.0,0.0,0.0,mean,0.8357929828683983,0.7871394993265902,0.15,2.854165021070056,-0.19748219464299457,,0.0,0.9413291035084279,0.5410467703440894,consensus_mean,consensus_mean,jam,0.25,9,0
consensus,20,60,ring_plus,-7.456567337542388,7.456567337542388,0.0,0.5238095238095238,0.0,0.0,5040.0,2400.0,0.47619047619047616,0.5238095238095238,76800.0,32.0,0.0,2400.0,0.0,0.0,0.0,2640.0,0.0,0.0,mean,0.9988445820644141,0.14498915492056397,0.95,7.456974806678761,-0.057510598872451295,,0.0,1.399646125476325,2.0101208904909568e-16,consensus_mean,consensus_mean,jam,0.5,0,0
consensus,20,60,ring_plus,-5.403111274243923,5.403111274243923,0.0,0.5222222222222223,0.0,0.0,5400.0,2580.0,0.4777777777777778,0.5222222222222221,82560.0,32.0,0.0,2580.0,0.0,0.0,0.0,2820.0,0.0,0.0,mean,0.9948309787261685,0.2294064588400705,1.0,5.40313316215689,-0.19465136113346124,,0.0,1.320493917398932,-2.0216336746729997e-16,consensus_mean,consensus_mean,jam,0.5,1,0
consensus,20,60,ring_plus,-9.732971856002026,9.732971856002026,0.0,0.46078431372549017,0.0,0.0,6120.0,3300.0,0.5392156862745098,0.4607843137254902,105600.0,32.0,0.0,3300.0,0.0,0.0,0.0,2820.0,0.0,0.0,mean,0.9709380274371926,0.6181246469056854,0.25,9.731316662733986,-0.1424692218826458,,0.0,1.55469612182113,7.185689075917253e-16,consensus_mean,consensus_mean,jam,0.5,2,0
consensus,20,60,ring_plus,-16.592249649310958,16.592249649310958,0.0,0.5833333333333334,0.0,0.0,5040.0,2100.0,0.4166666666666667,0.5833333333333333,67200.0,32.0,0.0,2100.0,0.0,0.0,0.0,2940.0,0.0,0.0,mean,0.9656682902341679,0.6123931137580015,0.16666666666666666,16.59022271274286,-0.1609058205257177,,0.0,1.2627284000071304,-2.3898125381316e-16,consensus_mean,consensus_mean,jam,0.5,3,0
consensus,20,60,ring_plus,-10.270751153858447,10.270751153858447,0.0,0.48936170212765956,0.0,0.0,5640.0,2880.0,0.5106382978723404,0.4893617021276596,92160.0,32.0,0.0,2880.0,0.0,0.0,0.0,2760.0,0.0,0.0,mean,0.9989237831848076,0.1253761161766238,0.9666666666666667,10.271432799116988,-0.08591942141185169,,0.0,1.3711704029417888,9.22679146182269e-17,consensus_mean,consensus_mean,jam,0.5,4,0
consensus,20,60,ring_plus,-9.639465803724717,9.639465803724717,0.0,0.42452830188679247,0.0,0.0,6360.0,3660.0,0.5754716981132075,0.42452830188679247,117120.0,32.0,0.0,3660.0,0.0,0.0,0.0,2700.0,0.0,0.0,mean,0.9959453467699874,0.33894695330528113,0.6833333333333333,9.639457669296126,-0.0939391508491009,,0.0,1.6160985120576443,5.533258796772204e-16,consensus_mean,consensus_mean,jam,0.5,5,0
consensus,20,60,ring_plus,-10.375878759471322,10.375878759471322,0.0,0.5256410256410257,0.0,0.0,4680.0,2220.0,0.47435897435897434,0.5256410256410257,71040.0,32.0,0.0,2220.0,0.0,0.0,0.0,2460.0,0.0,0.0,mean,0.917953302548627,0.690640881500517,0.11666666666666667,10.375776460692922,-0.1771542498164729,,0.0,0.9450014459069909,3.928730535098917e-17,consensus_mean,consensus_mean,jam,0.5,6,0
consensus,20,60,ring_plus,-8.29925098439548,8.29925098439548,0.0,0.49074074074074076,0.0,0.0,6480.0,3300.0,0.5092592592592593,0.4907407407407407,105600.0,32.0,0.0,3300.0,0.0,0.0,0.0,3180.0,0.0,0.0,mean,0.9020824294657263,0.6870986823350209,0.11666666666666667,8.299151785805854,-0.18289757444891488,,0.0,2.218617553571293,4.442157626793808e-16,consensus_mean,consensus_mean,jam,0.5,7,0
consensus,20,60,ring_plus,-8.602264810284911,8.602264810284911,0.0,0.5285714285714286,0.0,0.0,4200.0,1980.0,0.4714285714285714,0.5285714285714286,63360.0,32.0,0.0,1980.0,0.0,0.0,0.0,2220.0,0.0,0.0,mean,0.8962230005598332,0.7144590570472895,0.06666666666666667,8.602147962630552,-0.08198961768954609,,0.0,0.7964836768628718,7.218723564701772e-17,consensus_mean,consensus_mean,jam,0.5,8,0
consensus,20,60,ring_plus,-3.8621891728337685,3.8621891728337685,0.0,0.4772727272727273,0.0,0.0,5280.0,2760.0,0.5227272727272727,0.4772727272727273,88320.0,32.0,0.0,2760.0,0.0,0.0,0.0,2520.0,0.0,0.0,mean,0.9159141440177283,0.6697517105467699,0.2,3.861683239220914,-0.18153063261919067,,0.0,0.9413291035084279,4.227176087568643e-16,consensus_mean,consensus_mean,jam,0.5,9,0
consensus,20,60,ring_plus,-8.631491010883254,8.631491010883254,0.0,0.7619047619047619,0.0,0.0,5040.0,1200.0,0.23809523809523808,0.7619047619047619,38400.0,32.0,0.0,1200.0,0.0,0.0,0.0,3840.0,0.0,0.0,mean,0.9993628420880898,0.1203956688415534,1.0,8.631491178220788,-0.03792853765010354,,0.0,1.399646125476325,-2.470145101219242e-16,consensus_mean,consensus_mean,jam,0.75,0,0
consensus,20,60,ring_plus,-10.548565092203717,10.548565092203717,0.0,0.7555555555555555,0.0,0.0,5400.0,1320.0,0.24444444444444444,0.7555555555555555,42240.0,32.0,0.0,1320.0,0.0,0.0,0.0,4080.0,0.0,0.0,mean,0.997988186810628,0.2239133082784166,1.0,10.548610669418592,-0.10889379750079803,,0.0,1.320493917398932,-2.73585982193477e-16,consensus_mean,consensus_mean,jam,0.75,1,0
consensus,20,60,ring_plus,-15.42821315777132,15.42821315777132,0.0,0.7352941176470589,0.0,0.0,6120.0,1620.0,0.2647058823529412,0.7352941176470589,51840.0,32.0,0.0,1620.0,0.0,0.0,0.0,4500.0,0.0,0.0,mean,0.9564879189837913,0.7185003556150555,0.06666666666666667,15.428204541946448,-0.047548533519824215,,0.0,1.55469612182113,-1.0293380571099687e-17,consensus_mean,consensus_mean,jam,0.75,2,0
consensus,20,60,ring_plus,-20.895123212938522,20.895123212938522,0.0,0.7738095238095238,0.0,0.0,5040.0,1140.0,0.2261904761904762,0.7738095238095238,36480.0,32.0,0.0,1140.0,0.0,0.0,0.0,3900.0,0.0,0.0,mean,0.9582833276930014,0.7359534240000019,0.7333333333333333,20.895131544143386,-0.08919126113192496,,0.0,1.2627284000071304,-4.3411469630379086e-16,consensus_mean,consensus_mean,jam,0.75,3,0
consensus,20,60,ring_plus,-14.457419992641253,14.457419992641253,0.0,0.723404255319149,0.0,0.0,5640.0,1560.0,0.2765957446808511,0.7234042553191489,49920.0,32.0,0.0,1560.0,0.0,0.0,0.0,4080.0,0.0,0.0,mean,0.9841916953904022,0.732197886512489,0.8,14.457420342020384,-0.016141607432138255,,0.0,1.3711704029417888,-1.6685486281983725e-16,consensus_mean,consensus_mean,jam,0.75,4,0
consensus,20,60,ring_plus,-13.040681892777508,13.040681892777508,0.0,0.7169811320754716,0.0,0.0,6360.0,1800.0,0.2830188679245283,0.7169811320754718,57600.0,32.0,0.0,1800.0,0.0,0.0,0.0,4560.0,0.0,0.0,mean,0.9996129605419036,0.10320128155842978,1.0,13.040681924791956,-0.03725221603155437,,0.0,1.6160985120576443,3.4135284035789766e-16,consensus_mean,consensus_mean,jam,0.75,5,0
consensus,20,60,ring_plus,-14.871840743650514,14.871840743650514,0.0,0.8076923076923077,0.0,0.0,4680.0,900.0,0.19230769230769232,0.8076923076923077,28800.0,32.0,0.0,900.0,0.0,0.0,0.0,3780.0,0.0,0.0,mean,0.9400682693304404,0.7116704200239097,0.08333333333333333,14.871823393252301,-0.10222155008015302,,0.0,0.9450014459069909,-3.5551152606263237e-16,consensus_mean,consensus_mean,jam,0.75,6,0
consensus,20,60,ring_plus,-16.18224824526866,16.18224824526866,0.0,0.7222222222222222,0.0,0.0,6480.0,1800.0,0.2777777777777778,0.7222222222222222,57600.0,32.0,0.0,1800.0,0.0,0.0,0.0,4680.0,0.0,0.0,mean,0.9653350945330196,0.7704458323312694,0.08333333333333333,16.182246424946946,-0.05151428676769522,,0.0,2.218617553571293,-7.007142901653366e-16,consensus_mean,consensus_mean,jam,0.75,7,0
consensus,20,60,ring_plus,-12.688439345855244,12.688439345855244,0.0,0.7571428571428571,0.0,0.0,4200.0,1020.0,0.24285714285714285,0.7571428571428571,32640.0,32.0,0.0,1020.0,0.0,0.0,0.0,3180.0,0.0,0.0,mean,0.9958731826208413,0.594723618991301,0.6666666666666666,12.6884404565602,-0.013886708763373879,,0.0,0.7964836768628718,-1.3346272666746056e-17,consensus_mean,consensus_mean,jam,0.75,8,0
consensus,20,60,ring_plus,-9.937839665745972,9.937839665745972,0.0,0.75,0.0,0.0,5280.0,1320.0,0.25,0.75,42240.0,32.0,0.0,1320.0,0.0,0.0,0.0,3960.0,0.0,0.0,mean,0.9460738899906753,0.6559181639429668,0.1,9.937838133296658,-0.08026979107065395,,0.0,0.9413291035084279,-5.307638482904972e-16,consensus_mean,consensus_mean,jam,0.75,9,0
consensus,20,60,ring_plus,-2.7282340889208936e-08,2.7282340889208936e-08,0.0,0.0,0.0,0.0,5040.0,5040.0,1.0,0.0,161280.0,32.0,0.0,5040.0,0.0,0.0,0.0,0.0,0.0,0.0,mean,0.7358942085436929,0.9925317583695167,1.0,1.863792706410515e-07,-0.18178672071011878,9.0,1.0,1.399646125476325,1.3996461254763248,consensus_mean,consensus_mean,partition,0.0,0,0
consensus,20,60,ring_plus,-2.540133107053268e-07,2.540133107053268e-07,0.0,0.0,0.0,0.0,5400.0,5400.0,1.0,0.0,172800.0,32.0,0.0,5400.0,0.0,0.0,0.0,0.0,0.0,0.0,mean,0.7510183855869336,0.998411949153818,1.0,1.799818348342342e-06,-0.28470321147063804,12.0,1.0,1.320493917398932,1.320493917398932,consensus_mean,consensus_mean,partition,0.0,1,0
consensus,20,60,ring_plus,-8.168897270614256e-10,8.168897270614256e-10,0.0,0.0,0.0,0.0,6120.0,6120.0,1.0,0.0,195840.0,32.0,0.0,6120.0,0.0,0.0,0.0,0.0,0.0,0.0,mean,0.6822838278176631,0.9973996316268622,1.0,1.0277110011726397e-08,-0.30468541946906474,9.0,1.0,1.55469612182113,1.5546961218211295,consensus_mean,consensus_mean,partition,0.0,2,0
consensus,20,60,ring_plus,-1.44849267107655e-08,1.44849267107655e-08,0.0,0.0,0.0,0.0,5040.0,5040.0,1.0,0.0,161280.0,32.0,0.0,5040.0,0.0,0.0,0.0,0.0,0.0,0.0,mean,0.7101630463123513,0.9985650726029233,1.0,1.5671518029164446e-07,-0.43744331443948486,11.0,1.0,1.2627284000071304,1.2627284000071306,consensus_mean,consensus_mean,partition,0.0,3,0
consensus,20,60,ring_plus,-9.276754692133524e-08,9.276754692133524e-08,0.0,0.0,0.0,0.0,5640.0,5640.0,1.0,0.0,180480.0,32.0,0.0,5640.0,0.0,0.0,0.0,0.0,0.0,0.0,mean,0.7473228203439312,0.9943839413436558,1.0,5.841762267377446e-07,-0.2570986057633667,9.0,1.0,1.3711704029417888,1.3711704029417888,consensus_mean,consensus_mean,partition,0.0,4,0
consensus,20,60,ring_plus,-2.3477787254070522e-08,2.3477787254070522e-08,0.0,0.0,0.0,0.0,6360.0,6360.0,1.0,0.0,203520.0,32.0,0.0,6360.0,0.0,0.0,0.0,0.0,0.0,0.0,mean,0.7191687973344563,0.9968099910770064,1.0,1.8721703839698926e-07,-0.25459691385321637,11.0,1.0,1.6160985120576443,1.616098512057644,consensus_mean,consensus_mean,partition,0.0,5,0
consensus,20,60,ring_plus,-5.570206765237664e-07,5.570206765237664e-07,0.0,0.0,0.0,0.0,4680.0,4680.0,1.0,0.0,149760.0,32.0,0.0,4680.0,0.0,0.0,0.0,0.0,0.0,0.0,mean,0.7682219554941994,0.9874776436152543,1.0,2.6186758839223734e-06,-0.35008555319065043,9.0,1.0,0.9450014459069909,0.9450014459069908,consensus_mean,consensus_mean,partition,0.0,6,0
consensus,20,60,ring_plus,-1.7240977534037544e-11,1.7240977534037544e-11,0.0,0.0,0.0,0.0,6480.0,6480.0,1.0,0.0,207360.0,32.0,0.0,6480.0,0.0,0.0,0.0,0.0,0.0,0.0,mean,0.6407059489560791,0.9952688870731727,1.0,2.826947437737647e-10,-0.32121842418855234,7.0,1.0,2.218617553571293,2.218617553571293,consensus_mean,consensus_mean,partition,0.0,7,0
consensus,20,60,ring_plus,-4.581667026258216e-05,4.581667026258216e-05,0.0,0.0,0.0,0.0,4200.0,4200.0,1.0,0.0,134400.0,32.0,0.0,4200.0,0.0,0.0,0.0,0.0,0.0,0.0,mean,0.8317451493013875,0.9913815833731552,1.0,0.0001402144553736957,-0.2253599342497902,15.0,1.0,0.7964836768628718,0.7964836768628717,consensus_mean,consensus_mean,partition,0.0,8,0
consensus,20,60,ring_plus,-1.842855635986362e-05,1.842855635986362e-05,0.0,0.0,0.0,0.0,5280.0,5280.0,1.0,0.0,168960.0,32.0,0.0,5280.0,0.0,0.0,0.0,0.0,0.0,0.0,mean,0.8215139615751635,0.9869105412873541,1.0,5.994455747389067e-05,-0.2459001450238141,12.0,1.0,0.9413291035084279,0.9413291035084281,consensus_mean,consensus_mean,partition,0.0,9,0
consensus,20,60,ring_plus,-0.10483826515435675,0.10483826515435675,0.0,0.0,0.0,0.0,5040.0,4500.0,0.8928571428571429,0.1071428571428571,144000.0,32.0,0.0,4500.0,0.0,0.0,0.0,0.0,0.0,0.0,mean,0.965213878977596,0.4286256079368258,1.0,0.10539237592808516,-0.18003941674558516,36.0,1.0,1.399646125476325,1.355753295277519,consensus_mean,consensus_mean,partition,0.1,0,0
consensus,20,60,ring_plus,-0.19017073234285103,0.19017073234285103,0.0,0.0,0.0,0.0,5400.0,4860.0,0.9,0.09999999999999998,155520.0,32.0,0.0,4860.0,0.0,0.0,0.0,0.0,0.0,0.0,mean,0.951387217173519,0.8161988242940392,1.0,0.21505171491139988,-0.28153370349847917,,0.0,1.320493917398932,1.3067220124547165,consensus_mean,consensus_mean,partition,0.1,1,0
consensus,20,60,ring_plus,-0.13042471517504417,0.13042471517504417,0.0,0.0,0.0,0.0,6120.0,5700.0,0.9313725490196079,0.06862745098039214,182400.0,32.0,0.0,5700.0,0.0,0.0,0.0,0.0,0.0,0.0,mean,0.959083808942184,0.5613974779569357,1.0,0.139948363190232,-0.30251167422976216,36.0,1.0,1.55469612182113,0.8699785139899355,consensus_mean,consensus_mean,partition,0.1,2,0
consensus,20,60,ring_plus,-1.2462214574802932,1.2462214574802932,0.0,0.0,0.0,0.0,5040.0,4260.0,0.8452380952380952,0.15476190476190477,136320.0,32.0,0.0,4260.0,0.0,0.0,0.0,0.0,0.0,0.0,mean,0.9593141870931537,0.7996827371043627,0.9333333333333333,1.2463802312103895,-0.41667295705622875,,0.0,1.2627284000071304,1.2594924649021235,consensus_mean,consensus_mean,partition,0.1,3,0
consensus,20,60,ring_plus,-1.5765466766447283,1.5765466766447283,0.0,0.0,0.0,0.0,5640.0,5100.0,0.9042553191489362,0.0957446808510638,163200.0,32.0,0.0,5100.0,0.0,0.0,0.0,0.0,0.0,0.0,mean,0.9829077226068738,0.3456282823825949,0.8,1.573037465711912,-0.23082282936541365,,0.0,1.3711704029417888,1.3555111922818643,consensus_mean,consensus_mean,partition,0.1,4,0
consensus,20,60,ring_plus,-1.2227347451288961,1.2227347451288961,0.0,0.0,0.0,0.0,6360.0,5940.0,0.9339622641509434,0.06603773584905659,190080.0,32.0,0.0,5940.0,0.0,0.0,0.0,0.0,0.0,0.0,mean,0.9677356450740888,0.969625037099838,1.0,1.4491965423091446,-0.2342180018256979,,0.0,1.6160985120576443,1.1665296618373981,consensus_mean,consensus_mean,partition,0.1,5,0
consensus,20,60,ring_plus,-5.399493729497927,5.399493729497927,0.0,0.0,0.0,0.0,4680.0,4200.0,0.8974358974358975,0.10256410256410253,134400.0,32.0,0.0,4200.0,0.0,0.0,0.0,0.0,0.0,0.0,mean,0.9063115236632294,0.6711304397144864,0.18333333333333332,5.395485500302452,-0.26009400031602947,,0.0,0.9450014459069909,0.9269296061447677,consensus_mean,consensus_mean,partition,0.1,6,0
consensus,20,60,ring_plus,-0.41539336597857773,0.41539336597857773,0.0,0.0,0.0,0.0,6480.0,5520.0,0.8518518518518519,0.14814814814814814,176640.0,32.0,0.0,5520.0,0.0,0.0,0.0,0.0,0.0,0.0,mean,0.9574703910915542,0.636897226024354,0.8333333333333334,0.41304168724211326,-0.31429520142252987,,0.0,2.218617553571293,2.2131131029340265,consensus_mean,consensus_mean,partition,0.1,7,0
consensus,20,60,ring_plus,-1.01931638181703,1.01931638181703,0.0,0.0,0.0,0.0,4200.0,3660.0,0.8714285714285714,0.12857142857142856,117120.0,32.0,0.0,3660.0,0.0,0.0,0.0,0.0,0.0,0.0,mean,0.9700010167135863,0.9173526432791055,1.0,1.0713566175064926,-0.20837209149734412,,0.0,0.7964836768628718,0.7756455591018226,consensus_mean,consensus_mean,partition,0.1,8,0
consensus,20,60,ring_plus,-0.7304240371772934,0.7304240371772934,0.0,0.0,0.0,0.0,5280.0,4740.0,0.8977272727272727,0.10227272727272729,151680.0,32.0,0.0,4740.0,0.0,0.0,0.0,0.0,0.0,0.0,mean,0.9731894520453132,0.7297355040600093,1.0,0.766109087943255,-0.2337267182134653,,0.0,0.9413291035084279,0.8042031991139494,consensus_mean,consensus_mean,partition,0.1,9,0
consensus,20,60,ring_plus,-2.4751722137014722,2.4751722137014722,0.0,0.0,0.0,0.0,5040.0,3780.0,0.75,0.25,120960.0,32.0,0.0,3780.0,0.0,0.0,0.0,0.0,0.0,0.0,mean,0.952445740057481,0.520153802121293,0.31666666666666665,2.4660094057434554,-0.14053385093646653,,0.0,1.399646125476325,0.7328759072995557,consensus_mean,consensus_mean,partition,0.25,0,0
consensus,20,60,ring_plus,-1.7047686303065608,1.7047686303065608,0.0,0.0,0.0,0.0,5400.0,3900.0,0.7222222222222222,0.2777777777777778,124800.0,32.0,0.0,3900.0,0.0,0.0,0.0,0.0,0.0,0.0,mean,0.9866427108295925,0.3211656605332832,1.0,1.7087340326874385,-0.2562904051990839,,0.0,1.320493917398932,0.70949080031589,consensus_mean,consensus_mean,partition,0.25,1,0
consensus,20,60,ring_plus,-5.51956237193113,5.51956237193113,0.0,0.0,0.0,0.0,6120.0,4800.0,0.7843137254901961,0.21568627450980393,153600.0,32.0,0.0,4800.0,0.0,0.0,0.0,0.0,0.0,0.0,mean,0.9056152517244755,0.6768384246432237,0.16666666666666666,5.508619515802219,-0.21269271328382738,,0.0,1.55469612182113,0.8590938956011059,consensus_mean,consensus_mean,partition,0.25,2,0
consensus,20,60,ring_plus,-14.425717771071945,14.425717771071945,0.0,0.0,0.0,0.0,5040.0,3480.0,0.6904761904761905,0.30952380952380953,111360.0,32.0,0.0,3480.0,0.0,0.0,0.0,0.0,0.0,0.0,mean,0.9712489777461386,0.6237358367826882,0.25,14.405038871237409,-0.19701468516303458,,0.0,1.2627284000071304,0.7034053746014614,consensus_mean,consensus_mean,partition,0.25,3,0
consensus,20,60,ring_plus,-3.489440253225625,3.489440253225625,0.0,0.0,0.0,0.0,5640.0,4260.0,0.7553191489361702,0.24468085106382975,136320.0,32.0,0.0,4260.0,0.0,0.0,0.0,0.0,0.0,0.0,mean,0.8980576971935584,0.6514498000828908,0.18333333333333332,3.4803793594357955,-0.198941269755732,,0.0,1.3711704029417888,0.6932116477645714,consensus_mean,consensus_mean,partition,0.25,4,0
consensus,20,60,ring_plus,-5.883856256049275,5.883856256049275,0.0,0.0,0.0,0.0,6360.0,5040.0,0.7924528301886793,0.2075471698113207,161280.0,32.0,0.0,5040.0,0.0,0.0,0.0,0.0,0.0,0.0,mean,0.9928090217824024,0.5690950952765121,1.0,5.9076403181322545,-0.15653264331035827,,0.0,1.6160985120576443,8.788681123263577e-16,consensus_mean,consensus_mean,partition,0.25,5,0
consensus,20,60,ring_plus,-7.531943458176928,7.531943458176928,0.0,0.0,0.0,0.0,4680.0,3600.0,0.7692307692307693,0.23076923076923073,115200.0,32.0,0.0,3600.0,0.0,0.0,0.0,0.0,0.0,0.0,mean,0.9064533027549818,0.6957500130569352,0.21666666666666667,7.531927528332862,-0.2245531715047128,,0.0,0.9450014459069909,0.6516227104008937,consensus_mean,consensus_mean,partition,0.25,6,0
consensus,20,60,ring_plus,-6.132211193467272,6.132211193467272,0.0,0.0,0.0,0.0,6480.0,4560.0,0.7037037037037037,0.2962962962962963,145920.0,32.0,0.0,4560.0,0.0,0.0,0.0,0.0,0.0,0.0,mean,0.8624728247450355,0.7401469808768315,0.7166666666666667,6.132570356262218,-0.21901490429771828,,0.0,2.218617553571293,1.6234402002584751,consensus_mean,consensus_mean,partition,0.25,7,0
consensus,20,60,ring_plus,-3.905434465810149,3.905434465810149,0.0,0.0,0.0,0.0,4200.0,2880.0,0.6857142857142857,0.3142857142857143,92160.0,32.0,0.0,2880.0,0.0,0.0,0.0,0.0,0.0,0.0,mean,0.9905260920751633,0.47423829555511776,0.8333333333333334,3.9000992657549554,-0.1602701234307921,,0.0,0.7964836768628718,0.48285695744342,consensus_mean,consensus_mean,partition,0.25,8,0
consensus,20,60,ring_plus,-2.9050954514055327,2.9050954514055327,0.0,0.0,0.0,0.0,5280.0,4200.0,0.7954545454545454,0.20454545454545459,134400.0,32.0,0.0,4200.0,0.0,0.0,0.0,0.0,0.0,0.0,mean,0.8357929828683983,0.7871394993265902,0.15,2.854165021070056,-0.19748219464299457,,0.0,0.9413291035084279,0.5410467703440894,consensus_mean,consensus_mean,partition,0.25,9,0
consensus,20,60,ring_plus,-7.456567337542388,7.456567337542388,0.0,0.0,0.0,0.0,5040.0,2400.0,0.47619047619047616,0.5238095238095238,76800.0,32.0,0.0,2400.0,0.0,0.0,0.0,0.0,0.0,0.0,mean,0.9988445820644141,0.14498915492056397,0.95,7.456974806678761,-0.057510598872451295,,0.0,1.399646125476325,2.0101208904909568e-16,consensus_mean,consensus_mean,partition,0.5,0,0
consensus,20,60,ring_plus,-5.403111274243923,5.403111274243923,0.0,0.0,0.0,0.0,5400.0,2580.0,0.4777777777777778,0.5222222222222221,82560.0,32.0,0.0,2580.0,0.0,0.0,0.0,0.0,0.0,0.0,mean,0.9948309787261685,0.2294064588400705,1.0,5.40313316215689,-0.19465136113346124,,0.0,1.320493917398932,-2.0216336746729997e-16,consensus_mean,consensus_mean,partition,0.5,1,0
consensus,20,60,ring_plus,-9.732971856002026,9.732971856002026,0.0,0.0,0.0,0.0,6120.0,3300.0,0.5392156862745098,0.4607843137254902,105600.0,32.0,0.0,3300.0,0.0,0.0,0.0,0.0,0.0,0.0,mean,0.9709380274371926,0.6181246469056854,0.25,9.731316662733986,-0.1424692218826458,,0.0,1.55469612182113,7.185689075917253e-16,consensus_mean,consensus_mean,partition,0.5,2,0
consensus,20,60,ring_plus,-16.592249649310958,16.592249649310958,0.0,0.0,0.0,0.0,5040.0,2100.0,0.4166666666666667,0.5833333333333333,67200.0,32.0,0.0,2100.0,0.0,0.0,0.0,0.0,0.0,0.0,mean,0.9656682902341679,0.6123931137580015,0.16666666666666666,16.59022271274286,-0.1609058205257177,,0.0,1.2627284000071304,-2.3898125381316e-16,consensus_mean,consensus_mean,partition,0.5,3,0
consensus,20,60,ring_plus,-10.270751153858447,10.270751153858447,0.0,0.0,0.0,0.0,5640.0,2880.0,0.5106382978723404,0.4893617021276596,92160.0,32.0,0.0,2880.0,0.0,0.0,0.0,0.0,0.0,0.0,mean,0.9989237831848076,0.1253761161766238,0.9666666666666667,10.271432799116988,-0.08591942141185169,,0.0,1.3711704029417888,9.22679146182269e-17,consensus_mean,consensus_mean,partition,0.5,4,0
consensus,20,60,ring_plus,-9.639465803724717,9.639465803724717,0.0,0.0,0.0,0.0,6360.0,3660.0,0.5754716981132075,0.42452830188679247,117120.0,32.0,0.0,3660.0,0.0,0.0,0.0,0.0,0.0,0.0,mean,0.9959453467699874,0.33894695330528113,0.6833333333333333,9.639457669296126,-0.0939391508491009,,0.0,1.6160985120576443,5.533258796772204e-16,consensus_mean,consensus_mean,partition,0.5,5,0
consensus,20,60,ring_plus,-10.375878759471322,10.375878759471322,0.0,0.0,0.0,0.0,4680.0,2220.0,0.47435897435897434,0.5256410256410257,71040.0,32.0,0.0,2220.0,0.0,0.0,0.0,0.0,0.0,0.0,mean,0.917953302548627,0.690640881500517,0.11666666666666667,10.375776460692922,-0.1771542498164729,,0.0,0.9450014459069909,3.928730535098917e-17,consensus_mean,consensus_mean,partition,0.5,6,0
consensus,20,60,ring_plus,-8.29925098439548,8.29925098439548,0.0,0.0,0.0,0.0,6480.0,3300.0,0.5092592592592593,0.4907407407407407,105600.0,32.0,0.0,3300.0,0.0,0.0,0.0,0.0,0.0,0.0,mean,0.9020824294657263,0.6870986823350209,0.11666666666666667,8.299151785805854,-0.18289757444891488,,0.0,2.218617553571293,4.442157626793808e-16,consensus_mean,consensus_mean,partition,0.5,7,0
consensus,20,60,ring_plus,-8.602264810284911,8.602264810284911,0.0,0.0,0.0,0.0,4200.0,1980.0,0.4714285714285714,0.5285714285714286,63360.0,32.0,0.0,1980.0,0.0,0.0,0.0,0.0,0.0,0.0,mean,0.8962230005598332,0.7144590570472895,0.06666666666666667,8.602147962630552,-0.08198961768954609,,0.0,0.7964836768628718,7.218723564701772e-17,consensus_mean,consensus_mean,partition,0.5,8,0
consensus,20,60,ring_plus,-3.8621891728337685,3.8621891728337685,0.0,0.0,0.0,0.0,5280.0,2760.0,0.5227272727272727,0.4772727272727273,88320.0,32.0,0.0,2760.0,0.0,0.0,0.0,0.0,0.0,0.0,mean,0.9159141440177283,0.6697517105467699,0.2,3.861683239220914,-0.18153063261919067,,0.0,0.9413291035084279,4.227176087568643e-16,consensus_mean,consensus_mean,partition,0.5,9,0
consensus,20,60,ring_plus,-2.7282340889208936e-08,2.7282340889208936e-08,0.0,0.0,0.0,0.0,5040.0,5040.0,1.0,0.0,161280.0,32.0,0.0,5040.0,0.0,0.0,0.0,0.0,0.0,0.0,mean,0.7358942085436929,0.9925317583695167,1.0,1.863792706410515e-07,-0.18178672071011878,9.0,1.0,1.399646125476325,1.3996461254763248,consensus_mean,consensus_mean,crash,0.0,0,0
consensus,20,60,ring_plus,-2.540133107053268e-07,2.540133107053268e-07,0.0,0.0,0.0,0.0,5400.0,5400.0,1.0,0.0,172800.0,32.0,0.0,5400.0,0.0,0.0,0.0,0.0,0.0,0.0,mean,0.7510183855869336,0.998411949153818,1.0,1.799818348342342e-06,-0.28470321147063804,12.0,1.0,1.320493917398932,1.320493917398932,consensus_mean,consensus_mean,crash,0.0,1,0
consensus,20,60,ring_plus,-8.168897270614256e-10,8.168897270614256e-10,0.0,0.0,0.0,0.0,6120.0,6120.0,1.0,0.0,195840.0,32.0,0.0,6120.0,0.0,0.0,0.0,0.0,0.0,0.0,mean,0.6822838278176631,0.9973996316268622,1.0,1.0277110011726397e-08,-0.30468541946906474,9.0,1.0,1.55469612182113,1.5546961218211295,consensus_mean,consensus_mean,crash,0.0,2,0
consensus,20,60,ring_plus,-1.44849267107655e-08,1.44849267107655e-08,0.0,0.0,0.0,0.0,5040.0,5040.0,1.0,0.0,161280.0,32.0,0.0,5040.0,0.0,0.0,0.0,0.0,0.0,0.0,mean,0.7101630463123513,0.9985650726029233,1.0,1.5671518029164446e-07,-0.43744331443948486,11.0,1.0,1.2627284000071304,1.2627284000071306,consensus_mean,consensus_mean,crash,0.0,3,0
consensus,20,60,ring_plus,-9.276754692133524e-08,9.276754692133524e-08,0.0,0.0,0.0,0.0,5640.0,5640.0,1.0,0.0,180480.0,32.0,0.0,5640.0,0.0,0.0,0.0,0.0,0.0,0.0,mean,0.7473228203439312,0.9943839413436558,1.0,5.841762267377446e-07,-0.2570986057633667,9.0,1.0,1.3711704029417888,1.3711704029417888,consensus_mean,consensus_mean,crash,0.0,4,0
consensus,20,60,ring_plus,-2.3477787254070522e-08,2.3477787254070522e-08,0.0,0.0,0.0,0.0,6360.0,6360.0,1.0,0.0,203520.0,32.0,0.0,6360.0,0.0,0.0,0.0,0.0,0.0,0.0,mean,0.7191687973344563,0.9968099910770064,1.0,1.8721703839698926e-07,-0.25459691385321637,11.0,1.0,1.6160985120576443,1.616098512057644,consensus_mean,consensus_mean,crash,0.0,5,0
consensus,20,60,ring_plus,-5.570206765237664e-07,5.570206765237664e-07,0.0,0.0,0.0,0.0,4680.0,4680.0,1.0,0.0,149760.0,32.0,0.0,4680.0,0.0,0.0,0.0,0.0,0.0,0.0,mean,0.7682219554941994,0.9874776436152543,1.0,2.6186758839223734e-06,-0.35008555319065043,9.0,1.0,0.9450014459069909,0.9450014459069908,consensus_mean,consensus_mean,crash,0.0,6,0
consensus,20,60,ring_plus,-1.7240977534037544e-11,1.7240977534037544e-11,0.0,0.0,0.0,0.0,6480.0,6480.0,1.0,0.0,207360.0,32.0,0.0,6480.0,0.0,0.0,0.0,0.0,0.0,0.0,mean,0.6407059489560791,0.9952688870731727,1.0,2.826947437737647e-10,-0.32121842418855234,7.0,1.0,2.218617553571293,2.218617553571293,consensus_mean,consensus_mean,crash,0.0,7,0
consensus,20,60,ring_plus,-4.581667026258216e-05,4.581667026258216e-05,0.0,0.0,0.0,0.0,4200.0,4200.0,1.0,0.0,134400.0,32.0,0.0,4200.0,0.0,0.0,0.0,0.0,0.0,0.0,mean,0.8317451493013875,0.9913815833731552,1.0,0.0001402144553736957,-0.2253599342497902,15.0,1.0,0.7964836768628718,0.7964836768628717,consensus_mean,consensus_mean,crash,0.0,8,0
consensus,20,60,ring_plus,-1.842855635986362e-05,1.842855635986362e-05,0.0,0.0,0.0,0.0,5280.0,5280.0,1.0,0.0,168960.0,32.0,0.0,5280.0,0.0,0.0,0.0,0.0,0.0,0.0,mean,0.8215139615751635,0.9869105412873541,1.0,5.994455747389067e-05,-0.2459001450238141,12.0,1.0,0.9413291035084279,0.9413291035084281,consensus_mean,consensus_mean,crash,0.0,9,0
consensus,20,60,ring_plus,-8.080844219986554e-08,8.080844219986554e-08,0.0,0.0,0.0008462026655383964,4.0,4880.0,4727.0,0.9686475409836065,0.0313524590163935,151264.0,32.0,0.0,4727.0,0.0,0.0,0.0,0.0,0.0,0.0,mean,0.7496441875459806,0.9934987096116022,1.0,5.570006584256094e-07,-0.18178671981801708,11.0,1.0,1.399646125476325,0.8631151107104003,consensus_mean,consensus_mean,crash,0.01,0,0
consensus,20,60,ring_plus,-1.1848000557368206e-06,1.1848000557368206e-06,0.0,0.0,0.0038969473912102187,5.0,4995.0,4619.0,0.9247247247247248,0.07527527527527522,147808.0,32.0,0.0,4619.0,0.0,0.0,0.0,0.0,0.0,0.0,mean,0.7722798920133622,0.9975755394864191,1.0,7.333984979215031e-06,-0.28470319595752575,13.0,1.0,1.320493917398932,0.262611092618669,consensus_mean,consensus_mean,crash,0.01,1,0
consensus,20,60,ring_plus,-2.5892273204585726e-09,2.5892273204585726e-09,0.0,0.0,0.001223348479552604,4.0,5915.0,5722.0,0.9673710904480135,0.032628909551986496,183104.0,32.0,0.0,5722.0,0.0,0.0,0.0,0.0,0.0,0.0,mean,0.6999552769908489,0.9960755188042137,1.0,3.237678951088195e-08,-0.3046854194395259,9.0,1.0,1.55469612182113,0.7250238181320788,consensus_mean,consensus_mean,crash,0.01,2,0
consensus,20,60,ring_plus,-1.14112033938648e-07,1.14112033938648e-07,0.0,0.0,0.003360215053763441,4.0,4735.0,4464.0,0.942766631467793,0.05723336853220695,142848.0,32.0,0.0,4464.0,0.0,0.0,0.0,0.0,0.0,0.0,mean,0.7361918472833223,0.9966727623219499,1.0,9.632178090089543e-07,-0.43744331277903303,12.0,1.0,1.2627284000071304,0.344906779347078,consensus_mean,consensus_mean,crash,0.01,3,0
consensus,20,60,ring_plus,-3.911503729534343e-07,3.911503729534343e-07,0.0,0.0,0.0011627906976744186,4.0,5390.0,5160.0,0.9573283858998145,0.042671614100185495,165120.0,32.0,0.0,5160.0,0.0,0.0,0.0,0.0,0.0,0.0,mean,0.7649248753672976,0.9902855801750111,1.0,1.8782216408310331e-06,-0.2570986007903196,9.0,1.0,1.3711704029417888,0.7084380415199241,consensus_mean,consensus_mean,crash,0.01,4,0
consensus,20,60,ring_plus,-6.148419914406856e-08,6.148419914406856e-08,0.0,0.0,0.0,0.0,6201.0,6042.0,0.9743589743589743,0.02564102564102566,193344.0,32.0,0.0,6042.0,0.0,0.0,0.0,0.0,0.0,0.0,mean,0.728650544039509,0.9968716199223421,1.0,4.6666620977767164e-07,-0.25459691321977623,13.0,1.0,1.6160985120576443,0.8349842312297834,consensus_mean,consensus_mean,crash,0.01,5,0
consensus,20,60,ring_plus,-1.2422099858142996e-06,1.2422099858142996e-06,0.0,0.0,0.0,0.0,4550.0,4420.0,0.9714285714285714,0.02857142857142858,141440.0,32.0,0.0,4420.0,0.0,0.0,0.0,0.0,0.0,0.0,mean,0.7771538394424564,0.9883748851538522,1.0,5.439666568515526e-06,-0.3500855417708284,10.0,1.0,0.9450014459069909,0.36225055426434666,consensus_mean,consensus_mean,crash,0.01,6,0
consensus,20,60,ring_plus,-1.0764441735472255e-10,1.0764441735472255e-10,0.0,0.0,0.0037326697476004265,5.0,6035.0,5626.0,0.9322286661143331,0.06777133388566692,180032.0,32.0,0.0,5626.0,0.0,0.0,0.0,0.0,0.0,0.0,mean,0.6674722610303058,0.9961203805936274,1.0,2.4102200859673652e-09,-0.3212184241870455,7.0,1.0,2.218617553571293,0.5018159078461537,consensus_mean,consensus_mean,crash,0.01,7,0
consensus,20,60,ring_plus,-5.1284727363574115e-05,5.1284727363574115e-05,0.0,0.0,0.0007643312101910828,3.0,4060.0,3925.0,0.9667487684729064,0.03325123152709364,125600.0,32.0,0.0,3925.0,0.0,0.0,0.0,0.0,0.0,0.0,mean,0.8329812689729569,0.9908697397276945,1.0,0.00014789215994359136,-0.22535984311550522,15.0,1.0,0.7964836768628718,0.35204298586935395,consensus_mean,consensus_mean,crash,0.01,8,0
consensus,20,60,ring_plus,-5.16743354389127e-05,5.16743354389127e-05,0.0,0.0,0.004378889144964277,5.0,4783.0,4339.0,0.9071712314447,0.09282876855529998,138848.0,32.0,0.0,4339.0,0.0,0.0,0.0,0.0,0.0,0.0,mean,0.8398718352451865,0.9759118442784542,1.0,0.0001525913984646626,-0.24589959092749622,10.0,1.0,0.9413291035084279,0.13241046283921254,consensus_mean,consensus_mean,crash,0.01,9,0
consensus,20,60,ring_plus,-1.2567002820839883e-06,1.2567002820839883e-06,0.0,0.0,0.029180040852057193,5.0,4125.0,3427.0,0.8307878787878787,0.16921212121212126,109664.0,32.0,0.0,3427.0,0.0,0.0,0.0,0.0,0.0,0.0,mean,0.7816262340964527,0.9899897189440194,1.0,6.227102723521804e-06,-0.18178670021981974,12.0,1.0,1.399646125476325,0.011896850000534835,consensus_mean,consensus_mean,crash,0.05,0,0
consensus,20,60,ring_plus,-5.904561320496923e-05,5.904561320496923e-05,0.0,0.0,0.02207377287249492,5.0,4304.0,3443.0,0.799953531598513,0.200046468401487,110176.0,32.0,0.0,3443.0,0.0,0.0,0.0,0.0,0.0,0.0,mean,0.8224589038479189,0.995640539207833,1.0,0.00021201829331699042,-0.28470223161063996,18.0,1.0,1.320493917398932,0.02200823195664881,consensus_mean,consensus_mean,crash,0.05,1,0
consensus,20,60,ring_plus,-1.126743353828041e-06,1.126743353828041e-06,0.0,0.0,0.03689567430025445,5.0,4858.0,3930.0,0.8089748867846851,0.1910251132153149,125760.0,32.0,0.0,3930.0,0.0,0.0,0.0,0.0,0.0,0.0,mean,0.7681559748711937,0.9977249144775674,1.0,9.782583673000513e-06,-0.3046854007036236,15.0,1.0,1.55469612182113,0.02591160203035214,consensus_mean,consensus_mean,crash,0.05,2,0
consensus,20,60,ring_plus,-5.665959678018562e-06,5.665959678018562e-06,0.0,0.0,0.030141287284144426,5.0,3997.0,3185.0,0.7968476357267951,0.20315236427320493,101920.0,32.0,0.0,3185.0,0.0,0.0,0.0,0.0,0.0,0.0,mean,0.777457619856174,0.990656058454229,1.0,4.011165174634812e-05,-0.437443220248239,20.0,1.0,1.2627284000071304,-1.8573464065978913e-16,consensus_mean,consensus_mean,crash,0.05,3,0
consensus,20,60,ring_plus,-1.0569970825108943e-05,1.0569970825108943e-05,0.0,0.0,0.033490011750881316,7.0,4366.0,3404.0,0.7796610169491526,0.22033898305084743,108928.0,32.0,0.0,3404.0,0.0,0.0,0.0,0.0,0.0,0.0,mean,0.7969192959798207,0.9861306111067064,1.0,1.7582166209189585e-05,-0.25709843114331205,12.0,1.0,1.3711704029417888,-1.052145290176337e-16,consensus_mean,consensus_mean,crash,0.05,4,0
consensus,20,60,ring_plus,-3.710511687010285e-06,3.710511687010285e-06,0.0,0.0,0.028263473053892214,5.0,5139.0,4175.0,0.8124148667055847,0.18758513329441528,133600.0,32.0,0.0,4175.0,0.0,0.0,0.0,0.0,0.0,0.0,mean,0.7807760994705085,0.9953468733426492,1.0,1.8135859892228973e-05,-0.25459685240265134,17.0,1.0,1.6160985120576443,0.0544584614413881,consensus_mean,consensus_mean,crash,0.05,5,0
consensus,20,60,ring_plus,-7.984382183144536e-05,7.984382183144536e-05,0.0,0.0,0.0420863309352518,5.0,3555.0,2780.0,0.7819971870604782,0.21800281293952184,88960.0,32.0,0.0,2780.0,0.0,0.0,0.0,0.0,0.0,0.0,mean,0.8308323648580304,0.987911771372605,1.0,0.00019212486312713517,-0.35008423174396436,14.0,1.0,0.9450014459069909,0.03933805987706032,consensus_mean,consensus_mean,crash,0.05,6,0
consensus,20,60,ring_plus,-2.456028463456216e-08,2.456028463456216e-08,0.0,0.0,0.02838740458015267,5.0,5220.0,4192.0,0.8030651340996169,0.19693486590038312,134144.0,32.0,0.0,4192.0,0.0,0.0,0.0,0.0,0.0,0.0,mean,0.7233238531659133,0.9981953688542111,1.0,2.0992112377288915e-07,-0.3212184237795015,11.0,1.0,2.218617553571293,0.04487420564324698,consensus_mean,consensus_mean,crash,0.05,7,0
consensus,20,60,ring_plus,-0.0008419193772594114,0.0008419193772594114,0.0,0.0,0.03711870635795663,5.0,3364.0,2721.0,0.808858501783591,0.19114149821640902,87072.0,32.0,0.0,2721.0,0.0,0.0,0.0,0.0,0.0,0.0,mean,0.8732313781889985,0.9837034317715022,1.0,0.0019952246609888547,-0.22534666587134028,21.0,1.0,0.7964836768628718,0.05813715647770101,consensus_mean,consensus_mean,crash,0.05,8,0
consensus,20,60,ring_plus,-0.000793951234445955,0.000793951234445955,0.0,0.0,0.06147397834439399,10.0,3860.0,2863.0,0.7417098445595854,0.25829015544041456,91616.0,32.0,0.0,2863.0,0.0,0.0,0.0,0.0,0.0,0.0,mean,0.8617746679671091,0.9807691303286159,1.0,0.0014387860451998944,-0.245887219645846,20.0,1.0,0.9413291035084279,0.003010506751730874,consensus_mean,consensus_mean,crash,0.05,9,0
consensus,20,60,ring_plus,-2.9875666469287247e-05,2.9875666469287247e-05,0.0,0.0,0.13606911447084233,7.0,3318.0,2315.0,0.6977094635322484,0.3022905364677516,74080.0,32.0,0.0,2315.0,0.0,0.0,0.0,0.0,0.0,0.0,mean,0.8181672280014947,0.993763435207009,1.0,0.00010044543609034303,-0.1817862232370499,17.0,1.0,1.399646125476325,0.006974796178107668,consensus_mean,consensus_mean,crash,0.1,0,0
consensus,20,60,ring_plus,-0.00022557558450016755,0.00022557558450016755,0.0,0.0,0.10699111626110468,5.0,3605.0,2589.0,0.7181692094313453,0.2818307905686547,82848.0,32.0,0.0,2589.0,0.0,0.0,0.0,0.0,0.0,0.0,mean,0.8283846989155684,0.9936277368899517,1.0,0.0005711450265926268,-0.28469945611111835,22.0,1.0,1.320493917398932,0.02200823195664871,consensus_mean,consensus_mean,crash,0.1,1,0
consensus,20,60,ring_plus,-1.0707627801937616e-05,1.0707627801937616e-05,0.0,0.0,0.15926071569012976,10.0,3862.0,2543.0,0.6584671154842051,0.3415328845157949,81376.0,32.0,0.0,2543.0,0.0,0.0,0.0,0.0,0.0,0.0,mean,0.7914215434382209,0.9948540733442363,1.0,3.723308116180377e-05,-0.3046852410222162,16.0,1.0,1.55469612182113,-2.0865475636884856e-16,consensus_mean,consensus_mean,crash,0.1,2,0
consensus,20,60,ring_plus,-0.0001620979107711208,0.0001620979107711208,0.0,0.0,0.11743772241992882,5.0,3310.0,2248.0,0.679154078549849,0.320845921450151,71936.0,32.0,0.0,2248.0,0.0,0.0,0.0,0.0,0.0,0.0,mean,0.8366893953212435,0.9898155028917816,1.0,0.000585239769332001,-0.4374406130490543,17.0,1.0,1.2627284000071304,0.010185226820401677,consensus_mean,consensus_mean,crash,0.1,3,0
consensus,20,60,ring_plus,-0.00033333424041241216,0.00033333424041241216,0.0,0.0,0.13993584603047313,10.0,3635.0,2494.0,0.6861072902338377,0.31389270976616235,79808.0,32.0,0.0,2494.0,0.0,0.0,0.0,0.0,0.0,0.0,mean,0.8402573982947891,0.9860908747296396,1.0,0.0005678999794562204,-0.25709305173881897,20.0,1.0,1.3711704029417888,-1.6911080128972881e-16,consensus_mean,consensus_mean,crash,0.1,4,0
consensus,20,60,ring_plus,-5.876541223585316e-05,5.876541223585316e-05,0.0,0.0,0.10440513354144988,5.0,4230.0,2883.0,0.6815602836879433,0.3184397163120567,92256.0,32.0,0.0,2883.0,0.0,0.0,0.0,0.0,0.0,0.0,mean,0.8239521919675231,0.9908368727912586,1.0,0.00020588955343301145,-0.2545959348209756,18.0,1.0,1.6160985120576443,-1.797607971426218e-16,consensus_mean,consensus_mean,crash,0.1,5,0
consensus,20,60,ring_plus,-0.0020971747332972873,0.0020971747332972873,0.0,0.0,0.15641646489104116,5.0,3018.0,2065.0,0.6842279655400928,0.3157720344599072,66080.0,32.0,0.0,2065.0,0.0,0.0,0.0,0.0,0.0,0.0,mean,0.8707228107777089,0.9951362401682486,1.0,0.004623480309127894,-0.35005060956210665,26.0,1.0,0.9450014459069909,-1.8389193186841433e-16,consensus_mean,consensus_mean,crash,0.1,6,0
consensus,20,60,ring_plus,-2.1188842704712965e-05,2.1188842704712965e-05,0.0,0.0,0.13367235742826009,6.0,4113.0,2753.0,0.6693411135424264,0.3306588864575736,88096.0,32.0,0.0,2753.0,0.0,0.0,0.0,0.0,0.0,0.0,mean,0.8028089957156292,0.9908214050837084,1.0,0.00011727156069498057,-0.3212180710414612,19.0,1.0,2.218617553571293,0.010052703036984058,consensus_mean,consensus_mean,crash,0.1,7,0
consensus,20,60,ring_plus,-0.008321266633414355,0.008321266633414355,0.0,0.0,0.13084603258013663,5.0,2772.0,1903.0,0.6865079365079365,0.3134920634920635,60896.0,32.0,0.0,1903.0,0.0,0.0,0.0,0.0,0.0,0.0,mean,0.9053282592807707,0.9757532342238892,1.0,0.014175903402986,-0.22522201008373777,32.0,1.0,0.7964836768628718,0.016479909536109654,consensus_mean,consensus_mean,crash,0.1,8,0
consensus,20,60,ring_plus,-0.0027469948333607714,0.0027469948333607714,0.0,0.0,0.15473977695167287,7.0,3260.0,2152.0,0.660122699386503,0.33987730061349697,68864.0,32.0,0.0,2152.0,0.0,0.0,0.0,0.0,0.0,0.0,mean,0.8863367688610353,0.9478404828144169,0.9833333333333333,0.0042656550126746965,-0.24585466891919747,17.0,1.0,0.9413291035084279,-2.4535964053121496e-16,consensus_mean,consensus_mean,crash,0.1,9,0
consensus,20,60,ring_plus,-0.006445123895895803,0.006445123895895803,0.0,0.0,0.5358004827031375,10.0,2319.0,1243.0,0.5360068995256576,0.4639931004743424,39776.0,32.0,0.0,1243.0,0.0,0.0,0.0,0.0,0.0,0.0,mean,0.8976263203802471,0.9853990548771181,1.0,0.01713451268730493,-0.18167930243322622,36.0,1.0,1.399646125476325,-1.1875190474389153e-16,consensus_mean,consensus_mean,crash,0.2,0,0
consensus,20,60,ring_plus,-0.010221253683420905,0.010221253683420905,0.0,0.0,0.3836477987421384,8.0,2594.0,1431.0,0.5516576715497301,0.4483423284502699,45792.0,32.0,0.0,1431.0,0.0,0.0,0.0,0.0,0.0,0.0,mean,0.8881357590359393,0.9901526218537955,1.0,0.016080292121111728,-0.2845328614761362,34.0,1.0,1.320493917398932,0.022008231956648725,consensus_mean,consensus_mean,crash,0.2,1,0
consensus,20,60,ring_plus,-0.0011894160440386009,0.0011894160440386009,0.0,0.0,0.489375,14.0,2895.0,1600.0,0.5526770293609672,0.4473229706390328,51200.0,32.0,0.0,1600.0,0.0,0.0,0.0,0.0,0.0,0.0,mean,0.859040636156371,0.9868846154502676,1.0,0.0027779224901060408,-0.30466559588194553,22.0,1.0,1.55469612182113,-1.6752884402798957e-16,consensus_mean,consensus_mean,crash,0.2,2,0
consensus,20,60,ring_plus,-0.01381691649714822,0.01381691649714822,0.0,0.0,0.4091266719118804,8.0,2383.0,1271.0,0.5333613092740244,0.46663869072597564,40672.0,32.0,0.0,1271.0,0.0,0.0,0.0,0.0,0.0,0.0,mean,0.880154899615833,0.9637311440052367,0.9833333333333333,0.021672000395380777,-0.43721303273928125,29.0,1.0,1.2627284000071304,-1.529520245905024e-16,consensus_mean,consensus_mean,crash,0.2,3,0
consensus,20,60,ring_plus,-0.002179434977600622,0.002179434977600622,0.0,0.0,0.5542774982027319,10.0,2513.0,1391.0,0.5535216872264226,0.4464783127735774,44512.0,32.0,0.0,1391.0,0.0,0.0,0.0,0.0,0.0,0.0,mean,0.870376640842881,0.990666271856779,1.0,0.00399675129947096,-0.2570622833931991,29.0,1.0,1.3711704029417888,-1.4493572421411855e-16,consensus_mean,consensus_mean,crash,0.2,4,0
consensus,20,60,ring_plus,-0.0066220306853812866,0.0066220306853812866,0.0,0.0,0.4123059229442208,10.0,3063.0,1739.0,0.5677440417890957,0.43225595821090435,55648.0,32.0,0.0,1739.0,0.0,0.0,0.0,0.0,0.0,0.0,mean,0.8796848759607323,0.9887278890327783,1.0,0.011481306933203912,-0.2544865470664231,32.0,1.0,1.6160985120576443,-1.9666269803684734e-16,consensus_mean,consensus_mean,crash,0.2,5,0
consensus,20,60,ring_plus,-0.0262881864203402,0.0262881864203402,0.0,0.0,0.5869565217391305,11.0,1942.0,1012.0,0.5211122554067971,0.47888774459320294,32384.0,32.0,0.0,1012.0,0.0,0.0,0.0,0.0,0.0,0.0,mean,0.9122421508221336,0.981645036911807,0.9833333333333333,0.06218376372861315,-0.3496474260339893,42.0,1.0,0.9450014459069909,-9.863018147534157e-17,consensus_mean,consensus_mean,crash,0.2,6,0
consensus,20,60,ring_plus,-0.0027305955669553795,0.0027305955669553795,0.0,0.0,0.6028131279303416,10.0,2736.0,1493.0,0.5456871345029239,0.45431286549707606,47776.0,32.0,0.0,1493.0,0.0,0.0,0.0,0.0,0.0,0.0,mean,0.8749691592621308,0.9899664596624639,1.0,0.01168482418404178,-0.32117291426272365,29.0,1.0,2.218617553571293,-2.445755923899845e-16,consensus_mean,consensus_mean,crash,0.2,7,0
consensus,20,60,ring_plus,-0.08621618481524895,0.08621618481524895,0.0,0.0,0.5734732824427481,10.0,1840.0,1048.0,0.5695652173913044,0.4304347826086956,33536.0,32.0,0.0,1048.0,0.0,0.0,0.0,0.0,0.0,0.0,mean,0.9322167556406826,0.9422622404056809,0.9833333333333333,0.12555085480648318,-0.22392376144737375,54.0,1.0,0.7964836768628718,-1.7399770028167544e-16,consensus_mean,consensus_mean,crash,0.2,8,0
consensus,20,60,ring_plus,-0.02043204893479915,0.02043204893479915,0.0,0.0,0.5549658832448825,10.0,2329.0,1319.0,0.566337483898669,0.433662516101331,42208.0,32.0,0.0,1319.0,0.0,0.0,0.0,0.0,0.0,0.0,mean,0.9103113240464684,0.9496355275838746,0.9833333333333333,0.026444079236427383,-0.24555991801750687,36.0,1.0,0.9413291035084279,-1.841936275651847e-16,consensus_mean,consensus_mean,crash,0.2,9,0
consensus,20,60,ring_plus,-2.7282340889208936e-08,2.7282340889208936e-08,0.0,0.0,0.0,0.0,5040.0,5040.0,1.0,0.0,161280.0,32.0,0.0,5040.0,0.0,0.0,0.0,0.0,0.0,0.0,mean,0.7358942085436929,0.9925317583695167,1.0,1.863792706410515e-07,-0.18178672071011878,9.0,1.0,1.399646125476325,1.3996461254763248,consensus_mean,consensus_mean,sensor_noise,0.0,0,0
consensus,20,60,ring_plus,-2.540133107053268e-07,2.540133107053268e-07,0.0,0.0,0.0,0.0,5400.0,5400.0,1.0,0.0,172800.0,32.0,0.0,5400.0,0.0,0.0,0.0,0.0,0.0,0.0,mean,0.7510183855869336,0.998411949153818,1.0,1.799818348342342e-06,-0.28470321147063804,12.0,1.0,1.320493917398932,1.320493917398932,consensus_mean,consensus_mean,sensor_noise,0.0,1,0
consensus,20,60,ring_plus,-8.168897270614256e-10,8.168897270614256e-10,0.0,0.0,0.0,0.0,6120.0,6120.0,1.0,0.0,195840.0,32.0,0.0,6120.0,0.0,0.0,0.0,0.0,0.0,0.0,mean,0.6822838278176631,0.9973996316268622,1.0,1.0277110011726397e-08,-0.30468541946906474,9.0,1.0,1.55469612182113,1.5546961218211295,consensus_mean,consensus_mean,sensor_noise,0.0,2,0
consensus,20,60,ring_plus,-1.44849267107655e-08,1.44849267107655e-08,0.0,0.0,0.0,0.0,5040.0,5040.0,1.0,0.0,161280.0,32.0,0.0,5040.0,0.0,0.0,0.0,0.0,0.0,0.0,mean,0.7101630463123513,0.9985650726029233,1.0,1.5671518029164446e-07,-0.43744331443948486,11.0,1.0,1.2627284000071304,1.2627284000071306,consensus_mean,consensus_mean,sensor_noise,0.0,3,0
consensus,20,60,ring_plus,-9.276754692133524e-08,9.276754692133524e-08,0.0,0.0,0.0,0.0,5640.0,5640.0,1.0,0.0,180480.0,32.0,0.0,5640.0,0.0,0.0,0.0,0.0,0.0,0.0,mean,0.7473228203439312,0.9943839413436558,1.0,5.841762267377446e-07,-0.2570986057633667,9.0,1.0,1.3711704029417888,1.3711704029417888,consensus_mean,consensus_mean,sensor_noise,0.0,4,0
consensus,20,60,ring_plus,-2.3477787254070522e-08,2.3477787254070522e-08,0.0,0.0,0.0,0.0,6360.0,6360.0,1.0,0.0,203520.0,32.0,0.0,6360.0,0.0,0.0,0.0,0.0,0.0,0.0,mean,0.7191687973344563,0.9968099910770064,1.0,1.8721703839698926e-07,-0.25459691385321637,11.0,1.0,1.6160985120576443,1.616098512057644,consensus_mean,consensus_mean,sensor_noise,0.0,5,0
consensus,20,60,ring_plus,-5.570206765237664e-07,5.570206765237664e-07,0.0,0.0,0.0,0.0,4680.0,4680.0,1.0,0.0,149760.0,32.0,0.0,4680.0,0.0,0.0,0.0,0.0,0.0,0.0,mean,0.7682219554941994,0.9874776436152543,1.0,2.6186758839223734e-06,-0.35008555319065043,9.0,1.0,0.9450014459069909,0.9450014459069908,consensus_mean,consensus_mean,sensor_noise,0.0,6,0
consensus,20,60,ring_plus,-1.7240977534037544e-11,1.7240977534037544e-11,0.0,0.0,0.0,0.0,6480.0,6480.0,1.0,0.0,207360.0,32.0,0.0,6480.0,0.0,0.0,0.0,0.0,0.0,0.0,mean,0.6407059489560791,0.9952688870731727,1.0,2.826947437737647e-10,-0.32121842418855234,7.0,1.0,2.218617553571293,2.218617553571293,consensus_mean,consensus_mean,sensor_noise,0.0,7,0
consensus,20,60,ring_plus,-4.581667026258216e-05,4.581667026258216e-05,0.0,0.0,0.0,0.0,4200.0,4200.0,1.0,0.0,134400.0,32.0,0.0,4200.0,0.0,0.0,0.0,0.0,0.0,0.0,mean,0.8317451493013875,0.9913815833731552,1.0,0.0001402144553736957,-0.2253599342497902,15.0,1.0,0.7964836768628718,0.7964836768628717,consensus_mean,consensus_mean,sensor_noise,0.0,8,0
consensus,20,60,ring_plus,-1.842855635986362e-05,1.842855635986362e-05,0.0,0.0,0.0,0.0,5280.0,5280.0,1.0,0.0,168960.0,32.0,0.0,5280.0,0.0,0.0,0.0,0.0,0.0,0.0,mean,0.8215139615751635,0.9869105412873541,1.0,5.994455747389067e-05,-0.2459001450238141,12.0,1.0,0.9413291035084279,0.9413291035084281,consensus_mean,consensus_mean,sensor_noise,0.0,9,0
consensus,20,60,ring_plus,-0.0036307091877375228,0.0036307091877375228,0.0,0.0,0.0,0.0,5040.0,5040.0,1.0,0.0,161280.0,32.0,0.0,5040.0,0.0,0.0,0.0,0.0,0.0,0.0,mean,0.8494754738459989,0.7682241415541903,0.6166666666666667,0.006164550924041915,-0.18172620934502884,9.0,1.0,1.399646125476325,1.3996461254763248,consensus_mean,consensus_mean,sensor_noise,0.1,0,0
consensus,20,60,ring_plus,-0.0023136955412386482,0.0023136955412386482,0.0,0.0,0.0,0.0,5400.0,5400.0,1.0,0.0,172800.0,32.0,0.0,5400.0,0.0,0.0,0.0,0.0,0.0,0.0,mean,0.8457971210127505,0.9064264734758865,0.7333333333333333,0.0036679882870103413,-0.2846646541118394,13.0,1.0,1.320493917398932,1.320493917398932,consensus_mean,consensus_mean,sensor_noise,0.1,1,0
consensus,20,60,ring_plus,-0.0033665096944966036,0.0033665096944966036,0.0,0.0,0.0,0.0,6120.0,6120.0,1.0,0.0,195840.0,32.0,0.0,6120.0,0.0,0.0,0.0,0.0,0.0,0.0,mean,0.6796758955041541,0.9675236907861559,0.6,0.004424014722050003,-0.3046293109877713,9.0,1.0,1.55469612182113,1.5546961218211295,consensus_mean,consensus_mean,sensor_noise,0.1,2,0
consensus,20,60,ring_plus,-0.003851429101195377,0.003851429101195377,0.0,0.0,0.0,0.0,5040.0,5040.0,1.0,0.0,161280.0,32.0,0.0,5040.0,0.0,0.0,0.0,0.0,0.0,0.0,mean,0.7753250437232722,0.9311156721165785,0.7166666666666667,0.0038567806596912276,-0.4373791241958803,11.0,1.0,1.2627284000071304,1.2627284000071306,consensus_mean,consensus_mean,sensor_noise,0.1,3,0
consensus,20,60,ring_plus,-0.0029501806758125537,0.0029501806758125537,0.0,0.0,0.0,0.0,5640.0,5640.0,1.0,0.0,180480.0,32.0,0.0,5640.0,0.0,0.0,0.0,0.0,0.0,0.0,mean,0.8789468890728902,0.7878573527999467,0.7,0.002325679045698898,-0.2570494376315622,9.0,1.0,1.3711704029417888,1.3711704029417888,consensus_mean,consensus_mean,sensor_noise,0.1,4,0
consensus,20,60,ring_plus,-0.0022819015653162914,0.0022819015653162914,0.0,0.0,0.0,0.0,6360.0,6360.0,1.0,0.0,203520.0,32.0,0.0,6360.0,0.0,0.0,0.0,0.0,0.0,0.0,mean,0.8027952387644314,0.853763309237303,0.7166666666666667,0.003556927711476917,-0.25455888255175757,11.0,1.0,1.6160985120576443,1.616098512057644,consensus_mean,consensus_mean,sensor_noise,0.1,5,0
consensus,20,60,ring_plus,-0.004607097130534437,0.004607097130534437,0.0,0.0,0.0,0.0,4680.0,4680.0,1.0,0.0,149760.0,32.0,0.0,4680.0,0.0,0.0,0.0,0.0,0.0,0.0,mean,0.7952509227079047,0.8884173529971495,0.7,0.006050672735816272,-0.3500087775221526,10.0,1.0,0.9450014459069909,0.9450014459069908,consensus_mean,consensus_mean,sensor_noise,0.1,6,0
consensus,20,60,ring_plus,-0.0030256349481217414,0.0030256349481217414,0.0,0.0,0.0,0.0,6480.0,6480.0,1.0,0.0,207360.0,32.0,0.0,6480.0,0.0,0.0,0.0,0.0,0.0,0.0,mean,0.7933882044556465,0.7481157316946985,0.6166666666666667,0.004256267270197376,-0.3211679969397041,7.0,1.0,2.218617553571293,2.218617553571293,consensus_mean,consensus_mean,sensor_noise,0.1,7,0
consensus,20,60,ring_plus,-0.004754392344108917,0.004754392344108917,0.0,0.0,0.0,0.0,4200.0,4200.0,1.0,0.0,134400.0,32.0,0.0,4200.0,0.0,0.0,0.0,0.0,0.0,0.0,mean,0.8224611700103176,0.9687690950648445,0.7666666666666667,0.004564304998961937,-0.22528145798855942,15.0,1.0,0.7964836768628718,0.7964836768628717,consensus_mean,consensus_mean,sensor_noise,0.1,8,0
consensus,20,60,ring_plus,-0.004791551132843634,0.004791551132843634,0.0,0.0,0.0,0.0,5280.0,5280.0,1.0,0.0,168960.0,32.0,0.0,5280.0,0.0,0.0,0.0,0.0,0.0,0.0,mean,0.8951783357660548,0.7634079415866453,0.7333333333333333,0.006036654824374539,-0.2458205929808727,12.0,1.0,0.9413291035084279,0.9413291035084281,consensus_mean,consensus_mean,sensor_noise,0.1,9,0
consensus,20,60,ring_plus,-0.03267342056966451,0.03267342056966451,0.0,0.0,0.0,0.0,5040.0,5040.0,1.0,0.0,161280.0,32.0,0.0,5040.0,0.0,0.0,0.0,0.0,0.0,0.0,mean,0.9076172900857425,0.6276242295864625,0.5666666666666667,0.05565906935969622,-0.18124216415533007,11.0,1.0,1.399646125476325,1.3996461254763248,consensus_mean,consensus_mean,sensor_noise,0.3,0,0
consensus,20,60,ring_plus,-0.020805121879306162,0.020805121879306162,0.0,0.0,0.0,0.0,5400.0,5400.0,1.0,0.0,172800.0,32.0,0.0,5400.0,0.0,0.0,0.0,0.0,0.0,0.0,mean,0.896101394283073,0.8337033253173767,0.6333333333333333,0.03276897594584661,-0.2843564636728715,15.0,1.0,1.320493917398932,1.320493917398932,consensus_mean,consensus_mean,sensor_noise,0.3,1,0
consensus,20,60,ring_plus,-0.030300492532500483,0.030300492532500483,0.0,0.0,0.0,0.0,6120.0,6120.0,1.0,0.0,195840.0,32.0,0.0,6120.0,0.0,0.0,0.0,0.0,0.0,0.0,mean,0.7854514313915909,0.8155100128169928,0.5833333333333334,0.039829649649220894,-0.30418041127380463,9.0,1.0,1.55469612182113,1.5546961218211295,consensus_mean,consensus_mean,sensor_noise,0.3,2,0
consensus,20,60,ring_plus,-0.03468125776687955,0.03468125776687955,0.0,0.0,0.0,0.0,5040.0,5040.0,1.0,0.0,161280.0,32.0,0.0,5040.0,0.0,0.0,0.0,0.0,0.0,0.0,mean,0.8364227083976046,0.8293497709459103,0.6666666666666666,0.0346398733732692,-0.436865293718119,11.0,1.0,1.2627284000071304,1.2627284000071306,consensus_mean,consensus_mean,sensor_noise,0.3,3,0
consensus,20,60,ring_plus,-0.026696480807578655,0.026696480807578655,0.0,0.0,0.0,0.0,5640.0,5640.0,1.0,0.0,180480.0,32.0,0.0,5640.0,0.0,0.0,0.0,0.0,0.0,0.0,mean,0.9243213220159152,0.6804131639794364,0.6166666666666667,0.020972966089451973,-0.25665366596269945,10.0,1.0,1.3711704029417888,1.3711704029417888,consensus_mean,consensus_mean,sensor_noise,0.3,4,0
consensus,20,60,ring_plus,-0.020545949122220575,0.020545949122220575,0.0,0.0,0.0,0.0,6360.0,6360.0,1.0,0.0,203520.0,32.0,0.0,6360.0,0.0,0.0,0.0,0.0,0.0,0.0,mean,0.8698076652879584,0.690000929157455,0.65,0.032113048706702375,-0.2542544817591425,12.0,1.0,1.6160985120576443,1.616098512057644,consensus_mean,consensus_mean,sensor_noise,0.3,5,0
consensus,20,60,ring_plus,-0.0415056206416329,0.0415056206416329,0.0,0.0,0.0,0.0,4680.0,4680.0,1.0,0.0,149760.0,32.0,0.0,4680.0,0.0,0.0,0.0,0.0,0.0,0.0,mean,0.8621448409313096,0.756889503221698,0.6333333333333333,0.05430240896283548,-0.34939380213030097,12.0,1.0,0.9450014459069909,0.9450014459069908,consensus_mean,consensus_mean,sensor_noise,0.3,6,0
consensus,20,60,ring_plus,-0.027230168527185277,0.027230168527185277,0.0,0.0,0.0,0.0,6480.0,6480.0,1.0,0.0,207360.0,32.0,0.0,6480.0,0.0,0.0,0.0,0.0,0.0,0.0,mean,0.6605081343306409,0.8987365361478785,0.5666666666666667,0.038301779160625826,-0.32076458804671976,7.0,1.0,2.218617553571293,2.218617553571293,consensus_mean,consensus_mean,sensor_noise,0.3,7,0
consensus,20,60,ring_plus,-0.04434714850101433,0.04434714850101433,0.0,0.0,0.0,0.0,4200.0,4200.0,1.0,0.0,134400.0,32.0,0.0,4200.0,0.0,0.0,0.0,0.0,0.0,0.0,mean,0.8674808942647948,0.8487696706969378,0.6833333333333333,0.04214198657944998,-0.22462157871927776,17.0,1.0,0.7964836768628718,0.7964836768628717,consensus_mean,consensus_mean,sensor_noise,0.3,8,0
consensus,20,60,ring_plus,-0.04063013750543716,0.04063013750543716,0.0,0.0,0.0,0.0,5280.0,5280.0,1.0,0.0,168960.0,32.0,0.0,5280.0,0.0,0.0,0.0,0.0,0.0,0.0,mean,0.7958045735386501,0.899824896016054,0.6166666666666667,0.05042314313667651,-0.24522328320799622,14.0,1.0,0.9413291035084279,0.9413291035084281,consensus_mean,consensus_mean,sensor_noise,0.3,9,0
consensus,20,60,ring_plus,-0.09075792871310318,0.09075792871310318,0.0,0.0,0.0,0.0,5040.0,5040.0,1.0,0.0,161280.0,32.0,0.0,5040.0,0.0,0.0,0.0,0.0,0.0,0.0,mean,0.9311257625491185,0.5683830818827695,0.5166666666666667,0.15470797359016622,-0.1802740890196061,16.0,1.0,1.399646125476325,1.3996461254763248,consensus_mean,consensus_mean,sensor_noise,0.5,0,0
consensus,20,60,ring_plus,-0.057782605926989146,0.057782605926989146,0.0,0.0,0.0,0.0,5400.0,5400.0,1.0,0.0,172800.0,32.0,0.0,5400.0,0.0,0.0,0.0,0.0,0.0,0.0,mean,0.9185200725789265,0.7881922112615752,0.5666666666666667,0.09089477790003254,-0.28374017227207676,24.0,1.0,1.320493917398932,1.320493917398932,consensus_mean,consensus_mean,sensor_noise,0.5,1,0
consensus,20,60,ring_plus,-0.0841690954808912,0.0841690954808912,0.0,0.0,0.0,0.0,6120.0,6120.0,1.0,0.0,195840.0,32.0,0.0,6120.0,0.0,0.0,0.0,0.0,0.0,0.0,mean,0.8305379486327676,0.7123168903248447,0.55,0.11064545262611301,-0.30328260122466477,9.0,1.0,1.55469612182113,1.5546961218211295,consensus_mean,consensus_mean,sensor_noise,0.5,2,0
consensus,20,60,ring_plus,-0.09634708567675952,0.09634708567675952,0.0,0.0,0.0,0.0,5040.0,5040.0,1.0,0.0,161280.0,32.0,0.0,5040.0,0.0,0.0,0.0,0.0,0.0,0.0,mean,0.867575937389804,0.7674009810852213,0.6166666666666667,0.09618275918625535,-0.43583752991962105,13.0,1.0,1.2627284000071304,1.2627284000071306,consensus_mean,consensus_mean,sensor_noise,0.5,3,0
consensus,20,60,ring_plus,-0.07423761335965791,0.07423761335965791,0.0,0.0,0.0,0.0,5640.0,5640.0,1.0,0.0,180480.0,32.0,0.0,5640.0,0.0,0.0,0.0,0.0,0.0,0.0,mean,0.9434171717373486,0.6038221577768559,0.6,0.058283049539616744,-0.25586131375349813,18.0,1.0,1.3711704029417888,1.3711704029417888,consensus_mean,consensus_mean,sensor_noise,0.5,4,0
consensus,20,60,ring_plus,-0.05707705185491985,0.05707705185491985,0.0,0.0,0.0,0.0,6360.0,6360.0,1.0,0.0,203520.0,32.0,0.0,6360.0,0.0,0.0,0.0,0.0,0.0,0.0,mean,0.8995049262751958,0.6070779416891386,0.65,0.08925935637705906,-0.25364563004693086,13.0,1.0,1.6160985120576443,1.616098512057644,consensus_mean,consensus_mean,sensor_noise,0.5,5,0
consensus,20,60,ring_plus,-0.11531806854124156,0.11531806854124156,0.0,0.0,0.0,0.0,4680.0,4680.0,1.0,0.0,149760.0,32.0,0.0,4680.0,0.0,0.0,0.0,0.0,0.0,0.0,mean,0.8930193604702829,0.691833735329918,0.6333333333333333,0.15076164933272743,-0.34816359466530755,14.0,1.0,0.9450014459069909,0.9450014459069908,consensus_mean,consensus_mean,sensor_noise,0.5,6,0
consensus,20,60,ring_plus,-0.07563905372931819,0.07563905372931819,0.0,0.0,0.0,0.0,6480.0,6480.0,1.0,0.0,207360.0,32.0,0.0,6480.0,0.0,0.0,0.0,0.0,0.0,0.0,mean,0.707490324873277,0.8395600824939002,0.55,0.10639126160495187,-0.3199577732933509,8.0,1.0,2.218617553571293,2.218617553571293,consensus_mean,consensus_mean,sensor_noise,0.5,7,0
consensus,20,60,ring_plus,-0.12417404440353683,0.12417404440353683,0.0,0.0,0.0,0.0,4200.0,4200.0,1.0,0.0,134400.0,32.0,0.0,4200.0,0.0,0.0,0.0,0.0,0.0,0.0,mean,0.8528720420829434,0.8864209520763642,0.6333333333333333,0.11802566881768684,-0.2232911304542357,18.0,1.0,0.7964836768628718,0.7964836768628717,consensus_mean,consensus_mean,sensor_noise,0.5,8,0
consensus,20,60,ring_plus,-0.11152517883753195,0.11152517883753195,0.0,0.0,0.0,0.0,5280.0,5280.0,1.0,0.0,168960.0,32.0,0.0,5280.0,0.0,0.0,0.0,0.0,0.0,0.0,mean,0.8263928849507678,0.833457225236172,0.6,0.1380537218203127,-0.24404169918579463,16.0,1.0,0.9413291035084279,0.9413291035084281,consensus_mean,consensus_mean,sensor_noise,0.5,9,0
consensus,20,60,ring_plus,-0.3630270599033133,0.3630270599033133,0.0,0.0,0.0,0.0,5040.0,5040.0,1.0,0.0,161280.0,32.0,0.0,5040.0,0.0,0.0,0.0,0.0,0.0,0.0,mean,0.9581561417457077,0.48686115027353305,0.5166666666666667,0.6191306720186598,-0.17573627016643595,,0.0,1.399646125476325,1.3996461254763248,consensus_mean,consensus_mean,sensor_noise,1.0,0,0
consensus,20,60,ring_plus,-0.23110281852576445,0.23110281852576445,0.0,0.0,0.0,0.0,5400.0,5400.0,1.0,0.0,172800.0,32.0,0.0,5400.0,0.0,0.0,0.0,0.0,0.0,0.0,mean,0.9458387172539214,0.7035019735549486,0.55,0.3631928453276523,-0.28085150206209725,,0.0,1.320493917398932,1.320493917398932,consensus_mean,consensus_mean,sensor_noise,1.0,1,0
consensus,20,60,ring_plus,-0.3366795658348104,0.3366795658348104,0.0,0.0,0.0,0.0,6120.0,6120.0,1.0,0.0,195840.0,32.0,0.0,6120.0,0.0,0.0,0.0,0.0,0.0,0.0,mean,0.7102796658196816,0.9233588172145543,0.5166666666666667,0.44260444528587367,-0.2990740933854327,13.0,1.0,1.55469612182113,1.5546961218211295,consensus_mean,consensus_mean,sensor_noise,1.0,2,0
consensus,20,60,ring_plus,-0.3854191521448159,0.3854191521448159,0.0,0.0,0.0,0.0,5040.0,5040.0,1.0,0.0,161280.0,32.0,0.0,5040.0,0.0,0.0,0.0,0.0,0.0,0.0,mean,0.9092250937213335,0.6733784700328763,0.5833333333333334,0.3846140685286312,-0.43101966214515347,19.0,1.0,1.2627284000071304,1.2627284000071306,consensus_mean,consensus_mean,sensor_noise,1.0,3,0
consensus,20,60,ring_plus,-0.2971928365787259,0.2971928365787259,0.0,0.0,0.0,0.0,5640.0,5640.0,1.0,0.0,180480.0,32.0,0.0,5640.0,0.0,0.0,0.0,0.0,0.0,0.0,mean,0.9657428795627689,0.44709957474793194,0.5833333333333334,0.23320799244307966,-0.2521453933665137,53.0,1.0,1.3711704029417888,1.3711704029417888,consensus_mean,consensus_mean,sensor_noise,1.0,4,0
consensus,20,60,ring_plus,-0.22832317508077088,0.22832317508077088,0.0,0.0,0.0,0.0,6360.0,6360.0,1.0,0.0,203520.0,32.0,0.0,6360.0,0.0,0.0,0.0,0.0,0.0,0.0,mean,0.9349496464212613,0.49485676831401093,0.6,0.3572071922566498,-0.2507915279931666,39.0,1.0,1.6160985120576443,1.616098512057644,consensus_mean,consensus_mean,sensor_noise,1.0,5,0
consensus,20,60,ring_plus,-0.4613476074899953,0.4613476074899953,0.0,0.0,0.0,0.0,4680.0,4680.0,1.0,0.0,149760.0,32.0,0.0,4680.0,0.0,0.0,0.0,0.0,0.0,0.0,mean,0.9304857856604686,0.5788878071218171,0.5666666666666667,0.6028175808825252,-0.3423964356828284,,0.0,0.9450014459069909,0.9450014459069908,consensus_mean,consensus_mean,sensor_noise,1.0,6,0
consensus,20,60,ring_plus,-0.3025553050855789,0.3025553050855789,0.0,0.0,0.0,0.0,6480.0,6480.0,1.0,0.0,207360.0,32.0,0.0,6480.0,0.0,0.0,0.0,0.0,0.0,0.0,mean,0.6742782747421945,0.9119140382325233,0.5166666666666667,0.42555733888906894,-0.3161758357707466,9.0,1.0,2.218617553571293,2.218617553571293,consensus_mean,consensus_mean,sensor_noise,1.0,7,0
consensus,20,60,ring_plus,-0.4997656455469174,0.4997656455469174,0.0,0.0,0.0,0.0,4200.0,4200.0,1.0,0.0,134400.0,32.0,0.0,4200.0,0.0,0.0,0.0,0.0,0.0,0.0,mean,0.8568595059191052,0.8631353325286995,0.5666666666666667,0.4753236272909298,-0.2170312704351793,,0.0,0.7964836768628718,0.7964836768628717,consensus_mean,consensus_mean,sensor_noise,1.0,8,0
consensus,20,60,ring_plus,-0.4421347726155873,0.4421347726155873,0.0,0.0,0.0,0.0,5280.0,5280.0,1.0,0.0,168960.0,32.0,0.0,5280.0,0.0,0.0,0.0,0.0,0.0,0.0,mean,0.8590170368016482,0.6354937804381373,0.55,0.5463230639039903,-0.23853153928949364,,0.0,0.9413291035084279,0.9413291035084281,consensus_mean,consensus_mean,sensor_noise,1.0,9,0
consensus,20,60,ring_plus,-2.7282340889208936e-08,2.7282340889208936e-08,0.0,0.0,0.0,0.0,5040.0,5040.0,1.0,0.0,161280.0,32.0,0.0,5040.0,0.0,0.0,0.0,0.0,0.0,0.0,mean,0.7358942085436929,0.9925317583695167,1.0,1.863792706410515e-07,-0.18178672071011878,9.0,1.0,1.399646125476325,1.3996461254763248,consensus_mean,consensus_mean,byzantine,0.0,0,0
consensus,20,60,ring_plus,-2.540133107053268e-07,2.540133107053268e-07,0.0,0.0,0.0,0.0,5400.0,5400.0,1.0,0.0,172800.0,32.0,0.0,5400.0,0.0,0.0,0.0,0.0,0.0,0.0,mean,0.7510183855869336,0.998411949153818,1.0,1.799818348342342e-06,-0.28470321147063804,12.0,1.0,1.320493917398932,1.320493917398932,consensus_mean,consensus_mean,byzantine,0.0,1,0
consensus,20,60,ring_plus,-8.168897270614256e-10,8.168897270614256e-10,0.0,0.0,0.0,0.0,6120.0,6120.0,1.0,0.0,195840.0,32.0,0.0,6120.0,0.0,0.0,0.0,0.0,0.0,0.0,mean,0.6822838278176631,0.9973996316268622,1.0,1.0277110011726397e-08,-0.30468541946906474,9.0,1.0,1.55469612182113,1.5546961218211295,consensus_mean,consensus_mean,byzantine,0.0,2,0
consensus,20,60,ring_plus,-1.44849267107655e-08,1.44849267107655e-08,0.0,0.0,0.0,0.0,5040.0,5040.0,1.0,0.0,161280.0,32.0,0.0,5040.0,0.0,0.0,0.0,0.0,0.0,0.0,mean,0.7101630463123513,0.9985650726029233,1.0,1.5671518029164446e-07,-0.43744331443948486,11.0,1.0,1.2627284000071304,1.2627284000071306,consensus_mean,consensus_mean,byzantine,0.0,3,0
consensus,20,60,ring_plus,-9.276754692133524e-08,9.276754692133524e-08,0.0,0.0,0.0,0.0,5640.0,5640.0,1.0,0.0,180480.0,32.0,0.0,5640.0,0.0,0.0,0.0,0.0,0.0,0.0,mean,0.7473228203439312,0.9943839413436558,1.0,5.841762267377446e-07,-0.2570986057633667,9.0,1.0,1.3711704029417888,1.3711704029417888,consensus_mean,consensus_mean,byzantine,0.0,4,0
consensus,20,60,ring_plus,-2.3477787254070522e-08,2.3477787254070522e-08,0.0,0.0,0.0,0.0,6360.0,6360.0,1.0,0.0,203520.0,32.0,0.0,6360.0,0.0,0.0,0.0,0.0,0.0,0.0,mean,0.7191687973344563,0.9968099910770064,1.0,1.8721703839698926e-07,-0.25459691385321637,11.0,1.0,1.6160985120576443,1.616098512057644,consensus_mean,consensus_mean,byzantine,0.0,5,0
consensus,20,60,ring_plus,-5.570206765237664e-07,5.570206765237664e-07,0.0,0.0,0.0,0.0,4680.0,4680.0,1.0,0.0,149760.0,32.0,0.0,4680.0,0.0,0.0,0.0,0.0,0.0,0.0,mean,0.7682219554941994,0.9874776436152543,1.0,2.6186758839223734e-06,-0.35008555319065043,9.0,1.0,0.9450014459069909,0.9450014459069908,consensus_mean,consensus_mean,byzantine,0.0,6,0
consensus,20,60,ring_plus,-1.7240977534037544e-11,1.7240977534037544e-11,0.0,0.0,0.0,0.0,6480.0,6480.0,1.0,0.0,207360.0,32.0,0.0,6480.0,0.0,0.0,0.0,0.0,0.0,0.0,mean,0.6407059489560791,0.9952688870731727,1.0,2.826947437737647e-10,-0.32121842418855234,7.0,1.0,2.218617553571293,2.218617553571293,consensus_mean,consensus_mean,byzantine,0.0,7,0
consensus,20,60,ring_plus,-4.581667026258216e-05,4.581667026258216e-05,0.0,0.0,0.0,0.0,4200.0,4200.0,1.0,0.0,134400.0,32.0,0.0,4200.0,0.0,0.0,0.0,0.0,0.0,0.0,mean,0.8317451493013875,0.9913815833731552,1.0,0.0001402144553736957,-0.2253599342497902,15.0,1.0,0.7964836768628718,0.7964836768628717,consensus_mean,consensus_mean,byzantine,0.0,8,0
consensus,20,60,ring_plus,-1.842855635986362e-05,1.842855635986362e-05,0.0,0.0,0.0,0.0,5280.0,5280.0,1.0,0.0,168960.0,32.0,0.0,5280.0,0.0,0.0,0.0,0.0,0.0,0.0,mean,0.8215139615751635,0.9869105412873541,1.0,5.994455747389067e-05,-0.2459001450238141,12.0,1.0,0.9413291035084279,0.9413291035084281,consensus_mean,consensus_mean,byzantine,0.0,9,0
consensus,20,60,ring_plus,-0.7114521846444901,0.7114521846444901,0.0,0.0,0.0,0.0,5040.0,5040.0,1.0,0.0,161280.0,32.0,0.0,5040.0,0.0,0.0,0.0,0.0,0.0,0.0,mean,0.92303348858589,0.4401734570309739,0.5833333333333334,0.8318454825056727,-0.16992918475408292,31.0,1.0,1.399646125476325,1.3996461254763248,consensus_mean,consensus_mean,byzantine,0.1,0,0
consensus,20,60,ring_plus,-0.3287311308461846,0.3287311308461846,0.0,0.0,0.0,0.0,5400.0,5400.0,1.0,0.0,172800.0,32.0,0.0,5400.0,0.0,0.0,0.0,0.0,0.0,0.0,mean,0.8481272634406205,0.6185734508686339,0.5833333333333334,0.48720404601274575,-0.2792243635234236,8.0,1.0,1.320493917398932,1.320493917398932,consensus_mean,consensus_mean,byzantine,0.1,1,0
consensus,20,60,ring_plus,-0.4068347316020381,0.4068347316020381,0.0,0.0,0.0,0.0,6120.0,6120.0,1.0,0.0,195840.0,32.0,0.0,6120.0,0.0,0.0,0.0,0.0,0.0,0.0,mean,0.9622475767970742,0.20677045814155914,0.5166666666666667,0.5835274353928094,-0.2979048406226455,12.0,1.0,1.55469612182113,1.5546961218211295,consensus_mean,consensus_mean,byzantine,0.1,2,0
consensus,20,60,ring_plus,-0.3490927676510175,0.3490927676510175,0.0,0.0,0.0,0.0,5040.0,5040.0,1.0,0.0,161280.0,32.0,0.0,5040.0,0.0,0.0,0.0,0.0,0.0,0.0,mean,0.9488532278055136,0.2690570419392233,0.5166666666666667,0.39658449944168056,-0.4316251018867166,12.0,1.0,1.2627284000071304,1.2627284000071306,consensus_mean,consensus_mean,byzantine,0.1,3,0
consensus,20,60,ring_plus,-0.13311603416008305,0.13311603416008305,0.0,0.0,0.0,0.0,5640.0,5640.0,1.0,0.0,180480.0,32.0,0.0,5640.0,0.0,0.0,0.0,0.0,0.0,0.0,mean,0.8140499785157475,0.7920456080005138,0.6333333333333333,0.9441310693445996,-0.2548800067401577,13.0,1.0,1.3711704029417888,1.3711704029417888,consensus_mean,consensus_mean,byzantine,0.1,4,0
consensus,20,60,ring_plus,-0.03677925276848611,0.03677925276848611,0.0,0.0,0.0,0.0,6360.0,6360.0,1.0,0.0,203520.0,32.0,0.0,6360.0,0.0,0.0,0.0,0.0,0.0,0.0,mean,0.9602917025103508,0.34073986662796796,0.6166666666666667,0.3578624614696529,-0.2539839266983714,18.0,1.0,1.6160985120576443,1.616098512057644,consensus_mean,consensus_mean,byzantine,0.1,5,0
consensus,20,60,ring_plus,-0.8061420061127825,0.8061420061127825,0.0,0.0,0.0,0.0,4680.0,4680.0,1.0,0.0,149760.0,32.0,0.0,4680.0,0.0,0.0,0.0,0.0,0.0,0.0,mean,0.7562932290978924,0.813806185559899,0.5666666666666667,1.120785574435523,-0.33664986237244854,11.0,1.0,0.9450014459069909,0.9450014459069908,consensus_mean,consensus_mean,byzantine,0.1,6,0
consensus,20,60,ring_plus,-1.2356462710656175,1.2356462710656175,0.0,0.0,0.0,0.0,6480.0,6480.0,1.0,0.0,207360.0,32.0,0.0,6480.0,0.0,0.0,0.0,0.0,0.0,0.0,mean,0.8665072395875346,0.667893350847219,0.5333333333333333,0.6342685647463976,-0.3006243196710793,11.0,1.0,2.218617553571293,2.218617553571293,consensus_mean,consensus_mean,byzantine,0.1,7,0
consensus,20,60,ring_plus,-0.6137842337590028,0.6137842337590028,0.0,0.0,0.0,0.0,4200.0,4200.0,1.0,0.0,134400.0,32.0,0.0,4200.0,0.0,0.0,0.0,0.0,0.0,0.0,mean,0.8862629525420933,0.5099035894673994,0.55,1.1404236702290835,-0.21513096063164455,21.0,1.0,0.7964836768628718,0.7964836768628717,consensus_mean,consensus_mean,byzantine,0.1,8,0
consensus,20,60,ring_plus,-0.19018004112373926,0.19018004112373926,0.0,0.0,0.0,0.0,5280.0,5280.0,1.0,0.0,168960.0,32.0,0.0,5280.0,0.0,0.0,0.0,0.0,0.0,0.0,mean,0.9320645710893516,0.19529437379918602,0.5333333333333333,1.0031443068157848,-0.2427307848143578,13.0,1.0,0.9413291035084279,0.9413291035084281,consensus_mean,consensus_mean,byzantine,0.1,9,0
consensus,20,60,ring_plus,-2.044487436140357,2.044487436140357,0.0,0.0,0.0,0.0,5040.0,5040.0,1.0,0.0,161280.0,32.0,0.0,5040.0,0.0,0.0,0.0,0.0,0.0,0.0,mean,0.9244586129229524,0.4455715051224438,0.5333333333333333,1.4689269571621917,-0.14771193056248516,,0.0,1.399646125476325,1.3996461254763248,consensus_mean,consensus_mean,byzantine,0.25,0,0
consensus,20,60,ring_plus,-0.7308811432487798,0.7308811432487798,0.0,0.0,0.0,0.0,5400.0,5400.0,1.0,0.0,172800.0,32.0,0.0,5400.0,0.0,0.0,0.0,0.0,0.0,0.0,mean,0.9785372363012699,0.24877068092174448,0.5166666666666667,1.7081330982585043,-0.2725218633167136,,0.0,1.320493917398932,1.320493917398932,consensus_mean,consensus_mean,byzantine,0.25,1,0
consensus,20,60,ring_plus,-1.8968771771994022,1.8968771771994022,0.0,0.0,0.0,0.0,6120.0,6120.0,1.0,0.0,195840.0,32.0,0.0,6120.0,0.0,0.0,0.0,0.0,0.0,0.0,mean,0.961246879583114,0.28643880210444184,0.6,1.6189735955443538,-0.2730707998626895,38.0,1.0,1.55469612182113,1.5546961218211295,consensus_mean,consensus_mean,byzantine,0.25,2,0
consensus,20,60,ring_plus,-2.781181889425935,2.781181889425935,0.0,0.0,0.0,0.0,5040.0,5040.0,1.0,0.0,161280.0,32.0,0.0,5040.0,0.0,0.0,0.0,0.0,0.0,0.0,mean,0.9585705538919402,0.19866832441459326,0.5333333333333333,2.1789817135117486,-0.39109028319046796,32.0,1.0,1.2627284000071304,1.2627284000071306,consensus_mean,consensus_mean,byzantine,0.25,3,0
consensus,20,60,ring_plus,-1.1951590266191137,1.1951590266191137,0.0,0.0,0.0,0.0,5640.0,5640.0,1.0,0.0,180480.0,32.0,0.0,5640.0,0.0,0.0,0.0,0.0,0.0,0.0,mean,0.9471493695258487,0.44148949321426645,0.5,1.681168646239304,-0.2371792901991739,,0.0,1.3711704029417888,1.3711704029417888,consensus_mean,consensus_mean,byzantine,0.25,4,0
consensus,20,60,ring_plus,-2.0787699846772054,2.0787699846772054,0.0,0.0,0.0,0.0,6360.0,6360.0,1.0,0.0,203520.0,32.0,0.0,6360.0,0.0,0.0,0.0,0.0,0.0,0.0,mean,0.90005461108008,0.4651514194224643,0.4666666666666667,1.2947125453972566,-0.21995074783322613,,0.0,1.6160985120576443,1.616098512057644,consensus_mean,consensus_mean,byzantine,0.25,5,0
consensus,20,60,ring_plus,-0.5895207077455779,0.5895207077455779,0.0,0.0,0.0,0.0,4680.0,4680.0,1.0,0.0,149760.0,32.0,0.0,4680.0,0.0,0.0,0.0,0.0,0.0,0.0,mean,0.9787146652248014,0.13288435518604114,0.5166666666666667,1.464474083875617,-0.3402602173452354,46.0,1.0,0.9450014459069909,0.9450014459069908,consensus_mean,consensus_mean,byzantine,0.25,6,0
consensus,20,60,ring_plus,-0.8094730325344462,0.8094730325344462,0.0,0.0,0.0,0.0,6480.0,6480.0,1.0,0.0,207360.0,32.0,0.0,6480.0,0.0,0.0,0.0,0.0,0.0,0.0,mean,0.9561403239988299,0.35474699601110304,0.5,1.1285770825688635,-0.3077272069799321,,0.0,2.218617553571293,2.218617553571293,consensus_mean,consensus_mean,byzantine,0.25,7,0
consensus,20,60,ring_plus,-0.9237792011605037,0.9237792011605037,0.0,0.0,0.0,0.0,4200.0,4200.0,1.0,0.0,134400.0,32.0,0.0,4200.0,0.0,0.0,0.0,0.0,0.0,0.0,mean,0.9622531238438934,0.2463275688950899,0.5,1.510729622993795,-0.20996437784161956,,0.0,0.7964836768628718,0.7964836768628717,consensus_mean,consensus_mean,byzantine,0.25,8,0
consensus,20,60,ring_plus,-0.8420221335211752,0.8420221335211752,0.0,0.0,0.0,0.0,5280.0,5280.0,1.0,0.0,168960.0,32.0,0.0,5280.0,0.0,0.0,0.0,0.0,0.0,0.0,mean,0.9782516890462333,0.08555145133904785,0.5,1.3783248924397051,-0.23186674994106724,,0.0,0.9413291035084279,0.9413291035084281,consensus_mean,consensus_mean,byzantine,0.25,9,0
consensus,20,60,ring_plus,-3.512395328676974,3.512395328676974,0.0,0.0,0.0,0.0,5040.0,5040.0,1.0,0.0,161280.0,32.0,0.0,5040.0,0.0,0.0,0.0,0.0,0.0,0.0,mean,0.9956393741569273,0.018074825921204796,0.5,3.0650521891473264,-0.12324679902020823,,0.0,1.399646125476325,1.3996461254763248,consensus_mean,consensus_mean,byzantine,0.5,0,0
consensus,20,60,ring_plus,-5.2551631628982305,5.2551631628982305,0.0,0.0,0.0,0.0,5400.0,5400.0,1.0,0.0,172800.0,32.0,0.0,5400.0,0.0,0.0,0.0,0.0,0.0,0.0,mean,0.9608836413844573,0.2955435684810055,0.43333333333333335,3.0267997384958196,-0.1971171629892228,,0.0,1.320493917398932,1.320493917398932,consensus_mean,consensus_mean,byzantine,0.5,1,0
consensus,20,60,ring_plus,-4.29083075105751,4.29083075105751,0.0,0.0,0.0,0.0,6120.0,6120.0,1.0,0.0,195840.0,32.0,0.0,6120.0,0.0,0.0,0.0,0.0,0.0,0.0,mean,0.6039441643903692,0.8836842079565481,0.5166666666666667,3.056230572498727,-0.23317157363172106,,0.0,1.55469612182113,1.5546961218211295,consensus_mean,consensus_mean,byzantine,0.5,2,0
consensus,20,60,ring_plus,-7.835019407078853,7.835019407078853,0.0,0.0,0.0,0.0,5040.0,5040.0,1.0,0.0,161280.0,32.0,0.0,5040.0,0.0,0.0,0.0,0.0,0.0,0.0,mean,0.9942877533867194,0.025312345277108794,0.55,5.669026946482249,-0.3068596578962527,,0.0,1.2627284000071304,1.2627284000071306,consensus_mean,consensus_mean,byzantine,0.5,3,0
consensus,20,60,ring_plus,-2.958433354214597,2.958433354214597,0.0,0.0,0.0,0.0,5640.0,5640.0,1.0,0.0,180480.0,32.0,0.0,5640.0,0.0,0.0,0.0,0.0,0.0,0.0,mean,0.9892947054940276,0.11566086200721004,0.6,2.906452443472602,-0.2077913847392491,,0.0,1.3711704029417888,1.3711704029417888,consensus_mean,consensus_mean,byzantine,0.5,4,0
consensus,20,60,ring_plus,-3.206570579526545,3.206570579526545,0.0,0.0,0.0,0.0,6360.0,6360.0,1.0,0.0,203520.0,32.0,0.0,6360.0,0.0,0.0,0.0,0.0,0.0,0.0,mean,0.9577079202956642,0.22456551367338784,0.5333333333333333,4.0102186644856515,-0.2011540712524038,,0.0,1.6160985120576443,1.616098512057644,consensus_mean,consensus_mean,byzantine,0.5,5,0
consensus,20,60,ring_plus,-1.1983799845946617,1.1983799845946617,0.0,0.0,0.0,0.0,4680.0,4680.0,1.0,0.0,149760.0,32.0,0.0,4680.0,0.0,0.0,0.0,0.0,0.0,0.0,mean,0.5941427278400068,0.8904788601670998,0.48333333333333334,4.1889662026272365,-0.33011256273108386,,0.0,0.9450014459069909,0.9450014459069908,consensus_mean,consensus_mean,byzantine,0.5,6,0
consensus,20,60,ring_plus,-1.1216555666107602,1.1216555666107602,0.0,0.0,0.0,0.0,6480.0,6480.0,1.0,0.0,207360.0,32.0,0.0,6480.0,0.0,0.0,0.0,0.0,0.0,0.0,mean,0.9792186008616691,0.2193073138143492,0.45,2.200162886442706,-0.30252416474532684,,0.0,2.218617553571293,2.218617553571293,consensus_mean,consensus_mean,byzantine,0.5,7,0
consensus,20,60,ring_plus,-0.9729513403820709,0.9729513403820709,0.0,0.0,0.0,0.0,4200.0,4200.0,1.0,0.0,134400.0,32.0,0.0,4200.0,0.0,0.0,0.0,0.0,0.0,0.0,mean,0.9974801914640375,0.005841005913766795,0.55,4.6401983200666015,-0.20914484218792678,,0.0,0.7964836768628718,0.7964836768628717,consensus_mean,consensus_mean,byzantine,0.5,8,0
consensus,20,60,ring_plus,-4.033061060949394,4.033061060949394,0.0,0.0,0.0,0.0,5280.0,5280.0,1.0,0.0,168960.0,32.0,0.0,5280.0,0.0,0.0,0.0,0.0,0.0,0.0,mean,0.9820325036130658,0.14839921723315852,0.6,4.359189057271168,-0.17868276781726358,,0.0,0.9413291035084279,0.9413291035084281,consensus_mean,consensus_mean,byzantine,0.5,9,0
